method,afri_only,afri_only,least_family_en_20,least_family_en_20,least_family_en_5,least_family_en_5,least_same_script_10,least_same_script_10,least_same_script_20,least_same_script_20,least_same_script_5,least_same_script_5,least_uriel_10,least_uriel_10,least_uriel_20,least_uriel_20,least_uriel_40,least_uriel_40,least_uriel_5,least_uriel_5,least_uriel_en_10,least_uriel_en_10,least_uriel_en_20,least_uriel_en_20,least_uriel_en_40,least_uriel_en_40,least_uriel_en_5,least_uriel_en_5,most_distinct_script_10,most_distinct_script_10,most_distinct_script_18,most_distinct_script_18,most_distinct_script_5,most_distinct_script_5,most_family_en_10,most_family_en_10,most_family_en_20,most_family_en_20,most_family_en_25,most_family_en_25,most_family_en_5,most_family_en_5,most_same_script_10,most_same_script_10,most_same_script_20,most_same_script_20,most_same_script_41,most_same_script_41,most_same_script_5,most_same_script_5,most_uriel_10,most_uriel_10,most_uriel_20,most_uriel_20,most_uriel_40,most_uriel_40,most_uriel_5,most_uriel_5,most_uriel_en_10,most_uriel_en_10,most_uriel_en_20,most_uriel_en_20,most_uriel_en_40,most_uriel_en_40,most_uriel_en_5,most_uriel_en_5,random_langs_with_seed_10,random_langs_with_seed_10,random_langs_with_seed_20,random_langs_with_seed_20,random_langs_with_seed_40,random_langs_with_seed_40,random_langs_with_seed_5,random_langs_with_seed_5,xt_afri,xt_afri,xt_only,xt_only
,mean,std,mean,std,mean,std,mean,std,mean,std,mean,std,mean,std,mean,std,mean,std,mean,std,mean,std,mean,std,mean,std,mean,std,mean,std,mean,std,mean,std,mean,std,mean,std,mean,std,mean,std,mean,std,mean,std,mean,std,mean,std,mean,std,mean,std,mean,std,mean,std,mean,std,mean,std,mean,std,mean,std,mean,std,mean,std,mean,std,mean,std,mean,std,mean,std
language,,,,,,,,,,,,,,,,,,,,,,,,,,,,,,,,,,,,,,,,,,,,,,,,,,,,,,,,,,,,,,,,,,,,,,,,,,,,,,
af,0.9218171724648407,0.0030095218296244224,0.9243153219837158,0.0023787861088421856,0.9228657784357267,0.002992882690342468,0.9222181100419443,0.0029900209691873614,0.9193498642980509,0.0021146014947474147,0.9213853935356527,0.003392408538475655,0.9225573649148778,0.004955870370407774,0.9219096965210954,0.0031129910883162634,0.9219096965210954,0.0031129910883162634,0.9199666913397483,0.003410863913983532,0.924037749814952,0.0016654330125832478,0.9244386873920553,0.00286725068896524,0.9221872686898593,0.004813919148530193,0.9224339995065384,0.0033119649046777205,0.9221564273377746,0.003567079370003907,0.9207068837897854,0.004063691942264569,0.9226498889711324,0.002967989439738152,0.9190106094251171,0.0006498676136721411,0.9226807303232173,0.0026321969273811817,0.9226190476190476,0.0019786596264921895,0.9147545028374044,0.0037105876559079157,0.9175302245250432,0.003081666912607073,0.9184554650875895,0.0030128386302544093,0.9176227485812979,0.0035981430568473704,0.9185171477917592,0.0013545639807548806,0.9204601529731063,0.001115417056502879,0.9219096965210954,0.0031129910883162634,0.9219096965210954,0.0031129910883162634,0.9160498396249692,0.004197710828033575,0.9205218356772761,0.0013052124333516948,0.9233283987169997,0.0008344281555926505,0.9207068837897854,0.0035438042195050294,0.9198433259314088,0.002399092459547775,0.9219713792252652,0.0027358556666229297,0.9189489267209474,0.009055548285060729,0.9231433506044905,0.001901438766567893,0.9178077966938071,0.0030495532193394316,0.9206452010856158,0.003289920912888047,0.9224956822107081,0.0033949310882393736
af_f1,0.7658221066034949,0.004985655023979581,0.7727614354672451,0.007567554318751305,0.7685764462466924,0.00843388971789949,0.7683352965624675,0.007372153917283117,0.7591314427226211,0.0037981800749714153,0.7683991445691114,0.002146742202709684,0.7742218784006827,0.010663295279035093,0.7683639559103138,0.006806181235425373,0.7683639559103138,0.006806181235425373,0.7603980373322372,0.012475437810970482,0.7749610340258801,0.0028452677410626234,0.773864396686185,0.006878612571373352,0.7703778151650008,0.012705070931834239,0.7681888581944337,0.010802357048125603,0.7636011284177145,0.01151295167780033,0.7623002202796902,0.00824492752328462,0.7683480453482603,0.010577132030128208,0.7597941704528139,0.001002517894616708,0.7645992025829274,0.011543871462128864,0.7659405300054365,0.004279757447230105,0.7506687659324126,0.007254619919934752,0.7537882730643085,0.006537386172754667,0.7580861070062994,0.007557534153565175,0.7532683668153126,0.00809951842961837,0.7551238701990738,0.001958532529323395,0.760721919162738,0.002477492567447903,0.7683639559103138,0.006806181235425373,0.7683639559103138,0.006806181235425373,0.7527711225621213,0.00970498672990617,0.764957519110343,0.0033093613282712936,0.7697317565453877,0.002772304160050716,0.7620263020674285,0.004517745363812822,0.7590796303709504,0.0061755129152997,0.7688998110054476,0.006926932430295757,0.7584200743966125,0.01865002053906359,0.7657925133131384,0.003213778825474968,0.759021450939434,0.007192331653635976,0.7630859314881598,0.005395413979097971,0.7617833512432162,0.012108949076079345
af_precision,0.7227331095659885,0.007214335628729743,0.7266306943373776,0.008437681329970515,0.717481059611274,0.013724503009275113,0.7201003982490329,0.01212034366727635,0.7102139807853786,0.0036024518001271143,0.7181043734605851,0.0029793977752456385,0.7266233493983417,0.012610184829601613,0.7207971143112651,0.00936056784182093,0.7207971143112651,0.00936056784182093,0.7122697238823011,0.013616072648814875,0.726897705959208,0.003758783957729001,0.7271912822244174,0.006939086350335127,0.7217506811770651,0.013676918237261946,0.7222145393493734,0.011330494624397886,0.7153213841164313,0.011952311309251017,0.7156147557063383,0.009616496434926406,0.7197644667733504,0.01346221322039986,0.7115464684709364,0.0004583396018953223,0.7207361436790173,0.008232559041619337,0.7205112087549317,0.006648013918325017,0.7046051625796079,0.0052636273065734965,0.7066365483772378,0.014193700954078835,0.7082477237974537,0.009267153279328382,0.7032365636918287,0.007935882304844485,0.7081453748869723,0.0003623511999697498,0.7084419635262668,0.0037676392815271893,0.7207971143112651,0.00936056784182093,0.7207971143112651,0.00936056784182093,0.6976945460569425,0.010127877213997149,0.7146981002409524,0.0073487367138905585,0.7246072269450021,0.004803981563087014,0.7158558354818064,0.008736015989792558,0.7130441722037842,0.007431524280149392,0.7186734294202788,0.00831298820492263,0.7096748324806564,0.01980278245613323,0.7198706031582267,0.003430997606997189,0.7141676518128968,0.005694728440734519,0.7173796881021756,0.00917996515850912,0.7152419799961288,0.015125827985128544
af_recall,0.8143913920645595,0.002424715047386708,0.8251513113651647,0.006415193015581334,0.8276171262048869,0.00472344933999225,0.8235821564671598,0.0044776920769868354,0.8152880520062767,0.004323537664645968,0.8262721362923111,0.0010272530138883823,0.8285137861466039,0.00826375637353361,0.8226854965254428,0.004957037522415562,0.8226854965254428,0.004957037522415562,0.812373907195696,0.01331472082933644,0.8298587760591797,0.005862675108998873,0.826944631248599,0.007127600580849384,0.8260479713068819,0.011808623349980655,0.82044384667115,0.011491598850460706,0.818874691773145,0.010892204091689096,0.8155122169917058,0.006462019863438535,0.8240304864380184,0.009130424503212834,0.8150638870208473,0.0024247150473866194,0.8141672270791301,0.015776183196514585,0.8175297018605693,0.006027495924567903,0.8031831427930957,0.009799369197217765,0.8078906074871105,0.007438090124652301,0.815512216991706,0.00796653469801249,0.8110289172831204,0.012123575236933313,0.8087872674288277,0.004477692076986821,0.8213405066128671,0.001692408526175918,0.8226854965254428,0.004957037522415562,0.8226854965254428,0.004957037522415562,0.8173055368751401,0.009845411905849685,0.822909661510872,0.007407626828898629,0.8208921766420084,0.0061020657201597195,0.8146155570499888,0.0010272530138883157,0.811477247253979,0.004577578537696042,0.8267204662631696,0.008408428304645157,0.8143913920645596,0.01762655335854893,0.8179780318314279,0.003823968193058012,0.8099080923559739,0.010184099252724123,0.8150638870208473,0.003081759041664983,0.8148397220354181,0.008079274284214283
ar,0.6710698763475117,0.013192361440583389,0.6875689620339721,0.01628016952676761,0.7152677410498288,0.03552648639330908,0.682046819069524,0.023787996791610904,0.6854606016338498,0.005632576813610756,0.6817256437751565,0.03309197251476057,0.6790526364865496,0.008431291905971906,0.6795603006615174,0.031193971504796882,0.6795603006615174,0.031193971504796882,0.7040266057469656,0.00759427167326411,0.694852388870758,0.020924902909955048,0.6469299268031143,0.03195543487242556,0.6931480877119368,0.016973248810803202,0.6928942556244527,0.023051362017714804,0.7052336032241855,0.01562918198329945,0.6997995244533545,0.044693668861071366,0.7060831636802544,0.023692378518890746,0.6951683839184422,0.030546284236477525,0.668671422133122,0.04071664105991745,0.6836993177615117,0.019931421708769242,0.6727379157795493,0.03199065523004878,0.7034360576250641,0.024070539500916307,0.6872995892064381,0.05135162206831085,0.6579120497718102,0.016253008902938317,0.6510534031630586,0.016382360395106897,0.7171222693624669,0.028980419103075066,0.6795603006615174,0.031193971504796882,0.6795603006615174,0.031193971504796882,0.7000533565408386,0.015388427404865132,0.7159826150921308,0.05524588680150926,0.6970747146979139,0.01147702679510236,0.6500484353064894,0.03980174469243029,0.6930962852451034,0.022821577204432585,0.6580519164322606,0.009712755319198164,0.6842173424298466,0.030109037152450852,0.6820260980827907,0.01056439269021064,0.7309742489937371,0.018550749072826122,0.6480799415668174,0.04553025225127254,0.6804357623510032,0.009905231757869969
ar_f1,0.39772404840651676,0.03206007404464487,0.4196645352159818,0.0246282653228287,0.4639910815756121,0.04317984798727975,0.4229824492528876,0.015632260142964535,0.4282025702544307,0.031947733777913906,0.4359261389532274,0.03268509932411415,0.42009496848471817,0.030706779339888347,0.43782287554467675,0.037795823519848254,0.43782287554467675,0.037795823519848254,0.45462911464324346,0.018951701706532962,0.42558266729798677,0.040843797723880214,0.3801065487858333,0.02879426623864934,0.4328254250751689,0.04876370223413326,0.44571755490461157,0.04397433297740199,0.46115838390867453,0.024873943438384626,0.4641307169662367,0.046513840070256225,0.465953687199613,0.028137800099059463,0.4503720202901332,0.025661127389398297,0.4317944307569459,0.047732864964330476,0.4537329391711193,0.03154193429815634,0.4122272141592691,0.023878823670724397,0.45624086080716575,0.04233907289045954,0.4299526218695769,0.061524484358096904,0.39827505299346705,0.02392038943229011,0.402628345305409,0.023332707982337737,0.4687523444826704,0.0392586087675855,0.43782287554467675,0.037795823519848254,0.43782287554467675,0.037795823519848254,0.4400954285616838,0.012191381116933884,0.4828501331515216,0.06761773131210878,0.44426935200742285,0.02231434114301775,0.38163234180946565,0.044305575505147944,0.44822154666844977,0.032316747955006365,0.39925656708356533,0.021496833101837785,0.4434167747700757,0.03242130223334757,0.39404749380517773,0.017385277008617285,0.4802745161939461,0.01677822384848118,0.40807296684101163,0.05729513950015329,0.410471873490223,0.02563276715808948
ar_precision,0.3865274400926693,0.02114737766600165,0.39484471825685596,0.013558556046650709,0.4352462658201459,0.03933525146183573,0.4055877768454816,0.018627465795209342,0.4154334623352017,0.03000245669432682,0.4174730370670767,0.03119796740004384,0.4073208739365169,0.033384505600317055,0.41544367665667803,0.027768419699005557,0.41544367665667803,0.027768419699005557,0.4282492818826504,0.0254001572869745,0.4084150053375038,0.04448157862470185,0.3702495693604499,0.024474078375424892,0.41069977046681466,0.03773586162257169,0.4268937408074532,0.03238817670740198,0.4333601400078854,0.03743912849094803,0.4461540106658304,0.03794235062251459,0.4363467902683397,0.021503856732646348,0.4189189156909041,0.02686261890724713,0.41377015354358543,0.053510078164862994,0.42866630749453477,0.039260094870312616,0.3941609409394548,0.0194100118276809,0.4316803421584632,0.02731060998234557,0.41653862110803147,0.05647436688785876,0.3818237248018548,0.021641514940369803,0.39005630614910425,0.02242849456743112,0.4411498798819071,0.04400326299910396,0.41544367665667803,0.027768419699005557,0.41544367665667803,0.027768419699005557,0.41317079812568713,0.011078243083734899,0.4544141328931593,0.05975175394443908,0.41668159628085744,0.01237107219741462,0.3698094811937023,0.03951085691853773,0.4262217743057324,0.02740750139891712,0.384781419862622,0.021193414847490266,0.42477388723238424,0.03356151564869403,0.37842909653128637,0.017243756650859275,0.46009232049903376,0.02798514226154628,0.395253578479541,0.04394871574191292,0.3912072772309894,0.014596414873408325
ar_recall,0.4099831246114219,0.04456239576940468,0.4485596707818929,0.04185613685441685,0.4969357847055689,0.0487561375318808,0.44210557479941964,0.01507951417776284,0.4418095153506824,0.03429810060843155,0.4561980045593155,0.035293924752026494,0.43399354590401745,0.030763597008789462,0.463066583770021,0.05054431964460747,0.463066583770021,0.05054431964460747,0.4847677413624656,0.011770625210964909,0.4444444444444444,0.03718371136900447,0.3906208366640021,0.034044352189206255,0.4577967255824969,0.061886998446228754,0.46664890309974244,0.057613617527965365,0.4936791307694585,0.009435754159910688,0.4837907451816325,0.056314079362685024,0.5005773159250377,0.041862136038854365,0.48704739911774286,0.02478038808739931,0.45184593066287704,0.04116563712466619,0.4823400538828197,0.02313109271008293,0.4322764011013411,0.031501796595176476,0.48447168191372825,0.06124003115329352,0.4444148384995707,0.06754421624196452,0.41649643248364265,0.029954179585771543,0.4160819492554105,0.024840481627585374,0.5002812564763005,0.03346645322711941,0.463066583770021,0.05054431964460747,0.463066583770021,0.05054431964460747,0.47079373538206476,0.01400573988648155,0.5151434408029132,0.07713418584471841,0.4763892589631998,0.03751040501607785,0.39429197382834474,0.04974134437725772,0.4727181217988572,0.0388043821783649,0.4149569233502087,0.02308375350935526,0.4638955502264855,0.03206459145000288,0.4110489386268763,0.018124279714912556,0.50297539745981,0.010002954596536906,0.4222991976788939,0.0723607752769979,0.43215797732184624,0.0392972833927356
avg,0.8313913394896814,0.00910445570064245,0.7901703109357657,0.03744956856276779,0.7760410816333341,0.020447023975429912,0.8002450668602213,0.010242671300095573,0.8336672561599444,0.0077577857230986345,0.7427070061974863,0.020071273738060887,0.8078008652985785,0.04792074419141019,0.8368549651239711,0.003998883264864514,0.8368549651239711,0.003998883264864514,0.7392104199119509,0.07272156672432782,0.8167503459427431,0.015532662906197491,0.7936867697471645,0.02908632017185005,0.8218387344934565,0.004367961238622828,0.7898533623436235,0.03840232870501936,0.7689848183282323,0.023130836302773454,0.7711725575141433,0.023551109517654316,0.7611475296030624,0.04064077951466186,0.7958954739473265,0.014693662985157821,0.8254735338778717,0.006929700628845014,0.8390269579185161,0.0045403516855620635,0.7737964794234569,0.02696727425379672,0.8040699690443912,0.0034823219204821176,0.821368484327321,0.011291451006420558,0.8362622246335926,0.007102381569842472,0.7944903279993828,0.015029655916664898,0.8054328380034089,0.022389800526853854,0.8368549651239711,0.003998883264864514,0.8368549651239711,0.003998883264864514,0.8069755748677107,0.024572624765100866,0.8281741163783424,0.0030308845285215037,0.8318416652255137,0.01063209999229944,0.8317320620254831,0.006770461102688601,0.7975692010401031,0.018026810100871288,0.8061327269025136,0.0009811899248643751,0.816498935782473,0.005714919984330487,0.8309851364144833,0.0005647544560619263,0.7812441616259305,0.048780568369957776,0.8331529592479637,0.008127431395227046,0.8214685927447979,0.016927405386472433
avg_f1,0.5287182880760006,0.008781715299419306,0.49813016680525796,0.009683372378988326,0.493044580168214,0.006697220497458618,0.5025094083052809,0.002191616296825136,0.528335879911754,0.007106727949467928,0.4847636593439956,0.0031397543800886253,0.5150420284405406,0.027463108441931863,0.5403937996067802,0.004138174887674735,0.5403937996067802,0.004138174887674735,0.472105234387229,0.01855992129855709,0.5139093594484194,0.010385419721927863,0.5053006184313085,0.008232098542234959,0.51707280540049,0.006049051422494038,0.499309907143648,0.015125003112773273,0.4948615673488746,0.01424683911628558,0.4935791329399081,0.008367426576966782,0.4980223979460619,0.01806421665910554,0.5043840138038224,0.0033693794785422415,0.5277327914791844,0.010400247175608241,0.538860214230865,0.006312481057213956,0.49067355112007177,0.008308654375300177,0.5181117444726965,0.0069153653028681305,0.5207441298529111,0.00928136305456763,0.528881296150261,0.006282360963282837,0.5016811897513632,0.00723643725592209,0.510078870003027,0.01716372627277467,0.5403937996067802,0.004138174887674735,0.5403937996067802,0.004138174887674735,0.5059454933833871,0.0188887692781018,0.526031043866026,0.007044101753158207,0.5351555070229911,0.009846304050011358,0.5358559328845397,0.006359705911717449,0.49500543724429485,0.007711976900493062,0.5018545556520279,0.005968521930907683,0.5132325089681777,0.00954791864542687,0.5243692597657238,0.002567178316148407,0.49822393109508284,0.017103515503462452,0.5331850994587987,0.010884387269102036,0.5138629705957909,0.01730014140956279
avg_precision,0.5018401723029774,0.010944353655454035,0.469998122419688,0.013172774905228753,0.46485876709843527,0.00483358728359481,0.47544158884971827,0.0036952586803923573,0.49695577260757773,0.007089459986540622,0.4567840725628806,0.0034306862973149457,0.48900824932408415,0.029884744401983316,0.5145755668018938,0.005917856877637762,0.5145755668018938,0.005917856877637762,0.44473651161762556,0.015312335975089651,0.485722497477629,0.009134926749829785,0.4753222828956891,0.01059847661552916,0.48863596161572276,0.0030673536850528427,0.46995500899290527,0.014204890421883637,0.46664416198890607,0.014282901413131367,0.46649948698576754,0.005922984338934658,0.46746959535599936,0.017560401774053287,0.47155846737137375,0.004701590396507458,0.5004926156375998,0.009005891459154097,0.5136863642990561,0.012324970586860792,0.45690863070120474,0.005566835476672032,0.4893588100364683,0.009532542409005512,0.4898184139001264,0.011778400264371257,0.4987332628628458,0.010607615182605041,0.4660858209787071,0.00632623892157436,0.48101144169051646,0.017429311445033076,0.5145755668018938,0.005917856877637762,0.5145755668018938,0.005917856877637762,0.46925235036731694,0.022345442220976522,0.49704617169308524,0.005446404804332857,0.5102116544424654,0.007584918782739097,0.5087447510415727,0.005747805942513432,0.4639244791332254,0.011248810022423117,0.47278853485270295,0.0017869717464578088,0.4831212420125315,0.00842471396639754,0.49811762765926654,0.0058789381923926975,0.471768670609447,0.0183781532336074,0.5056102327042303,0.011324331503748317,0.48767940910103125,0.020005305742961277
avg_recall,0.5706445047633627,0.008574362984158576,0.5394678297992419,0.0059007400334462005,0.5359435892033715,0.009565208873363524,0.542153894552889,0.004215515322652267,0.5744450615055763,0.009806328369811471,0.5283877671275796,0.006893241712347004,0.551737969486803,0.020933555001753763,0.5753999005418268,0.002915265870781663,0.5753999005418268,0.002915265870781663,0.5127822294754911,0.025345881597191342,0.5530556039847313,0.011575642105629048,0.5510800186974167,0.0030424034056875933,0.5565662530607509,0.012358312437950167,0.5446315666619463,0.01852333389439854,0.5373572913994011,0.013792948024622245,0.5330795320958251,0.010633294848686194,0.5448874491861609,0.020377180498396295,0.5569262824770712,0.003859073775280639,0.5662045385190856,0.01204836979768007,0.5730127430487392,0.004845698000813371,0.5457892125028664,0.009593862155900875,0.5627835815518284,0.00827549660814671,0.5636738963116167,0.007759325390275178,0.5719713984899352,0.002790855472596977,0.5597116470670849,0.007695573497413365,0.5551762156064167,0.013317580599346226,0.5753999005418268,0.002915265870781663,0.5753999005418268,0.002915265870781663,0.5621152084737319,0.009823635382380042,0.5693075107557403,0.011686621596311147,0.5714358599807675,0.011791180292118142,0.5756191468868348,0.00943304138310415,0.5435330453109097,0.0023356332608556333,0.5482608102192318,0.016761257457268114,0.5595622343908012,0.011949211289251383,0.5636350323928998,0.01133061521171801,0.5393107782017782,0.017391492535782833,0.5716041427547783,0.01182763146842785,0.5508909023278977,0.01275437571621021
az,0.8571482962116885,0.007653053970989402,0.8747382448124882,0.00043243162732156643,0.8652960213211499,0.005037799324431157,0.8703597944031982,0.006299752019708809,0.8673139158576051,0.007493708541375662,0.86521987435751,0.0019078575772119397,0.8663620788121073,0.009010393339473764,0.8638111555301732,0.012299974040511301,0.8638111555301732,0.012299974040511301,0.8556253569388921,0.005652469688935993,0.8709308966304968,0.005224258881109897,0.8713497049305158,0.010961791156241579,0.8620978488482772,0.01200202729783114,0.8582524271844659,0.008677747533168516,0.863468494193794,0.0017926910134389573,0.8700552065486389,0.0027539526091795254,0.870017133066819,0.004179594394867442,0.8601180277936417,0.005551552338795438,0.8659051970302684,0.004056032188364304,0.8669331810394061,0.003655054254711576,0.8521416333523701,0.002826811803715492,0.866895107557586,0.008874225425465313,0.861298305730059,0.0027985951594802225,0.8667428136303065,0.010145279179517254,0.8587473824481249,0.011154100701784405,0.862992575671045,8.0766051534679e-05,0.8638111555301732,0.012299974040511301,0.8638111555301732,0.012299974040511301,0.8519703026841805,0.006284200892508839,0.8608033504664001,0.005831211970909065,0.865676756139349,0.0027197900399293104,0.8660955644393681,0.0055019804019663405,0.8573005901389682,0.006455560659180096,0.8671616219303256,0.0017731781492016264,0.8592042642299639,0.007986723930829484,0.8661717114030077,0.009963619963911773,0.866552446221207,0.009481214362068148,0.8588996763754045,0.007653906283267206,0.8716923662668951,0.007814993706574022
az_f1,0.6290200787968646,0.012257807703303888,0.6612852778065177,0.001934222002751787,0.6419364707078222,0.008300140730860587,0.6560102378807461,0.01592027677161093,0.6413601799323297,0.007248133800351236,0.6408461541663947,0.004708434575363394,0.6470816034609156,0.024194357517164207,0.6367923610463896,0.018820519331393958,0.6367923610463896,0.018820519331393958,0.6205020981933268,0.009612519571001447,0.6543530982336384,0.016124557385907755,0.6535249917248528,0.01704061172353986,0.635755344964006,0.024972634326423507,0.6304819283642918,0.01617064338438391,0.6389685036404638,0.006485443063477118,0.6508676264055643,0.005533613445978357,0.6560676111765208,0.008762984034571155,0.6306400314115014,0.018849467121729652,0.6461364646271757,0.01668163810974445,0.6496290989228488,0.0067301541536803995,0.6158278605170081,0.010146332054810121,0.6464186156416494,0.014992204582036461,0.6353646721785206,0.0019339958140541461,0.6443141766047048,0.01486092542950853,0.632719693212339,0.020033576305133645,0.6291109632690816,0.005692019500120987,0.6367923610463896,0.018820519331393958,0.6367923610463896,0.018820519331393958,0.621118563590397,0.009370173567682712,0.6346440020409312,0.018225509066306825,0.6454865061672307,0.0045628267635126635,0.6407069948827825,0.010159122089999946,0.6258232600723267,0.008492339189808679,0.646606373640006,0.00891910502833292,0.6273213852858989,0.017339015034405558,0.6488927416023281,0.014915257647874844,0.6466515065617271,0.028443937901184504,0.6308107730868628,0.009606421054234291,0.659034134527017,0.014039227443535812
az_precision,0.5867667506692462,0.01093302362319206,0.6127513367068849,0.0011347025457884609,0.5944278523033611,0.01401315436637499,0.6094330911340698,0.021383778453908337,0.5887808444957744,0.017381172780860446,0.5927175309546483,0.0036230188002876547,0.6042005080954006,0.02152562547866104,0.5859449256502612,0.01749154410291168,0.5859449256502612,0.01749154410291168,0.5739120442168918,0.00923964608173057,0.6083588222143118,0.014616232313219487,0.6110241521542058,0.021304441167678323,0.587512762804545,0.027077048029677312,0.5849860422952409,0.015317176343116601,0.5926383599441829,0.007349537485806323,0.6035312483988173,0.0091877382319884,0.609449514055956,0.0177216212939172,0.5804368800916974,0.016558255886852735,0.5991095996635704,0.01386068767828668,0.5991508745503248,0.009046020518013075,0.5692299016981214,0.01052671080053403,0.6002363100618767,0.0196824476281205,0.5860982406013102,0.0035785258154272144,0.5953051248701685,0.0188595462176801,0.5752349467369368,0.020172808141244575,0.5850725604493929,0.005560416559363557,0.5859449256502612,0.01749154410291168,0.5859449256502612,0.01749154410291168,0.5669944515597592,0.011920417280095503,0.5845013807680091,0.01720022083901245,0.6009576143042369,0.004595772296131571,0.589927516669051,0.011899935842079063,0.5752393255698505,0.011104423380348026,0.6008097709305428,0.004503965418746821,0.5790327372947136,0.016573051405439458,0.5989836673249556,0.022228701692236463,0.6034992732953316,0.031034456667356772,0.5783731030762959,0.0076733283868779005,0.6138429684896659,0.017865064515079517
az_recall,0.6780010303967027,0.01899783005408791,0.7181865018031942,0.005145539504234459,0.6982225656877898,0.0016393511155793656,0.7104585265327151,0.009966791407600794,0.7047913446676971,0.013540506543999438,0.6975785677485833,0.011728544500599937,0.6965481710458526,0.02799547262280917,0.6973209685729005,0.020827335425757015,0.6973209685729005,0.020827335425757015,0.6754250386398764,0.014102231523102539,0.7078825347758887,0.018271391680891612,0.7024729520865534,0.011225532493302897,0.6926841834106131,0.02165672288200277,0.6836682122617207,0.017577251014149368,0.6931993817619784,0.008068243051708333,0.7063369397217928,0.004700743841034251,0.7107161257083977,0.005696379285805234,0.6903657908294694,0.02208002134374006,0.7011849562081401,0.020334024597491913,0.7094281298299845,0.00408926014074901,0.6707882534775887,0.011694548647930111,0.7004121586810923,0.008335234254179986,0.6937145801133436,0.005590554975324784,0.7022153529108707,0.009600538461403569,0.7029881504379185,0.019432951275159486,0.6803194229778464,0.005851528434621652,0.6973209685729005,0.020827335425757015,0.6973209685729005,0.020827335425757015,0.6867594023699124,0.008956897810774684,0.694229778464709,0.020157032621833746,0.6973209685729005,0.01434020160712697,0.7011849562081401,0.013258226926798315,0.6862442040185472,0.008068243051708245,0.7001545595054095,0.019226978832495748,0.6844410097887687,0.019340535131062278,0.7081401339515714,0.006572566111372066,0.6965481710458526,0.02550622111177034,0.6937145801133436,0.012396918511608346,0.7114889232354455,0.009348401500063918
bam,0.9015530019152301,0.0369105089124579,0.6538845865600799,0.21952285785660755,0.5689482887834124,0.1403666416960482,0.8057186276958946,0.05114415588526586,0.8937567657590141,0.02753754756222267,0.4824714797235406,0.05500826282231554,0.7292343242568075,0.2758775798459536,0.9361728703472396,0.009701319991789472,0.9361728703472396,0.009701319991789472,0.5260950120742777,0.3129913400625311,0.8538075609959197,0.058021643936643504,0.6928241319010743,0.12858318157477755,0.8918727620950954,0.013135383360374666,0.698694728953285,0.1912995753523013,0.6524169372970272,0.14572220424298038,0.5788575235240236,0.1352188848802502,0.5409484553251728,0.21290284196625595,0.7933112665500874,0.039197642724260136,0.8810267299525356,0.022470795422953414,0.9126280289782663,0.012694593791622362,0.6851111666250312,0.1129486465960306,0.8383816304438337,0.03754728880577073,0.9013864601548839,0.029608183008644026,0.9041031726205345,0.02293817087869668,0.8424306769922558,0.03714662567362221,0.730077441918561,0.1319769786303592,0.9361728703472396,0.009701319991789472,0.9361728703472396,0.009701319991789472,0.8084353401615455,0.09191592686010744,0.8722728786743277,0.008469966406103192,0.9255246065450912,0.008627752062824899,0.9120867682571405,0.029369927988630997,0.8340515446748272,0.059398769622371575,0.7346261137480222,0.04866156643636223,0.836945207760846,0.05235538532806792,0.8986385211091682,0.019994669630915275,0.5889333000249812,0.31347800405712345,0.9299275543342493,0.005784170828207849,0.8340931801149137,0.08176558797541694
bam_f1,0.28907189602644445,0.06447032958353639,0.11813047860968527,0.06126200074499878,0.058995750117691,0.012216081295916864,0.10227145770034747,0.018118092513866483,0.25396109259361627,0.0317308014499518,0.04517599922298707,0.0007861202958091047,0.1489245561017123,0.08756435439234052,0.3494422743665073,0.031208270133572413,0.3494422743665073,0.031208270133572413,0.09040036252818556,0.053572226226162964,0.15994449736387323,0.04892727052453783,0.12401846754195783,0.04918634218816204,0.19492115376876593,0.036897458950981975,0.09193426186867466,0.05486976295590163,0.0974003642135705,0.02861799092117212,0.08484987678363458,0.012078789369710255,0.07245893962552737,0.04685568042082981,0.14725927026742222,0.03630649060846138,0.2277268312268905,0.05138479540148804,0.2687315712873517,0.044466996618016896,0.09849191665239383,0.035560593976218836,0.1941482647084952,0.02842272556341755,0.26189071977506234,0.07054062560952548,0.25115901483239994,0.03259985453256921,0.19005469988489587,0.0383749096503016,0.14110577646201497,0.06816013187263217,0.3494422743665073,0.031208270133572413,0.3494422743665073,0.031208270133572413,0.16114431678268662,0.08505018504193676,0.19120399999022994,0.013689453154963086,0.2787570152805948,0.046853013744171564,0.3086261755318153,0.04839442911422875,0.17738952916466053,0.0131022081384402,0.10106903070043094,0.029977198203276538,0.17341841802706606,0.037057598830986326,0.22524237791744428,0.0872712700609285,0.09369316333969109,0.06896375453439013,0.32253396868562545,0.0364728298564409,0.18656672691874684,0.07733984025600807
bam_precision,0.22751361464324335,0.06435998241287337,0.0872398294831076,0.052181634793798407,0.0409002127527734,0.00885895950665883,0.07982344431913677,0.016764570796189118,0.19322243643515333,0.031068909196070128,0.02988429544536393,0.0007447519396210552,0.1243418934129719,0.08241025129721087,0.3019523212972048,0.034175721670154126,0.3019523212972048,0.034175721670154126,0.06503753812625747,0.03838381083455802,0.13119206721620827,0.04756310134350399,0.08854228967231881,0.04339563598761515,0.15502933503957106,0.028854583459718953,0.0654821640268298,0.041332206438784796,0.07012803048504236,0.022618812969112494,0.06087629209549556,0.009293565056329813,0.05027989774960687,0.033296088774570305,0.10604906605413973,0.02777004486926245,0.18831531034928425,0.03962812388551227,0.21769082326750966,0.04054254367902188,0.06678924428974674,0.026953401448429753,0.14046269428433877,0.02406447674025289,0.2120207472942083,0.06489723081900772,0.19837767457930536,0.03830500532565947,0.13423118940336518,0.03081869194653362,0.1037540798421423,0.060877833420546146,0.3019523212972048,0.034175721670154126,0.3019523212972048,0.034175721670154126,0.12313483468111554,0.0783391522820025,0.14348421455357416,0.011366281575903543,0.23647215639499697,0.033490973010229,0.25648356793070215,0.06486925875817616,0.13124369025963778,0.0256534522375186,0.07044375518420803,0.019793367464565,0.12861052246129537,0.03080782679791438,0.18026141376339533,0.07180288627805965,0.0694207676508173,0.05608483078441264,0.26712051977521584,0.027342671456439427,0.14865935901604233,0.06915301867776844
bam_recall,0.4047619047619047,0.04650005943233708,0.18898809523809523,0.06831572798760321,0.10595238095238091,0.01948666254151294,0.1508928571428571,0.04846989124335704,0.3735119047619048,0.028548167614571348,0.09241071428571426,0.0006313453403451049,0.19255952380952376,0.08073489254436188,0.4157738095238095,0.031495633268216534,0.4157738095238095,0.031495633268216534,0.14910714285714285,0.09047863796814934,0.19598214285714285,0.04987628188726542,0.21607142857142858,0.04069117451823516,0.2639880952380952,0.0559468398978693,0.15565476190476182,0.0793705975264183,0.1601190476190476,0.036315622048395405,0.14017857142857137,0.017104682197025,0.13035714285714284,0.07970469252311364,0.2416666666666666,0.05184981664764649,0.2895833333333333,0.07508675537891707,0.3523809523809524,0.04910173130355795,0.19047619047619047,0.04379856391116348,0.31517857142857136,0.028641098093474007,0.344047619047619,0.07121806779372847,0.34821428571428564,0.013745360998518471,0.3267857142857143,0.04546563234455006,0.23065476190476186,0.058509967026965586,0.4157738095238095,0.031495633268216534,0.4157738095238095,0.031495633268216534,0.24494047619047618,0.07415195145619509,0.287797619047619,0.027437506295228044,0.3407738095238095,0.07280664683343994,0.39613095238095236,0.01276296526332832,0.28928571428571426,0.044401131282701255,0.1791666666666666,0.060334508999332036,0.26726190476190476,0.045704635328117346,0.3008928571428571,0.11170352980738149,0.14880952380952375,0.08796493339281698,0.4074404761904762,0.054195276327282216,0.2538690476190476,0.07865424477476364
bbj,0.5680349422828365,0.22222693184288078,0.6578865267192584,0.14516403955107807,0.7342559165663859,0.09677584847591258,0.8631501537638723,0.03787470165729779,0.7718054998440076,0.09627255693991142,0.690578063020903,0.03724259931027832,0.7075589428176672,0.24295955015660772,0.7233587377991709,0.0812102125628407,0.7233587377991709,0.0812102125628407,0.5403797299104158,0.1723825386020558,0.8530552212862682,0.015111485993477385,0.683157284842002,0.10658505974274389,0.6334402995052814,0.033556441173537586,0.7097205508757854,0.08053609258433393,0.6704327673040068,0.11518051116652823,0.7469358648660694,0.08139410701188708,0.7726745999910861,0.06384079011138455,0.6688728439630967,0.07258260219619064,0.5990105629094798,0.04505429217297809,0.6892855551098632,0.04873097469421566,0.6219191514017025,0.09139693360457478,0.5555778401747115,0.08351267991171718,0.7613317288407542,0.11648935042538221,0.7827026786112224,0.09594137277856511,0.6985559566787004,0.13984594989041835,0.659825288585818,0.03931929551742405,0.7233587377991709,0.0812102125628407,0.7233587377991709,0.0812102125628407,0.7129295360342293,0.07994186809221707,0.7421446717475598,0.07589641401640557,0.7450416722378215,0.061999603246600206,0.6559700494718546,0.1394872693234662,0.6964834870972055,0.15759228271037748,0.603734902170522,0.09231959373666644,0.664081650844587,0.09586473297414463,0.6692071132504346,0.0985835106563743,0.5196104648571557,0.10722684203953062,0.6801934304942728,0.11016283091318958,0.6951018407095422,0.06471074691382345
bbj_f1,0.1992701266212704,0.057393948462180606,0.22872152343209975,0.035733190574583885,0.21062879176610103,0.05444739360385427,0.28035841380513293,0.046271844153915345,0.27830221355716617,0.036799681737373476,0.21171275905332573,0.018669324021835874,0.26865766511380684,0.11666586523315671,0.2656283043325905,0.02404961115435087,0.2656283043325905,0.02404961115435087,0.17616153706360635,0.042497819253120676,0.3167081423641711,0.0187719922528574,0.22882908521580156,0.06449843710853793,0.22259119103078615,0.03865657510632688,0.21930185662159105,0.03985424890906534,0.21696297751198323,0.03890706409588918,0.25365746510263154,0.05096388351358544,0.26285673433384643,0.04294884408494417,0.23648738021559187,0.013609375120012774,0.20253180238650537,0.016247695243384108,0.24008413356857625,0.027404679728628065,0.21127969845918562,0.05216223430619493,0.20044902443519427,0.026756924642684157,0.2670166428139211,0.036285638260614796,0.24981231009024807,0.045819176618156814,0.2435551959990604,0.04885868283445257,0.23629186263507895,0.024604884957883436,0.2656283043325905,0.02404961115435087,0.2656283043325905,0.02404961115435087,0.24484318471105407,0.03752308094790111,0.2778728079309372,0.018605732527489448,0.27958012023779794,0.016339507119789848,0.23462902153621965,0.03817803791099807,0.2440912542825072,0.05189774323610457,0.15924015755511414,0.02897851141961027,0.21020247280337864,0.03381804295455282,0.21025963870395767,0.034652605796987784,0.14579512365249636,0.022886392344551663,0.25188508018523786,0.018359782693607614,0.23008157119157202,0.032261187818557496
bbj_precision,0.1629919919509515,0.05330592514236107,0.19377589063824652,0.04933422020625518,0.18248045518809367,0.05532023276375798,0.28452106334132266,0.07979418570120947,0.24060987701937106,0.04667799680872156,0.17749596171817686,0.011553558662219023,0.2543120602733859,0.13981443998449486,0.23482750189181947,0.022028202519325052,0.23482750189181947,0.022028202519325052,0.1429356523795098,0.03709062308127789,0.30197998636229767,0.018772725151299578,0.19155903559781096,0.06822756985561222,0.18040894537488625,0.03149933011473178,0.1755184358457913,0.029103177881089917,0.18224560199372605,0.0402274550763785,0.21664233441860517,0.05381018911526102,0.22169083622440924,0.04216066297022649,0.1912682165629237,0.01853979593874189,0.16306237282129274,0.011256183287387594,0.19806176210356685,0.027164881515869346,0.1725529461379308,0.052460886998265906,0.16299301776993472,0.021067093999887675,0.23410501732332767,0.04579435445448669,0.2164240780488229,0.044987457028740206,0.19681655665455913,0.04653582036260911,0.194247263195495,0.025695992954644975,0.23482750189181947,0.022028202519325052,0.23482750189181947,0.022028202519325052,0.20897452794416083,0.04740851019546122,0.23387124544765647,0.01819711029704785,0.2428359874152403,0.019042309930775107,0.19968835318684167,0.04921813886237379,0.2036643619980982,0.06122338398483618,0.1253888622659246,0.024285905463781312,0.1660771156856821,0.03239431326641868,0.17000819739371972,0.03603120663400827,0.11467085798220678,0.01655730175202737,0.2071651081629455,0.020548993452051568,0.19632837073672926,0.028060426427280453
bbj_recall,0.2576452599388379,0.05758357815795277,0.2847859327217125,0.008453113297972456,0.24999999999999997,0.04967066015529294,0.282874617737003,0.03278559884157728,0.3325688073394495,0.0165392260342385,0.2626146788990826,0.03229387119341453,0.2931957186544342,0.08477193708716199,0.3058103975535168,0.027000326278914837,0.3058103975535168,0.027000326278914837,0.23012232415902137,0.05078777883866166,0.33295107033639143,0.018680109667997942,0.28822629969418956,0.0480329845683428,0.2905198776758409,0.05001805778901814,0.29243119266055045,0.060606469090476234,0.2694954128440366,0.031048133877708443,0.3073394495412844,0.04177524220203436,0.3237767584097859,0.04087355026951806,0.31116207951070335,0.007806031290772994,0.2675840978593272,0.028677369011484804,0.3069571865443425,0.039548982129594956,0.2748470948012232,0.04421214888876459,0.26032110091743116,0.03669724770642207,0.3138379204892966,0.018538770111593505,0.29587155963302747,0.043923665142673304,0.3207186544342508,0.04492037520833145,0.30237003058103973,0.018396344672042757,0.3058103975535168,0.027000326278914837,0.3058103975535168,0.027000326278914837,0.29892966360856266,0.016312376371064138,0.34327217125382264,0.02762627135344748,0.32989296636085624,0.013291543310943241,0.2889908256880733,0.02187933948204005,0.31116207951070335,0.02305968062974876,0.2182721712538226,0.03546403621894184,0.2874617737003058,0.02973554048485384,0.2775229357798165,0.02672289036176847,0.2003058103975535,0.036288820447418414,0.32186544342507645,0.009753326316646138,0.27866972477064217,0.042462175645811076
bg,0.8980462663310559,0.002249333933553973,0.8992408805785289,6.601427001422208e-05,0.9030005193974988,0.0031941165833983555,0.8986735386951136,0.0024637283800763602,0.8972471932558234,0.0027294720979796987,0.9024651404370929,0.0055640838772736964,0.9015222342083185,0.003296873734444647,0.8980342802349274,0.0023444693725570612,0.8980342802349274,0.0023444693725570612,0.9016021415158416,0.0036615970612965724,0.9006911982100764,0.0017689274342314214,0.9017899236885213,0.002814419428934825,0.9009508969595269,0.0028609466527188695,0.903859522953374,0.005898913097277116,0.9005593511526628,0.004132411256463807,0.9018458588037875,0.0030846213146974136,0.9018898078229255,0.00813505742448991,0.9045826840864596,0.003567194578711468,0.901781932957769,0.002961665478129143,0.9007311518638379,0.004046918586562033,0.8957649127012667,0.0026505357493275352,0.9006951935754524,0.0029789970453654507,0.8990650845019778,0.002504721289790462,0.8976387390626872,0.006842958751507888,0.8972192256981901,0.0017461483722809666,0.8985976267529666,0.005076405340051677,0.8980342802349274,0.0023444693725570612,0.8980342802349274,0.0023444693725570612,0.9002277358264412,0.0049319399343933715,0.9043749250868992,0.00486864247688537,0.9015502017659515,0.0016630177454135993,0.9021614926685045,0.0040641586386341725,0.8975748132166688,0.002693442312934079,0.8981701226577169,0.006902808612801842,0.8970674018138959,0.0013049073728013001,0.9013903871509049,0.011280292035494459,0.8989891725598307,0.003975091395425391,0.8961564585081305,0.0020172401558077456,0.9016061368812177,0.0021994731341884563
bg_f1,0.7610776748662506,0.002894462011253289,0.76933449100539,0.004186202773761903,0.7744919304358687,0.002366938922495603,0.7631365551563674,0.005383874112052529,0.7602527671217015,0.00967488501755639,0.770497863573123,0.009401425979807997,0.7717950968984892,0.00617853310303487,0.7610193011435827,0.005591621635099219,0.7610193011435827,0.005591621635099219,0.7688551987434996,0.005965660147828488,0.7722152951290201,0.004237338544271858,0.7732692921770149,0.0038394923227417677,0.7714118722662445,0.004979253429791519,0.7758846490025767,0.009281447151739864,0.7690984584573636,0.011631970025648909,0.7686346944595174,0.004092385281808245,0.7667939555902993,0.015419528382515132,0.7708383468118724,0.004353897575470234,0.7723745640239611,0.007393624286842358,0.765358563588563,0.01029661233723386,0.7566776768935126,0.006598296585019303,0.7649893568978642,0.006982931767038383,0.766779355853,0.008072656453727256,0.7647990133760564,0.013473633292286711,0.7578745456943593,0.005487482726058924,0.7637763183160035,0.00801432573600445,0.7610193011435827,0.005591621635099219,0.7610193011435827,0.005591621635099219,0.7693722200038678,0.009371091199080629,0.7710702660902733,0.0032708036802404075,0.7648263900618758,0.004398140554694514,0.7724795292158504,0.011375018190233427,0.7607741714044763,0.0034192224472325947,0.7643497438678802,0.010627637706873378,0.7638916867292395,0.004764638264016217,0.7682471625138922,0.016304127625175593,0.7648466168758518,0.008282105905536375,0.7588581196360922,0.002747706013071406,0.7725237763798395,0.0048707643488802126
bg_precision,0.7314169755827115,0.0029023345100032396,0.7347884049796888,0.009962161579993275,0.7435048717517446,0.005076288999129333,0.7273369635344323,0.0078960281605486,0.7280018766946901,0.008302618113166757,0.739925126056601,0.011847090879908234,0.7382895171364007,0.007290046324901479,0.725663533510375,0.004710855244045058,0.725663533510375,0.004710855244045058,0.7317606992439184,0.008416561801941187,0.7363825070448525,0.008053120681871657,0.7391810730238978,0.005262780143657619,0.7378777506406684,0.006126607370638011,0.746631643589283,0.011440704438320137,0.739246298250912,0.015252471557608659,0.7380634334361541,0.0076167020147067345,0.7337404977086618,0.016254760955889232,0.7383592768036947,0.004400987237049081,0.7405824213533304,0.008990161533047132,0.7307047453118957,0.012375162603708913,0.7240262541014113,0.00830743062481922,0.7349564776622541,0.008834551470784787,0.7323921810769733,0.00806197113709794,0.7323452712368256,0.01564276441371914,0.7234268080454861,0.007607112365682258,0.7340912868921267,0.00592834953310204,0.725663533510375,0.004710855244045058,0.725663533510375,0.004710855244045058,0.7332971204245973,0.013650804392400262,0.7419341765012236,0.002022912199938693,0.7334534732646905,0.0027448087963036077,0.7400787841694675,0.013176558975730146,0.728421811667295,0.004249617161795825,0.7291979188559793,0.015752382985951715,0.7315475808808216,0.007110936143329011,0.7357659793342496,0.018742995080859134,0.7350971379790462,0.007890653068183753,0.7259432099170264,0.006036946709243426,0.7391880667890014,0.0053466467284444714
bg_recall,0.7932654659357871,0.0056428687304815,0.807384732208538,0.004936438163003881,0.8081915474241238,0.000858220797799049,0.802662490211433,0.002749798236752036,0.7954960727082888,0.011290301965683832,0.8037303338791201,0.007042732801402003,0.8085000355947889,0.005875189211779043,0.8000047459718563,0.0072460826254668684,0.8000047459718563,0.0072460826254668684,0.8099475570109869,0.005530991927098247,0.811751026316414,0.00047400356791345907,0.810659452789445,0.002162023298904712,0.80814408770556,0.0036936347322767925,0.8075508412235116,0.007840662951832056,0.8014997271066182,0.007334369382403286,0.8018794048551291,0.0011848307095531784,0.8029709783820982,0.014357074754318485,0.8063168885408509,0.005556588632720883,0.807028784319309,0.005690863565352235,0.8034930352863007,0.008854545078304982,0.7924349208609193,0.005949904363584572,0.797608030184381,0.006500119162049401,0.8045608789539879,0.008470762083767121,0.8002895042832395,0.011393965510632233,0.795780831019672,0.003078760631681141,0.7959706698939275,0.01046486794333306,0.8000047459718563,0.0072460826254668684,0.8000047459718563,0.0072460826254668684,0.8092356612325289,0.004452811826998709,0.8025913006335873,0.004753737032760443,0.7990080918820152,0.0063459961901899346,0.8078593293941766,0.009232440189938533,0.7961367789089011,0.002571051134198421,0.8031370873970717,0.004326975705963334,0.7992453904748346,0.002557876304295838,0.8037540637384021,0.013484240672374283,0.7971571628580243,0.011737935975623814,0.7949265560855224,0.0013171675172755665,0.8090220924989916,0.005802860410340266
bn,0.7781585560886451,0.015459974567710437,0.7644505368974183,0.0071045518873503475,0.7732845937095423,0.008808086321910599,0.7813570938999316,0.0037748941379616703,0.7829563628055746,0.012922024895937165,0.7826517401568807,0.0017299241019877807,0.7777777777777778,0.00843885837390349,0.7665828954382757,0.00639843540059248,0.7665828954382757,0.00639843540059248,0.726981951108065,0.019387412861390677,0.7706191455334704,0.01552399129939153,0.7773208438047369,0.014707904214382917,0.7558449470718148,0.011542294460085763,0.779072424034727,0.007656201087555884,0.7526464092605285,0.015302740814750573,0.7476962912192522,0.004923096903173868,0.7693244992765211,0.009487112820532143,0.7579773056126723,0.007785775900773441,0.7604904424643971,0.00951183915680208,0.7653644048435001,0.010975930682626776,0.7804432259538497,0.006538308440143613,0.7824232731703602,0.009093827946433911,0.7879826365090244,0.008851437344213156,0.7691721879521743,0.010818661681793525,0.7749600182773589,0.006925979616734789,0.7735892163582362,0.010168706001493241,0.7665828954382757,0.00639843540059248,0.7665828954382757,0.00639843540059248,0.7785393343995125,0.012896416685838673,0.7732084380473688,0.011810513158829828,0.7691721879521743,0.0016208816277353618,0.775112329601706,0.005033192183948931,0.759652730180489,0.009711862603076228,0.7738938390069302,0.007961454393849205,0.7796816693321148,0.003541852396385146,0.7711522351686848,0.012354833320817625,0.772294570101287,0.00868274747814194,0.7631558906404692,0.00434287637784884,0.7535602772066102,0.0058753488757857944
bn_f1,0.7080264510776354,0.0224611699976479,0.6911865990827563,0.007734664367232542,0.6927110092192744,0.016855306813129176,0.7061449295817934,0.004961932285549024,0.7110091764144887,0.015120339004987679,0.7062733627343674,0.001032398586758764,0.704292949513034,0.0214213674862965,0.6854249047051795,0.004375742679425468,0.6854249047051795,0.004375742679425468,0.6296641924294396,0.0311304320382694,0.6975298333181135,0.020076908415804617,0.7032706632467068,0.024848205697271433,0.667948740080322,0.0068976323406806424,0.7093841878724177,0.013710061007752237,0.6663125540713225,0.02400249030620438,0.6606013282781125,0.008047697529434104,0.6868816418609024,0.010086655209279805,0.6728128269984325,0.0118699968200321,0.674584644416977,0.02092408898917884,0.6826973094466912,0.009187988661223516,0.7001910375067338,0.004814182848054807,0.7099690406047544,0.010546202569069674,0.7175712347506084,0.008299722537851459,0.693016322140548,0.00939053118732204,0.6977711789147539,0.0090529467829899,0.6907330058668769,0.018213707151278888,0.6854249047051795,0.004375742679425468,0.6854249047051795,0.004375742679425468,0.6968923995693382,0.01706244850384856,0.6962460336454824,0.01841914379337219,0.6898835821327501,0.0030179589215567695,0.6951766946327237,0.015288572567669193,0.6717686990755224,0.011212750816930498,0.6910858466939174,0.01836008812831283,0.6984146083590316,0.008852245613108543,0.6860435603140472,0.015243659766584382,0.6929516481655654,0.007577412633028726,0.6859620913327699,0.005166263267793296,0.6675913769530396,0.006048339676142116
bn_precision,0.7014680907559788,0.02337817250164391,0.687006248249956,0.00518515060984972,0.6817831021678118,0.019149356023437737,0.6951845245042777,0.007940208743938354,0.7032135736248474,0.011213979248256897,0.6977300378906386,0.0008981535269209736,0.6950588577052859,0.024855044862400207,0.6777387406326564,0.0038916716747103143,0.6777387406326564,0.0038916716747103143,0.6196914487387281,0.034547866117253176,0.6850968181154693,0.020301451288607823,0.6933673480322556,0.028630745079343836,0.6576493597432521,0.0038464637800161724,0.6988638889159261,0.014219364025877364,0.65879594031707,0.02568968178318968,0.6552422656254245,0.008870938926995408,0.6736549995778427,0.010918535101952924,0.6610539974962536,0.01460601168106352,0.665637595504848,0.02396576836374944,0.6712789472019997,0.007366499515039683,0.6870899606303272,0.00398074648983844,0.702327528600987,0.011342586098833117,0.7090001958478188,0.008564091490374924,0.6832495803968253,0.009947432710130131,0.6867147057456142,0.00780391503194303,0.6782560160699375,0.01986816563779647,0.6777387406326564,0.0038916716747103143,0.6777387406326564,0.0038916716747103143,0.6810752047565066,0.01880292199128257,0.6852311157582266,0.022360765330245672,0.682989122337657,0.003178689569678156,0.6865625625047463,0.014943697769775187,0.6616019639208078,0.00959665128571231,0.6804284654981948,0.024484340457146876,0.6902700765646417,0.007533307560458576,0.675455114962337,0.014592342122917955,0.6839707494862185,0.008164350284050747,0.6793701361407921,0.004488146616014615,0.6583912622163578,0.009083439729377918
bn_recall,0.7147229874502602,0.02181423422417733,0.6954392408937863,0.010761185081877516,0.7040097949188858,0.014412313886738349,0.7174778083868993,0.0023109379967158348,0.71900826446281,0.019239969549822773,0.7150290786654422,0.0014026861631330867,0.7138047138047138,0.017766479168572328,0.6932966023875115,0.005734617078419072,0.6932966023875115,0.005734617078419072,0.6400367309458218,0.028138757476665863,0.7104377104377105,0.020208975623194465,0.7134986225895318,0.020859167477686937,0.6786042240587694,0.010590048296300138,0.7202326293235384,0.013380773182977911,0.667584940312213,0.02727133591353072,0.6660544842363024,0.007478905248160726,0.7006427915518825,0.009319459655732026,0.6850321395775941,0.009718094806481515,0.6838077747168656,0.01800222338846974,0.69452096724824,0.011333644678037103,0.7138047138047138,0.005903673560448716,0.7177838996020814,0.009904309572919174,0.7263544536271809,0.008161794689913338,0.7030915212733394,0.010114913769120505,0.7092133455769819,0.011407802359096594,0.7037037037037037,0.016990130500615805,0.6932966023875115,0.005734617078419072,0.6932966023875115,0.005734617078419072,0.7134986225895318,0.016010648093813338,0.7076828895010713,0.015153833846937928,0.6969696969696969,0.007845733466774566,0.7040097949188858,0.015646621266154976,0.682277318640955,0.01371274979161439,0.7021732476277931,0.011807347120897408,0.706764615855525,0.010642998867899447,0.6969696969696969,0.015931452316710278,0.7021732476277931,0.007013430815665518,0.6926844199571472,0.005903673560448715,0.677073767982859,0.0029518367802243333
de,0.9324874205463272,0.0014509956426063352,0.934337641412176,0.0014441852329982144,0.9367067434064547,0.0008194353276565353,0.9326581051280476,0.0011422969194758395,0.9314735541309083,0.0012361759393178231,0.9343342277205414,7.998535194378389e-05,0.9313984529149514,0.0004203001687171606,0.9305928216892312,0.001651842313364976,0.9305928216892312,0.001651842313364976,0.9316954440871447,0.001730994132214391,0.9356484989997883,0.00025752451662170675,0.9358021151233368,0.0022354259335579606,0.933340843454929,0.0022689008420755906,0.9346551147341758,0.0011735902463505228,0.9344025015532297,0.0011386184097537414,0.9339075162662406,0.0016374941836216573,0.9342864360376599,0.0017837510603745618,0.9335251828031869,0.0022546186347637788,0.9341430609890148,0.002351889849486348,0.9328595129344776,0.0022657785159019704,0.9309205360861342,0.0009411950858489415,0.9323474591893165,0.00047242334943244373,0.932408905638736,0.0020297748453601576,0.9316613071708008,0.0017102595088381162,0.934849695157337,0.0014942613851994851,0.9305791669226936,0.0002788382231962632,0.9305928216892312,0.001651842313364976,0.9305928216892312,0.001651842313364976,0.932586417603725,0.0013934010176406017,0.9324532836299831,0.001575939163539568,0.9321392239996177,0.0006192534480693599,0.9319002655852092,0.001306864420418327,0.9332725696222409,0.00066954494630513,0.9335354238780903,0.0026341071923949144,0.9326615188196818,0.004852598380065957,0.9326649325113164,0.0020413676174771598,0.9341157514559395,0.001529467193731056,0.9315486553468652,0.0008536413569085239,0.9345697724433156,0.0016771929401728615
de_f1,0.7743742684259649,0.003249203798014976,0.7802786897752916,0.0014433879371781126,0.7848093747617284,0.0022150378897849267,0.7761700787851188,0.0019295189590611014,0.7702125489562324,0.0019491177747225084,0.7813603790760726,0.002386741028223006,0.7750072109857838,0.00240777395043874,0.7715755120232561,0.0027044279645732474,0.7715755120232561,0.0027044279645732474,0.7719123380324192,0.0030679922804796567,0.7833162706310627,0.002430277733593013,0.7862673538555643,0.006255012512443442,0.7776296036325275,0.006678664275021825,0.7816917416984102,0.0007290104031171833,0.780259327917895,0.004831525292805499,0.7803236179782272,0.0055857645955369566,0.7780045380560084,0.005437553923907081,0.7790037984751845,0.00551516226864416,0.7803453807922399,0.005746077722646921,0.7761801409530961,0.006813691218735085,0.77159644309369,0.0018661993201653836,0.7749975028376553,0.0030647950910464884,0.7750963796463411,0.006309349304867138,0.7723660624466442,0.002133464840885656,0.7811564552914612,0.005953782979152643,0.7705720217062874,0.001060351113693673,0.7715755120232561,0.0027044279645732474,0.7715755120232561,0.0027044279645732474,0.7761789176062512,0.00397011380405468,0.7764583091202941,0.004128071470008192,0.774132091712881,0.000990617118680438,0.7732857940323749,0.003697019049570218,0.7745038297123873,0.0025781266807919133,0.7770198547243089,0.007718870379172734,0.7748723685774394,0.010919445791923511,0.7741729256498803,0.00530977299497619,0.7781739164412267,0.006239240885991563,0.7723722850576166,0.002016559536420484,0.7805165778888209,0.004029873323280513
de_precision,0.7477635693584789,0.004091273425115216,0.7551858808682894,0.0019537136443280286,0.7590770947075881,0.0026742119031879772,0.7470451456516489,0.006360605654136316,0.7431517200525484,0.003002405734764444,0.7511079953710164,0.0020549283734083144,0.7468064038097628,0.0027377923862658615,0.7438743468059491,0.006679239606114756,0.7438743468059491,0.006679239606114756,0.7470383765162634,0.004422834344302377,0.7576903188994225,0.0025549506382871066,0.7605753550577828,0.004254280660098584,0.7500049866328764,0.0056052135982576825,0.7530585868460493,0.001049216367284665,0.7548559293856204,0.0022645874477222336,0.7524337693089406,0.0021388779335098714,0.7531942734635179,0.009222591536290209,0.7537552249298917,0.005404091770609304,0.7535621231230465,0.0045241314179733354,0.7498667248553291,0.006753630336892752,0.7461502529819066,0.0017124036854230269,0.7486222078927977,0.005883295287204618,0.7467172608250214,0.0073140303431648065,0.7443119382017027,0.0066519842518640016,0.7545162359208542,0.005766562572086949,0.7396581619966914,0.00455711352152284,0.7438743468059491,0.006679239606114756,0.7438743468059491,0.006679239606114756,0.7453855159085291,0.005312856093674595,0.7508926006298487,0.0057874068250473205,0.7493384241635251,0.004161124285412236,0.7450754861762069,0.004056295200088188,0.7512922444337852,0.0012731622710920527,0.7478428269177383,0.009580515263797607,0.7478756057566237,0.014868293083258202,0.7491103358655505,0.00899745964263481,0.7531935988574703,0.007580537739162249,0.7466093137792732,0.003944626207183313,0.7535636086939398,0.006998695605193393
de_recall,0.8029516392654553,0.002489917798977035,0.8071098932794923,0.004038073262186304,0.8123497740601865,0.0022111951989438054,0.8077107970387463,0.004572115557398931,0.7993221805595616,0.0012510348696926138,0.8141524853379484,0.002850184778683056,0.8054273627535814,0.003277036240198883,0.8014613979425055,0.0032515501534632883,0.8014613979425055,0.0032515501534632883,0.7985049514469763,0.0017549682084676184,0.810739351985386,0.0029707748400115606,0.8137679069320258,0.008913588507154362,0.807374290933564,0.00834227570982961,0.8125901355638881,0.0014038017258387729,0.8074463993846747,0.007930072065751557,0.8104028458802038,0.010771065371857236,0.8045380251898856,0.0013400019098900524,0.8060042303624652,0.005809244667978843,0.8091048937602153,0.00713922222221838,0.8044178444380349,0.007718411719543415,0.7988414575521584,0.0025405653805833737,0.8033842899721181,0.008978105460009768,0.8057398327083934,0.006960987003014352,0.8026632054610133,0.003101781156761937,0.8097538698202097,0.0068158063505289615,0.8042255552350736,0.005264904625402918,0.8014613979425055,0.0032515501534632883,0.8014613979425055,0.0032515501534632883,0.8096336890683588,0.00295116555086258,0.803840976829151,0.0038062972595180565,0.8006441688299203,0.0026320407798284032,0.8037207960773003,0.00392047222932456,0.7992019998077108,0.004538442747863799,0.8085760984520719,0.0055412580530356794,0.8039371214306317,0.006828255322272962,0.8010047110854726,0.0020220389177048126,0.8048745312950678,0.00487092453815881,0.7999951927699259,0.0034614560208136914,0.8094894721661379,0.0006286269027315932
el,0.9026223840523743,0.0018563925989078048,0.9037993306116444,0.007576233705335282,0.9097870462319321,0.0002966860787763765,0.9102946044356174,0.0045704618286414225,0.9051638530287983,0.0028359632047135425,0.9072639670454964,0.004220746461684364,0.9025635367244106,0.006609321222648881,0.8960976865644193,0.002114630748004334,0.8960976865644193,0.002114630748004334,0.898753172238773,0.006339092649267608,0.9075729155173047,0.002749302510171274,0.9087682518665635,0.006191334050316586,0.9000331016219795,0.004648326360725951,0.9092206407002831,0.0024126199006620024,0.902008165066755,0.005080005652094404,0.9041891941594026,0.005536282240039387,0.9078009489131634,0.009545238518429009,0.9003346941777925,0.0018187604567237708,0.9048512265989923,0.008449630431740436,0.9013203869211814,0.0070184141400857014,0.8984883592629372,0.003260635783946715,0.9070396116076355,0.0030849298874664408,0.9020375887307367,0.0021752781901206598,0.8992423406524698,0.0022340348007689253,0.9048181249770127,0.002524427232198726,0.901456471367097,0.005152960915690228,0.8960976865644193,0.002114630748004334,0.8960976865644193,0.002114630748004334,0.8989370701386591,0.0046676330119514164,0.9016881827209532,0.0032419880206066664,0.9014895729890765,0.0037720359738739892,0.9022729780425908,0.012161927129976014,0.9011512008532861,0.002056251553145068,0.9076060171392841,0.009254811587304658,0.9013976240391335,0.002655116324630079,0.8980948177571811,0.009597798237162442,0.9062525285961235,0.006467830054384194,0.899003273382618,0.0020752582638983723,0.9045202103791974,0.008707931211634065
el_f1,0.7015347161021906,0.007507163139039645,0.7102802413972086,0.018005669827884388,0.7225571769248692,0.001458347172185374,0.722834030788214,0.01625081862765988,0.7142055777315605,0.008025055425865884,0.7144951909200051,0.01343165622665596,0.7102526967215357,0.015703199356554804,0.6956411384444022,0.0028198823987236423,0.6956411384444022,0.0028198823987236423,0.6923407267568643,0.01916737751851393,0.7208912191495619,0.009772358465192166,0.7211487820647503,0.012786239887048153,0.7010715180479853,0.013026669178045382,0.7183891052265711,0.008591249313906936,0.7093525667417812,0.014433311422964069,0.7142942108729521,0.01646333732899792,0.7165748519426031,0.02550948637408118,0.6993489816203216,0.007935712914707025,0.7158822826696852,0.018917787577414122,0.7051697268294929,0.017841017365639655,0.6962458232846408,0.012180003326739276,0.7164789047162955,0.008772817462207936,0.7070483481717672,0.005326468439104016,0.6952044982061296,0.010115136630546452,0.7088034754779207,0.007279912189443402,0.698255341851945,0.016171915057040603,0.6956411384444022,0.0028198823987236423,0.6956411384444022,0.0028198823987236423,0.6949051148877058,0.01643138265874384,0.7053348464613903,0.008718959394366841,0.7019978952435326,0.007047444925592774,0.7050933020619702,0.03209322763523171,0.701979464446187,0.009994570459488794,0.716652618771794,0.02936745178529895,0.6961602556181946,0.005204474189411888,0.6916277323591467,0.027381837930938183,0.7088054439425496,0.016849075694818534,0.6948972269321593,0.007658252139231403,0.7119402862004361,0.020924706699945925
el_precision,0.6755540510383199,0.0010023183796628002,0.6810109170240447,0.017047713692531594,0.7028273906824757,0.0037392332090657883,0.6941647569651311,0.016441696097213705,0.6763333111577073,0.007898699620649981,0.6861663183558379,0.017484078956198003,0.6775022104594254,0.015538146502888315,0.6597744681604952,0.006473642301179082,0.6597744681604952,0.006473642301179082,0.6632231451405147,0.0197412836264205,0.685959881716044,0.010038109627253556,0.6950992677635593,0.014053927904794794,0.6651718096817208,0.011593042946928186,0.6862303488415282,0.006768123940611413,0.6775152087503962,0.013534843982922219,0.6728804584173668,0.019949770670670403,0.6892855493229643,0.030242254861005263,0.6708169651989341,0.006264885259632022,0.6841577991721017,0.01836040384044943,0.6661569128008522,0.021030972326578853,0.6605830463478043,0.012267618842287527,0.6889352624764943,0.010592045178736301,0.6732027878536848,0.008438984918435283,0.6616905080859404,0.007637937332757462,0.675655139351336,0.003694726713348985,0.6659050266931369,0.01405622493786586,0.6597744681604952,0.006473642301179082,0.6597744681604952,0.006473642301179082,0.6583886496865307,0.019438084845128347,0.6739785245362756,0.010748590245099783,0.6689180246747739,0.010528624553606461,0.6643149608639304,0.031425605272381085,0.6700211142504983,0.009695716611659832,0.6918348449273012,0.02881793262116631,0.6667650772252304,0.006599053411781517,0.6648742031034861,0.029176284100868234,0.6834299647161831,0.023667866003895185,0.6611025818040552,0.005165994554982699,0.6803042381433254,0.022661400232883447
el_recall,0.7297475121309317,0.017108449172659353,0.7421937111056282,0.01950167987081596,0.7434821942593963,0.007074384414187946,0.7539819612358473,0.016218124830516358,0.75658634207857,0.009133237874559,0.7453189681168956,0.008977873113416754,0.7463333059187981,0.015897996000185717,0.735778709871974,0.01114281985234152,0.735778709871974,0.01114281985234152,0.7241549469528744,0.018924609274301816,0.7596841845546508,0.014637282449673222,0.749239246648573,0.011538751481072772,0.7410697151629794,0.014751287315220376,0.753817474024728,0.015119706438704547,0.7443320448501796,0.015529529631633518,0.7612468130602846,0.014208639133757327,0.7461962332428653,0.019988411177388938,0.7304328755105957,0.010569609957595425,0.7506922170134606,0.01950133302526977,0.7491021739726403,0.014336203069020585,0.7359980261534665,0.012773996753255279,0.7463607204539847,0.008923715450789675,0.7446061902020452,0.010588152212436112,0.7324067220440277,0.016740227481300426,0.7454012117224552,0.011698653010582996,0.7339145214792883,0.01867080801198395,0.735778709871974,0.01114281985234152,0.735778709871974,0.01114281985234152,0.7357512953367875,0.012680726529348107,0.7397812320092113,0.007436568504289705,0.7385749924610029,0.00525351483718011,0.7512405077171916,0.033160835257102936,0.737149436631302,0.01083401481003679,0.743317707048277,0.029920060933071427,0.7282945417660444,0.005930860821042782,0.7206458864489953,0.02523074223041474,0.7362995860405187,0.010711052207760764,0.7323518929736547,0.011023200174395719,0.7466896948762235,0.01905550797057765
es,0.8242979488209454,0.011272022967484892,0.8453659214856243,0.010851128868640404,0.8284229662016367,0.035133455671161225,0.8322338436819257,0.006502148814223636,0.8297670729886034,0.003533188025118934,0.8408237675158744,0.019373677136280066,0.8453092733068632,0.015547838006134174,0.8199720878973741,0.017518608191014546,0.8199720878973741,0.017518608191014546,0.8279852302748466,0.0129174201576213,0.8312193262986595,0.018033153254285405,0.8583538039252039,0.03360357650634188,0.8429763983087945,0.01970496984206965,0.824457593688363,0.01735412064350554,0.8528537807509489,0.006930997993240329,0.8317549090796731,0.023291902975654255,0.8593786209773356,0.01907949856725949,0.8455101168497432,0.006936953145074064,0.8462877418490996,0.02507625881972834,0.8467100282725911,0.028836087144705543,0.8308382385506307,0.0075458185166819075,0.8497072319124941,0.01483232780633369,0.8396805042717878,0.012077530009108559,0.8227272493189344,0.019607217378479445,0.8342783279517564,0.01189672279717205,0.8408340671847401,0.008901613577218833,0.8199720878973741,0.017518608191014546,0.8199720878973741,0.017518608191014546,0.8447479413536855,0.025023478985942073,0.8303747534516766,0.018626600176933236,0.8543420829020348,0.004650608446163392,0.8327076284497453,0.008925512917740241,0.8261003908724335,0.023752414268742236,0.8430381963219883,0.01253069329417396,0.8390110257955207,0.013173692203958089,0.8328157749728345,0.021097496493712075,0.825940746005016,0.0019503327970773752,0.8426056102296311,0.010064166630167319,0.8364464082479749,0.022609176710351456
es_f1,0.6635654141683599,0.01881730437482088,0.695569526282957,0.024148870906619494,0.7022667478452438,0.04215563126950908,0.6917993627920196,0.004664735301973562,0.6823891137231121,0.019299543974016606,0.7003755840283552,0.02461606359484514,0.7031490138308586,0.023930273303355218,0.6728649052718884,0.011479353935324677,0.6728649052718884,0.011479353935324677,0.6691576765687596,0.019674001055225192,0.6821294388900411,0.01916585022401337,0.7303919727666032,0.0770074715080323,0.7052632642922098,0.03020124638851384,0.6777794434148184,0.033243330380459964,0.7272219596444507,0.017742489172993106,0.6945187597637613,0.035415820915207945,0.7410831144566732,0.02681159766507222,0.7273396069886099,0.01463271301811688,0.7074295899033926,0.051599330954346705,0.703016695645022,0.047909604594238105,0.6835878645358253,0.01511060279476799,0.7051217964879251,0.030306693742842315,0.6958849934189821,0.020531750412883347,0.6694966587058846,0.01698374823594297,0.6839713708655012,0.011510770742279958,0.6944230176787703,0.029451340435268286,0.6728649052718884,0.011479353935324677,0.6728649052718884,0.011479353935324677,0.7080986055673044,0.04247012190084514,0.6818104116204337,0.032659951518351736,0.7247886494343326,0.010259871220651695,0.6715662181236377,0.0094563107769482,0.6816495989938373,0.04519624121635864,0.6969762708473954,0.04124183027486926,0.6963730725037763,0.03954349036772021,0.6961155864239474,0.018870192558322844,0.6697528699678889,0.023710428484970566,0.7026253239126352,0.03090092176610219,0.6994097890794624,0.04004132997812772
es_precision,0.6469680433035647,0.009062739652413084,0.6727714624384831,0.020937001600327656,0.681711647581159,0.03619241510270953,0.6632752140785223,0.008376999340486106,0.6589576268136158,0.011943921518922282,0.6703690352964845,0.022437785182382472,0.6809199125526314,0.02505674962329982,0.656443282010965,0.007018290341581254,0.656443282010965,0.007018290341581254,0.6533820819727075,0.01689812992797638,0.6656209491301931,0.022108784058560108,0.7104323986895057,0.07029266390973175,0.6856852936690405,0.029032635438017942,0.6590646590693608,0.028343510338340434,0.7081702266709303,0.01537863323926906,0.6773705207777763,0.034345071660228904,0.7169604981268983,0.023095826531863727,0.7044380439361975,0.014209832852573864,0.688901400041213,0.04356189283371244,0.6814486627731128,0.043974208254141355,0.664124466638269,0.016226951709647712,0.6868803533943956,0.02599547745242293,0.6727541013115107,0.020050259488059767,0.6532890021528553,0.013958974814190755,0.6636048464675055,0.011076319799976109,0.6739875112811121,0.0262296853644006,0.656443282010965,0.007018290341581254,0.656443282010965,0.007018290341581254,0.6819011481806224,0.032811995377185585,0.664678663064269,0.02857435941514836,0.7070965865486413,0.009930010946256456,0.6553724165810396,0.009506261230295661,0.6667955181415532,0.04128405859720469,0.6800593399402173,0.036338003623625444,0.6802197681818489,0.03657108619925407,0.6739832941002016,0.015247810122289956,0.6552057559215485,0.02224956660447445,0.6760629195669257,0.023981697262484405,0.6829397233901484,0.030098795007386145
es_recall,0.6812669929309406,0.03024169468876774,0.7199836867862969,0.027826942986807702,0.7242794997281131,0.050191329714137894,0.7232735182164219,0.019308487703531454,0.7076672104404568,0.027880685367847984,0.7331973898858074,0.027116639171291687,0.7272702555736813,0.03070194203733843,0.6902664491571505,0.01932002717322471,0.6902664491571505,0.01932002717322471,0.685753126699293,0.02328598165564806,0.6995377922784122,0.017017882714052877,0.7515497553017946,0.08442931292657885,0.7259923871669386,0.031460227535666706,0.6976345840130506,0.038799736506451264,0.7473355084284937,0.020355160629280524,0.7126155519303969,0.03735479569489699,0.7669657422512235,0.032065840609801305,0.751794453507341,0.01561047552028654,0.7271071234366504,0.06081090029024867,0.7261011419249592,0.05311967902687574,0.7042414355628059,0.014171620281143932,0.7243882544861338,0.03507597016336011,0.7208537248504623,0.025593338910737343,0.6865959760739533,0.021498552567957255,0.7056280587275694,0.011997700494745103,0.7161772702555737,0.033511281353648815,0.6902664491571505,0.01932002717322471,0.6902664491571505,0.01932002717322471,0.7366503534529635,0.0549125850029956,0.6998912452419793,0.0373902215127654,0.7433931484502447,0.01083540060579998,0.6885807504078304,0.009389313864003865,0.697199564980968,0.049435654786530614,0.7147906470908102,0.0465976700612876,0.7133768352365416,0.0434316912318886,0.7199293094072866,0.026431475797534142,0.6849646547036433,0.025319444292372165,0.7316204458945079,0.04135748231988729,0.7169113648722131,0.05152912304531106
et,0.904784982313128,0.007746339991322651,0.9177456901193762,0.002539493981949116,0.9092170556121646,0.0021738104991381934,0.9217055612164592,0.002838177595173364,0.9142663054734035,0.0043705931283802065,0.9118431625949582,0.0033625072375144684,0.9185741150350838,0.005368672844947925,0.912878693739593,0.008273641633576082,0.912878693739593,0.008273641633576082,0.9079122863699248,0.0079657061967698,0.9140053516249554,0.001230231919469216,0.921142232273778,0.004124152260011999,0.912510044652103,0.006405555605830564,0.9152148520018888,0.003775716392530893,0.9183380139341071,0.002899617383113017,0.9139597882545916,0.004901334200306472,0.9159811450489185,0.0032137334949021703,0.9179569384728815,0.003980598960831588,0.9186321047791833,0.0029652983549022425,0.9154219582308157,0.00712175777149889,0.9091714922418007,0.003236237453374061,0.9135828549179444,0.0005221049036652957,0.910965032184308,0.006285190554005694,0.912402349413061,0.0043378250090996395,0.9046731449495075,0.005122399855653547,0.9161923934024241,0.002717041133160282,0.912878693739593,0.008273641633576082,0.912878693739593,0.008273641633576082,0.9062057310435669,0.0018938299101222702,0.9147964974194563,0.0024831095438545238,0.9191457282269221,0.003908293738699218,0.9156746278301066,0.004639083370503424,0.9070714350804815,0.00476418698876063,0.9128704094904357,0.004231729159322397,0.9155048007223865,0.0075391571718484065,0.9139515040054343,0.0034499994075675067,0.9077300328884691,0.004821518413293264,0.9134295963085387,0.009484810480987396,0.9212002220178773,0.0051030100650443725
et_f1,0.7404528951667667,0.019444523890919253,0.7698855926336843,0.009555985658673707,0.7530457624088674,0.00507017612504456,0.782883986063522,0.004706407322551454,0.7647791242235794,0.007684910681707062,0.7613484800326051,0.009257811402169976,0.7761448236902081,0.01237182784662503,0.7612599094323188,0.019854223384357876,0.7612599094323188,0.019854223384357876,0.7452403136350331,0.019990913106050796,0.7659055795204571,0.0016725809014755506,0.7815942986542607,0.006482017704209359,0.7621388410888893,0.01615951381384257,0.7672303122310771,0.00925921026822955,0.7773194993556135,0.006953144964160462,0.7633272307511662,0.014933506387637694,0.7679623644711798,0.007426340393844057,0.7698281261892537,0.011052249785911185,0.7749362757611215,0.008344216897950885,0.7668740953640993,0.015593968773182374,0.7503640640229413,0.006529586026202977,0.7635868974528357,0.002582376777689688,0.7606285741890214,0.013190704531231653,0.7617632785857018,0.008240790026719408,0.7448310485786952,0.01346094255101553,0.7658583645536546,0.006019093624406796,0.7612599094323188,0.019854223384357876,0.7612599094323188,0.019854223384357876,0.7474944569471232,0.004912900430938569,0.7642060848769319,0.008104485803917427,0.7758630044403415,0.011859003240605384,0.768609422484484,0.009593468291379985,0.7448568600461613,0.008478210794106671,0.7613501955651198,0.009318207813801422,0.7670080429034668,0.016918902256830327,0.7643869274499883,0.00852450734069754,0.7490783742194512,0.009528457665783422,0.761927390861794,0.02127740715494124,0.7763844788189536,0.01370102671899331
et_precision,0.7166765053895974,0.017876891245699578,0.7456687152277898,0.00801562871331429,0.7240167076021106,0.008402963790258948,0.7559758841372001,0.011568679775147306,0.7391146066170909,0.009420642088569348,0.7334911875331954,0.008015872489583244,0.7536848839940644,0.014872480113982046,0.7308050342813468,0.020992121654017554,0.7308050342813468,0.020992121654017554,0.7175363779045013,0.021036540749246577,0.7393117663239929,0.0015131217551026378,0.7570486891846085,0.008030295826135639,0.7327632061245821,0.019164527236659814,0.74205885250033,0.010055241701417748,0.7520131753446545,0.004646312946935277,0.7396717469248064,0.016464484927934373,0.7444427215704587,0.01609199142683434,0.7454451601969501,0.011601688501770813,0.7522719059164401,0.008915442397293836,0.740350508274397,0.02183191321281214,0.7255522150420886,0.00894227693547222,0.7414478738018556,0.003479902045683355,0.7285987378479261,0.01563158006763485,0.7354292961764921,0.010280724392984759,0.7173281074022433,0.01683822441704343,0.7457459998721321,0.00425501249224598,0.7308050342813468,0.020992121654017554,0.7308050342813468,0.020992121654017554,0.7123685787608235,0.009528585589511317,0.7421256216686213,0.007515313494344078,0.7570944834980501,0.010464605528606325,0.7463809405830958,0.008561745211169315,0.7210523544259431,0.007295559476575604,0.7337949120279686,0.009323218859326635,0.7411969314501364,0.013527708106404204,0.7360320937228022,0.008863841563295928,0.723691964469536,0.017101653062136637,0.7335698076078995,0.021918185138809373,0.7499957535781752,0.01826472198026904
et_recall,0.7659201651424593,0.022658763793036794,0.7957322195818631,0.011326692614603506,0.7845466983509758,0.004896665946568707,0.811886416552651,0.0040443185666952505,0.7923237560308202,0.00785798105606893,0.7914836417752814,0.014381120759497441,0.8000048006528888,0.00976398983469324,0.7943880367730012,0.018943412188463595,0.7943880367730012,0.018943412188463595,0.7751854252178295,0.018984928275186424,0.7944840498307769,0.0018625357753838314,0.8078298648616212,0.008338949638406234,0.7940039845418978,0.012938204857214274,0.7941720073930054,0.008324012336353291,0.8043973980461342,0.009583075994449481,0.7885552435131178,0.013211458676839571,0.7931878735508029,0.0031156200263244486,0.7958762391685269,0.01120772539109324,0.7990206668106863,0.008483413820462034,0.7954681836729796,0.008608207837133888,0.7769616667866831,0.00551161158071341,0.78711504764648,0.0055872979776486874,0.7956362065240873,0.01091821405759438,0.7900674491730876,0.006085715166494064,0.7745613403422865,0.00946164111059335,0.787091044382036,0.007988328239454064,0.7943880367730012,0.018943412188463595,0.7943880367730012,0.018943412188463595,0.7863229399198292,0.0017599484198480985,0.7876431194642471,0.008893428127019489,0.7955881999951994,0.01338401018069459,0.7922037397086004,0.010737510972013427,0.7702887592712608,0.009816337416182761,0.791099589544178,0.011742013260764926,0.7947000792107727,0.020790887210373026,0.7950361249129881,0.009529900581307111,0.7764575982333598,0.0030006000754666876,0.7925877919397039,0.020959839634909355,0.8047574470127937,0.008938887868909833
eu,0.8557189236091962,0.01775189952134059,0.8837390572204881,0.013168140786580343,0.8760437233209428,0.012164896482102543,0.8674402444270415,0.014698879322073824,0.8712529827231849,0.014290283928004367,0.8772349742447139,0.006752151891633359,0.8788086020082138,0.005901179708349282,0.8729552950000551,0.015882200470023037,0.8729552950000551,0.015882200470023037,0.8848053003312707,0.01213404544080951,0.877290124750444,0.003946973393943158,0.8894122059099282,0.0075607380943795086,0.8784593154719228,0.013120522065183384,0.8743340576433086,0.007328993846505075,0.8767459730939066,0.01164979385108508,0.8948316622730097,0.004515022500616295,0.8891217465797494,0.01457458454336618,0.8781651794413622,0.008768121037177086,0.8737090185783671,0.012315671441369887,0.8816470147031247,0.016587596255657235,0.864877584260781,0.013325651097732602,0.8625134659151491,0.012889938418551912,0.8606971759264366,0.018021262440249,0.8686866458565424,0.01615404914246729,0.856847670626473,0.02096573973030044,0.8681608777019152,0.00829927220009545,0.8729552950000551,0.015882200470023037,0.8729552950000551,0.015882200470023037,0.8721942180209793,0.004752437832955187,0.8860994988657379,0.00610822994226407,0.8804410569778258,0.011840849970462208,0.8654989466253405,0.008746411188763337,0.8752127890346088,0.010899126049479431,0.8697639190684713,0.015582712038993331,0.8662489935032704,0.02252447932053505,0.878558586382237,0.013995059968048423,0.8630171738674844,0.011949774565452258,0.8776394112867348,0.0018308085157822,0.8827573782184915,0.010385889197398515
eu_f1,0.6163801930060537,0.037182830852546124,0.6679538741226342,0.027844148130846697,0.6655089537801028,0.014665151578838855,0.6554768923194403,0.011248571953023397,0.6656793044811117,0.019547296699062,0.6653769499252783,0.001210502638846902,0.6679604220161351,0.01756120081324405,0.6428847915819675,0.020968916638535926,0.6428847915819675,0.020968916638535926,0.661500342977032,0.0179507253826596,0.6590312134113464,0.02873020934198592,0.6945981218287733,0.01693461186512969,0.6629336009464964,0.022735196642906297,0.6638254035821813,0.0182508354145028,0.6736724510730919,0.03195802130321864,0.6900435033586265,0.01017504741975777,0.6912079018205225,0.019957994104999027,0.6553861655279406,0.014971756381681288,0.6579441566316665,0.0266329557399563,0.6802534642274333,0.02244749277533913,0.6405015141397729,0.020359142246682917,0.6418734856085829,0.02790322418489673,0.6388865881373359,0.036470933309101415,0.6548165987697433,0.02263094542093938,0.6127460345042767,0.04168190898180662,0.6458341677338888,0.0178096200394741,0.6428847915819675,0.020968916638535926,0.6428847915819675,0.020968916638535926,0.6505635692253994,0.014466563539464539,0.6802519929362439,0.014401185328776996,0.6675552421188446,0.00668541694965486,0.6289606794609081,0.021789098549116644,0.653075893160494,0.01470000117664404,0.6561454816416085,0.01965487959085811,0.6388326826781721,0.06246959356408161,0.6708626605147926,0.024101624834851863,0.6483556961887648,0.02232532486619362,0.6474266400351051,0.020842107437392763,0.6756761940412952,0.027499319782874322
eu_precision,0.5669823305509668,0.047237738423596486,0.6238238521788404,0.036292863307362346,0.6195829332233233,0.028582114861900362,0.6057835967591731,0.02164142277401405,0.6099447451872865,0.02478546193304498,0.6244207418890952,0.016426608796092805,0.6211952703313679,0.01895938481882857,0.5978879392186571,0.03157885753108416,0.5978879392186571,0.03157885753108416,0.6324579056140238,0.03410548395159349,0.6122438221214926,0.024789097383973786,0.6528948095050707,0.018461471586326914,0.6177447380686697,0.02990554221456056,0.6166310204941171,0.01689122381061729,0.6261137067743384,0.0342353124958735,0.6579503408306405,0.01803889539967878,0.6505595223470713,0.032911788792260394,0.6100836092341275,0.021208205037785414,0.6057506414327053,0.02759655096804424,0.6400552303337274,0.038314931476996626,0.5871434922364385,0.02379298288290853,0.5872695353736971,0.031388340355637874,0.588855010475561,0.044953688826873214,0.602050604848326,0.026818060006552482,0.5595881257893022,0.05100066081003501,0.5985937007587395,0.01854389248119108,0.5978879392186571,0.03157885753108416,0.5978879392186571,0.03157885753108416,0.5991438607285434,0.018145215549145145,0.6426124933527824,0.014681646268587081,0.6283140802044321,0.01708050895710469,0.5800448255381666,0.026626412460813816,0.6139404370896449,0.022216911226510278,0.6066775001801253,0.03431913577514205,0.5898857509872856,0.07115603097255475,0.6193092704563316,0.031037001185442375,0.5957852352219702,0.029981144773111684,0.6023572262675716,0.015277674161210503,0.6340565117226477,0.0336216126810686
eu_recall,0.6760036654531044,0.025229580035743267,0.7191718057309856,0.018197416913631775,0.7195185377814103,0.00601001653735615,0.7144909230502514,0.004420885673229186,0.732793421997672,0.011445614812932135,0.7130296951234615,0.024912503190807723,0.7223666939098993,0.015582821195151583,0.695693092602224,0.006167026376984805,0.695693092602224,0.006167026376984805,0.6941823315253733,0.0067612749832826335,0.7135745597741289,0.033701375762456055,0.7424523862595042,0.02706309054030726,0.7155063526264952,0.013891664439066895,0.7190975060058945,0.026115622340154812,0.7291527354682121,0.029203887926359043,0.7256111152388737,0.001784740641870044,0.7378953364539217,0.008495657262303032,0.7082002129925452,0.011436929757442014,0.7200138692820169,0.02479277659016448,0.7268989771404512,0.01634869738322806,0.7046585927632067,0.016187623659346412,0.7078039477920598,0.022167772589088856,0.6986403150308345,0.024268501361162893,0.7179830101295291,0.02068114307372436,0.6779849914555317,0.03168698173693179,0.7017609034846571,0.0291786098014101,0.695693092602224,0.006167026376984805,0.695693092602224,0.006167026376984805,0.7117913663719445,0.01249451005335061,0.722713425960324,0.0186003244216857,0.7123857641726725,0.008190849681378912,0.6870495579166357,0.014806166152656938,0.6979468509299848,0.015496495672049505,0.715332986601283,0.008490132194671403,0.6974019862793175,0.049813094306226956,0.7320504247467617,0.014416891155673368,0.7115437006216411,0.016871491906463615,0.7000024766575029,0.031157404638856745,0.7233325903360824,0.019168945091729218
ewe,0.9101196882235919,0.01059591943827951,0.7901379512767831,0.10351164824230427,0.8082216351955124,0.05549139172625516,0.8378827903336269,0.0295276882542176,0.9220232853928186,0.0007386590779053787,0.7503668916935721,0.06051409364667868,0.8208916283468676,0.12246211693988995,0.9247790496689822,0.002697793021900493,0.9247790496689822,0.002697793021900493,0.657632977856048,0.16946539000078678,0.884437269673548,0.017391635223103052,0.8221961321462349,0.0315991938418257,0.8996999641261455,0.009883593826333224,0.8316863972866321,0.08081149825384772,0.734305188663862,0.060771763776640585,0.7100088054006458,0.06728145911500612,0.65156703518899,0.09842965399481252,0.7963180380262859,0.04064928412683894,0.8577275543815022,0.027282243664792608,0.9158758112383003,0.00507020977510471,0.7215699703225386,0.11209905195658959,0.8400026090075987,0.013451035050947604,0.8929817695594039,0.022449525923743434,0.9187620258944005,0.00805905657764049,0.847177379904119,0.018131099695403927,0.8327789192186023,0.05106003772815237,0.9247790496689822,0.002697793021900493,0.9247790496689822,0.002697793021900493,0.824348563415191,0.046147951229545126,0.882317450999576,0.008762127924240378,0.9028307732446271,0.008055492506893904,0.9279098587874638,0.003253137000462911,0.8241691941427779,0.02870360915331017,0.7867625476959201,0.040188678906837756,0.9037602322016763,0.01824939155721628,0.9144734696539804,0.009805075799267374,0.6600789224798618,0.16801669402516772,0.9262140038482861,0.004256318486342403,0.8674298013892966,0.024039442594004434
ewe_f1,0.5760346285234156,0.039561957215974636,0.44736796839661347,0.09872377714635812,0.41333264399814973,0.046440227976409995,0.4202993419002326,0.04555840721073244,0.6101502351932797,0.011216159865299648,0.3575208998320285,0.05083506460769664,0.4604459453813255,0.11881620828109912,0.6299249241077464,0.0029476575428341594,0.6299249241077464,0.0029476575428341594,0.3375565560989882,0.09403483818991028,0.5088349276685614,0.0321359376153838,0.44875068657801,0.02834596636413831,0.5478969381292162,0.027645745800869825,0.4329356690752257,0.11084563798085262,0.3948359477846027,0.07267763443426414,0.39005800740133684,0.010585909443907342,0.3485863566440021,0.0715590247454668,0.4540713038835318,0.02277177954834412,0.5287366942686605,0.0525725302323589,0.6032244174509626,0.016064550466864023,0.39643150388060105,0.10349539592179184,0.4704333796768694,0.016584594344060167,0.5359474664672298,0.05411924271025351,0.6082725745250812,0.024518259355213998,0.5008416101917132,0.005517102887578469,0.48414618373352103,0.06718548333747057,0.6299249241077464,0.0029476575428341594,0.6299249241077464,0.0029476575428341594,0.4569383801912416,0.0841343994040666,0.5373800457118328,0.0321362558033299,0.5794288314885857,0.023340011951199172,0.6444571502295283,0.015515908312189058,0.46321144724374436,0.037750190128705355,0.4079417809802441,0.04320847460496317,0.5702570755944683,0.01905492945873818,0.5904332971486812,0.034895095781360644,0.3686419164270862,0.1130629242508822,0.632034003101438,0.01595700221545187,0.5049330601011054,0.02781418880132722
ewe_precision,0.5660973897260045,0.043635265397943844,0.4280604877832566,0.11713787537991319,0.40058146714181125,0.055577706574531024,0.4132263893564989,0.06565541331607536,0.6059901862466768,0.009385367948395397,0.3290970820775818,0.05456350863298847,0.4529052913513938,0.13745412782743027,0.6310668684418504,0.006346319374252367,0.6310668684418504,0.006346319374252367,0.32005254218792534,0.09041040735173632,0.5194752776389968,0.041968812607703916,0.419974666257221,0.03434897416377712,0.5391713724288556,0.015707292223891868,0.4178425131440486,0.11997978877506249,0.36711004554240884,0.07049858022263178,0.3645989228624393,0.015098099199340012,0.3086869624995008,0.0658589234333783,0.41968845650151504,0.03214529821260497,0.513183115797832,0.05673358497803478,0.5994759368005922,0.014215804161923034,0.3590271200960859,0.11330114740168298,0.43161692402981205,0.018929013106364728,0.5344300661128277,0.06482265033809861,0.5988307505524534,0.029397205938857845,0.45566023020521546,0.014775686227937092,0.4633306963300176,0.08200851915026361,0.6310668684418504,0.006346319374252367,0.6310668684418504,0.006346319374252367,0.43042434853661576,0.10073959540079219,0.514730545082997,0.02934630136285659,0.5672946362985298,0.025986581451970157,0.6446806786290956,0.012463473107517603,0.42111057629262133,0.0493766307591124,0.3779344905074344,0.05120557968496166,0.5622170771159415,0.02833588255561109,0.5864961759333872,0.024422841219268344,0.3387636574242736,0.1113220231146752,0.6306667043411341,0.012360458916352684,0.49016768019261425,0.036393654208221674
ewe_recall,0.5864873837981408,0.036284018914997336,0.47045152722443556,0.0778141766256291,0.42795484727755645,0.04171789097967623,0.4292828685258964,0.023054057767136885,0.6143758300132802,0.013141498328695048,0.3917662682602921,0.04429285593551795,0.47011952191235057,0.09713198273221318,0.6288180610889774,0.0025555784060990365,0.6288180610889774,0.0025555784060990365,0.3572377158034528,0.09850156156813122,0.49883798140770247,0.023179226145651308,0.4820717131474104,0.020916334661354598,0.5572709163346614,0.04012597027586396,0.45003320053120843,0.10136185251155594,0.4274568393094289,0.07552883699559128,0.41948871181938907,0.004627277511542645,0.400398406374502,0.07806344398808673,0.49518592297476755,0.010450259452547921,0.5454847277556442,0.04885641765187462,0.6070717131474104,0.019080920379151396,0.44472111553784854,0.08677922812732349,0.5185922974767596,0.03651567937603707,0.5378486055776892,0.043816211600745295,0.6181938911022576,0.021629451739285377,0.5564409030544488,0.008857451242997487,0.5081341301460823,0.0513439533126782,0.6288180610889774,0.0025555784060990365,0.6288180610889774,0.0025555784060990365,0.48920982735723767,0.061368916591719475,0.5625830013280213,0.04011772831823856,0.5861553784860558,0.025354426417047497,0.6445883134130146,0.025667145799782604,0.5166002656042497,0.02871366132989724,0.4452191235059761,0.04682599202357171,0.578851261620186,0.012532925689360463,0.5951195219123506,0.049222236904626224,0.4052124833997344,0.11583084386149384,0.6334661354581673,0.020284274755394703,0.5209163346613546,0.018141439840724072
fa,0.6537851663837108,0.020118031573468295,0.6912137970449311,0.015351774145269247,0.6966712051682888,0.004325319341073275,0.7313094977951847,0.017374653198914625,0.7018932835779083,0.02876920523380759,0.6823272988071025,0.012955291613877743,0.7115754203717088,0.027740484492696827,0.6615902685560281,0.01377831115291287,0.6615902685560281,0.01377831115291287,0.7057538115008993,0.043057276679196906,0.7295389218537257,0.04034035606045242,0.7295669372958374,0.04666627547005892,0.6942786864119502,0.042393154735340666,0.6969793750315173,0.02875231088696366,0.7244289052125531,0.01025272863953989,0.7324189093028077,0.0057907939175373385,0.7084488970320441,0.0062819067764621535,0.7100121587018764,0.01456701376410659,0.6831285404514968,0.017083746767700834,0.683627215321085,0.03714487969454279,0.6512805858589253,0.016092010445295457,0.7372599776997081,0.02540630410427704,0.6820303351207185,0.01263677066915214,0.6629910406616126,0.019921234634140028,0.6467084657062973,0.006475219020004959,0.7069976971306584,0.024734838124119238,0.6615902685560281,0.01377831115291287,0.6615902685560281,0.01377831115291287,0.6617247426781642,0.028072461068071215,0.7070649341917266,0.02692531595906626,0.6916060132344949,0.021334953148001934,0.6996856667395068,0.02934408126595639,0.650709070839847,0.015145374988038958,0.7049413636796603,0.021178615848847875,0.702403164624341,0.03428316443931575,0.6892359068318458,0.02946813464058591,0.7218290721845881,0.02052983449421299,0.6510564623220318,0.023000867699905843,0.7024872109506761,0.03735383858239843
fa_f1,0.32472477939366895,0.03305704676922157,0.41040954919459177,0.03918570977558251,0.41937011457498635,0.008557606267387257,0.4710911179344737,0.028106231634045825,0.41228144544492434,0.06261275095884845,0.399304267261497,0.021143777249635516,0.43928288650010944,0.036118109459370155,0.3474504194431079,0.04477118824462308,0.3474504194431079,0.04477118824462308,0.4553299152581522,0.06721951664950747,0.4543556990072046,0.07552403849174219,0.47991048607308545,0.07122072098631749,0.41857834221240325,0.07146249857408449,0.39180092453899823,0.07140510497746992,0.4699996112897284,0.011780140666239482,0.4905795583288827,0.010277734062407003,0.44206251755613596,0.017202166421089307,0.4425398903891566,0.033795379177642054,0.4101003758445523,0.008605003444888328,0.4000067023476801,0.07512106999578326,0.3499830710428135,0.011693250442621629,0.47857169869715094,0.049335924898414256,0.39335102890121415,0.04261426590739365,0.34304805705359825,0.05291538311166749,0.3207615238559745,0.01131971082233663,0.43287839721328963,0.046333284654534686,0.3474504194431079,0.04477118824462308,0.3474504194431079,0.04477118824462308,0.3361402940460662,0.0563821390415551,0.4336184221556891,0.042776625990575544,0.405785022741386,0.04813338808879675,0.4118293460096795,0.06829293505122687,0.33513013996943136,0.04472450684221371,0.4113684205916444,0.05271298031176939,0.4249411691603857,0.047623942026333674,0.4049803169729844,0.05061710032240562,0.46703794143694893,0.06239240927233607,0.3508495332697063,0.04881935543218289,0.43256697814899975,0.0726584094285374
fa_precision,0.3048339948764522,0.03005143126478957,0.3772813171473431,0.03648688802410044,0.38677686898092195,0.01363260255016943,0.4385859237900213,0.02896105038062463,0.38751971599113716,0.06515668129864831,0.3692205907823307,0.024694037520810876,0.4127687760131147,0.03741460817775528,0.3243013832088441,0.03592237508545248,0.3243013832088441,0.03592237508545248,0.423434251903878,0.06877774449558949,0.42482861051702187,0.07195123552684922,0.4439386471771956,0.06811863436895971,0.390027947885112,0.06805024857950595,0.3696870290539969,0.06577586531910493,0.44025909386703416,0.01337530356857793,0.46073301494212976,0.004984449307844521,0.4070930319481277,0.012216279872407693,0.4036591206589157,0.023736876433945044,0.3827834103136453,0.007465540197359762,0.3720210278779759,0.06905343189974861,0.3237432101762749,0.00948493187888611,0.4472086497045075,0.042398285007706,0.36435083707737714,0.03427111342249878,0.3166197555911366,0.049036784282190195,0.2978517371545492,0.01406425440186269,0.4035677627200637,0.04664839806337681,0.3243013832088441,0.03592237508545248,0.3243013832088441,0.03592237508545248,0.3148960270314776,0.051021367003776436,0.4026768340147869,0.042681152457961266,0.3768902356818302,0.04892315356990601,0.3854995039823788,0.06542662098132397,0.31175738716790824,0.03914984812939835,0.38172570006312645,0.04379321147410593,0.39709667525184367,0.04842834880178757,0.37700431397057815,0.053724423365416114,0.43027281494104885,0.06035078816799381,0.32831666553754985,0.03996547794035456,0.40441183329648206,0.06720646969485976
fa_recall,0.3474833984981071,0.03733072518957577,0.45007137094271704,0.04371240532792355,0.4581393905542108,0.0020947544010100905,0.5088748215726432,0.027080861878533462,0.44060696332154153,0.058815697941224133,0.43514553466145345,0.021360493892660946,0.46949667969962144,0.03422595258381521,0.3743561099733134,0.05610834091834001,0.3743561099733134,0.05610834091834001,0.49270775150499596,0.06514657386970497,0.48836343325265313,0.07968508837488716,0.5224353006888848,0.07554176637428521,0.4516539440203562,0.07518456045995432,0.4168373363122944,0.07848756990810575,0.5040960714950661,0.010420959713420263,0.5246695215043754,0.017444110144612165,0.48367777570905474,0.024052547956964897,0.49003909886427105,0.04859278683868086,0.44209644386520197,0.020725166398865427,0.43256997455470736,0.08243880466931292,0.3810277415751256,0.01734096778458366,0.514739651213306,0.05797537643588828,0.4276671010984918,0.05467718481338202,0.37429404828399426,0.05747514752991399,0.34757649103208593,0.007529760900045891,0.4668590579035561,0.045392228857204175,0.3743561099733134,0.05610834091834001,0.3743561099733134,0.05610834091834001,0.360485322410476,0.06286002844929635,0.46993111152485567,0.04398373484153329,0.4395829454477751,0.04650044290611767,0.4420343821758828,0.07135567525767074,0.36237820393471115,0.05200443693839728,0.4464717929622044,0.06551829790724781,0.4572705269037423,0.04751523550559898,0.43772109476819954,0.04653667747056546,0.5140880034754546,0.08232250909164959,0.37690063923539996,0.060067003232539544,0.4649972072239807,0.07933718019682275
fi,0.9208582357159932,0.0017100516760593378,0.9204159693999522,0.003099738483336306,0.9180014343772411,0.002039719124925508,0.920507610168141,0.003908172286535738,0.9163439317873934,0.0021788300111256083,0.9171208861263845,0.0036735130598886884,0.9185512789863735,0.0024752822055820055,0.9167901824846602,0.00377545929361516,0.9167901824846602,0.00377545929361516,0.9162283847318512,0.0038060268543353578,0.9172483863256037,0.002494859048657818,0.9223523786755917,0.004492903531464905,0.9138497091401705,0.0032208417888136154,0.9201450314766116,0.002905777841026091,0.9221451908518606,0.0021941209981814294,0.9221850346641166,0.001547412818784704,0.9233285520758626,0.00604023389199783,0.9212646426010042,0.003945895491332619,0.9215156586182166,0.0009803764121802305,0.9172683082317316,0.005389480595687265,0.9158299466092915,0.00262322715458451,0.9186668260419157,0.002490196828087746,0.9153318989560922,0.003632149774530785,0.9146505697665153,0.005078051276947673,0.9158817435652243,0.0026771928857206146,0.9222009721890189,0.0015571387993538312,0.9167901824846602,0.00377545929361516,0.9167901824846602,0.00377545929361516,0.912662363534943,0.0042582113193111604,0.9213881584189977,0.0031280107973067073,0.9221372220894094,0.0015681868525023496,0.919826280978564,0.0003812534453392044,0.916742369909953,0.0027303014140030286,0.9185034664116664,0.0030088700568613124,0.9159853374770899,0.006141896196300532,0.9204358913060803,0.003301867082853174,0.9161526814885649,0.006495016817220805,0.9163359630249422,0.000797404000870311,0.9208502669535421,0.0037421613067694652
fi_f1,0.7751917389998001,0.003070011461323066,0.7777433062689337,0.007415347486698073,0.7715375606503532,0.003139205378909576,0.7786044733724196,0.00890245587592524,0.770084475037657,0.005646153469778984,0.7709905582244864,0.005586207516834066,0.7753910457012897,0.007373448667559116,0.7690952015237603,0.010085302050591964,0.7690952015237603,0.010085302050591964,0.7676349125858021,0.010315948508686095,0.7715833108830555,0.004187955958875928,0.7828961282537356,0.008053143210458344,0.7661655584635237,0.007072305380567752,0.777369284346623,0.0043493857850511325,0.7835941639743568,0.0030400921274815456,0.78208357516679,0.005026542443872368,0.7844171902394335,0.011883756118121354,0.7785082234577979,0.011665576547423694,0.7814559882021967,0.00024285496236045348,0.7713000864368945,0.010856798987899829,0.7667267638032391,0.00665682852336737,0.7733482832646993,0.004707369790295476,0.7671981040804954,0.008013941540504945,0.76755129366693,0.009227883566073692,0.7673820072185807,0.006207830011896969,0.780153521201509,0.005089068541306423,0.7690952015237603,0.010085302050591964,0.7690952015237603,0.010085302050591964,0.7604228137086032,0.010667157234727106,0.7773637441085249,0.008269613110063433,0.7809567877112835,0.006146509129128499,0.7758015902711893,0.0012021487415526172,0.7677138685123742,0.006902986253599321,0.7742313860932398,0.0062639199109779985,0.7713188651913064,0.013753051458140503,0.7785282993686641,0.006273205690463528,0.770456551513688,0.012594640295335016,0.7676313963380066,0.005348808257208467,0.7780339645136233,0.01026492763757101
fi_precision,0.7572365534816283,0.005454039293168008,0.7524708922945544,0.01035933564927258,0.7434684400773727,0.007845802835486797,0.7517106955481155,0.01444933247139114,0.7443601446301162,0.005755277319728538,0.7411382735000154,0.01195106282965312,0.7474979329749031,0.00823424701191272,0.739521187492106,0.012347346170733133,0.739521187492106,0.012347346170733133,0.7388617090945614,0.012008521223042879,0.7415113059521813,0.0051672357937701556,0.7572104580839637,0.014279225838366267,0.7375151876540057,0.01091056949366063,0.7513421464811662,0.0026949343187980725,0.7568716213843311,0.00667883621421252,0.7573260055509855,0.007223247329611918,0.7596446824524948,0.019575539211594994,0.7525754311710765,0.013517300402310002,0.7601677458856,0.000662785839390602,0.742750005242737,0.01765047595553621,0.7401017043435077,0.010824790638575407,0.7526434216889282,0.00759262570412999,0.7349599172390261,0.012030510139915395,0.7385311092966265,0.010895193096746936,0.7409168993158383,0.006616384885279338,0.7573164954914167,0.005395158087359009,0.739521187492106,0.012347346170733133,0.739521187492106,0.012347346170733133,0.7240018468149012,0.0128098699659306,0.7550476991418499,0.008468518253751214,0.762563988330558,0.005209003676057847,0.7536067808321301,0.0012193082130062213,0.7435123216183354,0.008275623524916101,0.7472625546667028,0.010309250963889549,0.7457031329593254,0.010651375380338323,0.7525988106941411,0.010551302981459875,0.7472727167460288,0.018293175428026467,0.7392197308024886,0.008356311588883827,0.7505542074213746,0.015770413669722455
fi_recall,0.7940543264165636,0.005293020767484235,0.804795932389721,0.004318880068659534,0.8018643213778572,0.0033949327037125884,0.8075672209243736,0.0027675002907456125,0.7976730337593331,0.007548788563872876,0.80344464293894,0.0022087056848043825,0.8054601255095964,0.007320827887624535,0.8011543218359214,0.007826868690888094,0.8011543218359214,0.007826868690888094,0.7987494846777518,0.008299088417973416,0.8042004489029363,0.0030187961296755626,0.8104759287252072,0.0013399846526782936,0.797169163116669,0.002640631970671388,0.805276899821355,0.006960051821985672,0.8123081856076221,0.0028926129902205394,0.8085291557876415,0.0031728181220786827,0.8110027025789016,0.003930487301894248,0.8063075443177133,0.009795642043000744,0.8039714167926343,0.00045055919501864127,0.8022536759653703,0.004538478013981523,0.7953827126563144,0.002320921499801336,0.7952452933901334,0.002277804652226326,0.8024369016536118,0.003296869296968813,0.7989556135770236,0.007330709291266315,0.7958407768769181,0.008449422615286032,0.804429481013238,0.006676629751041488,0.8011543218359214,0.007826868690888094,0.8011543218359214,0.007826868690888094,0.8007191608263479,0.007977816686521888,0.8010398057807704,0.00805291360763322,0.8002610966057442,0.007259523104418181,0.7993449681645366,0.00180529031184447,0.7935504557738996,0.005447739500029543,0.8033301268837891,0.009451092660968758,0.798772387888782,0.01727693215149769,0.8063533507397738,0.002382484441483839,0.7952223901791031,0.007756076970649653,0.7983372268792085,0.001915261765118381,0.8076817369795245,0.004853157451260224
fon,0.824646687842379,0.12746829540769905,0.8225014961101137,0.14501832865056016,0.8690236155227179,0.03751183467557753,0.9498595958200985,0.005329705833814168,0.963393638079455,0.0008167139357785707,0.8699903328269576,0.012510803480510068,0.8646779910693735,0.15945228969243905,0.9648114901256731,0.0046559994488508585,0.9648114901256731,0.0046559994488508585,0.624306035078028,0.3202632319861503,0.9605763476499564,0.0037576394304916073,0.8690696496800626,0.029099699436718814,0.9166781752060027,0.028975798741131986,0.8753671224048244,0.09209288076254377,0.9002163605395204,0.04028860113170848,0.8900980527551443,0.08174823222687004,0.8121898448648898,0.06856506287250627,0.890733324126502,0.040418099204405714,0.8404916448004419,0.05833112961315437,0.9553192468811859,0.003591337016783264,0.8494498918197303,0.06212041595114184,0.9573447498043549,0.0029838231462104643,0.9057220457579525,0.04890297521160366,0.9302950789485799,0.039094215345607614,0.960088385582102,0.0013005117930664503,0.8173180499930949,0.1550981662418958,0.9648114901256731,0.0046559994488508585,0.9648114901256731,0.0046559994488508585,0.9147815679233992,0.04147484034634785,0.9508171062928693,0.013278373742960063,0.9686875661741011,0.0017489102800755769,0.9572158541637896,0.008536073467113036,0.9414905860148229,0.018985736648011717,0.7559084840951987,0.10096290938717839,0.8887998895180225,0.05451171007630435,0.911503935920453,0.043749093230797564,0.5039635409473829,0.12265768977232311,0.9533581917782995,0.011483528501021002,0.9279473369239977,0.028301025700520097
fon_f1,0.29765247747730306,0.1053716975018881,0.2798683185842497,0.11744802285882307,0.2524071396875207,0.056728302379223786,0.35615459825333423,0.020132620312909216,0.4660941129677285,0.020016093950983433,0.24562402904628186,0.008857447742138936,0.33115169593716015,0.13593566940064805,0.4722302721586768,0.0072866157371416695,0.4722302721586768,0.0072866157371416695,0.18459091881639036,0.07699909093859045,0.4368349629869772,0.02680863058409506,0.2735014815481413,0.03960633667787355,0.3382221917777744,0.058506128688705826,0.272201181887477,0.06957748800838445,0.33438835127939087,0.042466997411255966,0.32654082793435546,0.08943844862668908,0.23299688437643198,0.05884283294927505,0.32001045614644036,0.05468847089578479,0.2902342234878237,0.06927644857981753,0.4074788402696919,0.005742383012719209,0.2662100512267111,0.08160858713612319,0.46366735705056583,0.01469231975064195,0.33127522409963167,0.054028299200937345,0.37838503506238624,0.08512289730691355,0.46225806818762366,0.031766333342203974,0.27381241969574166,0.09641847764637719,0.4722302721586768,0.0072866157371416695,0.4722302721586768,0.0072866157371416695,0.3524655433824242,0.08953662179885483,0.42206310307649736,0.04084815755568004,0.4942697626124537,0.027146135798473848,0.4403901572696786,0.020298820187681192,0.40850352893207315,0.059546289293447664,0.18064524788631134,0.036474631036906756,0.3050587048256708,0.08098836905186349,0.3471702272494224,0.0985753627844896,0.12465504123282319,0.012376038178032237,0.4408766457676642,0.003836683008993913,0.3717265919301962,0.06547554772221306
fon_precision,0.2209189298359937,0.10269566774777357,0.2261442719696272,0.13251831713919152,0.19685640036258803,0.050875779439689094,0.35822271722090715,0.04831128706376119,0.411517913003435,0.010587639740659606,0.18505427516993755,0.008236213921524281,0.29200170673224735,0.1524813158123774,0.4505200575190116,0.0272019050981475,0.4505200575190116,0.0272019050981475,0.12766568972788853,0.055606699710944826,0.42700220528618976,0.04497329955524244,0.2048980138329659,0.03807675012700295,0.2771753451286494,0.06130651802829157,0.20998214453552758,0.06728797412669,0.2723528119545741,0.05048834560915895,0.26897218195477396,0.09585650180446824,0.1648795480707651,0.052410859410355566,0.2410476718446497,0.06364521201280837,0.21825708443043823,0.06508405801417184,0.36541981459818,0.009122240355536514,0.19375675542368534,0.07798105712975492,0.4176671452393282,0.021417356293794022,0.2770872339835252,0.07776650706205336,0.30313587073793397,0.09493429982980875,0.40300524013479516,0.02974081751657079,0.20683045594628102,0.09578656524788529,0.4505200575190116,0.0272019050981475,0.4505200575190116,0.0272019050981475,0.2860164791642377,0.11226093015366392,0.35493940856937606,0.06665044741393639,0.47635712598879726,0.014538792238633384,0.3954147165838127,0.048092332427171765,0.33701542020898384,0.07797259514321211,0.12292878386067353,0.028692526450277523,0.2349228198563725,0.08520399431923448,0.27685145080250323,0.09703495169601584,0.08174801395828947,0.00799231286244059,0.37953552916261596,0.00731871349751228,0.32044343435914874,0.08094397249222221
fon_recall,0.506054131054131,0.004044806514102735,0.39814814814814814,0.05449067080038508,0.35398860398860393,0.058148847831678944,0.3586182336182336,0.028070721366009337,0.5377492877492878,0.03595102667776987,0.3671652421652421,0.03382441062507214,0.4102564102564103,0.06033251240810042,0.4978632478632478,0.02079906232257673,0.4978632478632478,0.02079906232257673,0.3344017094017094,0.12126421358618614,0.44836182336182334,0.006951289635307386,0.41452991452991456,0.02808427228225411,0.43945868945868943,0.04979518892025191,0.3956552706552707,0.042066530427405366,0.43945868945868943,0.02891202777036293,0.42948717948717946,0.04791044300166379,0.40598290598290593,0.0387718959650087,0.49180911680911676,0.03207501495497926,0.4394586894586894,0.058335029143713045,0.4615384615384615,0.026104255818099588,0.4423076923076923,0.05024776075343946,0.5220797720797721,0.02307131671901072,0.4245014245014245,0.009694200561834865,0.5227920227920227,0.015494522733480861,0.5423789173789174,0.03855540145267717,0.4312678062678062,0.049680444496489666,0.4978632478632478,0.02079906232257673,0.4978632478632478,0.02079906232257673,0.4843304843304843,0.01817286441904995,0.530982905982906,0.019583656816050638,0.514957264957265,0.04886579754713371,0.5032051282051282,0.03846153846153844,0.5288461538461539,0.006672006408545273,0.34508547008547,0.05075629709495596,0.449074074074074,0.04534414257093165,0.4711538461538462,0.08218166501552214,0.26495726495726496,0.040160141301736105,0.5267094017094017,0.02379386479841892,0.4501424501424501,0.024040439931250237
fr,0.8731363907434074,0.0007807151547072336,0.8835459363015326,0.007405519211094915,0.8703873398205116,0.007932746697501917,0.8743145554246484,0.011404166196471955,0.8793326642521563,0.011503107961253319,0.8747945484429317,0.0038541326026216576,0.8747363674710186,0.003388729469887646,0.8713473258570784,0.003414044608968819,0.8713473258570784,0.003414044608968819,0.8743048585959962,0.0058000391264529045,0.8758127154514117,0.0013859258288402062,0.8866586182988853,0.012604561580608778,0.8815241475275511,0.004558798756058432,0.8731994201296466,0.004150528687070116,0.880389618575245,0.002954594411928353,0.8838125990894677,0.011669500776322478,0.8860040823648626,0.009666080955809326,0.8827120090374443,0.004414579089736616,0.8787363092900468,0.003175763198284269,0.8781787416425458,0.007993194437306965,0.8806611297775063,0.006843321704938805,0.8774272374220011,0.0033871683181413534,0.874964242944345,0.006270490068294312,0.8706152152938381,0.0019249426098909175,0.8820768667607259,0.019051238727021177,0.8833423028998366,0.017041701853307504,0.8713473258570784,0.003414044608968819,0.8713473258570784,0.003414044608968819,0.8811168807241593,0.0026838371116304585,0.8849713701134044,0.011295665008486696,0.8806562813631803,0.004928326710649905,0.8743921300538658,0.006856077880125711,0.8754490843769546,0.01246578239035638,0.8763896767562169,0.0020673356694217416,0.873737594119843,0.0015904498800110778,0.8725254905383194,0.0014275842919887227,0.8774660247366098,0.006813360918140839,0.8739703180074957,0.006422450897840285,0.8731800264723422,0.005200346464796068
fr_f1,0.7845511803054538,0.0005853769282183834,0.7937664122826167,0.007788753395133843,0.7823615403690122,0.00707331651760936,0.7866182072256948,0.012085604350240134,0.7911691231668451,0.010621047015132216,0.7857855637965137,0.0032925460102221017,0.7869014441940911,0.0039030868232319406,0.7821077827514281,0.002598632988784132,0.7821077827514281,0.002598632988784132,0.7789636367810097,0.004882132322432783,0.7855624630114518,0.004368137666708437,0.7984422959112606,0.016581910618846226,0.7983158133243503,0.00811139983729008,0.7855233221131823,0.009376814339833513,0.7970995736723512,0.004797219688590465,0.7954383211100065,0.009774456650153945,0.8030313190730377,0.012722002588329884,0.8004703529713014,0.003658540665827525,0.792686770006317,0.010306307916407124,0.7918282434318081,0.008378624524530004,0.7926241884839499,0.00989866390540682,0.7893347453354623,0.005850801552072038,0.7840125679297022,0.00823839485160508,0.7795654866095262,0.00302517621055099,0.7933268358137107,0.021064464505565053,0.7953189509793543,0.020309023806004873,0.7821077827514281,0.002598632988784132,0.7821077827514281,0.002598632988784132,0.7982192252355285,0.005256349391521813,0.7982592954601455,0.013353014204230539,0.7979330802244097,0.00984814896399876,0.7847649173985213,0.006281115378895307,0.7887102317425159,0.017430971689413554,0.7911728266168917,0.00574533604225859,0.787082558402279,0.0024180921809538523,0.7853610068412732,0.003952032918002159,0.7853144310454957,0.004155380691589323,0.7850208458423126,0.0065750369621713056,0.7860567506006045,0.0037164558858939828
fr_precision,0.7801242388054536,0.0030343281989012533,0.7866906499208722,0.009154088371147362,0.7774823269507755,0.0072793422431386,0.7811141206279918,0.013199893660355594,0.7846385188202204,0.009719621039829363,0.7770296778931872,0.0038717202199307797,0.781110671620004,0.0033992864202255875,0.7762798097922231,0.0017722540602416303,0.7762798097922231,0.0017722540602416303,0.7740875017268706,0.005688202059968361,0.7810248467707596,0.003204975330319875,0.7927556873628423,0.013778824615967767,0.7908782462741607,0.005776941432964791,0.7803090076736888,0.00834485201649585,0.7922583592962359,0.0033450038126947718,0.7892460716145432,0.009142004773127259,0.7955008435846588,0.01200274852813462,0.795679338829694,0.0035726601450782255,0.787214999889876,0.009306479987421517,0.7848972550161623,0.008248156173220878,0.7854473454786187,0.008812516302412204,0.7850215113963427,0.0044056971571914405,0.7783133425125422,0.010585988909859054,0.7744082265714294,0.00458569849192328,0.7865674928275325,0.019322603917482556,0.7899786261561305,0.02015365723816859,0.7762798097922231,0.0017722540602416303,0.7762798097922231,0.0017722540602416303,0.7893862831316193,0.003201352079800469,0.7925786174974682,0.013057438417319496,0.7936149343579076,0.008197333059399391,0.7798086288807702,0.0056968516412716575,0.782279927555629,0.01671466323542137,0.7862622353937258,0.0054318219473389814,0.7821716791342291,0.00296602956910365,0.7800166104084548,0.004432948453778967,0.7816795086217617,0.005880257909520539,0.7787423749176097,0.007364310248988954,0.7818789128248377,0.0021012067817007696
fr_recall,0.7890393198194828,0.0019510210346812074,0.8009823721544868,0.007078906906228201,0.7873189218839604,0.008159821150907881,0.7922058493529809,0.011091341182967243,0.7978158426209889,0.011829505889532972,0.7947490463011445,0.004002319461940867,0.7927793153314884,0.004448760950395867,0.7880419876829481,0.0056494155958944576,0.7880419876829481,0.0056494155958944576,0.7839030593163289,0.004089441822974555,0.7901613184730846,0.006161049039962033,0.8042237015982248,0.019480362990711587,0.8059191662303338,0.011369176261873233,0.7908095843618321,0.010445328293617986,0.8020046375944349,0.006364149381825346,0.8017303712568878,0.010504084396427905,0.8107063604857009,0.01346737711525447,0.8053207669484129,0.003958274802266253,0.7982397087790162,0.0114983626183696,0.7988879746677636,0.00886854855827328,0.7999351734111252,0.011022353287374958,0.793701847557783,0.007551087060451558,0.7898122522252974,0.006418425091025565,0.7848006582392101,0.002659344578447302,0.8002094397486723,0.022917476722655768,0.800733039120353,0.020496813294581726,0.7880419876829481,0.0056494155958944576,0.7880419876829481,0.0056494155958944576,0.8072655646146559,0.007906295078634374,0.8040242351709178,0.013752609870037699,0.8023038372353953,0.011578533227053014,0.789787318921884,0.007068624498173285,0.7952477123694118,0.01816950227328491,0.796145311292293,0.006069556817299933,0.7920562495325005,0.0019172721397226775,0.7907846510584188,0.0042418870158598835,0.7889894532126562,0.002581409817748133,0.791407983643753,0.0062833408709366285,0.7902859849901512,0.005593679790538603
gu,0.8631984585741811,0.02026629246815304,0.8662262592898431,0.014397684371728087,0.8816405174786678,0.005498206538793877,0.8821910266996973,0.0112720039798752,0.855216074869254,0.01236809355279989,0.8848059454995871,0.005255128844491301,0.8786127167630058,0.0037841252642079586,0.8461326727222681,0.008353421913291227,0.8461326727222681,0.008353421913291227,0.8373245251857968,0.004128819157720814,0.8786127167630058,0.007568250528415917,0.8519130195430774,0.004073396252944837,0.856317093311313,0.01328941118037254,0.8706303330580787,0.010324800073499073,0.8631984585741811,0.0017189644917144462,0.8450316542802092,0.015278490598819593,0.8700798238370493,0.017445584230653233,0.8593448940269749,0.00423749086659528,0.8665015139003578,0.01385053192998529,0.8631984585741811,0.012854714482615607,0.861271676300578,0.019312990195749804,0.8698045692265346,0.005498206538793865,0.8654004954582989,0.01765281447269357,0.8788879713735205,0.006623291723377872,0.8692540600055051,0.008434656452543066,0.8676025323424167,0.0078048152374114044,0.8461326727222681,0.008353421913291227,0.8461326727222681,0.008353421913291227,0.8609964216900633,0.010617837336628575,0.8623726947426369,0.002899987270259479,0.8706303330580787,0.009570789237937657,0.8601706578585192,0.011241716408842313,0.8656757500688137,0.014429223696208257,0.8634737131846958,0.01629358501177944,0.8576933663638866,0.009570789237937662,0.8530140379851362,0.00937887422923246,0.861271676300578,0.01657709322864138,0.856317093311313,0.01568951279933939,0.8579686209744013,0.010346791152883224
gu_f1,0.4520450843589676,0.0662254684961642,0.4231438033196399,0.06499937786570292,0.48522124186246324,0.052042028959832884,0.49955523399474494,0.04170612459864033,0.4402852049910873,0.027001341013388514,0.4906370029177047,0.014949379441343972,0.4735647068980402,0.003639882910316634,0.38802921281698866,0.019446258726805297,0.38802921281698866,0.019446258726805297,0.3490821654197549,0.00780365547879336,0.4887726475294351,0.04543656802666865,0.39779802483588117,0.022480060837117937,0.402917658388568,0.0355567343958858,0.47206212076946846,0.03607640392015417,0.3998739618587687,0.03149400333305491,0.35911070523156535,0.010802550863269884,0.4673549624882058,0.0538814272079993,0.3727076440824641,0.007780342873443482,0.43423175539521947,0.031021213963664716,0.44089065286630397,0.019512216964912822,0.46604922108348273,0.056472673839595866,0.465224215032848,0.01974083884883905,0.4584179378027365,0.04867789584820888,0.4821545171973954,0.023407585683482147,0.46711074714492,0.02550969255286983,0.4598719972051934,0.005454058065353252,0.38802921281698866,0.019446258726805297,0.38802921281698866,0.019446258726805297,0.45710325370219357,0.05220030079324519,0.4127782580330279,0.02947295608149228,0.4584742251408918,0.029875000456799094,0.4315673855539864,0.06424534097548475,0.4624014910923518,0.03815506574218038,0.43300456910736,0.08764839405932909,0.39834771068347713,0.05499799478274078,0.37902530139027907,0.057948166928202975,0.4166194562041414,0.05650986896365694,0.41094003851113164,0.02677790876225268,0.40677387675733523,0.013559317440323784
gu_precision,0.45800651715545326,0.0953889937235231,0.44323673638189764,0.05477949514218812,0.49439003836598944,0.03222151242997822,0.5018100966375793,0.033751925086385276,0.41760129748749236,0.045701768841393764,0.49663992869875223,0.02164167775515642,0.47985826809356213,0.01103440862634292,0.3859398140393138,0.029671247474322864,0.3859398140393138,0.029671247474322864,0.35295620513457043,0.0041681717413031266,0.4834412830596036,0.035444321109329394,0.40333887528231166,0.034080772297016775,0.4104481967896602,0.027007634361396728,0.4599071408356899,0.034618122138250614,0.41023566121605337,0.04105676851843933,0.37230855689273534,0.02684414323145239,0.4606353977073155,0.06673929072546272,0.38566916932387585,0.006772152937222924,0.4462134290505353,0.03204855841841772,0.4639160745164712,0.047773183131674925,0.45167722838950897,0.07032145219407464,0.4659922648778361,0.02705042777438202,0.4552987912662451,0.06642948940674247,0.46894750383122474,0.02239983754528378,0.4404189280277002,0.021297352144918773,0.45733518602310297,0.01306694937518297,0.3859398140393138,0.029671247474322864,0.3859398140393138,0.029671247474322864,0.4302622786374111,0.04586545107712226,0.4152461074258338,0.02483956211165232,0.4673560535325241,0.023892076149766135,0.41540473475957346,0.04452101486630227,0.45998445998445997,0.04144636420620021,0.4459285069041166,0.07727171914334743,0.40720211810135526,0.03541785403753061,0.3870751912372307,0.06139651900879426,0.42170265882333374,0.05515479792116421,0.4194335275361128,0.03505761129093857,0.4135431976112474,0.023168710247033406
gu_recall,0.4502487562189055,0.056997210136266664,0.40547263681592033,0.07362511734800366,0.47761194029850745,0.0711894926430557,0.49751243781094523,0.049689015809547724,0.4676616915422886,0.011399442027253319,0.48507462686567165,0.014925373134328346,0.47014925373134325,0.01055383255502305,0.38805970149253727,0.01055383255502305,0.38805970149253727,0.01055383255502305,0.34577114427860695,0.018780682674802863,0.4950248756218905,0.05985676326127352,0.3880597014925373,0.021107665110046157,0.3980099502487562,0.05796607063547784,0.48507462686567165,0.03948882553827752,0.39054726368159204,0.026208093912568977,0.34825870646766166,0.018780682674802856,0.47512437810945274,0.04372735281404713,0.3606965174129353,0.01139944202725336,0.4141791044776119,0.03693841394258079,0.42288557213930345,0.026208093912569026,0.4825870646766169,0.043727352814047195,0.4651741293532338,0.023989180997494922,0.46268656716417905,0.029850746268656747,0.49751243781094523,0.04110127274094108,0.49751243781094523,0.033651117558379795,0.4626865671641791,0.007462686567164201,0.38805970149253727,0.01055383255502305,0.38805970149253727,0.01055383255502305,0.48756218905472637,0.05985676326127346,0.4104477611940298,0.03419832608175995,0.4502487562189055,0.03756136534960571,0.4502487562189055,0.08649422214285427,0.4651741293532338,0.037561365349605726,0.42288557213930345,0.10132045698714578,0.3930348258706467,0.07838781719695886,0.3756218905472637,0.07549249206713192,0.41293532338308453,0.06520070856756793,0.40298507462686567,0.01974441276913874,0.3992537313432835,0.005276916277511564
hau,0.8852345701034605,0.004230719203157016,0.7070698061600665,0.14853157406242393,0.6276757046022119,0.0699233631405163,0.7171780235462005,0.026561796913527783,0.775627304078963,0.04510007907675439,0.4687016886669045,0.09864936058991428,0.6977568676418123,0.20039115045381767,0.8880366274229993,0.019758970037277432,0.8880366274229993,0.019758970037277432,0.5597202402188132,0.24659563953757252,0.6879533832798193,0.09698367129856379,0.7491898561065525,0.09846514756432112,0.8788426091092877,0.004585185750185903,0.6819999405398978,0.14611213021117297,0.5587168509929837,0.12515569214051064,0.5903496254013557,0.06199711752356829,0.4987439053395171,0.1397568265948413,0.6496462123914853,0.03186455799200286,0.9048192412890951,0.0032574508297619144,0.9004043286954454,0.005867699355174968,0.6852033535497681,0.11159252340348633,0.6423326198121061,0.10904240467855761,0.8849967296943749,0.023368398191029007,0.8720938875014865,0.012815660902288391,0.5881793316684504,0.11961023365697725,0.7028332738732311,0.11070220602726356,0.8880366274229993,0.019758970037277432,0.8880366274229993,0.019758970037277432,0.7092029373290522,0.11790604599721248,0.7515979902485431,0.019607047613273285,0.7866943156142229,0.04051858663525684,0.8978178142466405,0.012259131700261704,0.6975338922582948,0.09777089696519307,0.7297315376382447,0.045719475309807925,0.7034204423831608,0.09836786679326161,0.8367299916755857,0.07581550722670831,0.6524928647877274,0.29802115943265917,0.8762486621476988,0.041287455314993934,0.7845091568557497,0.05597697120065174
hau_f1,0.47062991781893154,0.00313808422714803,0.33008600622172696,0.02115169030727318,0.304225362965429,0.015504466690483864,0.3123842558369226,0.02500464202313636,0.33681620205646484,0.019433069691550165,0.2647091077453554,0.028235140150111224,0.32863972399833924,0.0841982939751089,0.4805916137883577,0.02218897603476998,0.4805916137883577,0.02218897603476998,0.28453088732521503,0.04494460952147664,0.3052707995364758,0.037103749721589266,0.35687674438139677,0.058258756004589234,0.44401902432449886,0.008970960744893907,0.30021832875312415,0.06733207960019967,0.2850127325506519,0.0453107352601068,0.3036681075675217,0.01161624092782452,0.26504009252228816,0.05442326550639374,0.29239613588157315,0.01210166013387297,0.5146698068765909,0.003249415285248063,0.47975293487516785,0.018769546421517996,0.3076816346725198,0.04553747299328418,0.31194726809440637,0.034395044737067455,0.474890608944982,0.027495695639207673,0.4355117701096413,0.014950043613150141,0.26225695264195464,0.0368445578340112,0.32066333775820044,0.025493858146971377,0.4805916137883577,0.02218897603476998,0.4805916137883577,0.02218897603476998,0.3050008968823216,0.044672190273370854,0.34293566335190934,0.025539053936358882,0.3578641722505913,0.019654998495176573,0.4937933277621502,0.017289142603055384,0.29349823989238716,0.02187925823815404,0.3064549009965119,0.008579491519765682,0.3223668739778387,0.03928332179580014,0.4127400514354682,0.06901235766821723,0.3336870592199834,0.08029800960282717,0.4501017599595145,0.05995862739372775,0.345661309119958,0.02376355828215744
hau_precision,0.42551665610399764,0.007236681233827767,0.29053872432529987,0.025254712339230403,0.2592223291743838,0.014117154317537663,0.26770884199401845,0.027830845161750852,0.28002803127467113,0.01871072494041885,0.21935392401831014,0.017270860454270905,0.2959374176240864,0.09345592521799156,0.44265817344214026,0.0303572431296155,0.44265817344214026,0.0303572431296155,0.25203321061718503,0.028642205851947582,0.26116827607944854,0.03142715018962299,0.30953741577970145,0.0717514122710213,0.41353785137105165,0.007554951048541804,0.25366589728959904,0.06990485853592315,0.24622144819109348,0.04254198159190225,0.26735826978348487,0.0136145455233592,0.22291549572496402,0.04240317317493404,0.23521398799728133,0.013668703427311234,0.48736936307635115,0.009246873937016236,0.4583334538424369,0.015045070353776776,0.2505825918492908,0.04872733163856267,0.25881288038993094,0.030914312656032145,0.43769444065682617,0.040098715725996575,0.39068958696830985,0.021595327493107608,0.2064609170542889,0.03314753256088078,0.2657635142562793,0.030087669336270134,0.44265817344214026,0.0303572431296155,0.44265817344214026,0.0303572431296155,0.2507343026841329,0.05167232799607329,0.29135752490228134,0.015260644020173438,0.3065236456053097,0.020120323764361785,0.462188333810231,0.031925720672164544,0.24100038785536979,0.029551094928390934,0.25259856420448795,0.017835799268995516,0.2661926010624498,0.03716680538760089,0.37094684825841034,0.08033229837423345,0.2906903541849805,0.07023067605706028,0.4128973314913513,0.06741486693357926,0.30509364810412654,0.03570125184403225
hau_recall,0.5265513126491647,0.0036659324962543456,0.38285600636435957,0.02036157043500725,0.36853619729514714,0.02231761479019863,0.3768894192521877,0.031856118375810635,0.4229315831344471,0.02334288205529634,0.33472553699284013,0.05081066552755077,0.3722155926809865,0.0660395902779867,0.5261535401750198,0.011462733693242662,0.5261535401750198,0.011462733693242662,0.32806284805091485,0.06942319185139949,0.3681384248210024,0.050391175204050634,0.4251193317422434,0.03153272138836231,0.47941527446300713,0.012667585767041807,0.3705250596658711,0.060264745109215416,0.3386038186157518,0.04821135303822376,0.3515314240254574,0.008215349861703638,0.32776451869530626,0.07577643933721818,0.38663484486873506,0.0059591242110495915,0.545346062052506,0.004176610978520316,0.503480509148767,0.02584698633035897,0.4007557677008751,0.030048939575639536,0.3929992044550517,0.04072423360510865,0.5202863961813843,0.01590965587824983,0.49284009546539376,0.018754455424226327,0.36018297533810656,0.038835943661331945,0.4054295942720764,0.013925942741030777,0.5261535401750198,0.011462733693242662,0.5261535401750198,0.011462733693242662,0.39349642004773266,0.020187442924483514,0.41736276849642007,0.04532152174805342,0.42999204455051715,0.017437174320766753,0.5313245823389021,0.012765568553302268,0.3776849642004773,0.001300387512989496,0.3918058870326173,0.02311683574640288,0.4102028639618138,0.04973786526579333,0.46807875894988066,0.04706801532642753,0.3922036595067621,0.09630140605175283,0.49562450278440734,0.04742998934078245,0.40075576770087507,0.002771949058227219
he,0.8252632154034668,0.0018991675924291945,0.8328689503383361,0.0014116202174017881,0.8355576888555886,0.0031682095433218332,0.8356279316615546,0.0035577812362283094,0.8289626698510072,0.005519083017499867,0.832740171860732,0.0013085308663207415,0.8304377687762923,0.002055405184831704,0.8266524620103491,0.0026706382981222365,0.8266524620103491,0.0026706382981222365,0.8301255785275546,0.0036285569900730346,0.8350035511640795,0.0015811278440562438,0.8341333208457233,0.0020334385795960693,0.8310153207364568,0.005044366764175222,0.8338055210845489,0.005873657252039435,0.8334582094328283,0.005635855483119473,0.8367323046664638,0.0029978494327507045,0.8412200394920665,0.0026883703431668034,0.8348084322586184,0.00563226732438455,0.8371303472336041,0.0024185647508397916,0.8377118015718779,0.006139098156029872,0.8307226423782653,0.0020442055622631114,0.8330679716219064,0.0020734851940606047,0.8337430830348014,0.001971890618201258,0.829864119194237,0.003784218368975319,0.8331148001592169,0.002862005275908542,0.8327362694826227,0.001693789446048279,0.8266524620103491,0.0026706382981222365,0.8266524620103491,0.0026706382981222365,0.8295675384579363,0.005018920989689791,0.830839713721542,0.0020169708442353993,0.8323109102687178,0.007227923802436624,0.830664106706627,0.0034055957842891436,0.8317918939801915,0.0016677222738236861,0.8285177987465562,0.0025664626845694092,0.8320299390448539,0.0037501285120677057,0.826668071522786,8.469149521259912e-05,0.8289119389355873,0.0019121015601605473,0.8310348326270028,0.008018031037048156,0.8313314133633036,0.00959179692619524
he_f1,0.5200631668131507,0.0098207955316407,0.5356568498552797,0.0015254052823674984,0.5405999597340458,0.009600042255832124,0.5451817864623821,0.007412991348385881,0.5340115729231296,0.010189430064969442,0.5395836132357021,0.0017532014117393967,0.5348154137658798,0.004798562282753203,0.5275125952369667,0.0031792264112040637,0.5275125952369667,0.0031792264112040637,0.5365893523757733,0.00395396331115159,0.540228208646023,0.004553805188643008,0.5345469584229874,0.005823071864814636,0.5310343496255717,0.01923960282798224,0.53833513918413,0.0207099284734532,0.5469887438881091,0.008838818989506704,0.5502047544401215,0.015251907112804304,0.5625047151826902,0.005044148926731173,0.5493940200220409,0.01388241155515954,0.5541020297052935,0.0053015311883411196,0.5545332203740192,0.012446507399216763,0.5325182569013195,0.009613580736360814,0.5423794396650514,0.008127622999051284,0.5377284335858583,0.00453545836338972,0.535305050057299,0.009392085198027322,0.5423578849506223,0.010607236156097254,0.5361364913835834,0.010732194968069677,0.5275125952369667,0.0031792264112040637,0.5275125952369667,0.0031792264112040637,0.5375253103997676,0.01168195401024068,0.5313003723715668,0.003440008031355454,0.5453799489719044,0.01340681781718694,0.5367138492199339,0.009747194884671451,0.5297307690889789,0.007093906105656631,0.5309836641147497,0.013894615170800305,0.5364361528582727,0.011022465838163313,0.5242555895517524,0.003757614705386364,0.5280700746595007,0.00516279174839971,0.5359016051440505,0.02322644844680407,0.5354620148653093,0.019363139687932157
he_precision,0.5344360336667502,0.006665773659746337,0.5427069251731912,0.0014343918867634896,0.548675172452905,0.00567115023531369,0.550159245519213,0.006184967975304012,0.5432257043460068,0.008464594570180542,0.5488675199485759,0.003149151647637736,0.5415676628134317,0.007891960112901853,0.5291553308274205,0.006744756141460948,0.5291553308274205,0.006744756141460948,0.5385631990252374,0.003968016262612418,0.5454454594158274,0.005824888777573222,0.5432597260367821,0.004040040711502014,0.5344255189282437,0.014671164269398887,0.5456411925905577,0.013137567272436815,0.550440168520522,0.01127291277374862,0.5530805872000485,0.005457254466321935,0.564801783207344,0.0017439484494426137,0.555339870933146,0.011790800666918568,0.560845352428384,0.0037331474006896295,0.5583846050932775,0.011925155771456763,0.536992586045789,0.00906179510519874,0.5523413760944232,0.0018478482889842148,0.5448706052901485,0.0010788979076114063,0.5409812450223686,0.0012584316809710642,0.5485480227813396,0.008507111647163421,0.5446534910266068,0.008248664974266877,0.5291553308274205,0.006744756141460948,0.5291553308274205,0.006744756141460948,0.5406841970775775,0.011604649288637747,0.538930555026717,0.0012239226381040602,0.5496255129590479,0.010497670013001718,0.5373322492257052,0.012007196060624935,0.5387454665445993,0.011140438178654627,0.5410440984005397,0.007447005205696318,0.5401183428571261,0.013611483513990337,0.5305389899626145,0.005835701706867759,0.5388161450503702,0.006053959287176042,0.5403798876066518,0.015114022187940602,0.542169115837671,0.02210626955837494
he_recall,0.50647296442303,0.01276042178763284,0.5287876575655813,0.0016198412654541087,0.5328515111695138,0.014857394078758244,0.5402978537012703,0.008609445459369603,0.5251131552051395,0.011804893579031795,0.5306127415194433,0.00046934592694762773,0.5282522996057818,0.002169317850504285,0.5261108677665839,0.012485993224646358,0.5261108677665839,0.012485993224646358,0.5347009295760938,0.008546798849490793,0.5351146152723025,0.003478975779659523,0.5261352022193021,0.00837122858239876,0.5277412760987006,0.023669643195437833,0.5313671095537061,0.02807226726624065,0.543631673723658,0.008499275736660067,0.547792865138463,0.02832778020324558,0.5602521049301602,0.008328250913894825,0.5436073392709398,0.016423213789697504,0.5475251861585634,0.006816731323857523,0.5507373339173602,0.013009968581662175,0.5281549617949092,0.011509861725032567,0.5329001800749501,0.015116161672112759,0.5308074171411885,0.008191028837071972,0.5299070423906166,0.017173228622747855,0.5363313379082104,0.013078879815348157,0.528106292889473,0.018159062570660495,0.5261108677665839,0.012485993224646358,0.5261108677665839,0.012485993224646358,0.5344089161434759,0.011946109756271441,0.5239207670219497,0.007108867950575873,0.5412468973572784,0.01683309273061333,0.536112327833747,0.007634815775635263,0.521049301601207,0.0035534967316439097,0.5214386528446975,0.020662701773398674,0.5328271767167956,0.00885309329418184,0.518129167275028,0.001803542508754387,0.5177641504842555,0.005753078416911694,0.531659122986324,0.031206210317955167,0.5289336642818903,0.01673423182928195
hi,0.8179850124895921,0.021318822607845275,0.8046627810158201,0.008678643943910382,0.8257563141826255,0.0017806289128331847,0.8253677490979738,0.009818557654268319,0.8093255620316403,0.002453109052898644,0.8232028864834859,0.0071922572686075655,0.8091590341382181,0.0043393219719552,0.8081598667776854,0.005913499052311325,0.8081598667776854,0.005913499052311325,0.7874548986955315,0.017856056424534986,0.81421038023869,0.0019300958812894058,0.8064390785456563,0.00620041589726592,0.7991673605328892,0.01211883790085615,0.8110463502636692,0.001841871776079586,0.8081598667776854,0.010739435362122343,0.7837912850402443,0.004093787192338024,0.8232583957812935,0.005750238140918174,0.8171523730224813,0.010107570961194697,0.8092145434360255,0.015573993914726527,0.8141548709408827,0.01696379035438765,0.8192617263391618,0.012952116622283546,0.8291978906466833,0.00498008433357906,0.8110463502636692,0.008495099120834987,0.8100471829031363,0.00848530022079874,0.8145434360255344,0.012546452121733578,0.8193727449347765,0.011176408045425981,0.8081598667776854,0.005913499052311325,0.8081598667776854,0.005913499052311325,0.814654454621149,0.009930425655870488,0.8154870940882598,0.016014408366589565,0.8209825145711905,0.008838537558511642,0.8041631973355536,0.016114531761402758,0.816375242853178,0.008598925955444604,0.8058839855675825,0.010015698749949724,0.8094920899250625,0.002845629890197398,0.8185956147654733,0.006394179599946971,0.815098529003608,0.01438933341638134,0.8029419927837913,0.015147937150390575,0.8072162087149598,0.001070624564084715
hi_f1,0.6678625371394494,0.027877965888244392,0.6472960698154298,0.008512724999709412,0.6852702619470192,0.004024831579344621,0.6870996864667864,0.01731420265544968,0.6630349695723475,0.013465442338641737,0.6819805196355674,0.009490151360967852,0.6669104214399703,0.00913778171696906,0.6493401301523706,0.015886268491272233,0.6493401301523706,0.015886268491272233,0.6176912094313626,0.02731506727282536,0.677223532930105,0.00828899515107335,0.6527768436418642,0.00569582423514147,0.6370911551076702,0.009128078752846722,0.6737946372108237,0.005008174161741056,0.6480725077965253,0.020753851264993163,0.6154877707652661,0.007953432674574162,0.6817025264519451,0.0070150528312844735,0.6667250019966255,0.027461207922292483,0.6581625289253431,0.028320963779347574,0.6627975529454959,0.025826198810565575,0.6734831015158286,0.01944914936701773,0.6914684536713841,0.006740232790163556,0.6681139768253944,0.008744305393326868,0.6665460910230191,0.011295876285222496,0.6658918409000814,0.02471944744200265,0.6725834324090695,0.006860661933222524,0.6493401301523706,0.015886268491272233,0.6493401301523706,0.015886268491272233,0.6720850125631531,0.024787304491501894,0.6794483042661045,0.018848407794441083,0.6784146862222412,0.015912607987671933,0.6522768000233561,0.03405936494270252,0.661454377770973,0.022217254493310447,0.6579474157777274,0.0139392356846307,0.6562163621881169,0.01190407475733894,0.6693179421144928,0.0011511770616211123,0.6648988580701336,0.024137705336380072,0.647477116177027,0.017093355165908153,0.6550479358450433,0.008716768330517937
hi_precision,0.65178613913192,0.02675573103324767,0.6312807752616356,0.012146695156160743,0.6681319110563727,0.004361653172753827,0.6667418342634939,0.01649704921903322,0.6421223822273795,0.010569823604603831,0.6645797109347696,0.007511686505129438,0.6489214465888254,0.006976110112103966,0.6333977295430843,0.01818018695773318,0.6333977295430843,0.01818018695773318,0.6050854864728054,0.027333920355538385,0.6566581256569078,0.013889235809113555,0.6340676382417089,0.003089192981475996,0.6216177983539094,0.007217325212313217,0.656394737257267,0.005439208218550751,0.6352197393111275,0.02516700829548022,0.6009747051134521,0.002604403863735783,0.658544851780026,0.009620066500598297,0.6449967247639349,0.028793918824606128,0.6435660323032608,0.030023142800574176,0.6428440287372013,0.024681699400039836,0.6507807427925293,0.019633116866017507,0.6750280960541527,0.006372100451214053,0.6500493821183476,0.013474166754960548,0.6465514243861182,0.008438589460872533,0.6460239137684999,0.02455865122298401,0.6500313601767606,0.004625929553492764,0.6333977295430843,0.01818018695773318,0.6333977295430843,0.01818018695773318,0.6455792896063672,0.02210951620605425,0.658846336479851,0.02184821445545867,0.65813957918759,0.020574484644766307,0.6317027209709698,0.034442213906905224,0.6385287878637953,0.026364149392978743,0.6422564410969253,0.01040694663986934,0.6408788476553061,0.01620159687668395,0.6526955841779549,0.00790817708180667,0.6463663285260294,0.01993407984238983,0.62774694460778,0.021416826977228586,0.6378711045694105,0.00892375416081781
hi_recall,0.6848534201954397,0.03093390865345695,0.6642236699239956,0.007824937733658863,0.7033116178067318,0.0036720274860121017,0.7087404994571118,0.01821509128100717,0.6853963083604778,0.017547553049830644,0.7003257328990228,0.011744466695322446,0.6859391965255157,0.011782049084804949,0.6661237785016286,0.013331193439531683,0.6661237785016286,0.013331193439531683,0.6308360477741585,0.027305439828869932,0.6992399565689468,0.006925814778595591,0.6726384364820847,0.008618082446464469,0.6533659066232356,0.011410341779035675,0.6921824104234527,0.0078531357988542,0.6615092290988056,0.01600599672943059,0.6308360477741585,0.015479454320720083,0.7065689467969598,0.004178828533751536,0.6900108577633007,0.02652940656432274,0.6734527687296415,0.026475192519558412,0.6840390879478827,0.02724060046201583,0.6978827361563518,0.020552816716814255,0.7087404994571118,0.007909230338943222,0.6872964169381107,0.0063601381725624075,0.6878393051031487,0.014778129846705977,0.6870249728555917,0.024931514664940365,0.6967969598262758,0.010995998425911565,0.6661237785016286,0.013331193439531683,0.6661237785016286,0.013331193439531683,0.7008686210640608,0.027858416083491853,0.7014115092290988,0.015393536241865182,0.7000542888165038,0.011115958322173337,0.6742671009771987,0.033890312779616974,0.6862106406080347,0.019241920302331485,0.6745385450597178,0.020118017332994367,0.6723669923995658,0.007909230338943253,0.6868892508143323,0.006334018398250796,0.6845819761129207,0.029331037262193497,0.6685667752442996,0.013105437247093692,0.6731813246471227,0.008783219157091958
hu,0.9068406291915619,0.003247373391132835,0.9133734614773513,0.003878610336593081,0.9149290736902005,0.0019641114866281945,0.914526314233667,0.004421176253278478,0.9060831458100083,0.0017625809803331596,0.9174823469421689,0.005153771446617715,0.9158121884618654,0.0026321117416701206,0.9063824441217442,0.0015589219412020445,0.9063824441217442,0.0015589219412020445,0.9132773904143249,0.002010088657026144,0.9147295414823765,0.0075670585231650865,0.9216540481020422,0.006643553013247625,0.9097744916547502,0.005403645781190264,0.9117254732423614,0.0027628505390309135,0.9167285586015009,0.0022552436177210714,0.9134067168453218,0.004055433203420818,0.9211330473371687,0.003378714351211094,0.9111379617415466,0.0029632200628913717,0.9135692986442895,0.0032793794911198703,0.9086068587348919,0.004897696896534444,0.9047824914182675,0.0031013854132350073,0.9069736506634446,0.0021146451365845714,0.9081523687059597,0.006777864370358592,0.906692827556137,0.004243869875331294,0.9081745389512735,0.0030541139096767673,0.9118215443053878,0.002875437513383065,0.9063824441217442,0.0015589219412020445,0.9063824441217442,0.0015589219412020445,0.909497363588328,0.004257687722874101,0.9044794980656462,0.0012581980458776661,0.9115296360754233,0.00485790244717191,0.9057727623756157,0.0028325543320982935,0.9034633618220985,0.005183208641959742,0.913414106927093,0.003355186650377638,0.9072766440160661,0.009710607519136537,0.9090798239682522,0.0062460313609260356,0.9091832851130498,0.00492764978026698,0.907664623309057,0.0015479663672653427,0.9171460982215768,0.0035790758074352677
hu_f1,0.7392303305519006,0.00870321091616848,0.7551183922798682,0.007232152560657292,0.7591766726469052,0.00420877224864839,0.7556126343773464,0.007485499188844316,0.7372518130369906,0.004049827026986368,0.7651784293831314,0.011498429191819136,0.7588887737656534,0.009255472134687318,0.7379630232360704,0.0070265272298024135,0.7379630232360704,0.0070265272298024135,0.7524407675974506,0.010143860158326086,0.7559520653950078,0.015868521104532893,0.7718109661324984,0.01233338353910386,0.7470335607737617,0.010713606761315806,0.7503038652024164,0.004623959126256194,0.7613997629643876,0.005687980896562021,0.7548772063643804,0.013066459595669202,0.7730302122127274,0.00820338786605742,0.7493509195101189,0.005885811845820872,0.7530744740005605,0.00837805165279833,0.7433560196199855,0.011463013538127075,0.7327986758763917,0.008564075093979863,0.7418914511407046,0.002787431514547195,0.7453014755535893,0.013113014413708482,0.7404875726705794,0.011450943227471552,0.742102702013001,0.010499827843190085,0.7488065226893906,0.006946461086463658,0.7379630232360704,0.0070265272298024135,0.7379630232360704,0.0070265272298024135,0.7427914257017693,0.009218250024641404,0.7392909631710464,0.0035165117887304012,0.750942118279846,0.014382547632279152,0.7407654768321924,0.007696144955230942,0.7327300771727369,0.011029696430600635,0.7563454640759216,0.008130203189647921,0.7407891367265883,0.024994078015545016,0.7452175590574986,0.011457819587788845,0.7467881148134575,0.014945228843385871,0.7420131324749883,0.0023735812956030074,0.762602248718535,0.008172942900887813
hu_precision,0.7160802955260323,0.005935594489364034,0.7312154819973165,0.0034887715212317924,0.7308352256581178,0.007951453234696664,0.7253575253920124,0.007787507231535508,0.7094200610924254,0.006950072780960797,0.7360959956228115,0.012817136789269115,0.7334491201369161,0.009515970791385024,0.7091688388501698,0.007683242653231206,0.7091688388501698,0.007683242653231206,0.7280206177497618,0.00891900208715679,0.7298116339081364,0.014488574606082638,0.7473163899716759,0.013326007788757845,0.718209054458784,0.00795750545677118,0.7250408524950694,0.004583230736905688,0.7350738080958418,0.006335550871803095,0.7313218057611149,0.01737351277230094,0.7462781832223747,0.011985636620493812,0.7192135140859629,0.005860322441315514,0.7293682837343386,0.009020235457608185,0.7137012250912321,0.01418554319595501,0.7064954828743767,0.010928140736402506,0.7197147942748714,0.0068420617564733735,0.7130972054664039,0.01533284267562022,0.7146534395495646,0.015338276109207395,0.712722970022113,0.009283453816091402,0.7232407769373866,0.0066964645018217795,0.7091688388501698,0.007683242653231206,0.7091688388501698,0.007683242653231206,0.7111104250415196,0.010196417563037049,0.7109607954101462,0.004229330045403392,0.7291557904294793,0.012019260253370046,0.7138135412514858,0.0077428452147960255,0.7043603744473312,0.013505858302338622,0.7277643958063228,0.0034816058564041317,0.7109943714776142,0.024804348294558725,0.7198328209816219,0.015198609977582916,0.7234467965579997,0.01838393753473443,0.714873849243971,0.005140210534582709,0.7367527165746162,0.007967126540204822
hu_recall,0.7639842404510816,0.013780939684459526,0.7806638827942529,0.011523522322498484,0.7898412249038621,0.001713802875755721,0.7885672493925023,0.01133712137732848,0.7674051006204733,0.005591038323875145,0.7966829452426452,0.011238157000539825,0.7861608512043787,0.009165568812366201,0.7692452874702149,0.009776458332716408,0.7692452874702149,0.009776458332716408,0.7785641824144195,0.011833074756016302,0.784037558685446,0.017462757296272353,0.7979805128931039,0.011717790615402051,0.7782810767452285,0.013909021671869227,0.7774081675985561,0.0064685928379913755,0.7896996720692666,0.006619140311269934,0.7800504871776724,0.008233926938208923,0.8018260315662822,0.006137176554814187,0.7821265954184066,0.006088966109699813,0.7783754453016255,0.0076459280209885405,0.7756623493052115,0.011669598284695439,0.7611531837591715,0.005843378051816655,0.765517729492533,0.0024343383851540006,0.7806166985160544,0.012829157084135824,0.7683016019062449,0.0070781135568305925,0.7740108995682639,0.011931023153675772,0.7762521527826928,0.007693606000048486,0.7692452874702149,0.009776458332716408,0.7692452874702149,0.009776458332716408,0.7774317597376554,0.008038759595491805,0.7699766437822917,0.0031453727855175594,0.7740816759855615,0.017139587575010783,0.7698350909476962,0.007786370975901531,0.7635123976690966,0.008914832248956657,0.787316866020242,0.014004612513929218,0.7732323589779885,0.026095582752984202,0.7725010026659117,0.007598610130990156,0.7717224620756364,0.011249294992623213,0.7713213957109492,0.0032764206947703757,0.7903366598249463,0.008730015974567948
ibo,0.9368355570411223,0.006989261258974078,0.7685533364901628,0.2088632378308067,0.762109690537868,0.08246495157226691,0.8154043991346573,0.1275790189681715,0.897235917291069,0.03276520933145943,0.5437545843662664,0.19912147788354448,0.8037751966054799,0.21938761498651657,0.9437016610493671,0.005662260082573061,0.9437016610493671,0.005662260082573061,0.5423340111231814,0.34662159719127583,0.8908061985274319,0.043183633762398636,0.8180412801871814,0.09296307458466824,0.9210003435373202,0.008506563723447899,0.793993667771557,0.15759427010751031,0.6991634402012944,0.12328205510105111,0.7767146690435736,0.03282833156336815,0.7107926427304717,0.2392341384769506,0.7341856772791845,0.12546472067649572,0.9033917346777712,0.026400444845510282,0.9401455855454351,0.0020502001192067103,0.6275730481045096,0.21754021746269145,0.7541990473802959,0.07731890109182588,0.8693676127870162,0.05272581512893129,0.9257170180960604,0.008565405963474973,0.8585879687659582,0.03575855614746299,0.8424324299230291,0.06143161882944293,0.9437016610493671,0.005662260082573061,0.9437016610493671,0.005662260082573061,0.8161518249259538,0.12178621288983617,0.9000538517961431,0.03964695711882884,0.9121705059283399,0.025373458538939877,0.9428706721261246,0.0011227594705956689,0.8847942954235258,0.032743963835175666,0.8730351058002098,0.030031011673362425,0.9131129123608441,0.00433277353578436,0.9224348439690632,0.010932375889747555,0.8273585693991811,0.15668157308986672,0.9436134555212018,0.001967943462047869,0.9069710221627996,0.024252136005649783
ibo_f1,0.3887789770642045,0.014803717159954577,0.24504785036804977,0.0756696062547074,0.20053596383769423,0.03731485190871855,0.22728956321045465,0.07028213588897834,0.2939706398275021,0.0327048986822896,0.14064053347906555,0.034580599013596704,0.26915118455600845,0.09943897273444609,0.3828697339030717,0.031910224847417505,0.3828697339030717,0.031910224847417505,0.1506211082783225,0.062363996087357716,0.2809407701698479,0.06867910157722533,0.24354928974604473,0.06920340706728337,0.3231937896140361,0.02027569352459605,0.22429492407329085,0.09854365902595902,0.1843260069075859,0.05532031846255345,0.2031877929060799,0.005829878269863194,0.1987599104781903,0.06787460271697549,0.21820771979939144,0.02919939477061583,0.3497094272525571,0.07389133468121122,0.4018245025849691,0.036220252544733246,0.1874301356221462,0.06251275815038246,0.2321574592071023,0.04408291649442371,0.29500986113929506,0.04050360715641707,0.3293103603057936,0.021882869516080938,0.29329672955346453,0.037413820123638496,0.24652681721663372,0.06495649904015417,0.3828697339030717,0.031910224847417505,0.3828697339030717,0.031910224847417505,0.262351879205068,0.10376856005319002,0.32063522609825174,0.020870716130796933,0.32743794765736917,0.04900221318976273,0.39589260859788794,0.012021427730529551,0.279771658141494,0.017886745940464518,0.2753270098001024,0.012648880455212473,0.33662877775295014,0.038651986135117646,0.3541291044649691,0.05255219239930046,0.29096253202579697,0.11860273385293246,0.396627619199947,0.0258558646472851,0.3141791828568197,0.05502254506609153
ibo_precision,0.352873557451645,0.014656657452156083,0.20214156158176935,0.07778498883428253,0.15175453889670829,0.03579538214515523,0.1943230122126768,0.08469770784550953,0.24298490647036977,0.04850043902234566,0.09888577868100011,0.025152982644945275,0.2436048140100572,0.11576002239383039,0.36824713070477566,0.028961264560155093,0.36824713070477566,0.028961264560155093,0.1117670417136389,0.042293019419227085,0.24667016129646235,0.07224205730374472,0.19668535279948518,0.07958003717439985,0.29446974452790614,0.02728822826498328,0.18080329541660836,0.09882103710797224,0.13982868689930708,0.0536595649451081,0.1581044701888763,0.0105973416707927,0.16041136045763568,0.06810925951011025,0.15854593428689115,0.030067943405108953,0.3051942839743007,0.07478797847125096,0.37573011388418953,0.03528882225800777,0.13042677154589685,0.052413544325499065,0.17520324678034016,0.04770600308018705,0.25067002777558456,0.046345404982643265,0.2943935674240263,0.029583764395158606,0.2197829043074595,0.034232838501312625,0.1934245815726027,0.06631716223715295,0.36824713070477566,0.028961264560155093,0.36824713070477566,0.028961264560155093,0.20325799678166437,0.09827683236073893,0.276120813897023,0.03370615997001145,0.2860761484301814,0.0548829589793754,0.37017866189269916,0.012615176859955786,0.23710760299531175,0.03968098590694209,0.22174121455195892,0.025436169916056885,0.28618558619526263,0.030043552493278076,0.3079625214369845,0.0384668916343323,0.25066047162764066,0.13066951392556372,0.37507272943628706,0.02107044945929581,0.28217720433832033,0.07061056369079942
ibo_recall,0.4338073765753266,0.029856914489690255,0.3169152503179558,0.06154346109056789,0.2986472424557752,0.03225433461329912,0.2904382009480864,0.019872234309798637,0.38027517632096197,0.023805712176614983,0.24372759856630818,0.05500379967442468,0.3169152503179558,0.051036116632892176,0.3993525263036189,0.0407415171134873,0.3993525263036189,0.0407415171134873,0.23251242918256443,0.11083296141898603,0.32847728061047515,0.05860615126047333,0.33321771303040815,0.028806862861928035,0.36004162330905304,0.028332400772337344,0.30639380275176314,0.08051532582258247,0.27691062550583884,0.04049567067431412,0.2855821482252283,0.010815907011385704,0.26858596369522486,0.05877868293909772,0.35553243149497044,0.01003501640061697,0.41045207538443745,0.06788763029820813,0.4324199329402243,0.04261921827352331,0.34281419817319914,0.06246033065947414,0.35310440513354147,0.02554790125330603,0.36223840906463173,0.034488394869367146,0.3753035032951786,0.022272143956543394,0.44224765868886573,0.030450753040150713,0.34605156665510456,0.04428468913473683,0.3993525263036189,0.0407415171134873,0.3993525263036189,0.0407415171134873,0.38894669904035145,0.08428529759611536,0.3852468493467453,0.01059677580056842,0.3851312290438201,0.037374698841442545,0.4258295756734882,0.018837240702431576,0.35310440513354147,0.04929453682985218,0.3688287663313678,0.02959992663183519,0.40918025205226033,0.05518723110421822,0.42074228234477973,0.0872898064295557,0.36628511966701344,0.07876950821021182,0.42178286507110646,0.0405871730178566,0.35830731876517513,0.03226365856186882
id,0.7863257539002274,0.019092658160064054,0.7629782967299544,0.028549224054269472,0.8327511293678773,0.02894755488833933,0.7930642257226337,0.005695837911147351,0.7809619303295922,0.01201364842635034,0.8305948183847075,0.036169445758867554,0.8057487250811312,0.07217848427793559,0.8141421655831204,0.011077000950085963,0.8141421655831204,0.011077000950085963,0.7850211857554097,0.014171310191441805,0.8138780174876822,0.06805412838495091,0.7906383758665675,0.03277386233552075,0.8028808314735151,0.020766221491140623,0.7670483337106878,0.05375427440073903,0.8124602430162478,0.039430551982288814,0.8286972647195179,0.013492187689128078,0.8075330724197044,0.029978745479099206,0.83687507412319,0.03332254961561802,0.8086759172407846,0.04109971759511105,0.8273765242423262,0.03261642712897283,0.7972798136947311,0.009250065184249232,0.8017541589848088,0.01774305591395738,0.7685254067341593,0.024993182061087263,0.7783312309301248,0.02162940679467328,0.7830104257636036,0.003837661873061528,0.8076031525266574,0.012318523355102374,0.8141421655831204,0.011077000950085963,0.8141421655831204,0.011077000950085963,0.8260018759905554,0.026796949616049733,0.8113227889726256,0.012542989640172088,0.8194089551595131,0.012125500313697824,0.7879699410248947,0.011095402615943252,0.7669405181615293,0.0164025324879927,0.7969294131599659,0.029290506433151158,0.7972259059201519,0.018663805812807945,0.8281204515315199,0.028021724281747575,0.7611023061745965,0.026645349498142387,0.7909402594042113,0.02247998993378674,0.8061152979482701,0.04039208394438571
id_f1,0.5283835753753815,0.035057717451600724,0.5173002851758431,0.017668150918627966,0.6179006046133496,0.08666886684916794,0.581654368383281,0.027632667569757668,0.5163083116807997,0.014501966997096162,0.5882184189095382,0.026184161703648956,0.6299546750587711,0.07590539080421617,0.6051563206133314,0.04887542866535007,0.6051563206133314,0.04887542866535007,0.5225469227345205,0.029042762504697072,0.6251878801872252,0.07050102814710822,0.5616061198313705,0.03984411215396962,0.5697682431444172,0.05845331552496793,0.5311571273132519,0.03396260897050816,0.6059632250661854,0.06055451048807945,0.6105056831440264,0.027159910941819947,0.5618644414748325,0.02983370991493887,0.6387618229254577,0.08263593510759892,0.5637174547091898,0.06218515725295858,0.610035645727273,0.07473863257897892,0.5430943965954943,0.02656339066697365,0.5544089791933615,0.040002629220299846,0.5276430850857091,0.02678933376613824,0.5155546095293172,0.013783608748742626,0.5116683249578088,0.004808158630177162,0.5681968242046622,0.03324112752353189,0.6051563206133314,0.04887542866535007,0.6051563206133314,0.04887542866535007,0.6033119557506613,0.05352510949102306,0.582647607814131,0.040234177405367964,0.5674707172422973,0.035505208290608395,0.5265751317040178,0.005718039698230402,0.5085674361911346,0.008706830454230832,0.5547456505615641,0.07684295442426009,0.5510882728303482,0.03483290663903283,0.6216016715806134,0.0685569949768479,0.5018612146727233,0.008453529278609876,0.5450027745947548,0.05354229375651418,0.5805075444604578,0.07713890039996352
id_precision,0.49799690370531224,0.041972884834544956,0.483959364108193,0.01268079394297321,0.5571648664613563,0.09828347038751405,0.5323518844012342,0.027034706760066394,0.48504670621059587,0.02085562196480861,0.5478821827293158,0.01834374644515584,0.583113097486245,0.08667554871438878,0.5556102611829813,0.020932134339057686,0.5556102611829813,0.020932134339057686,0.49354640719105713,0.019459238832181706,0.5680408283340754,0.07400582513892005,0.5261323335308987,0.024179472761952196,0.5317843099157376,0.037966728747663415,0.48901776508323325,0.047077117935911454,0.552746036867204,0.06684372875028922,0.5599162970790419,0.03218306906811173,0.5163890281247981,0.022322582314614866,0.6085627934328013,0.07567524688427317,0.5231962654139021,0.0646399091955656,0.5780384610007924,0.06293017310314558,0.5222733317884045,0.020108402514329115,0.5312732002897017,0.03955853181364504,0.4947915011521286,0.036397224475231436,0.49174680397451986,0.03046168730611098,0.49145320636191975,0.007452018717019165,0.5301115341603012,0.030355888141071503,0.5556102611829813,0.020932134339057686,0.5556102611829813,0.020932134339057686,0.5675829546171318,0.05383498586405542,0.5403971030617986,0.021459170620846253,0.5272124223457887,0.04292272863976624,0.48644703511742393,0.024041939498904128,0.48334612451182796,0.005301876034557157,0.5178769867070138,0.059668322494403916,0.5276695759815203,0.03261126510712066,0.593146446006735,0.06936037651615715,0.471554559081373,0.021830374488186387,0.5074520607509315,0.049735260224547585,0.54500112346918,0.07781292344134244
id_recall,0.5631169738796191,0.02695238097934652,0.5556332081185754,0.024004746929585707,0.6950875047319531,0.06709786182499869,0.6430797006493696,0.05221777259348682,0.5521388427826796,0.008878599446759788,0.6351882589324714,0.037755016577435054,0.686322471681081,0.06525267258490194,0.6665793075332692,0.08637306389571872,0.6665793075332692,0.08637306389571872,0.5556914475408404,0.044062356934589646,0.6955534201100725,0.06309942404286645,0.6028653795754346,0.060714786255790215,0.6147462217174805,0.08698473979717741,0.5824233423604438,0.017647193640787102,0.6719664540927753,0.0590948217387149,0.6715878978480534,0.024410951542776543,0.6165807635188258,0.04341775295706188,0.6725779680265571,0.09358442729687834,0.6112227366704522,0.05797161131816971,0.6461372703182784,0.08944642470513445,0.5657377478815411,0.03398831676807924,0.5798025683585218,0.041993036563621945,0.5657668675926735,0.016336469383105307,0.5429370140648205,0.00956612427745102,0.533647826213564,0.002399329903627113,0.6136105529833144,0.05144562973856205,0.6665793075332692,0.08637306389571872,0.6665793075332692,0.08637306389571872,0.6444483270725954,0.0583882594816819,0.6330625200198013,0.06676846240251964,0.6152412568067325,0.0334240123853065,0.5754637313997845,0.021465177855113773,0.5366762761713404,0.01503499499832424,0.5982935849276375,0.10113495350404265,0.5767158789784805,0.037666714987599506,0.6531551207012026,0.0688767536978443,0.5372295506828572,0.014205286353331986,0.5890917562097785,0.06181282723670136,0.6212981567222853,0.07720353220029914
it,0.9177908850721107,0.0013112154034256994,0.9193571655269915,0.0003835923621835217,0.9190768837613813,0.0026646539882738776,0.9216571247212638,0.0013077708480869435,0.9185987560435755,0.0015925427854483263,0.9201114532197368,0.00236745480596647,0.9200207738249805,0.0029109094259791115,0.9175312122598541,0.000697557512916665,0.9175312122598541,0.000697557512916665,0.9158000601781437,0.0021687161087819836,0.9199795559182732,0.001420906255592556,0.9201650364984565,0.001806459111587127,0.9201155750104074,0.001359310071757389,0.9205318758681521,0.0014855610615209366,0.9208616191218112,0.003322490553084845,0.9198064407101022,0.002490980585316005,0.9216900990466298,0.002063461613161138,0.9207833050990671,0.0011170889212162825,0.919839415035468,0.0005639929179306827,0.9208616191218112,0.003181435041822222,0.9172426869129024,0.0014783904188111745,0.918874916018515,0.0022842940097638296,0.9188336981118077,0.002916943819137468,0.9184957112768072,0.0008756161981300657,0.916900578287231,0.0015884730985551532,0.9199960430809561,0.001972771001291946,0.9175312122598541,0.000697557512916665,0.9175312122598541,0.000697557512916665,0.9177661543280863,0.0020271794547570238,0.9183308396499775,0.0018978865596268526,0.9203876131946762,0.0006590097529448435,0.9170860588674143,0.003027984805147872,0.9187265315543685,0.0023667119601927236,0.9185369291835146,0.002602580359008763,0.9176631095613178,0.003559473515545207,0.9177826414907692,0.0009385472126791634,0.9180752886283917,0.0018582785942066011,0.919666299827297,0.0016448423861982941,0.9202598376838834,0.0015385988142895038
it_f1,0.8023870913831677,0.001364552055723177,0.8077256524182919,0.0013223960698488287,0.8067130646928599,0.005624400411036426,0.8106418924832036,0.002368391570781524,0.8066464630609484,0.002139687650563683,0.8079358904584139,0.0026956519421809746,0.8087812020708837,0.0045093075696958414,0.8041174635775002,0.0024041610545658338,0.8041174635775002,0.0024041610545658338,0.7978709294099682,0.0030391771339538585,0.8081614684023144,0.0017624862526560401,0.8090989706458652,0.0013345420214392301,0.8093148100068066,0.003375154151143971,0.8084669981933169,0.003909382309979209,0.8108937677371943,0.005678263237293694,0.8075293920520896,0.003954913068328599,0.8110114737516687,0.003955289111315042,0.8076614918439667,0.0034287325012355304,0.8098425119371543,0.00037210387641748897,0.809115068703473,0.005884985414519117,0.8023303741947414,0.0037326169819815918,0.8057607982418781,0.004551434152255939,0.8067916018141646,0.005368878638439535,0.8072749298147895,0.0005493948691269309,0.8026638890584952,0.0025055458975606773,0.806754029618005,0.004699903427845242,0.8041174635775002,0.0024041610545658338,0.8041174635775002,0.0024041610545658338,0.8047312468963453,0.004370775055437504,0.8036917832121834,0.002324736887215783,0.8079607441538319,0.0008194214861694541,0.8033764729982998,0.005862957148469797,0.8035532704553425,0.0025960966728867147,0.8052440936732442,0.004614513122408257,0.803607227290201,0.006379160114527866,0.8044815246130743,0.0012274845635082238,0.8034511934695411,0.00041874593332630057,0.8061345348731166,0.007165933488846574,0.8095719339083004,0.0031214223327452003
it_precision,0.7974367519319466,0.002994493611546493,0.8003124180319571,0.002740385777346852,0.7988389972260542,0.0038720419147375445,0.8021579384248886,0.0028577809431306216,0.7995288702511462,0.0032849473605114717,0.800231111844757,0.0018880680776189366,0.799977711616538,0.004641926500342837,0.7957485656647706,0.002882833486855997,0.7957485656647706,0.002882833486855997,0.7899381235652018,0.004378300160549764,0.7990740187117874,0.003688437364739824,0.8016505300303378,0.0021699328101727855,0.8014958534950897,0.0020493763959960882,0.8009252264339493,0.005148296231808231,0.7998121388068151,0.004983007113799215,0.7990383650781809,0.003303300089119473,0.80091539950195,0.00528423711311519,0.7981438180788083,0.005380363326228889,0.8004118438949671,0.001815518439016113,0.8017427931695856,0.007670673449479645,0.7945967949429312,0.0041978825066924345,0.7993148979492042,0.0017832733674484516,0.797903433054183,0.007058530476368586,0.7984698230328284,0.0013439401706754328,0.795883636952036,0.002845793697305063,0.7986835519370926,0.006027714543264678,0.7957485656647706,0.002882833486855997,0.7957485656647706,0.002882833486855997,0.7943577822036815,0.005157706184756978,0.7961310651506226,0.004106858850930613,0.7991861962661462,0.0014034832384833757,0.7956046474079281,0.007116918757685534,0.7952731761853503,0.0017197121775943815,0.7975468905143264,0.0022410818360103692,0.7959594240166656,0.005575576342669392,0.7969512467015608,0.0015893936707051142,0.7975979713894069,0.001055154869896243,0.7979855002286141,0.007566399412845078,0.8019927534519541,0.0029125450605859654
it_recall,0.8074041748490798,0.0006340677785352607,0.8152835357722986,0.0017354503520908848,0.8147501636482654,0.007550536815343296,0.8193080708900041,0.0019803212700717165,0.8139016170873034,0.0031454906242799423,0.8157926637088758,0.0037245416550456653,0.8177806870802725,0.0043726326124865775,0.8126651635270444,0.002044720907239376,0.8126651635270444,0.002044720907239376,0.8059737677891725,0.003110823077042277,0.8174655126433438,0.0010598343149511127,0.8166896986447499,0.0013535553957580218,0.8172958033311514,0.005363995655681778,0.8161563265207167,0.0029241143544257056,0.8222901059470992,0.0066570494990643965,0.8162048148956288,0.004809157103735966,0.821368826823769,0.002585844619191371,0.8174170242684317,0.00180273100540851,0.8195020243896526,0.0012729930024316923,0.8166412102698378,0.005468502069004084,0.8102165005939826,0.0032643337693865917,0.8123257449026595,0.007525389537855686,0.8158896404587,0.004241832210835415,0.816277547457997,0.00031703388926763033,0.809561907532669,0.002422478434174052,0.8149926055228259,0.0033141901796566926,0.8126651635270444,0.002044720907239376,0.8126651635270444,0.002044720907239376,0.8153805125221228,0.003540315530588253,0.8114044657793295,0.0013152332038711924,0.8169321405193105,0.0013332098901609759,0.8113074890295051,0.004922943301184448,0.8120105704657309,0.0037934987876335974,0.8131015589012535,0.007133849584158205,0.8114044657793293,0.007218134275314954,0.8121560355904672,0.0010598343149511127,0.8093921982204767,0.0008366879495108784,0.8144592333987927,0.007370432360486362,0.8172958033311514,0.003340159285244009
ja,0.6974737351439506,0.006145431151961831,0.685288045338137,0.010156028904092057,0.697538919370872,0.007662354425157769,0.7039721011508777,0.014353532329108876,0.6811864532133943,0.019463423718658966,0.6916598035196975,0.006527602166420821,0.7003481088426163,0.01990694299193188,0.677381950738274,0.01642571502877978,0.677381950738274,0.01642571502877978,0.6754978758716823,0.010082954216532049,0.6940264923740722,0.0014010616616214587,0.685734306583983,0.02223995439507434,0.6732515271285471,0.018276028515110256,0.6765032172176614,0.017752455702114936,0.69519604783018,0.011309855738789355,0.6835594097818961,0.016486924777585697,0.6930186439424423,0.009843340214892922,0.6843178031912692,0.01649008786235509,0.6955182083363104,0.01799182855410677,0.682398629125566,0.006938238599585056,0.6665062131850141,0.011140005028719414,0.6480515557093235,0.0020736084048136,0.6639778173061616,0.011239009465652186,0.6895952184862467,0.013359504616340332,0.6693605301984734,0.016752217249524786,0.6636268253150467,0.007371953201244381,0.677381950738274,0.01642571502877978,0.677381950738274,0.01642571502877978,0.6739484969394752,0.010626920152154391,0.6849483352324507,0.006414638307059752,0.6888631494762071,0.010495971566605962,0.6863322465117037,0.009599443283853213,0.6838226537752323,0.024703927212591285,0.6829439202546196,0.011030760123973473,0.6719653921896761,0.02010547497821009,0.685978747434938,0.010065132491026998,0.6691950625455192,0.008916260841270651,0.6821228497039759,0.005531602412904034,0.7030570148883282,0.0023491379169927108
ja_f1,0.276984853454049,0.026326903705181134,0.2802675235632193,0.01766051664758345,0.27269823174565927,0.007083898098773948,0.2883844857680537,0.012694693958364695,0.27277437162155055,0.027346712867765823,0.2825230126927423,0.0012107402497944367,0.27283372995407906,0.021050281033019886,0.2735534996876558,0.042599595795063665,0.2735534996876558,0.042599595795063665,0.2601766869953425,0.01564203641995484,0.2950598616089627,0.014831106710721761,0.30251059516874756,0.04788969953947405,0.3126325921399438,0.0068631627962679855,0.27941772578433566,0.02191649618194296,0.3135549494068089,0.01699652968187295,0.30267629349891845,0.004492642946800405,0.2901906918079549,0.03386542279301792,0.29141118266573907,0.046134584514700705,0.29225827843802404,0.021632079737215218,0.32902034267594465,0.012825062556022296,0.29527147123678,0.019679460216669775,0.2878941833869004,0.02923027657215543,0.29347956787729873,0.02141634101354755,0.272518211551862,0.022218629304724163,0.3040226407552245,0.002891881632216679,0.2769666150086899,0.029339908611886022,0.2735534996876558,0.042599595795063665,0.2735534996876558,0.042599595795063665,0.2971303330729791,0.0031614835944528638,0.290613701727063,0.01646562961898246,0.300475475293037,0.037198097354699686,0.31453167159476797,0.016863450749132664,0.28549597104081065,0.009587723565441514,0.29335711857304664,0.013426555315912143,0.29512382962783473,0.016334891973011727,0.26760235857445447,0.03536456178297592,0.2668120552850752,0.03510778564769275,0.28598311335743704,0.045897142943762154,0.2952813721956195,0.007884245275715396
ja_precision,0.22871521495457456,0.027037070808230968,0.22166627695296034,0.01863436226133025,0.2204714552545184,0.0043580776852972175,0.24471535336567207,0.021278528113872257,0.2164706970511352,0.032523132914741903,0.22794534979425482,0.001975528032791927,0.2199979518887695,0.017170803280045957,0.21402120030932678,0.03908499849366473,0.21402120030932678,0.03908499849366473,0.20887525283595954,0.011515233908044022,0.2325271797828764,0.013750105993615463,0.24191139120156127,0.03384109230507519,0.24177409681462045,0.008448407824612696,0.21934133602176722,0.019853295480769334,0.2458335842822856,0.015823886814367475,0.23890281792183457,0.001146855025231826,0.2252152563949512,0.025906663155942537,0.23076857330999448,0.040287257542740144,0.23107007852019126,0.017495275895788014,0.2576067803477049,0.010390234433996833,0.23031807163723383,0.014680338739630695,0.22919028149883833,0.026205067601450437,0.22937177444267862,0.02280778238123661,0.21716430475078438,0.017659388097104472,0.23988852441359146,0.005285624238535906,0.2140987510839211,0.024609121375317355,0.21402120030932678,0.03908499849366473,0.21402120030932678,0.03908499849366473,0.22868168212891563,0.005373461187079833,0.23067344894742767,0.009727613723321373,0.24019679785378453,0.037800173426663315,0.24349824352400942,0.013238595703315554,0.22603467888304707,0.010909637336654147,0.23457750920827394,0.014877180899329687,0.23078266897420088,0.01627598818550524,0.20721752129931592,0.029335369353066788,0.20951867382999098,0.02547415198959439,0.21834250097257282,0.03625401345206184,0.23155747842075003,0.006290864479110377
ja_recall,0.35168151068282466,0.023078916065361846,0.3815155497152869,0.010306926320993485,0.35783812722051883,0.020336950161713732,0.3525575509806784,0.006761125262526023,0.3713437484790967,0.006624560335753628,0.37148975519540567,0.0020471335750277715,0.36012556577602567,0.03701687808328456,0.38129653964082344,0.04936015049505581,0.38129653964082344,0.04936015049505581,0.3450382050907675,0.024929586831189822,0.4037329050469654,0.014972868330526063,0.40426826300676494,0.07655704296906778,0.4425220226797099,0.002869815153123216,0.3849953764539835,0.022263790142489664,0.43293424830875554,0.016210745951356742,0.4130530004380201,0.013784302239898271,0.4079427653672069,0.049363389534276,0.3967975860222903,0.05732810753439461,0.39760062296198956,0.028955871948035897,0.45529761035674304,0.018131649545904207,0.41144692655862164,0.031252003491036705,0.3873314839149267,0.031881690150647526,0.4083321166106974,0.01026478444800267,0.36579549325935656,0.030435688670351204,0.4154621112571178,0.014382217408822872,0.392295712269431,0.035572217513958844,0.38129653964082344,0.04936015049505581,0.38129653964082344,0.04936015049505581,0.42449019321555453,0.012354906241307377,0.392904073587385,0.03178766069965147,0.4027108580328029,0.025625149298790634,0.4440794276536721,0.023199566722065475,0.38793984523288066,0.012345124732911682,0.3923200467221492,0.019501054073496196,0.4097435148683506,0.016489119252857443,0.3778897162602813,0.04451614845634824,0.3674989049496277,0.05558677226888524,0.41444006424295515,0.06224935178076861,0.4074560763128437,0.012130279231740964
jv,0.8215339233038348,0.0044247787610619815,0.8303834808259588,0.009210911502062553,0.8259587020648967,0.006257582134394236,0.8333333333333334,0.017009679343172233,0.831858407079646,0.014223673688780194,0.8323500491642085,0.009820542947609765,0.8328416912487708,0.01484726535943117,0.8269419862340216,0.010669879259690608,0.8269419862340216,0.010669879259690608,0.815142576204523,0.010669879259690596,0.8372664700098328,0.004741224562926748,0.8382497541789578,0.009011948269333039,0.8171091445427728,0.014526338940702219,0.844149459193707,0.022189349255450883,0.8387413962635201,0.007568733686499841,0.8328416912487709,0.008123260394227253,0.8308751229105211,0.012281215336083383,0.8259587020648967,0.007804576138833606,0.8323500491642085,0.004741224562926748,0.8333333333333334,0.007374631268436557,0.8225172074729596,0.012886275734593122,0.8362831858407079,0.014069899725913652,0.8190757128810225,0.002252987067333268,0.8193215339233038,0.005214651778661771,0.8210422812192725,0.005583980674336543,0.8210422812192725,0.013704385314421178,0.8269419862340216,0.010669879259690608,0.8269419862340216,0.010669879259690608,0.8264503441494592,0.008386785697754258,0.8269419862340216,0.009820542947609772,0.8264503441494592,0.004741224562926684,0.8294001966568337,0.007423632679715546,0.7984267453294002,0.024782857740665788,0.823992133726647,0.002252987067333277,0.8323500491642085,0.0037118163398577784,0.8382497541789578,0.010871850731315635,0.812684365781711,0.01422367368878015,0.8308751229105211,0.018792050003555962,0.8328416912487709,0.018792050003555962
jv_f1,0.6090411686586985,0.004084824115708578,0.6238361117973105,0.027490991896307132,0.605444111286629,0.021787897284614346,0.6519943223673225,0.032885690126785334,0.6391258100077977,0.014567136758555626,0.6517504883492524,0.02814198587399272,0.6421686405420538,0.03802740670117658,0.6175408157864503,0.020987932271820633,0.6175408157864503,0.020987932271820633,0.6077946279398535,0.04872266405789078,0.665003765060241,0.014416112802704103,0.6463027462932596,0.013636975096411104,0.6017750688140726,0.04739172256966867,0.6609052632097016,0.04113069698909789,0.6571175098538143,0.006613682563354974,0.6442313631029584,0.02439127523270257,0.6455306367954005,0.026413963416794525,0.6253479700866623,0.021200236636373843,0.6518857607894001,0.01576446272726325,0.6483620664401218,0.013030395772282124,0.6211041153862763,0.021108514328271002,0.6260993407655243,0.022211226244378213,0.6211438784455302,0.025050943198469247,0.6059620596205962,0.019043068680195147,0.5868572955128756,0.02813942864686587,0.6318336342846899,0.018079843777872657,0.6175408157864503,0.020987932271820633,0.6175408157864503,0.020987932271820633,0.645219423320659,0.01658941462325773,0.6098721234142921,0.00643164608413864,0.6123439234266824,0.01634243810265779,0.6341587896778899,0.013216289110249283,0.5721629129213941,0.009367588127448544,0.614800108714028,0.03284832104916908,0.6532314991669513,0.010878426632738514,0.6578367746151722,0.03487664310772012,0.6160973827595826,0.029945503711131204,0.6260212299541065,0.0375783638866437,0.632566628218802,0.04262441251989626
jv_precision,0.5710732054015636,0.003744013416081299,0.5778043296359957,0.026505143020452364,0.567016979514308,0.01636011089651492,0.603223333128872,0.034096282652115034,0.6023514669025505,0.02013752910181049,0.6028257035503413,0.024215917667268497,0.5992960119115546,0.02166290802748489,0.5819959263985283,0.019391425841509505,0.5819959263985283,0.019391425841509505,0.571094907143671,0.04272101303878767,0.6173969914977109,0.019653341008916594,0.6039306282615285,0.010437341327878682,0.5564379101884925,0.0393311020553795,0.6144997045841588,0.046009126861366746,0.6019219407083028,0.002196748366421885,0.5961640211640211,0.015526418740339533,0.5983409865781341,0.020464355942964824,0.5823835732769326,0.020886046401422227,0.6009661835748793,0.014516888117214162,0.601160602990677,0.016595907656864445,0.5857851023580233,0.018238897921131605,0.5947698135198135,0.018377877190644095,0.5751134172095557,0.020692919621509858,0.5723222785646286,0.020938956755163482,0.5541039889238139,0.01980265792831768,0.5852115758441793,0.02158887959761039,0.5819959263985283,0.019391425841509505,0.5819959263985283,0.019391425841509505,0.5898623566899904,0.019108873496736463,0.5725559690471972,0.008459492810334843,0.5750354346129244,0.011384310141393279,0.5913187684764583,0.016749811988384652,0.5348402582503237,0.011413994965831443,0.5771739099805849,0.023699776537555593,0.6139968193687286,0.003169658111341448,0.6073371073371073,0.03136411208952157,0.5728530612760901,0.035887809570183296,0.5879378000205994,0.03965299185373958,0.5845225761892429,0.03858986543095411
jv_recall,0.6538461538461539,0.0060436477024491024,0.6780626780626781,0.03235845211282203,0.641025641025641,0.036261886214694734,0.7094017094017094,0.030816677568068274,0.6809116809116809,0.013055771210700359,0.7094017094017094,0.034188034188034205,0.6752136752136753,0.07252377242938951,0.6581196581196581,0.030816677568068305,0.6581196581196581,0.030816677568068305,0.6495726495726496,0.05604648311369232,0.7207977207977209,0.013055771210700397,0.7008547008547008,0.02417459080979645,0.6552706552706553,0.05817828449191489,0.715099715099715,0.0345423237976699,0.7236467236467238,0.017792017089454125,0.7008547008547008,0.036261886214694734,0.7008547008547009,0.03418803418803418,0.6752136752136751,0.022613259068928065,0.7122507122507122,0.017792017089454125,0.7008547008547008,0.012087295404898323,0.6538461538461539,0.03021823851224567,0.660968660968661,0.027474788492857373,0.6752136752136751,0.030816677568068253,0.6438746438746439,0.017792017089454125,0.6239316239316239,0.03916731363210117,0.6866096866096866,0.01305577121070034,0.6581196581196581,0.030816677568068305,0.6581196581196581,0.030816677568068305,0.7122507122507122,0.017792017089454104,0.6538461538461539,0.0060436477024491024,0.6552706552706553,0.03001610755798504,0.6837606837606837,0.008547008547008517,0.6153846153846154,0.017094017094017103,0.6581196581196581,0.04758772959683781,0.698005698005698,0.02150949981558613,0.717948717948718,0.04522651813785631,0.6666666666666666,0.022613259068928148,0.6695156695156695,0.03558403417890825,0.6894586894586894,0.05008089980412238
ka,0.8784475075390382,0.0047816157466892785,0.8753382901746289,0.011609543802870324,0.8864036854806874,0.003694263932360905,0.8777719446038393,0.007677891586232216,0.8732261385880734,0.0016733563400256918,0.8814468441850717,0.004052004482531872,0.8743452940530113,0.0061474673146135845,0.8650257812722559,0.007850683331625778,0.8650257812722559,0.007850683331625778,0.8553725566801372,0.0038907935622163356,0.8754685191741854,0.0015054207959562544,0.8828793631801922,0.003680006763472916,0.8708982952210027,0.007572133235015611,0.8845764098306615,0.005455004927778885,0.863051997997729,0.004200825646893591,0.8733075317127962,0.003307864555051717,0.8716674602496327,0.005689383784702875,0.8651275226781593,0.006483824542143234,0.868130928980429,0.0035647052625385244,0.8680251179182895,0.005075706517482224,0.8562353238021984,0.00398473382232471,0.8848083802361214,0.0010584549209075747,0.8782399550709951,0.007083064526121227,0.8778370591036175,0.005030584035520954,0.8788585428188881,0.004845612380178172,0.866861196234754,0.006002803647953712,0.8650257812722559,0.007850683331625778,0.8650257812722559,0.007850683331625778,0.874040069835301,0.012245826888930252,0.858290500201448,0.0028808251105408673,0.8664053947363066,0.0037634595749562808,0.8742069257409826,0.009331297558470529,0.8542656101839077,0.011195872831481572,0.8737633332112437,0.008520900994965483,0.8671053756089223,0.006794409006514682,0.873474387618478,0.010871031466419325,0.8779184522283403,0.012531959748800633,0.8666902706728363,0.016221396550365044,0.878028332946716,0.001413624252259284
ka_f1,0.6552241513907467,0.013242914712276083,0.6519437231564574,0.027988226959491817,0.6708052670603187,0.004362363259650161,0.6619844000659687,0.011648002951402628,0.6460965844575156,0.009377889249630567,0.6645173936113532,0.005947954126439234,0.6494048573069486,0.011288800464123148,0.6283858069883552,0.014406117697812543,0.6283858069883552,0.014406117697812543,0.6103112457116802,0.0033158459626249697,0.6474169968780236,0.007799260729853502,0.6680902097111998,0.002534067347053866,0.6450247390722784,0.01819196342078765,0.6645406638987763,0.02091660972451306,0.6033489859988634,0.004806062348599486,0.6296877337025123,0.010909978592633,0.6250610021412383,0.016461936325803252,0.6105301305175693,0.015584463169691844,0.6271942304298453,0.009521240130915196,0.629873923115737,0.008157533844914744,0.6040679547456281,0.009547274408359476,0.6652714726779966,0.005634406128814595,0.6626030502656749,0.004389771315371283,0.6610527180532918,0.007787934650962563,0.6644003916486872,0.01672284650304684,0.6211735035470668,0.019468252589064365,0.6283858069883552,0.014406117697812543,0.6283858069883552,0.014406117697812543,0.6523390149784941,0.024199574096203654,0.6034873827653356,0.005392769902741745,0.6235614097091725,0.012116745124061773,0.642006722938309,0.02049250289330199,0.5948706539311127,0.02018380417705288,0.6473174692347304,0.022887269221144577,0.6320034423428827,0.014713664001322017,0.6444822061333603,0.025100243601133023,0.6570730344895374,0.03098625809549297,0.6268295329601971,0.030989845501119585,0.641549154417032,0.00463536721359429
ka_precision,0.6541951355647885,0.017322655800797726,0.6471888927622835,0.019578543217276874,0.6648013592434726,0.014709297809831925,0.6466433122337866,0.009430604850482471,0.6238985101792035,0.007593259267642719,0.6619329478468589,0.006509068555774185,0.637795224835866,0.018258115279154215,0.6189913748093427,0.012525697611401964,0.6189913748093427,0.012525697611401964,0.5909578006244395,0.019905047596977882,0.6297008626638799,0.003388247527314237,0.6633442813070132,0.01346971911871689,0.6243936037266714,0.014474067642141094,0.6482776236581936,0.014661786754729634,0.619154209124897,0.01854724668489159,0.6384500044066651,0.004619593783236161,0.6269982975303487,0.024124866371406026,0.6109530873466181,0.025372578350328193,0.6297174475301834,0.011154143910614027,0.6150642122237712,0.004178103420047944,0.5836840146811558,0.01049091182473812,0.6593544918857643,0.014647484524820944,0.6440957313655086,0.008715607005375613,0.6475939331168291,0.016933654079722388,0.6399687425589273,0.009250003532345358,0.6213216780097804,0.0224781062607831,0.6189913748093427,0.012525697611401964,0.6189913748093427,0.012525697611401964,0.6206825764047478,0.027582553612893353,0.5987488670523576,0.010700008387027345,0.6358737143915021,0.006175992399335528,0.6390764582797059,0.03181066862199611,0.5836844589188863,0.028968889880394425,0.6384120249588053,0.012416052073825273,0.616988010398869,0.013878936812232458,0.637694414473001,0.037603165192818776,0.6487052893894355,0.034563977121936616,0.6288569892021328,0.03050030813384554,0.6387718189049519,0.003826251153342557
ka_recall,0.6564295014168645,0.014633380616102825,0.6569145541344362,0.036535125363250126,0.6773633555436419,0.01608083463246098,0.6781036991651987,0.014885736565396717,0.6700365065992698,0.015125032729597358,0.6673304230170279,0.015394295529005128,0.6615608485869648,0.0039448021014554385,0.6381762017819305,0.01912065813977853,0.6381762017819305,0.01912065813977853,0.6317428710015062,0.01656346193372048,0.6663603175818845,0.017993988808209103,0.6733552883510759,0.016790438311056272,0.6671261902938399,0.02315550421138059,0.6817798881825841,0.02890507515232086,0.5886752954992214,0.007413289169879427,0.6214291184805085,0.02122047958203692,0.6235480329835847,0.018261902517830685,0.6103239641571571,0.006109725258536918,0.6246968420515177,0.007946767496207012,0.6454519925455057,0.012652053393928454,0.6259988256618416,0.011666514997063943,0.671491664751985,0.006130012525497733,0.6822649409001557,0.003488155754808484,0.6753976155829567,0.011197031109938185,0.6908937734548518,0.025430780047170316,0.6210461821245309,0.01647053739072707,0.6381762017819305,0.01912065813977853,0.6381762017819305,0.01912065813977853,0.6876260498838427,0.023941863701738172,0.6084092823772689,0.006041662992041997,0.6119833550330601,0.02190668190063968,0.6452988180031145,0.010785579951424632,0.6068520078629599,0.01630685511963639,0.6569400832248347,0.03694288729574443,0.6479027852237625,0.01926536530854448,0.652293788772306,0.02649819973770449,0.6658752648643129,0.030626897678716278,0.6250287202266983,0.03473948305793987,0.6443542416583697,0.005648971074212857
kin,0.8886529977303446,0.006371568841756838,0.721112896233392,0.14249925952596346,0.5591066738071557,0.07474465429121867,0.6127113457271823,0.028354991862747588,0.8893287940223905,0.01297283256561228,0.38463009716165547,0.05504227742347016,0.775323234641573,0.14272850653587996,0.8969793180832886,0.005766077634566197,0.8969793180832886,0.005766077634566197,0.5336368041210823,0.28059601667669787,0.7454734399306352,0.07688183917190708,0.692149287226175,0.13205169698807498,0.8103753857139214,0.08114283001525963,0.6599023283094891,0.20383571986420454,0.5133947925432892,0.05910822483820387,0.6148024889704945,0.06790952661296956,0.4859867900951215,0.20156949433416654,0.7400543187208323,0.04548951924895719,0.8308660393236936,0.03703492286656486,0.8723127534236096,0.019933652954094595,0.6738326575370414,0.10214608118103352,0.8394473771453344,0.03851121534586578,0.8227756101292938,0.054181096336019495,0.8928671614005559,0.009874333111373751,0.7500637543671741,0.10398115101128862,0.8503174967485272,0.035898219368516476,0.8969793180832886,0.005766077634566197,0.8969793180832886,0.005766077634566197,0.792109759518527,0.07970341093829257,0.8824815749878866,0.009610572774946907,0.8952388238594343,0.002944105990463918,0.9046872210746436,0.0032041755074899885,0.7673603141815214,0.07734821789664935,0.8329890597505929,0.05825783651821261,0.8427498533649556,0.05702452946378413,0.8798038915665723,0.011632701920371483,0.8170632188304898,0.08954816336861499,0.8979993879580751,0.0027472066782029906,0.8600527886160202,0.026173626928337867
kin_f1,0.4155257138602754,0.009302164599117656,0.2642938985973737,0.056724967037804365,0.19840928612964306,0.009140006250568981,0.18546251001743386,0.0269691437502072,0.39404843436709497,0.030951733570855403,0.15692318565700236,0.011145274673865222,0.2869373465097194,0.0835369616669171,0.41868580476390926,0.005421830855997791,0.41868580476390926,0.005421830855997791,0.1964419663020984,0.06675642260582094,0.24303046303585027,0.05240934900095718,0.24733038796603754,0.06818054924739718,0.3017758870757153,0.021939057713556587,0.2282333345619687,0.06557000464479687,0.18713493116452687,0.02326997096155754,0.21043839517276108,0.017045022767294478,0.17626781835573355,0.04424493604455764,0.2522479931745092,0.020761934081364463,0.33491390983530284,0.03583941324957637,0.3557265952146991,0.030618232684146308,0.232079749224292,0.03374150851899835,0.3418447922394785,0.037728865886194674,0.3025746734248827,0.04414300370539387,0.41795355877327206,0.005997995317883033,0.2787349161687211,0.03396369984492634,0.34232940989812916,0.042526477291287765,0.41868580476390926,0.005421830855997791,0.41868580476390926,0.005421830855997791,0.2917570348677566,0.06703068038097351,0.38235737083203464,0.02868501910055258,0.4149567748734027,0.010759943778124434,0.4439406772075099,0.006976072785286182,0.27145716318291063,0.04239849292331742,0.32405481769932654,0.060087607150450285,0.3386047401817945,0.06830201811047262,0.3713781908255764,0.04059598807583261,0.317976225209929,0.08038394273715277,0.41458140928366377,0.007282443629754147,0.3368471069900146,0.03020119033457226
kin_precision,0.3463129968459275,0.011679450744879416,0.2105188387536253,0.05093389932087338,0.15012303211438602,0.009154781300355855,0.13958008108399653,0.02344146727873954,0.3339956112679892,0.027683963026419126,0.1165104592609873,0.005726457244147127,0.2451835557505445,0.08798672241926607,0.36334303772842463,0.007642941378215352,0.36334303772842463,0.007642941378215352,0.15301726692823384,0.04607023056856973,0.19565077046691945,0.04815097608512403,0.1916803970720655,0.06872000944196015,0.25198354574912807,0.02992586813715828,0.17515428048175155,0.058133452662507946,0.1410402121709695,0.017234247210525043,0.1628268849582468,0.014143911682870665,0.13295865124779538,0.02988061251640586,0.18663971395957854,0.022619012615075717,0.2789836641796269,0.03254605984584554,0.3060224744314302,0.038538381814905,0.16799392320674486,0.028777768424536252,0.2738922956007536,0.046531893969622165,0.2502489946967013,0.046286196852433625,0.35656145142787593,0.01250851819981731,0.2061757484525353,0.029206824279345272,0.2795835492454695,0.04823254691072962,0.36334303772842463,0.007642941378215352,0.36334303772842463,0.007642941378215352,0.22640814043855842,0.06633456511648039,0.3235955438292844,0.029414353021481723,0.36251416505538375,0.005474816908906815,0.3869701696231365,0.01438453191073954,0.20696940293580765,0.038978778206090275,0.26476062444166243,0.07055503861945012,0.27628426490048796,0.07101790887255019,0.31700807466302156,0.02933773254532252,0.2596785980278468,0.07883977396389896,0.35683884989523956,0.010859622962286736,0.2907953016221343,0.036955175601195545
kin_recall,0.5195094760312151,0.005184845464541119,0.356298773690078,0.06080368125167099,0.2935340022296544,0.01965102338376382,0.2777034559643255,0.03435603705078666,0.4810479375696766,0.039713988109906055,0.2411371237458194,0.030603377347449952,0.351505016722408,0.061097006077478255,0.4940914158305463,0.008982491450828849,0.4940914158305463,0.008982491450828849,0.27614269788182827,0.1107009939057214,0.3228539576365663,0.061364933956153785,0.3560758082497213,0.0455897540035926,0.37837235228539573,0.0021502008385714108,0.3313266443701226,0.0760973077844932,0.27803790412486057,0.0360589303101256,0.29743589743589743,0.020919280178545302,0.26298773690078037,0.07945261702044815,0.39175027870680035,0.015258071001940321,0.4190635451505016,0.0390846715218289,0.4264214046822743,0.011503266569846045,0.3765886287625418,0.031892047864190975,0.4594202898550724,0.008303030627141803,0.3851727982162765,0.03857382668429035,0.5061315496098104,0.02492555180036304,0.4308807134894091,0.03474131413736869,0.44403567447045705,0.024122810184108896,0.4940914158305463,0.008982491450828849,0.4940914158305463,0.008982491450828849,0.41783723522853955,0.04152054144841687,0.46878483835005574,0.03957432437777441,0.4852842809364548,0.019985901228533314,0.5212931995540692,0.014000294549907855,0.3976588628762541,0.04373477200876933,0.4268673355629877,0.01784315676514465,0.4441471571906354,0.055448842277447855,0.45061315496098103,0.06903121299216497,0.4137123745819398,0.06789297658862876,0.49509476031215155,0.014518029583915428,0.4017837235228539,0.018203117582090783
kk,0.8175823252688171,0.014224035311345138,0.815356182795699,0.01139821710378659,0.8211105510752689,0.011823514251271554,0.8256468413978495,0.01195240350257556,0.8073756720430106,0.01094482382329262,0.8237567204301075,0.02422710538907175,0.826108870967742,0.006065426686773522,0.8152301747311829,0.009170351784996148,0.8152301747311829,0.009170351784996148,0.809601814516129,0.002622057969592391,0.8127940188172044,0.010699808677121265,0.8199344758064516,0.008084180913480558,0.8108618951612904,0.015449739800824338,0.8138860887096774,0.00643875317088772,0.817414314516129,0.0066593801722398425,0.8245127688172044,0.007206001552454813,0.850680443548387,0.014477772780965131,0.8248487903225806,0.0062383537270597495,0.8211105510752689,0.015335928646391496,0.8264238911290323,0.007038991395380233,0.8073336693548386,0.0023097659752801774,0.8108618951612904,0.010746205334252341,0.7993951612903226,0.012027666128379737,0.804645497311828,0.0037683223819483685,0.8082577284946236,0.007485911350374416,0.8125,0.0044300392719876045,0.8152301747311829,0.009170351784996148,0.8152301747311829,0.009170351784996148,0.8132980510752689,0.01445600484510749,0.8247647849462365,0.008263221627596221,0.8210685483870966,0.009685422807749847,0.8156081989247311,0.006338510428711647,0.8182543682795699,0.016680885201555102,0.8084677419354839,0.013394248288676662,0.8078797043010754,0.022864243457486565,0.8254788306451614,0.010071190122322632,0.8111559139784946,0.020925054647939974,0.8101898521505376,0.005814604328182828,0.817456317204301,0.01140518011555651
kk_f1,0.4276745604845796,0.02466277217643319,0.4583501383073257,0.015432817844569345,0.4533557980288501,0.01650729729085529,0.484873838350536,0.005110371412917772,0.4265456665461474,0.014772963145726731,0.46192279126670743,0.044732529112699794,0.48105862069977445,0.007039399466108545,0.45395794586533883,0.03827509123412291,0.45395794586533883,0.03827509123412291,0.4402222475302304,0.023495939792341578,0.43048766899235263,0.026124097943972954,0.44735930301658544,0.032688225986035185,0.443128523361719,0.06958231915334094,0.46338182092107044,0.007104875411175256,0.44728529989942767,0.04147178387082372,0.45292511582159856,0.014948758680558767,0.566497559437167,0.02804215066444282,0.4364830105551549,0.021124807338350333,0.46794823157429044,0.04999664832311688,0.4754653016052956,0.02415803771283692,0.4211672558658644,0.01506138219982012,0.4315073462771432,0.017750382587950975,0.4027056374846158,0.02510188819869846,0.41571752733862016,0.007220355926510042,0.4211765583692532,0.025977037703670654,0.41510405134789935,0.029424097799475253,0.45395794586533883,0.03827509123412291,0.45395794586533883,0.03827509123412291,0.45147589952917017,0.031239367281260227,0.4384453992174793,0.04179042185476589,0.45512553166066566,0.03027196624870373,0.4370457780255907,0.004045702759009641,0.4500127069362496,0.02924387386417326,0.45634890859468386,0.03421721723391083,0.4491150091509411,0.047014937244300906,0.45796108730553436,0.023340615107492375,0.4369961501087869,0.021721800736902438,0.4206042147256972,0.01770686592369252,0.4715457922866226,0.015352063473197421
kk_precision,0.4040371501840208,0.02885004761149103,0.4255113100625345,0.019289085068258525,0.4305475950350763,0.01609252953025652,0.45360871247925366,0.011707376571050976,0.39300705879360276,0.018560259745154555,0.4389775510795583,0.05801329425154864,0.44328545239624,0.011816746467074112,0.4114252338906812,0.030808628602474082,0.4114252338906812,0.030808628602474082,0.41128786811160856,0.021505150148158365,0.3921740691497389,0.02508797206729569,0.41242287998661736,0.028646014932874202,0.3987030715851872,0.05583898471675161,0.4217263046348864,0.021855423431873022,0.4226585842386368,0.03921270776668383,0.43246599337046526,0.026921060391555306,0.527725423201198,0.042482237631045854,0.40267845549801384,0.0199135871728224,0.43071427682168983,0.042598460468396646,0.4480265596585615,0.02091169480638086,0.38631204099428557,0.018356280298502017,0.40106329798166157,0.024345084871865277,0.36496316423336955,0.028070969128829493,0.3799859427703974,0.007575692341485838,0.3860311372731906,0.028437268554649384,0.3816849291975439,0.021085053234233552,0.4114252338906812,0.030808628602474082,0.4114252338906812,0.030808628602474082,0.40987328081989766,0.027985049320837938,0.4135929018404296,0.045061634321969524,0.43619646852352734,0.033195441488817166,0.39963754505525917,0.011616107010233068,0.42347191707045956,0.025664586014424815,0.410510874105151,0.028794934941827013,0.4076385686046576,0.047269723586336604,0.42834191587361836,0.024614686668172833,0.4188728532859203,0.02373780128973856,0.3824321121238882,0.017435998915982746,0.43405468046950046,0.01768875773451687
kk_recall,0.45470852017937213,0.024413735585320544,0.49686098654708516,0.012459591021928085,0.47922272047832576,0.02593670699760115,0.5210762331838565,0.010107110017564718,0.46233183856502236,0.018391118075703896,0.48849028400597905,0.027163687154799564,0.526457399103139,0.018791324519961367,0.5064275037369207,0.048805501553704125,0.5064275037369207,0.048805501553704125,0.473542600896861,0.025947042406259065,0.47713004484304933,0.027365284847340562,0.48878923766816146,0.037934145260191246,0.49895366218236176,0.08910273654598826,0.5153961136023916,0.015464893460541205,0.4750373692077728,0.04454008268357234,0.4765321375186846,0.018474755821202237,0.615695067264574,0.013317706192751102,0.4765321375186846,0.023151061161792923,0.512406576980568,0.060465549154422746,0.5067264573991032,0.03123600855115338,0.4630792227204783,0.011285253266473512,0.46726457399103144,0.008555508532887397,0.4493273542600897,0.019974042557237753,0.45889387144992516,0.00762771349606763,0.463677130044843,0.024413735585320555,0.4553064275037369,0.04207925455285598,0.5064275037369207,0.048805501553704125,0.5064275037369207,0.048805501553704125,0.5025411061285502,0.03605708364035807,0.4666666666666666,0.03802239305371515,0.47593423019431985,0.0276770389829815,0.4825112107623319,0.007004708229512676,0.48011958146487294,0.033585418264495,0.5142002989536621,0.04627605701419191,0.5001494768310911,0.04559312888697048,0.49207772795216737,0.02237364094716615,0.4568011958146487,0.01932591492842326,0.46726457399103133,0.01791478417528083,0.5162929745889387,0.014935720175541735
ko,0.8374361892509299,0.011557152606106449,0.8413369949776096,0.0031725967003716333,0.8463923732238139,0.0035704969207122858,0.8479386757053202,0.008334361712717975,0.850169474751973,0.002906311610612407,0.8441079690244687,0.009437560237028214,0.8451429608187567,0.011844277035442193,0.8408091903972554,0.010424501748981655,0.8408091903972554,0.010424501748981655,0.8260017978343518,0.0036757913862695796,0.8407514617712791,0.003957574240097977,0.836244505471849,0.005307044680385015,0.8393618512745656,0.00914108183037936,0.8445038224597342,0.00461993365244266,0.8491097421179807,0.0006718098535974437,0.8417369718861591,0.004914815185937741,0.8510106633019126,0.006610262071014594,0.8500004123473284,0.005882838102885027,0.8497859917365594,0.002009079579691632,0.8446852552842309,0.0021948810995336926,0.8548372465094799,0.006061206978710503,0.8484334924994021,0.005427025049661656,0.8457243705518032,0.004273963648502148,0.8450646148263606,0.008256459089085857,0.8397948159693872,0.004659074126354757,0.8442481671161253,0.0023262420216227887,0.8408091903972554,0.010424501748981655,0.8408091903972554,0.010424501748981655,0.84244620929101,0.009376944164506098,0.8434935715051503,0.005258146357569815,0.8484747272322423,0.0025831083618073616,0.8407267209315751,0.007085695432289844,0.8493489035684538,0.004781728683017137,0.8421451957412769,0.011279688624910758,0.8408999068095038,0.005140595407785375,0.840215410244357,0.006807062619017619,0.8433162621539375,0.014597268400603668,0.839201035816489,0.009660120451724794,0.8438399432610076,0.007275514267419122
ko_f1,0.5841202108815392,0.01902151107403432,0.5963965851742842,0.0057751624034624895,0.5962672336674171,0.007836471229330958,0.6042778127527516,0.015343037342883904,0.6173803474774959,0.005657788293154741,0.5927837859487067,0.01756168358379731,0.6003750662491246,0.02736864828826187,0.5946255303747737,0.011897310296532604,0.5946255303747737,0.011897310296532604,0.5589718323318184,0.01568846355227513,0.5905246255968968,0.007240053960763681,0.5832538608950234,0.007912410191674591,0.5943487152304101,0.002879227316571672,0.601053520109839,0.007958161956273439,0.5989908776262598,0.003380192796936997,0.5963567559161544,0.0035518696865243045,0.6082098114566105,0.00918028859550992,0.609997370610918,0.016597481764451368,0.6082904392389143,0.007708895753347481,0.6034598908717276,0.003502595428536959,0.6189876415956621,0.009709734979276895,0.6103248636625122,0.008944803407344123,0.6052467893905946,0.005580430572770951,0.6042363177117682,0.010356450465044915,0.5913048116980187,0.010589004557753978,0.5963605541464364,0.004075434984802872,0.5946255303747737,0.011897310296532604,0.5946255303747737,0.011897310296532604,0.6045256782204046,0.019267127605179696,0.5985115180709749,0.014335565675698873,0.607392429321323,0.0027217421443981814,0.5991323228651328,0.011009381177011756,0.6091872944926983,0.0063728941472574775,0.5961292553130583,0.019510949725647493,0.5910788531559098,0.019646843515836208,0.5846409942263944,0.006570777014575789,0.5986410466530685,0.02055356813516247,0.5890722660021853,0.018233987919964525,0.6002599587082338,0.014717992974264859
ko_precision,0.5543571671193988,0.027744498667483384,0.5600222227397055,0.011234661302143295,0.5657054575500647,0.0051916369660898135,0.5736314401223382,0.022713955320393726,0.580775418036462,0.011493353825932506,0.562627327226278,0.02012548945281832,0.5673616151993082,0.034751600025535255,0.5593656018884011,0.017842534269884417,0.5593656018884011,0.017842534269884417,0.523972377464745,0.016720859547002375,0.5548951770766951,0.013434414333681604,0.5454845782539842,0.009870113516558948,0.5594754380964634,0.011214005891684684,0.565121316092422,0.005820787300208589,0.5695592268236047,0.008164782191637998,0.5597426757771383,0.008716911591494816,0.5726004915452934,0.010426092752091977,0.5743817885646466,0.01774056116719796,0.5826673272743473,0.009679947601218276,0.5653155191435559,0.0022539540935834538,0.5847247386308924,0.009294886902886677,0.5803741972578107,0.011661292786072783,0.5706331945437765,0.012115162482997337,0.5702143933590207,0.01662947282816608,0.5454163870959375,0.009062130626640037,0.5604621491070952,0.0074065571137321784,0.5593656018884011,0.017842534269884417,0.5593656018884011,0.017842534269884417,0.5586608111498922,0.0255105506595848,0.5658229962717355,0.013754972388250545,0.5795327122647799,0.004612980842596471,0.5619689892289895,0.011910559142871488,0.5726358256033817,0.00908355357170344,0.5622386875159973,0.0145601097260583,0.5606877742339988,0.01517766387649323,0.5589468538931944,0.011360207727726467,0.5708403857512256,0.0294946778660908,0.5551458494878673,0.024515548844289345,0.5702516972742361,0.02140795235014305
ko_recall,0.6176939610344588,0.014074741731955904,0.6379394023434791,0.002024971485337383,0.6303820287041532,0.012937564962772069,0.63863273937461,0.008491892779173907,0.6590399593242275,0.003541678847117385,0.6265224525641915,0.017808147154672514,0.6377545124685109,0.018879445562876993,0.6347731632346484,0.004452677854167015,0.6347731632346484,0.004452677854167015,0.5989969724282974,0.014227494375151598,0.63121403314151,0.005091190390538995,0.6267073424391597,0.008336494865004993,0.6341722711410016,0.011677395714271644,0.6419145346552959,0.012329383253065717,0.6317455915320438,0.006765041634406619,0.6381936259215605,0.003394048241791619,0.648639903857265,0.011841728304058377,0.6503732464350921,0.016091146102629142,0.6363216159375072,0.007839411096992014,0.6471607848575193,0.007597341560387367,0.6575839515588527,0.013070889550245003,0.6437172109362361,0.013320073264837222,0.64447988167048,0.003136408237463369,0.6427234278582818,0.002770746890756125,0.6457047770921446,0.015360349512125743,0.6372922877810904,0.008683152496128534,0.6347731632346484,0.004452677854167015,0.6347731632346484,0.004452677854167015,0.6588088469805172,0.010744710880016937,0.6352122766876979,0.015076905618753186,0.6382167371559314,0.011491211581846033,0.6418914234209249,0.020050391100764762,0.6507661374193995,0.0044810174393833165,0.6344958284221961,0.02711136930775717,0.6251126672675588,0.027232086222191944,0.6133490489727057,0.020364800904278894,0.6296193579699092,0.010444334775095649,0.6276780142827428,0.01386726061564033,0.6337793801566941,0.007461350253685295
lt,0.8911738915986188,0.005877870140105407,0.8986454394329662,0.003815746975532505,0.8936446173800259,0.0033277729366606636,0.8942748579675198,0.003565635434587266,0.8898266381688315,0.006849075511014223,0.8963710929650537,0.0037630398899080493,0.9014860890374674,0.005562698835371271,0.8914068065983449,0.004284434809379679,0.8914068065983449,0.004284434809379679,0.8891507279735481,0.00392320006940033,0.8958778612009279,0.0037681245872593122,0.9033859447215068,0.008980762029760704,0.8936080816937944,0.006045836791354354,0.8970104674741052,0.0034617713329398955,0.8959052629656017,0.0013271009675981467,0.8987596134524397,0.0025929560817925636,0.9012486070769624,0.0006173510754111813,0.8960925083575382,0.003331794302453601,0.8971018066896841,0.0045598284673103165,0.8949873038490347,0.0069276941442123555,0.8900458522862206,0.004339965791599316,0.8928819349299428,0.005223187740439781,0.8909592444420088,0.00612376310195986,0.8910642845399245,0.0013550027171019842,0.8897352989532527,0.004669870928688104,0.8939780055168886,0.006456392100725879,0.8914068065983449,0.004284434809379679,0.8914068065983449,0.004284434809379679,0.8882875723863283,0.007755635331056776,0.8950877769861713,0.0009433068267852078,0.8965446374746534,0.0028716016563887716,0.8959966021811804,0.004768851848042355,0.885150070331196,0.00791695658923015,0.8949918708098134,0.007910077585789314,0.8870590599367932,0.007018614921769668,0.894105880418699,0.010036875900381851,0.890776566010851,0.005723034197527719,0.8916077528726184,0.001588672300560552,0.8958047898284649,0.003025476227581711
lt_f1,0.7230232682719503,0.006041365145591748,0.7406946955927173,0.005384258389756766,0.7322291146805342,0.004997983229704551,0.7321833521978899,0.0061145265515010405,0.7266382774703105,0.011839947612870567,0.7371865171376499,0.007303729536142753,0.7440824039561577,0.012993062310706632,0.7281469227520826,0.006205637570014704,0.7281469227520826,0.006205637570014704,0.7170158964053478,0.008758878123840168,0.7353729441236442,0.008423853725966855,0.7487254186223146,0.018090956429151265,0.7314856858151216,0.011797340776457114,0.7356184653751173,0.005699749596962889,0.7339713070496489,0.0034822198419152475,0.7372426732753498,0.0026905096661297857,0.7434936110975613,0.001947290679056744,0.7333870786296975,0.004316378756091473,0.7371413119797655,0.0017099741393707178,0.7327829697774755,0.012014882350671675,0.721727645831073,0.007559656699979184,0.7295781727720899,0.0033535953135697565,0.7310306511212401,0.006482522495776594,0.7285143935437661,0.002941805085472595,0.7224495856301472,0.004975675577029378,0.7292665472347434,0.011526917659666364,0.7281469227520826,0.006205637570014704,0.7281469227520826,0.006205637570014704,0.7172003756880008,0.01320313748703338,0.7350527627923769,0.0009863449656221004,0.734928962539407,0.004576028965571795,0.7364999367443783,0.007435506919249508,0.7160833852509888,0.012111431527073982,0.734667305953231,0.01462832393970178,0.7234668120431583,0.011120983637307673,0.7311959532241876,0.01645922797571754,0.7252291556857641,0.007020465861716157,0.7242389549096201,0.004029123846859205,0.7332726392875751,0.006466688664570761
lt_precision,0.6904534388424203,0.013675105677186309,0.7093852157008939,0.005737936348295545,0.6962268470538605,0.00810636222246569,0.6966577157160058,0.00792637025905412,0.6887562478451046,0.01664859043449,0.6956407225853858,0.009712288297182292,0.7111077386969894,0.01331377436345895,0.6916129290332241,0.00835851895724839,0.6916129290332241,0.00835851895724839,0.6796167408641273,0.010135258273052122,0.6991759984678566,0.008541975428069134,0.7166696871457278,0.018152849623199345,0.694985720037125,0.014152705420968041,0.7011141580798353,0.006109804966944273,0.6998683458891523,0.002927645501292095,0.7051247133497274,0.004127971240898623,0.709662533724583,0.006166672721961117,0.6971821230295029,0.004932959580795416,0.7065017968654789,0.0008442309238986793,0.6979904499995104,0.01769836287222803,0.6870768768745558,0.009497629412798437,0.6996998678069762,0.004221951371762259,0.6913065578463332,0.007341387534288974,0.6897933539620097,0.0026169699817086764,0.684345500835908,0.004781347546920546,0.6979767658799111,0.012080682230004292,0.6916129290332241,0.00835851895724839,0.6916129290332241,0.00835851895724839,0.6778876594374834,0.019913725960710858,0.7053036528296377,0.0006157204582235557,0.7047082101892319,0.0033244510417371246,0.7044611025308195,0.008264772794655838,0.6777710005042629,0.015311149617809295,0.7006104270628262,0.01570029970178199,0.684709349225534,0.007757770677655749,0.6976706280162658,0.02151701782491868,0.6893860128327276,0.008666681614376967,0.6863166079738151,0.0029227970688471003,0.697353982651498,0.009185152718327061
lt_recall,0.758971422338569,0.003276679486330221,0.7748963787085515,0.004945278317398536,0.7721967713787086,0.0037393018578581773,0.7715423211169284,0.004460005710040195,0.7690063263525305,0.005711422280469228,0.7840314136125656,0.004323367232239429,0.7802683246073299,0.012663073520326563,0.7687881762652705,0.0056454238513896,0.7687881762652705,0.0056454238513896,0.7587805410122165,0.007066819211823907,0.775523560209424,0.008258383746006048,0.7837859947643979,0.01798231609987612,0.772060427574171,0.00929584820168527,0.7737238219895288,0.007711950775516305,0.7715968586387435,0.007093600093502119,0.7724421902268762,0.003590478898091887,0.7807591623036649,0.0036849167635979573,0.7735602094240838,0.0035649146874183997,0.7705606457242583,0.002797408072258337,0.7713241710296684,0.005090647506671371,0.7600894415357766,0.006817626513089885,0.7621345986038395,0.004114240665912377,0.7756053664921465,0.005683623590537218,0.771842277486911,0.003511958104330091,0.7650523560209425,0.005731696353273379,0.7634980366492147,0.010925350801568406,0.7687881762652705,0.0056454238513896,0.7687881762652705,0.0056454238513896,0.7615074171029669,0.005032471804452177,0.7674247382198952,0.0022148210685014207,0.7678610383944154,0.0060968095454094285,0.7715968586387434,0.006562883219938402,0.7590259598603839,0.007982437808341099,0.772224040139616,0.013747431616515713,0.7669066317626528,0.015694516329634065,0.7681882635253053,0.010374356992565496,0.7650250872600349,0.006084723226191474,0.7666066753926701,0.00611963488523072,0.7731239092495636,0.004468999680947044
lug,0.9177004493409168,0.006182953381725364,0.7726723095525997,0.08362921259087014,0.6584710466209862,0.08560553858648226,0.721080209592906,0.017202089402572777,0.9344947527132129,0.006007900626725653,0.5051875737083314,0.1391688377811161,0.8067535491961126,0.11526266560188896,0.9314195291623748,0.003918180255878247,0.9314195291623748,0.003918180255878247,0.5479122814874527,0.2735119138850994,0.7741203517100333,0.10366347712157445,0.7382327914371446,0.10378402879672466,0.8340722826817144,0.07811934274901833,0.7425918461791093,0.13089263052913466,0.5511517160045979,0.06334345926790813,0.6292862794273516,0.045658026741992194,0.5274157672384194,0.19903259115633723,0.810336333915536,0.03203137779450598,0.8538373117171988,0.05176489170919053,0.898428053204353,0.015452511452188575,0.7451296520220341,0.04003313549810512,0.8986370489796528,0.02004245712719822,0.8427456073566514,0.039530055252186815,0.9226267783301237,0.016205068197503957,0.8112171018257275,0.07694725299994998,0.8919790407093914,0.021406435996502413,0.9314195291623748,0.003918180255878247,0.9314195291623748,0.003918180255878247,0.8312060549061758,0.03783656455168258,0.9032797408452385,0.015793255633029368,0.9383761028259214,0.002759267643109829,0.9336289130726857,0.007237840343942477,0.7838237269918045,0.05799093246791856,0.8827235135175481,0.03233588298316157,0.8885903234956037,0.04024710228480097,0.9143565169361217,0.0016087245320492527,0.8548076492453759,0.09626774659094572,0.9309418245331184,0.007813762089160745,0.8927105259229403,0.009113937869619903
lug_f1,0.6034854704874427,0.013999701147907866,0.3637790402600006,0.049782754293719145,0.30448269242542725,0.03477386498259752,0.3065793875937002,0.033006835473588785,0.6231005341665835,0.020721526460300472,0.23115651591865696,0.053359439790316765,0.39592882330250356,0.08437957357536459,0.6235161599416915,0.0056339252659247194,0.6235161599416915,0.0056339252659247194,0.24431496117823193,0.12258641820505843,0.34848244947362494,0.1053571143456296,0.34082630232126876,0.09797956150423233,0.44439990428316695,0.04651946299205274,0.33559798494587634,0.07980582810169111,0.2459505050048791,0.03747929437817376,0.2846726257883389,0.023792944946738365,0.23551761786065006,0.09906031671050189,0.40321622544876906,0.024098149130052097,0.486446095163047,0.06743675716421657,0.5163295716730126,0.03751361805772206,0.36380341284387785,0.025241344472391864,0.5311736881231822,0.03545136866514792,0.4393946581927845,0.047050769891016656,0.59894621527403,0.028546855977877556,0.4226711173940883,0.06217421558007849,0.516065176465288,0.043875489131231224,0.6235161599416915,0.0056339252659247194,0.6235161599416915,0.0056339252659247194,0.4211756564866132,0.047526141358735736,0.5512228547436121,0.0391094251925899,0.6412263810978708,0.01777598097931452,0.6238553799771761,0.026034459085131367,0.3907602322123676,0.026471833749192892,0.4855254180112885,0.04078837762466039,0.501977617548001,0.07329341791376226,0.5538348759231985,0.011363814468026574,0.4821094902368985,0.09507183125905129,0.6162298658468969,0.03244995955831179,0.47335751635051976,0.028487077359121604
lug_precision,0.5836299885360979,0.017418469979625387,0.3317952250175362,0.057840161567425816,0.26759894194201617,0.0455368135118522,0.26964584236047073,0.029498401145942196,0.6357173854975624,0.02126727833087885,0.19495248880951563,0.04049980929996938,0.37926428024085695,0.10467437168362013,0.6317440607708383,0.009122150531418283,0.6317440607708383,0.009122150531418283,0.2182451067340995,0.10580361331635511,0.3264740095265897,0.11357995782982876,0.3050007907324414,0.11319619246594238,0.42504644279968806,0.05950935669892964,0.29949103798523696,0.08890353930893821,0.21233433331282936,0.03308290695348873,0.2524483089144,0.022092734268442535,0.20158742708238142,0.08401880798127466,0.35910271033984853,0.032661275626316905,0.4786599786345777,0.0813954732325741,0.5267485061526379,0.06389794508353402,0.30606254866492827,0.027057725804567025,0.5054160847690602,0.060851632275256945,0.4144859033224056,0.05756688542119281,0.5989665256075195,0.048068196050156727,0.370079612350058,0.07043420972381025,0.49837084956174743,0.05302091433266365,0.6317440607708383,0.009122150531418283,0.6317440607708383,0.009122150531418283,0.37414693388415565,0.06470868797331694,0.5366707979137295,0.04308147177927304,0.6877873844705378,0.011961379079279572,0.6454898505189913,0.03126244560869254,0.3401954458959549,0.031904633788867875,0.4664550063006005,0.0758594936044126,0.48309381685393227,0.10358383473695554,0.5603853201808771,0.02894879676667612,0.465339179099809,0.12448079651667772,0.618833278637727,0.033290824316102606,0.4800030961267428,0.03577829314808611
lug_recall,0.6250426475605595,0.018319199943580708,0.4037871033776868,0.03774287424256355,0.355510064824292,0.017522698862053526,0.3558512453087683,0.04216858288769805,0.6110542476970316,0.021862855028959828,0.28437393381098597,0.07500599020796199,0.4174343227567383,0.05791230949906173,0.6156601842374616,0.01152336770644596,0.6156601842374616,0.01152336770644596,0.27772091436369833,0.1448540199593506,0.3754691231661549,0.0965909910834175,0.3911634254520641,0.07403950610910288,0.4675878539747526,0.0382643458060791,0.3853633572159672,0.07148871041411241,0.2922210849539406,0.04314685549305631,0.32633913340156945,0.025620927980014994,0.2840327533265097,0.12140621222191948,0.4607642442852269,0.013010791515297415,0.4953940634595701,0.05425976575354851,0.508358921869669,0.021386465351912094,0.44882292732855683,0.018259532011168107,0.5622654384169226,0.007189118903345458,0.4684408051859433,0.03318363907757501,0.600648242920505,0.02708197330168779,0.4945411122483794,0.045094910217899686,0.5358239508700102,0.038396449297651396,0.6156601842374616,0.01152336770644596,0.6156601842374616,0.01152336770644596,0.48532923916751963,0.017921720797769054,0.5668713749573525,0.03691259081396393,0.6016717843739338,0.037089551418630365,0.6047424087342204,0.03706836075111628,0.46008188331627425,0.021353783055296907,0.5112589559877175,0.0036904311929007467,0.5286591606960082,0.04704673524885742,0.5496417604912999,0.035059096332556654,0.5047765267826679,0.0566410984503107,0.6139542818150802,0.03553153552678807,0.46707608324803823,0.02220361596413297
luo,0.8773348390739696,0.010953890567456444,0.6409185017880671,0.23106860449852976,0.5467193675889327,0.111850448593563,0.6161264822134388,0.06054431108468819,0.7991341991341993,0.0687551459280609,0.3695689817428947,0.07770187737358536,0.6965631469979296,0.2260407386470157,0.88772444946358,0.004456508995524121,0.88772444946358,0.004456508995524121,0.4922416713721061,0.2895353271964698,0.6676002258610954,0.1429712669312552,0.6911349520045172,0.19452991065083822,0.8639939770374553,0.02041377428983322,0.5745153397327311,0.171527580001539,0.47653679653679654,0.16091610233506662,0.5246075663466967,0.17555394609767208,0.40848484848484845,0.17569253404512072,0.5954376058723886,0.050833982282257696,0.9130434782608695,0.0031171286084060966,0.9136834180312441,0.0029474945067061316,0.6536495388669302,0.19854428416978412,0.6361904761904762,0.02334532375242589,0.855810276679842,0.063772987191365,0.8808206286467156,0.030110429758216865,0.6437267080745341,0.11253792165619107,0.6759872012045925,0.1616200219398922,0.88772444946358,0.004456508995524121,0.88772444946358,0.004456508995524121,0.7202333897986072,0.14090982179176934,0.8154639563335215,0.02095374300011532,0.7535177865612649,0.10023713633780681,0.8441031432335779,0.05463580053978529,0.6483643892339545,0.14613258488410738,0.7008469791078488,0.07411726054980537,0.7912892904197252,0.07866726174316234,0.8887483530961792,0.012336530826779473,0.6171729719555806,0.29103278873470256,0.8973235460191983,0.020307060432362783,0.7985770750988141,0.06598817073892214
luo_f1,0.38207690920534093,0.026357249734955127,0.23266103132105687,0.048599553721362966,0.18861049573557445,0.014431410229243808,0.1947024913749095,0.025885106400616094,0.28112263048141156,0.03291929034399342,0.13678896012182787,0.021910704002246175,0.25932156566638287,0.10448652974333515,0.3814061449996684,0.00661297767700874,0.3814061449996684,0.00661297767700874,0.19605600837851078,0.08145870227618589,0.21254314328113577,0.060281713116658774,0.2586201112553193,0.0881032744926992,0.3270268191960977,0.013558665923863565,0.18144666743138316,0.04229478239886198,0.17917296021902618,0.046774407734185106,0.20317370395105372,0.03899544785873029,0.15592072642727398,0.06004445038547052,0.20034529886491215,0.009690585107271723,0.4211706688702959,0.01843348828979024,0.4054121042457745,0.022500046094332076,0.21369708051931627,0.05938156369524783,0.23362941390480865,0.030386683093024985,0.35211918384098045,0.04985860849443618,0.3617855878424901,0.041456071074245315,0.20896743164498913,0.01616354317332117,0.24765379321244832,0.07925185874624341,0.3814061449996684,0.00661297767700874,0.3814061449996684,0.00661297767700874,0.2399220125384263,0.06319455930263773,0.303180425364667,0.01960481509617551,0.2632876763440504,0.06063245151303269,0.3320847576216761,0.04308803286605942,0.2001527239165247,0.02239340288349612,0.22459255063036151,0.026250579598777784,0.2770603354513628,0.0640523386455353,0.36359947986134983,0.025404120502994457,0.2442504429455072,0.0858680996448187,0.40065797288072624,0.020923364805269736,0.2658483136534588,0.05085814470809719
luo_precision,0.3191022542556285,0.023721403813239766,0.18377542677802486,0.042372205642140615,0.14049147273542095,0.012549832533913159,0.14517145153736521,0.022207100913115653,0.21433737699987285,0.030763711876545908,0.09992324762014076,0.012729566210399175,0.21613831930727392,0.10629576715126988,0.33338797167052653,0.009369551533149653,0.33338797167052653,0.009369551533149653,0.15361980839130004,0.057256950035382344,0.164311871662892,0.053553585656398,0.2053762451804717,0.08859816974510684,0.2811953547042913,0.00171809815106543,0.13180741776456043,0.03377489183757441,0.13768650608580954,0.03566063330577286,0.15963477438065263,0.03025367611582873,0.1180442582005546,0.04264644412451003,0.14406452700630148,0.010581069714782032,0.39440900700725784,0.015785423707831665,0.3796039439561742,0.014513609686853897,0.15623094799889073,0.048287508723835526,0.17526539494520357,0.03332670847945514,0.30277873608352174,0.06155496813217727,0.31019282835469447,0.05768066590114445,0.1478773678620149,0.009886651307926727,0.19153824667107064,0.07578508271919523,0.33338797167052653,0.009369551533149653,0.33338797167052653,0.009369551533149653,0.18068824294677274,0.05721077624195854,0.24150644586216022,0.01831318777462863,0.20387851333016174,0.061483565609711584,0.27235711812068003,0.04992005288053644,0.1476150594265576,0.020357798797785768,0.1678682571441168,0.026133056321107954,0.22307349132612794,0.0696701813234814,0.318855965138452,0.013986920050018883,0.19455970459788222,0.07592581132043567,0.3530338477518206,0.030979340577487215,0.21978821741304277,0.05410298622892941
luo_recall,0.4762347112556123,0.031434352040625085,0.3178510605356866,0.056471258417047955,0.2876606285802756,0.02067970370935609,0.2972596377148165,0.03414078117220075,0.4112091655054962,0.03973126473409613,0.217835578262889,0.05088841959982292,0.33116581514166277,0.08585000539200764,0.44573463384424833,0.005443070392087599,0.44573463384424833,0.005443070392087599,0.2731072921504876,0.13083748044915952,0.30252361046601633,0.0627398928180037,0.3593435516333798,0.0647168262607922,0.3918563245084378,0.0367409698001454,0.29416318315528717,0.06293900945602007,0.25669608298498214,0.06864760146869271,0.2794550239975228,0.05519620248932385,0.2306858646849357,0.0990279862566946,0.32977241058987455,0.003045721562611238,0.45192754296330695,0.023162949632683123,0.43551633379780147,0.03566539052588029,0.3401455333642979,0.06880455113430164,0.3548536925220622,0.007474908007167206,0.42576250193528403,0.026110934546671266,0.4389224338132838,0.009753831862517402,0.3564019198018269,0.037734526495730024,0.35655674252980335,0.06543124276928416,0.44573463384424833,0.005443070392087599,0.44573463384424833,0.005443070392087599,0.36305929710481494,0.05337411098043722,0.4084223564019198,0.033092611144782104,0.3777674562625793,0.04395138841102486,0.4293234246787428,0.019581250043365698,0.3130515559684161,0.029798448550572097,0.3437064561077567,0.04186659632447734,0.37436135624709704,0.05578841027171654,0.4254528564793311,0.0558077416456193,0.33178510605356865,0.1039125815310494,0.46462300665737727,0.014393518553802689,0.3396810651803684,0.03276503995101313
ml,0.7855335615418961,0.021920737782705077,0.7930743662251327,0.012249789902447974,0.823138363843826,0.01761901317983327,0.8348960658828198,0.003465999598096633,0.8032445304360768,0.008724126143624278,0.816093664731855,0.009152038543513551,0.8101403978766681,0.0020096868681379818,0.7909411122686908,0.005897816873982312,0.7909411122686908,0.005897816873982312,0.7678225926477155,0.008946009184193337,0.8081559755916059,0.011814085204623332,0.8072629855633279,0.013205823382576603,0.7787865257726844,0.0031932400737717183,0.8016073820509004,0.00807403243936236,0.8072133750062013,0.02073323653196694,0.784541350399365,0.008724549305952982,0.824924343900382,0.004711958378489023,0.808602470605745,0.011046679276090755,0.8058738899637842,0.005965037725751187,0.8111326090191993,0.004642498574336082,0.8134643052041474,0.015097675282520751,0.8243786277719899,0.011548608861179591,0.8058242794066578,0.017285844514172914,0.816540159745994,0.014512677954368303,0.7996725703229647,0.015014305425508865,0.8131666418613882,0.014699215439709689,0.7909411122686908,0.005897816873982312,0.7909411122686908,0.005897816873982312,0.7821600436572903,0.011260503671158195,0.8144565163466786,0.003295649884455511,0.8180780870169172,0.018064715539149994,0.7911891650543236,0.011951099806450188,0.8030460882075706,0.009275847602334927,0.8049312893783798,0.019182741627646927,0.7959021679813465,0.022474239462196073,0.7985811380661806,0.015508755303210312,0.796398273552612,0.028885999837897816,0.7862777198987945,0.022219327407675602,0.7887582477551223,0.007614210465029428
ml_f1,0.49865007172930564,0.04215476075037772,0.49795216745974846,0.02908805434685726,0.5554552921011533,0.02826342277966796,0.5922359695042564,0.009164342226687596,0.5378021581286814,0.02043401511021594,0.5447313244754336,0.005404934678746948,0.5440194384027504,0.0024111729696674614,0.5099048326226985,0.014148757114979224,0.5099048326226985,0.014148757114979224,0.4533105808157005,0.010348749230258799,0.539314648995796,0.02206008662282416,0.5283981311464028,0.03835085582660923,0.4757405871259286,0.01737575916562379,0.5249562053550487,0.026044394116870092,0.5218985310135736,0.03510153036273621,0.4798882252016055,0.020201913791887228,0.5751908170074018,0.011678601364578368,0.5363134053190124,0.025279058929945815,0.5288346365688881,0.015368576265575319,0.5403284326222665,0.006348859416330778,0.5546560672069344,0.02120592898775394,0.5691109172716639,0.0191237509667777,0.5455666836957068,0.026178223446860927,0.5605775191918774,0.01348261969931408,0.5219198641890229,0.03142122544807543,0.5386180384215774,0.026485271311058278,0.5099048326226985,0.014148757114979224,0.5099048326226985,0.014148757114979224,0.49399272969605446,0.024340189542658812,0.551984381820286,0.003402440259212097,0.5501371256577047,0.024840863645025538,0.512006890564043,0.03251947523482805,0.5308200693110728,0.01998723993850772,0.522082020871118,0.05138276906791659,0.5070417474807333,0.04760459788044433,0.5185098068186761,0.029383253174134625,0.5075183654770481,0.06075941609035734,0.4890979631902647,0.04029034039900969,0.4933358391310904,0.014070125520454092
ml_precision,0.4960566178451716,0.05646778057602317,0.4898233904104157,0.021826707197900017,0.5519608898642608,0.041520373834694764,0.5840245640212887,0.006510726248861428,0.5098027778275985,0.026777397597835668,0.5449914023437641,0.01534308534734785,0.5263848543534344,0.005039231045717253,0.4938285894426884,0.012364919488090794,0.4938285894426884,0.012364919488090794,0.43964639586708437,0.015186750152142924,0.5192171593445479,0.027951035231432927,0.5207655812137727,0.027632293881176363,0.46418629846530574,0.010648923349883441,0.5116067551173206,0.01763978383937484,0.5264895977112557,0.055989008473157215,0.47936932090332046,0.016393390134053335,0.5580469637932691,0.004079978381909226,0.5240876901824795,0.02851514414086376,0.5243407885694054,0.018118570525678713,0.5312938130639219,0.009859424900752086,0.529418903685022,0.040704547030811174,0.5619872215427205,0.03736298206290154,0.5237737057346407,0.036594382173797485,0.5494884550896643,0.02693537676505817,0.5001653626373006,0.025112335243184063,0.5313541492108885,0.03507785335023769,0.4938285894426884,0.012364919488090794,0.4938285894426884,0.012364919488090794,0.45937280567201816,0.015185267555660511,0.5371749235633082,0.006092734436573087,0.5450885099615719,0.0376322202440286,0.49987488027689236,0.028283791618010062,0.5166820555643337,0.013194659413283561,0.5176555732823094,0.035488121577763494,0.49581717723932167,0.038716622093165884,0.5247142085891432,0.05273602354590069,0.5029359961053057,0.059106481648997775,0.48297410922162753,0.04081619651475546,0.48857003465104354,0.013450092041264678
ml_recall,0.5023552230534775,0.03424663797280219,0.5070656691604323,0.04182791562895804,0.5689941812136325,0.037030529688073646,0.600720421169299,0.012778999786755563,0.569409808811305,0.016811095940279866,0.5447492380160709,0.007069742766513266,0.5630368523136603,0.010816969407560627,0.5272928789138266,0.020736998882867962,0.5272928789138266,0.020736998882867962,0.46882793017456353,0.025363501749613285,0.5619285120532004,0.02955343114651893,0.5367137711277362,0.05145955318488068,0.48822388473261286,0.027897664120159288,0.5392075367137711,0.035290022080156296,0.5184261568301468,0.01603985108163632,0.48046550290939316,0.024220785177611736,0.5940703796065392,0.029192723061381935,0.5491825990579108,0.021951013932212122,0.5336658354114713,0.018344203234176196,0.5482128013300083,0.006465648040774726,0.5838182321972846,0.004265670356979953,0.5777223607647547,0.017770206422636665,0.56968689387642,0.013818185247760226,0.5738431698531449,0.033013845405611544,0.5466888334718759,0.048536572545630395,0.5464117484067609,0.020401064155389267,0.5272928789138266,0.020736998882867962,0.5272928789138266,0.020736998882867962,0.5344970906068163,0.036509046144634724,0.5677472984206151,0.008797178091652804,0.5561097256857855,0.020156867253503175,0.5247991133277916,0.037418796655831,0.5461346633416458,0.030957979134723316,0.5272928789138266,0.06770691355979513,0.5189803269603769,0.057117173044532794,0.514546965918537,0.028903306152475043,0.512330285397617,0.06317721774797821,0.4954280964256026,0.04013335895119969,0.4981989470767525,0.014784507145418785
mos,0.829699157641396,0.05271036703647942,0.6228279181708785,0.19572857083068124,0.5797713598074609,0.1288045377294145,0.667954271961492,0.09804506727309018,0.7867268351383875,0.016250513997039417,0.5599518652226233,0.10617337930765067,0.7292178098676293,0.168949876290205,0.903164861612515,0.01913447083700701,0.903164861612515,0.01913447083700701,0.5135619735258724,0.19615911508920178,0.7752346570397112,0.0880866204059864,0.6263056558363417,0.17351194676335044,0.8329723225030085,0.04082284439503137,0.6677737665463298,0.11370611550813524,0.6289891696750902,0.07727223257918571,0.5591817087845968,0.091680328650634,0.594043321299639,0.06591339061893003,0.6557160048134777,0.06210621711257346,0.7733333333333333,0.040761693258330296,0.924849578820698,0.009967124820054962,0.5230445246690734,0.09915250576702152,0.5649939831528279,0.07637115926180545,0.7947292418772562,0.08396895397191854,0.88280385078219,0.03756437533037109,0.6724789410348978,0.09398183465919761,0.638531889290012,0.11319331137649565,0.903164861612515,0.01913447083700701,0.903164861612515,0.01913447083700701,0.7107220216606498,0.08040353106835688,0.6885198555956679,0.06300466466813046,0.7299398315282791,0.06936385409482679,0.7927557160048134,0.05985231135177419,0.6518291215403128,0.10428956405827444,0.6521901323706377,0.09410123381133789,0.7433694344163658,0.011499559754042328,0.7955716004813477,0.06441989513171946,0.5674127557160048,0.31052834283391983,0.8989169675090253,0.02369955676513704,0.6572202166064982,0.0931551985615459
mos_f1,0.2742801767184748,0.04901461381803597,0.13216682909831548,0.05169710509633914,0.10046213699073248,0.008513848444565679,0.09950583675469656,0.01606642604624052,0.2031416520833679,0.01579764099614571,0.09095773071032343,0.019227764504645816,0.1609489898724424,0.07199806359962138,0.33497865869789617,0.031910529134604564,0.33497865869789617,0.031910529134604564,0.10102791439792723,0.0523248176920357,0.15579379826907794,0.05316829393498003,0.1351741667279893,0.055638536503258666,0.22377543182149093,0.006376632533842673,0.12422934506485377,0.035715404578472436,0.12007995173524477,0.019725762397084252,0.10692638266301917,0.012620108428993948,0.1075537863269332,0.03645950065113186,0.13368766664636714,0.007554673723656798,0.18730040691010785,0.0420826976973668,0.3465043439403063,0.011491132346082567,0.1037681178935389,0.0366955682869294,0.1279674465290166,0.02302312651115198,0.19366713895820498,0.02360331642796404,0.2921829676322372,0.04672529569092739,0.14746003804711813,0.009660508890105305,0.13271050706881654,0.034758181262784106,0.33497865869789617,0.031910529134604564,0.33497865869789617,0.031910529134604564,0.14373047911477252,0.03274026557391563,0.15838744279275283,0.006539708143302811,0.1787245664119725,0.03850263609514299,0.2306274037280687,0.012346661123427341,0.1395318098570957,0.019808655406539248,0.1298309511867228,0.01908609799394866,0.16753289147412317,0.0024673191907471554,0.2098172288648673,0.05810389671230443,0.1277679788057713,0.07064466141223676,0.3223368082942134,0.011548529299834352,0.12335063754160813,0.03290647700838599
mos_precision,0.2098795662306884,0.05094311348703871,0.09554737599530054,0.045756572634770135,0.06821282650753813,0.007130927124653849,0.06991659628197493,0.01507464901359769,0.143682760645717,0.012849554409597662,0.060435839287524995,0.013445391621592149,0.126735446916339,0.07457226135548939,0.2946053969480808,0.03307619209011402,0.2946053969480808,0.03307619209011402,0.06958830620628349,0.03728487750009266,0.11941069925098086,0.050379626939553834,0.09524831248207079,0.04580053226116355,0.1748322997386309,0.014189751523126482,0.08384397371477757,0.02700874440138712,0.08345750427764903,0.0168255068007401,0.07377482596868463,0.0098984002992013,0.0731537408586519,0.02604199232021826,0.09119488323967656,0.007773923313682783,0.14060915769203905,0.03417986253705593,0.3238974414398175,0.035274166580693135,0.06859925570305814,0.025750553351207926,0.08609405297077423,0.017113305924247268,0.14896621338948912,0.02772469841696991,0.23320118684914656,0.05095134675469005,0.0988477449903325,0.00785448423614765,0.09177796838880974,0.027547665795862254,0.2946053969480808,0.03307619209011402,0.2946053969480808,0.03307619209011402,0.09859337044922623,0.026000151910318594,0.10816236019602572,0.0022964610785943273,0.12644552603116133,0.03330275052720031,0.17162196879842573,0.020140720473743025,0.09731609918750721,0.020089169246146177,0.0893037656854036,0.015523536271673579,0.1175919991730685,0.0008440007530126451,0.1523424420632817,0.04385016598280641,0.09043846071529198,0.04978573967706351,0.2707586082750839,0.022091694100879702,0.0853280543911215,0.024422045070069422
mos_recall,0.4046143250688705,0.028203299214109186,0.22210743801652888,0.045489749703107416,0.19111570247933882,0.006283845589151068,0.17561983471074374,0.0054664283286459114,0.3471074380165289,0.021196574926325634,0.184228650137741,0.03303093773586763,0.23794765840220386,0.04384516265123142,0.3884297520661157,0.028759113444369926,0.3884297520661157,0.028759113444369926,0.1849173553719008,0.0876639525767636,0.23037190082644624,0.03997012835155597,0.23932506887052338,0.055941139857585094,0.3140495867768595,0.02545182850155977,0.2427685950413223,0.05236085081600906,0.21694214876033055,0.026358162855729474,0.19455922865013772,0.014475103000677456,0.20351239669421484,0.05985498321021063,0.2517217630853994,0.006721494936619522,0.28133608815426997,0.05409844275951383,0.3760330578512397,0.022228754949741733,0.21384297520661152,0.06154285540746485,0.2506887052341597,0.03395498405393866,0.28202479338842973,0.00779941573891608,0.3956611570247934,0.025135382356604234,0.290633608815427,0.009373731121774252,0.24173553719008264,0.038997078694580335,0.3884297520661157,0.028759113444369926,0.3884297520661157,0.028759113444369926,0.26893939393939387,0.03887831022781065,0.2964876033057851,0.0277775406193156,0.3085399449035812,0.035701578590310694,0.35709366391184566,0.0252483509363958,0.2524104683195592,0.00976408187242277,0.23966942148760326,0.025325724529196837,0.29201101928374656,0.020199737432592933,0.3378099173553719,0.08828263617965804,0.21935261707988976,0.12524024678001522,0.40117079889807156,0.02535380183774101,0.22348484848484848,0.04799366344616517
mr,0.8114011237991662,0.0017320568110944991,0.8126246148268987,0.009634097700011649,0.8363694036614101,0.010744120182956987,0.8364600326264274,0.01631717823857645,0.8110839224216059,0.013187448696134557,0.8380913539967373,0.007748776508972294,0.8310676092079028,0.002623156722567757,0.8105401486315027,0.015725627135576552,0.8105401486315027,0.015725627135576552,0.8022022838499184,0.01828477271277755,0.8350099691861518,0.0030163928295527847,0.8215062533985863,0.008123687421603371,0.8073681348559,0.010280596824662643,0.8284393692224036,0.019224826082002214,0.8172920065252854,0.015683066788533213,0.8156153706724668,0.018753463051225532,0.8445713249954685,0.002394817883219838,0.8363694036614101,0.0029356650963830383,0.8347833967736089,0.00737401837324375,0.8231828892514047,0.009517335938245445,0.8176092079028457,0.019232194555070508,0.8368225484864963,0.0039920490283192256,0.8398133043320645,0.007438893685021174,0.829889432662679,0.013838437564767884,0.8175185789378285,0.012141913907097148,0.8291190864600327,0.007655197512398641,0.8105401486315027,0.015725627135576552,0.8105401486315027,0.015725627135576552,0.8316113829980062,0.02143442083210185,0.8284846837049121,0.010160654934362514,0.8346474533260829,0.01274489456679139,0.8215968823636034,0.016168319120862255,0.8185608120355266,0.004574518892114247,0.8343755664310314,0.008496556098846048,0.8231828892514047,0.009712427575495066,0.816068515497553,0.016384992529155887,0.8329255029907557,0.025830328245354934,0.807594707268443,0.011471994674657976,0.8155700561899583,0.010175195262499374
mr_f1,0.5558969352952612,0.009971769799908914,0.5417125854849303,0.02619577874336033,0.5915695109182778,0.031218571310937256,0.6026821749618266,0.041903730236190526,0.5525569497390699,0.027829302645695005,0.6015548618647023,0.018322826292721618,0.5859190916449113,0.008131675464244722,0.5484047192102413,0.02406180213707236,0.5484047192102413,0.02406180213707236,0.5295341201189644,0.04115191731238974,0.591678816680985,0.015621384013724223,0.5602535700267476,0.01577220856244509,0.535832531285822,0.028724513892971978,0.5931981225292122,0.04265497232532782,0.548286643647034,0.028613066685633678,0.5480970973687177,0.03456105742662808,0.6028719791262557,0.006851694475039197,0.5943186923187088,0.009613479337253634,0.5874778383863092,0.012575946735516113,0.5709094756874836,0.019776919703080823,0.578485854951997,0.037727092138388325,0.5955257248876628,0.010414310343979145,0.6075753498363378,0.02085261904139203,0.5887588852039757,0.02528123301540183,0.5559575354400906,0.025073167224877155,0.5923054443395134,0.020725066575364624,0.5484047192102413,0.02406180213707236,0.5484047192102413,0.02406180213707236,0.6046791945887183,0.03741566929050542,0.5801143138457503,0.02319604222477899,0.5933582188951498,0.029695697289324165,0.5655864765631536,0.03632522644086904,0.5557911944690956,0.012716910592904777,0.5953002352825197,0.02559680163715585,0.5664873021257061,0.020464838940837712,0.5645321832031445,0.0250104233592703,0.5871171854316414,0.057619722358433746,0.5451213035690631,0.019108477331723914,0.5578740440428488,0.016005445634584448
mr_precision,0.53183476004615,0.018868136273636187,0.5263571229250726,0.015839448709449103,0.5702663351118598,0.025523959524863655,0.5754357112513925,0.04127806186768948,0.5175155928972826,0.022108337947095724,0.5806627397597208,0.013797874441811747,0.5601667686635325,0.009112679172166393,0.515135684178807,0.033258544334203916,0.515135684178807,0.033258544334203916,0.5138453377469794,0.03765185597988305,0.5605330512294134,0.006327462678843597,0.532659410193893,0.013111277268672382,0.5099088595560122,0.023999933841991318,0.5675690404261371,0.041855516766728815,0.5278731085091237,0.031160681910484458,0.5257608775414839,0.033757573618657784,0.5751695024376352,0.0019978490221081503,0.5663724366627356,0.004410756856764374,0.5591614563982541,0.013039014443848208,0.5388997405672993,0.028979510147845524,0.5404994244304591,0.04186039132581746,0.5649024358193634,0.006324145929352217,0.5788295443784504,0.026856196193631787,0.5604399543681023,0.031131041155787253,0.5209734724199592,0.023315562147183666,0.5601139601139601,0.028421173572739968,0.515135684178807,0.033258544334203916,0.515135684178807,0.033258544334203916,0.5613016818765928,0.035851849577408716,0.5484104575233545,0.01972424681819655,0.5678454668714455,0.02617979483562585,0.5341556753244802,0.03617816647658185,0.526768693332333,0.01619214523388515,0.5655636071920241,0.019099533711369077,0.5368122047074008,0.01598056628199177,0.5374747626548709,0.013323988397513186,0.5545270285654099,0.06086204613931921,0.5098432121828721,0.014066119928800145,0.5314034036503702,0.019693473010635346
mr_recall,0.5828059071729957,0.01584913417860409,0.5582805907172995,0.038109049382290754,0.6147151898734177,0.03915140199891966,0.6326476793248945,0.04250364430746721,0.5928270042194094,0.03596276845799228,0.6242088607594937,0.026429261215965356,0.6141877637130801,0.008678524615983273,0.5867616033755274,0.013981768082079718,0.5867616033755274,0.013981768082079718,0.5464135021097046,0.046538447808156025,0.6268459915611815,0.029136416967023036,0.5909810126582279,0.021272673512260663,0.564873417721519,0.03814735269380126,0.6213080168776371,0.043923074047680255,0.5704113924050632,0.026047591191699887,0.5725210970464135,0.0367546409935822,0.6334388185654009,0.012691149172485183,0.6252637130801688,0.01667659467696454,0.618934599156118,0.015710306971103843,0.607331223628692,0.007683967449543013,0.6223628691983122,0.03194413481834052,0.6297468354430379,0.01691262525825316,0.6395042194092827,0.014247829809325046,0.6202531645569621,0.01788394708141985,0.5959915611814346,0.027318180408396977,0.6286919831223629,0.012366428362545749,0.5867616033755274,0.013981768082079718,0.5867616033755274,0.013981768082079718,0.6553270042194093,0.039025972011995605,0.6157700421940928,0.02810864763158389,0.6213080168776371,0.03403125085599235,0.6010021097046413,0.036788683582843554,0.5883438818565401,0.0121107199400897,0.6294831223628692,0.045614740467115285,0.5996835443037974,0.026047591191699904,0.5949367088607594,0.04065716822003034,0.6239451476793249,0.05322628963135358,0.5857067510548523,0.025725207591259916,0.5872890295358649,0.014723127481231895
ms,0.8219838837816367,0.00759311255643061,0.7856656452162071,0.03336347284158402,0.8072863466121892,0.0109894968290858,0.7997957099080694,0.018055258540773375,0.8146634888207922,0.007323033892062346,0.7725570309839972,0.05877187826436267,0.8075133356032232,0.008326776417646375,0.8121666099194189,0.008861296695468462,0.8121666099194189,0.008861296695468462,0.8156281920326864,0.014434451965428325,0.8050732039496085,0.0054477357848144725,0.820621949835433,0.013073560945754792,0.7934400181591194,0.02608997530356543,0.8124503461582112,0.006391060367858888,0.8101804562478719,0.0018414460038120143,0.792588809442742,0.004669508926834806,0.8107763023493361,0.003250235459999439,0.7853819089774147,0.033098923764245614,0.7242083758937691,0.05273428640530971,0.792815798433776,0.04071447945109406,0.8112019067075247,0.0029682662196395078,0.8122801044149358,0.0023238673509753138,0.7958801498127341,0.009732111629524304,0.7932130291680853,0.014314823659597737,0.8175008512087164,0.0028128552335475307,0.813698785608898,0.009842171716916065,0.8121666099194189,0.008861296695468462,0.8121666099194189,0.008861296695468462,0.8156849392804449,0.004881912657814839,0.8008739076154807,0.020238251753823648,0.8102372034956304,0.019152259170881977,0.804675973215299,0.004940922608339635,0.8201112246056067,0.008216405764493619,0.7633072295993645,0.04469432110740449,0.7876517988877539,0.044189894735305366,0.809839972761321,0.00582565156018678,0.808307797071842,0.010351201984038298,0.7963908750425605,0.022531801824426722,0.7553058676654182,0.04507528586279701
ms_f1,0.6980644060230933,0.005682139256497497,0.6242686327297161,0.08796595925633631,0.661571008863768,0.028355207005930833,0.6471455208526266,0.05271429705257364,0.6760639965129321,0.031327999172646843,0.6373923984037441,0.07319442099588803,0.6673466030976102,0.030088648176423097,0.6930623363349543,0.016016909097276887,0.6930623363349543,0.016016909097276887,0.6988040181327371,0.013325428391369994,0.669573453264566,0.01104868618116414,0.7054037280782796,0.021222876701252977,0.6506254377527881,0.08349436196890776,0.6959544230777817,0.005452259316178505,0.6892518314988644,0.01486795300927133,0.6512477128037624,0.014163853605205412,0.659947229127269,0.037146236262533515,0.6429815452145836,0.05905919901061185,0.5558905494442297,0.04702813450012974,0.6429891518677484,0.08270470360008143,0.6947650600618731,0.007083312925063942,0.6939008042799695,0.007615741543843218,0.6411187515045714,0.03254731066782669,0.6504957359108948,0.03670298297023858,0.6946353315602369,0.009597517048617004,0.6838998810655076,0.02467786017392129,0.6930623363349543,0.016016909097276887,0.6930623363349543,0.016016909097276887,0.6839948921081159,0.03507124244773287,0.6676053641651483,0.035489536210684264,0.686822211070249,0.019817293140310454,0.67745846854848,0.03145278417195216,0.6900566375988134,0.00928922571482836,0.608590486383359,0.0827138186020085,0.6532093719724497,0.05943384828815077,0.6927543902151158,0.010747249396692957,0.6838133711067974,0.018122240994648233,0.6619495858559822,0.026609667841508308,0.5876359794625655,0.05675536992036032
ms_precision,0.6718276824173853,0.0045171257590183,0.5881370753241987,0.10133258968293947,0.6308634982301186,0.03664097131033591,0.6108079770534731,0.06456855041022878,0.647248188213246,0.03474644206192249,0.6111646159982632,0.0665223880422152,0.6339909708415341,0.037441029573639324,0.6639316890480008,0.02130599045996878,0.6639316890480008,0.02130599045996878,0.6702156162820291,0.019300675289296982,0.6371325431359703,0.009104644139257023,0.6772361057991226,0.018579054528792976,0.6177139705679066,0.09879373353020988,0.6712469096421008,0.007865058085684986,0.655728557712229,0.019227522903663665,0.6200114106404222,0.013831947409541677,0.623984741615545,0.041954458114171915,0.6123844165963748,0.059614960855144034,0.523157118478387,0.038248281914807294,0.6083706416367501,0.09292535821091344,0.6688317429396649,0.012038273630858694,0.6661628101597931,0.009533712152620385,0.602658258369584,0.035268265872387794,0.6177542652561722,0.040254920890805374,0.6673804235276118,0.010717075983706865,0.6553311908087303,0.02652875436604808,0.6639316890480008,0.02130599045996878,0.6639316890480008,0.02130599045996878,0.6513316468198956,0.03841740600210727,0.6354388899858482,0.042797733353258226,0.6566669298528521,0.018933017666744795,0.6486806832521658,0.038901261759045236,0.6621263056675923,0.01020338031976657,0.5748245750440567,0.09462432325580537,0.623428461373765,0.06318389423154828,0.6670994021599829,0.012729469946133035,0.6531719878533301,0.019857455112896768,0.626912381308343,0.033579801535569324,0.5519064084784201,0.05837503291896197
ms_recall,0.726457399103139,0.008555508532887385,0.6663677130044844,0.06882495082672527,0.6956651718983556,0.018474755821202237,0.6887892376681615,0.036628839204775034,0.7076233183856502,0.02714393892452294,0.6660687593423019,0.08109693242124244,0.7046337817638267,0.021343281612677508,0.7249626307922271,0.009838255708163995,0.7249626307922271,0.009838255708163995,0.7300448430493273,0.006467356547917455,0.7013452914798206,0.01775694159033487,0.7360239162929746,0.02427054528525533,0.688490284005979,0.06271189956449526,0.7225710014947683,0.00339546089434998,0.726457399103139,0.009491484523998518,0.6857997010463378,0.014526195053221344,0.7004484304932735,0.030690472882993158,0.6768310911808669,0.05802166119681019,0.5931240657698057,0.05805630858212895,0.6825112107623319,0.06856148826409467,0.7228699551569506,0.003909326406762863,0.72406576980568,0.005766009423613133,0.6849028400597907,0.028983091152445725,0.6869955156950672,0.03222465331519588,0.7242152466367713,0.008244294309798249,0.7150971599402093,0.02240956332664894,0.7249626307922271,0.009838255708163995,0.7249626307922271,0.009838255708163995,0.7201793721973093,0.030847324702995237,0.7034379671150971,0.0266404450567584,0.719880418535127,0.020789642631645695,0.7091180866965621,0.022283581648531187,0.7204783258594918,0.00983825570816399,0.6475336322869955,0.06849693217266374,0.6860986547085202,0.05450229454435337,0.7204783258594918,0.008617958329087905,0.7174887892376681,0.015942949627471906,0.7013452914798206,0.017914784175280887,0.6284005979073244,0.054112264507491833
my,0.7621804148576942,0.014852681445577082,0.7853352629040038,0.029528578760835256,0.7848528702363725,0.018438509265428314,0.7959479015918958,0.017546100800263566,0.7631452001929571,0.006839096420047211,0.7901591895803183,0.015653623482477515,0.803666184273999,0.013754536834909063,0.7998070429329474,0.011053004570563997,0.7998070429329474,0.011053004570563997,0.7708634828750602,0.01664778960611421,0.7945007235890014,0.04415671867552055,0.8070429329474192,0.020483235644536628,0.7780993728895321,0.013051374103684218,0.7882296189097926,0.0123081049900367,0.7998070429329474,0.023573162996373583,0.7945007235890014,0.022744187620118254,0.7983598649300531,0.018887382489582164,0.8027013989387362,0.01560896255413744,0.7925711529184757,0.023794235321058416,0.8147612156295224,0.04103457852028313,0.7636275928605886,0.01689752039376461,0.7727930535455861,0.024172638333560165,0.7752050168837434,0.022106009141128015,0.7563917028461168,0.017506268510973564,0.7655571635311144,0.004093237517722385,0.7945007235890014,0.020871497976636642,0.7998070429329474,0.011053004570563997,0.7998070429329474,0.011053004570563997,0.7677279305354558,0.017396259450320216,0.7998070429329474,0.0068390964200471735,0.803666184273999,0.012643842182422694,0.770381090207429,0.030914558552845365,0.7575976845151954,0.03172259076234876,0.7954655089242643,0.016006425492558634,0.7708634828750602,0.027698750062625378,0.7891944042450555,0.01594086989084257,0.7698986975397974,0.002894356005788773,0.769416304872166,0.010861871923972673,0.7916063675832127,0.015108981923170086
my_f1,0.49859995784046424,0.014570150813618534,0.5398439636682931,0.0352931712820369,0.5270752720763353,0.03257862704805807,0.5268035859669326,0.02985167648761496,0.5195572953401985,0.013061310680816375,0.5077436640521608,0.02465025950783812,0.5717326521924223,0.005492193588035824,0.5587346198857933,0.029168327514560173,0.5587346198857933,0.029168327514560173,0.5043539914075214,0.02540999113218093,0.5277982158527258,0.055275426297399385,0.5634043963194654,0.0237022847245196,0.5392758560073735,0.012926874362552476,0.5515852143112406,0.012395130292817864,0.5003727110678982,0.047853087886428,0.5358610217268752,0.014429243227763252,0.5615622057897253,0.0061873904468319075,0.5583068843027179,0.02055261301716471,0.5543697143165082,0.011658573456334335,0.5712188304581444,0.06044017725685613,0.5068785794592247,0.0417083116482013,0.5054314286060112,0.03173438470496037,0.5203800827855974,0.013698581869858326,0.49542469473137646,0.009567074573364476,0.49269994632313474,0.00967837196473108,0.5509638482943443,0.014717832962604881,0.5587346198857933,0.029168327514560173,0.5587346198857933,0.029168327514560173,0.5254142768810269,0.012312648011534746,0.5626289555527663,0.019857709640615253,0.5804481036679179,0.022342247997811582,0.5084611891002967,0.03219735926914872,0.4526836719871465,0.037782364022597485,0.5317839917054656,0.04157209187451826,0.49771691244445293,0.04134373742108427,0.5226072830648437,0.03407333449180816,0.49831591173054585,0.009778367646760948,0.5030627279823694,0.027220258233625727,0.5409254267744834,0.029264322783947912
my_precision,0.4607916839999207,0.04170444450192249,0.49584764809531556,0.05403402768616168,0.48893827901461484,0.024944764582616817,0.48204768460632,0.03496122580786605,0.4482490705492108,0.003721356094304923,0.48872906403940886,0.020934298398229096,0.5089869281045751,0.005357384415279393,0.5058902601710821,0.02771273001951201,0.5058902601710821,0.02771273001951201,0.45624654648432106,0.04283197069925364,0.481674650571763,0.07323557590746366,0.5204145683622853,0.03094107210790494,0.48571983571983574,0.01777389342377636,0.4933072848261973,0.024298324974934175,0.4767536231884058,0.04401935760242657,0.5006741866743201,0.032441642303608964,0.4950455380854694,0.03137916004574873,0.5138590623716481,0.03687185412352462,0.5048172698184615,0.007223213865606796,0.5312700768910567,0.06763545587279411,0.43783291646198447,0.05272794933810319,0.4691387183120768,0.03947465125916335,0.473527285686908,0.03893434644272262,0.4325049258604075,0.022417279330075708,0.4324002137542648,0.011564694401009991,0.49235439599424274,0.0044699565446160005,0.5058902601710821,0.02771273001951201,0.5058902601710821,0.02771273001951201,0.4514701104613385,0.012910973083487173,0.5101178873108697,0.034816020875898065,0.5391285482194572,0.05973606125593262,0.445704405389151,0.036699355037203785,0.4018481333275548,0.040257846254380364,0.5035908687943262,0.04535746947715224,0.44649088083509264,0.04697476548311768,0.4835183900069396,0.014412258449646163,0.44646959285833726,0.01622400955589464,0.445713824959108,0.012068648717593946,0.47137014314928427,0.03279962153853876
my_recall,0.547008547008547,0.03081667756806831,0.5954415954415954,0.02747478849285748,0.5726495726495727,0.051282051282051294,0.5811965811965812,0.025641025641025633,0.6182336182336182,0.030016107557985013,0.5299145299145299,0.045226518137856254,0.6524216524216524,0.017792017089454156,0.6239316239316239,0.03081667756806826,0.6239316239316239,0.03081667756806826,0.5769230769230769,0.04230553391714384,0.5868945868945868,0.032358452112822074,0.6153846153846154,0.030816677568068288,0.6068376068376069,0.02261325906892807,0.6267806267806267,0.021509499815586183,0.527065527065527,0.05690878733743073,0.5783475783475783,0.026111542421400735,0.6524216524216525,0.038540596177973487,0.6111111111111112,0.00604364770244922,0.6068376068376069,0.036261886214694734,0.6182336182336182,0.051518921139672706,0.603988603988604,0.021509499815586183,0.5498575498575499,0.04216139198560893,0.5897435897435898,0.036261886214694776,0.5811965811965812,0.017094017094017103,0.5726495726495727,0.008547008547008586,0.6267806267806267,0.043859841362793875,0.6239316239316239,0.03081667756806826,0.6239316239316239,0.03081667756806826,0.6296296296296297,0.03558403417890825,0.6296296296296297,0.03454232379766989,0.6353276353276353,0.042161391985608976,0.5925925925925926,0.027474788492857463,0.5185185185185185,0.0323584521128221,0.5641025641025641,0.042735042735042666,0.566951566951567,0.06300098116095723,0.5698005698005698,0.06183058237666871,0.5669515669515669,0.04860034788954976,0.5783475783475783,0.05222308484280159,0.6353276353276353,0.030016107557985006
nl,0.9283954389304755,0.0010333347490042119,0.9313175944314528,0.0009664919710029918,0.9303069830115437,0.0017913435905469708,0.9287518948964123,0.0018934907457283732,0.9284189415216361,0.0008167220879443014,0.9291710244387777,0.001969186635560336,0.9298800192721247,0.0029135867553793117,0.9280311487674849,0.0029268590597822295,0.9280311487674849,0.0029268590597822295,0.9264995632435142,0.002628624120700239,0.9308240400170787,0.001449051173192931,0.9333192317786368,0.0022638355749363737,0.9291044337638225,0.0015395542719638922,0.9296489104590449,0.0008841109181680384,0.9297390037251607,0.002545152665189773,0.9298956876662318,0.002169262851932996,0.9312118327712297,0.0026025958428807765,0.9266288274948979,0.0007219479316695076,0.9282857601717255,0.003047605866122085,0.9300210348190888,0.0018731432454888685,0.926593573608157,0.0019537684853955686,0.9276551073089142,0.0005111926136510238,0.9291514389461438,0.0022740806500163987,0.9288929104433764,0.0013125202947041695,0.9279841435851637,0.0007169574483576895,0.9277412834765033,0.0004890572416578972,0.9280311487674849,0.0029268590597822295,0.9280311487674849,0.0029268590597822295,0.9255085373162392,0.00047005182321351036,0.9288067342757872,0.0010514181272231894,0.9295313975032413,0.0007902546051804348,0.9287949829802069,0.001704316019802075,0.9257827342131137,0.0012095464935876733,0.929308122887215,0.001817250886659733,0.9280311487674849,0.0023217162091974867,0.9286108793494483,0.0016787086662345266,0.9287205581081981,0.002446114340524961,0.9279293042057887,0.001200243988371299,0.9307143612583286,0.002001553024304711
nl_f1,0.8111434199643774,0.002229293427133731,0.8155534770902255,0.00028939490173294174,0.8122084860711395,0.004114963202956438,0.8123302479766238,0.0045056163236242295,0.8115741078540789,0.0017864812495681827,0.8120406148024344,0.005296918194662655,0.8157465301646161,0.005964608358978612,0.8104484174731241,0.004899700115569508,0.8104484174731241,0.004899700115569508,0.8068330071277537,0.005338750670227898,0.8159508344910194,0.005394919211577256,0.8216209959229128,0.004087678552708722,0.8142225015611233,0.0031860630108407075,0.8132525360475918,0.00465805203361993,0.8138854099061498,0.0045755724649576566,0.8164399575563287,0.0052012807069586695,0.8206097561748207,0.005150491253588474,0.810413839296725,0.0033158344084551856,0.8124149264711056,0.006310093043938377,0.8131422415583444,0.004340655020446648,0.8081492826526614,0.003236580960105303,0.8089130398123608,0.0018379067564135737,0.8123258743119978,0.004575205487600624,0.8108990597843247,0.0017080151674221775,0.8098533879539763,0.0007027902577947178,0.8099379172955317,0.002976171208260819,0.8104484174731241,0.004899700115569508,0.8104484174731241,0.004899700115569508,0.804594077786215,0.0022214387446890587,0.812147177528844,0.0005580939885026208,0.8116153968386156,0.0020052936057641103,0.812026275860287,0.0022195900805713703,0.806173422216645,0.002129111005290998,0.814303636034805,0.006343976503516488,0.813360516734833,0.005884936972977552,0.8118697221201873,0.002965815285098646,0.8118467730289775,0.006313016683729958,0.8087681563256078,0.005870647009348844,0.8167827785848564,0.0024490967775167107
nl_precision,0.7930949185554707,0.0008940233942703684,0.794574081414308,0.0003838528244112288,0.7928031568440126,0.002804421333060501,0.7895920931370878,0.0085886327546815,0.7927194701000614,0.0032970862955038964,0.7912604444252774,0.007522507725252949,0.797985014130859,0.006477587756331959,0.7907837475137945,0.006273932121976828,0.7907837475137945,0.006273932121976828,0.7888846375220431,0.004901190415352485,0.7951862164850221,0.00744788788503408,0.802960589793312,0.0032770407378561652,0.7953833956544129,0.0037842971152353072,0.7949258057870159,0.0035370663744792685,0.7950051807781069,0.003921083212940301,0.7972536594820415,0.005376274088328794,0.8010403559014124,0.007122198186497907,0.791809357925624,0.004036654135570426,0.7945937818584428,0.008010965248476224,0.7948287500940204,0.005502188392765735,0.7901368506304219,0.0030231061997763754,0.7910976590868141,0.0010935553257350526,0.7920618285892785,0.005610172541576739,0.7895779309863902,0.004344623907687698,0.7924005352117534,0.0018065596905976582,0.7893833214970817,0.0039198924030530045,0.7907837475137945,0.006273932121976828,0.7907837475137945,0.006273932121976828,0.7816613692452578,0.004246005440540045,0.7925392606334878,0.002117077900671402,0.7930592720651181,0.0024727139327616813,0.7938679102388427,0.0031761793358803807,0.7885556264376848,0.0027013973028626897,0.7947909079862477,0.004584065154245137,0.7944338238637667,0.007917848052643893,0.7939031444784473,0.002934209954405805,0.7943034888663965,0.007567831463839049,0.7896806231338012,0.009301101127248058,0.7975519339757167,0.003469101256575192
nl_recall,0.830040582245875,0.004452610251485156,0.8376710165002065,0.0005662647419372759,0.8325921605793297,0.0057446470203501784,0.8364559791985613,0.0023195440789973714,0.8313528225316517,0.0009897894026593488,0.8339530023571724,0.0029669807758669407,0.8343175135476658,0.005401821357142448,0.8311341158173556,0.0053305114149047135,0.8311341158173556,0.0053305114149047135,0.8256178464678866,0.005870327954858193,0.837841121722437,0.003659905340944189,0.8411703239289446,0.004974654147150972,0.8339773031032053,0.002709505939542931,0.8324463561031323,0.005900279186061449,0.8336856941508105,0.0053954223562500915,0.8365774829287259,0.005579919080073384,0.8411703239289446,0.003511689029614013,0.8299190785157103,0.0034163080888998613,0.8310612135792569,0.00459014012318406,0.8323248523729679,0.003509165720364131,0.8270029889917621,0.0036136279744532333,0.8275619061505188,0.004644240687617914,0.8336613934047775,0.004223508809985513,0.8334183859444485,0.00159887090467748,0.8280965225632427,0.0015821633312102243,0.8315958299919807,0.00255157833345483,0.8311341158173556,0.0053305114149047135,0.8311341158173556,0.0053305114149047135,0.8289227479283614,0.001130180647297334,0.8327622658015601,0.003295955254197635,0.8310612135792569,0.0015017389181774742,0.8310369128332239,0.001284266264413941,0.8245972151345047,0.0015222434218722142,0.8348035284683238,0.008280423495314262,0.8332239799761852,0.004286585475215077,0.8306724016427305,0.0037474397841309294,0.8301863867220725,0.004962352763398696,0.8288255449442298,0.0021515425476960823,0.8369662948652524,0.0013953369026225761
nya,0.9156558806432861,0.005410024984547821,0.8018278111477103,0.08383193847116659,0.5898340114964801,0.08143360358094004,0.6828973713104696,0.04981481300199307,0.8987857650326164,0.015569292097052058,0.3884324743266809,0.13118823028456897,0.8119937996512303,0.13069733659365704,0.9135180520570949,0.013934687010202595,0.9135180520570949,0.013934687010202595,0.5823483820964929,0.3398063872825848,0.765103662080992,0.0956780568036504,0.7400891300135632,0.11360522734141104,0.8591164503003293,0.0481745592269939,0.7301814893754441,0.18754655547131974,0.6023057546987017,0.10079642171319206,0.6608021701220693,0.06989465394175494,0.4993670477297681,0.2000702427288518,0.794606988309759,0.0414427628311768,0.8746431570109152,0.02487900758581609,0.9131176128657238,0.003378336712684092,0.697293806109927,0.12046930428783408,0.8823096299166827,0.03426601650789132,0.8049861138022347,0.12037732701671833,0.8975327778854227,0.015582669440052075,0.7533036233288123,0.13088571104422306,0.885080410773106,0.031303612916252076,0.9135180520570949,0.013934687010202595,0.9135180520570949,0.013934687010202595,0.8077375185687528,0.10752445994694305,0.9063230640056835,0.00273431803536138,0.9102047406833301,0.013330134950047649,0.9246463863592327,0.005747746510532596,0.7181618549376735,0.19305742509842191,0.8563585868371762,0.04714912731954487,0.8729057676160951,0.013894214749034276,0.8954595362655816,0.016666426075039088,0.8244913776399923,0.12763449586617526,0.9183943680165343,0.013944988641451715,0.8860944261448039,0.027128915479582842
nya_f1,0.37290599499246607,0.024870833598096335,0.22425787862155164,0.04671540960030009,0.13376549696541098,0.023366258435502787,0.147604068992892,0.038426338046377115,0.3222727036003112,0.02419638737226856,0.08882789406648343,0.020952801322107105,0.2578165080355403,0.0946964153190263,0.35654057065084865,0.015219546455771003,0.35654057065084865,0.015219546455771003,0.142360509722572,0.08335474429999201,0.2008471005802238,0.062453788737344876,0.21652054974946613,0.06921189068455437,0.26375360610999543,0.007731859161594845,0.20089016861276218,0.08423742907752788,0.1635692390751423,0.021125187725176138,0.17942327021344764,0.0261893102007603,0.11607855700310704,0.055227307535750274,0.21983914274490943,0.020052694691482416,0.28420391649921717,0.03028399006739273,0.32915670059802166,0.02402153303813711,0.16024638356187723,0.026964327535316426,0.3296500442663663,0.04994619142591781,0.2485690833548846,0.0683660430765367,0.32566976907018425,0.015757540341956554,0.19974424806386173,0.03375425403820314,0.3163370265784316,0.039582394028636725,0.35654057065084865,0.015219546455771003,0.35654057065084865,0.015219546455771003,0.22964907933599263,0.06846145283460096,0.360000217478597,0.03420291191590558,0.3491087855164712,0.03231546764657638,0.38387136391257215,0.02922755608921686,0.17007161234708432,0.0445389448761095,0.25446073403656116,0.04122637792173375,0.29213419535432705,0.017812909334323286,0.31265634472142606,0.028447838524460124,0.2745981071752898,0.07647782162028166,0.3741591399945506,0.03084185525139319,0.29017557922759857,0.03990044270180284
nya_precision,0.36044662999922156,0.030016558137118163,0.19290291892522946,0.0466028943540641,0.10248424159248604,0.021446132044794192,0.11655731730911757,0.03370583875364141,0.29767423381595304,0.01799724776067188,0.06546228331757807,0.013401690147294431,0.2450728692351568,0.12171026728073067,0.35633269758919245,0.02825250180632429,0.35633269758919245,0.02825250180632429,0.11905991275351917,0.07060151590398268,0.17228975230655638,0.06672908452253251,0.17885252714996344,0.07713487463052282,0.2560169018745681,0.02936640532898817,0.16808933378607863,0.08784075768399557,0.1289557281714368,0.020944258721134364,0.14741096454076386,0.027158997957325928,0.08828818400014408,0.04343419677033355,0.17402788347439582,0.024920979355307918,0.2723171694015038,0.024599831585922508,0.34088808976739443,0.025031996330017934,0.12222592343822407,0.02625735765506148,0.3098382600876964,0.07167885295894091,0.22800460102416617,0.08260864964915986,0.3081831658379619,0.03400557024858709,0.1550026470127611,0.03382654287913732,0.29491432571492043,0.061086177772290376,0.35633269758919245,0.02825250180632429,0.35633269758919245,0.02825250180632429,0.19531622381326963,0.07578447911024833,0.34757639284280123,0.030160561345364045,0.3439911336336971,0.027431159034081457,0.38649373773951107,0.02772166571096665,0.13924940086650836,0.0467672177262764,0.23045649380318453,0.06582368518068388,0.2621766668323318,0.0210547948229114,0.3151195831514932,0.06542126646559784,0.25204618495270165,0.09488345785289973,0.3742265437244741,0.030750565480278914,0.28682392528010475,0.0503161685307009
nya_recall,0.3866129393328856,0.021259704402532567,0.26897246474143716,0.04383518510469538,0.19408999328408325,0.02765172179454694,0.20349227669576894,0.04852336975567692,0.3518021043205731,0.034834401126850316,0.13879561226774118,0.04221066302992115,0.28150884262368475,0.0573339637025012,0.3573987015894336,0.0020517464494989395,0.3573987015894336,0.0020517464494989395,0.1770763375867472,0.10162434407859225,0.24445936870382803,0.05061168490801746,0.28318782180434293,0.04120904961710613,0.2751287217371838,0.018820550308469845,0.2578912021490933,0.07266780169314929,0.22431161853593015,0.016624437601728114,0.23013207969554506,0.01987257045376898,0.17036042086411451,0.07673087933874807,0.3019923886277143,0.019980087399594084,0.29729124692187153,0.03699905332762121,0.31911797627042754,0.030648307508960828,0.2350570852921423,0.015889211772090014,0.3561674501902843,0.02231800614527354,0.2798298634430266,0.04192116605267405,0.34766062234161627,0.009803474944995498,0.2832997537497201,0.025978823395369388,0.3446384598164316,0.012275316748736576,0.3573987015894336,0.0020517464494989395,0.3573987015894336,0.0020517464494989395,0.28889635101858063,0.041530673693380704,0.37362883366912913,0.040708003528643594,0.35448847100962616,0.03756163251172291,0.3813521379001567,0.03130174400896958,0.22487127826281617,0.0375871405840654,0.2937094246698007,0.022958057868562115,0.3312066263711663,0.027185640455860638,0.3157600179091113,0.014715113520554437,0.31094694425789116,0.04113190597120908,0.3743004253413924,0.032716120329043134,0.294381016342064,0.03040080703083946
pa,0.5939278937381404,0.04462229987212464,0.5351043643263758,0.029822075228655955,0.571157495256167,0.011385199240986715,0.5920303605313093,0.02138411322501826,0.5869702719797596,0.03611964967810053,0.6002530044275775,0.015219746256187126,0.6046805819101834,0.010789830556123967,0.5977229601518026,0.021468137569231105,0.5977229601518026,0.021468137569231105,0.5123339658444023,0.023776022933855136,0.5996204933586338,0.04534270643396023,0.560404807084124,0.011118529937537527,0.5521821631878557,0.030537906905941364,0.5686274509803921,0.0243988634054218,0.5534471853257432,0.04879772681084354,0.519291587602783,0.03422580457550578,0.551549652118912,0.027519683640489692,0.5439595192915876,0.018429857412186577,0.5888678051865908,0.0322766624216903,0.5806451612903225,0.013282732447817806,0.5597722960151802,0.02188342048324635,0.6154332700822264,0.03090902396678211,0.6008855154965212,0.00579705970266394,0.5996204933586338,0.012442957351616707,0.607843137254902,0.030733790292868733,0.5781151170145478,0.01803488605867582,0.5977229601518026,0.021468137569231105,0.5977229601518026,0.021468137569231105,0.5882352941176471,0.001897533206831059,0.5876027830487033,0.009360309036653212,0.5648323845667299,0.029478001765290453,0.5623023402909552,0.018720618073306463,0.5591397849462365,0.030022629440368934,0.5626185958254268,0.04427803373653899,0.5781151170145478,0.03266477250771757,0.5781151170145478,0.030142321460958504,0.5641998734977862,0.05424865690674654,0.5629348513598987,0.040712296120819974,0.549652118912081,0.02028970895932384
pa_f1,0.3807346158944333,0.044060468648196315,0.3169694852084789,0.031065875457264653,0.3394218684541264,0.014779118152749796,0.3322054598388387,0.019923097005922683,0.3572599232946632,0.031516839445328224,0.36740676342502027,0.03730672739692922,0.358775771191342,0.021390490754479442,0.3613935385431011,0.01278761724903323,0.3613935385431011,0.01278761724903323,0.28575364355180866,0.007244311173722323,0.33694360468554013,0.033508208480924506,0.3261328885182096,0.030694094358622775,0.32375981227375056,0.02733995907802362,0.3518251421081244,0.03126858860068891,0.3357469619151862,0.025921036248910546,0.27171609416115494,0.02504092859807564,0.34402044829341544,0.011956540622987673,0.32923681257014586,0.006375857480285311,0.3434584660074856,0.045255081795219594,0.34483344737392385,0.021939678728895972,0.34885774495782657,0.011723289083395448,0.3843345776978489,0.03920598918761669,0.36919293317424984,0.004992711400882524,0.3716524609808678,0.006956669132996585,0.3673197685822445,0.015710933325635636,0.32765044796121373,0.015548785375216754,0.3613935385431011,0.01278761724903323,0.3613935385431011,0.01278761724903323,0.3523877860161046,0.022075394687879148,0.34188534736479936,0.012837864985390864,0.3414193422476315,0.006126491335529889,0.3549454438281258,0.02063060204260135,0.34303602422868473,0.043589376618924966,0.35286559682995905,0.022315774727724922,0.3399099635851343,0.013737360579511243,0.3372807579055178,0.012040097541647744,0.3257007337287681,0.0354956323197658,0.3398169996568365,0.02522506538970656,0.3302948072389088,0.024792486042111386
pa_precision,0.3596621132432222,0.04443988260367905,0.30489026007415226,0.03274089097880558,0.3217124006597691,0.013424490718745461,0.31399650255582456,0.01676327237203004,0.34102511602511604,0.035254419982697065,0.3488916316785169,0.04108426110428627,0.34092596558863425,0.017868955969065837,0.34304692891649413,0.012043072385270135,0.34304692891649413,0.012043072385270135,0.2694434295457313,0.008878960400858086,0.3173103699419489,0.03238332951086759,0.30821256038647343,0.027852242136037816,0.30923206658233876,0.02893104517379653,0.33375516214390893,0.02395921232140011,0.32046332046332043,0.030428804163544106,0.2598084886128364,0.02547723732414832,0.32477842275443475,0.01250372864063157,0.31122204573532003,0.004463451959248535,0.32383380830958447,0.04248741110584171,0.3290419525713643,0.014691366254202039,0.32593178400464917,0.011540990843048259,0.3661510154013901,0.033814319475741365,0.35189227339862544,0.0013682340038823418,0.35381179498826554,0.0029923013360544522,0.34602502017756254,0.01821826077669361,0.3111076999274791,0.014105916721621713,0.34304692891649413,0.012043072385270135,0.34304692891649413,0.012043072385270135,0.3271617590125481,0.02320229784464113,0.32100320234194474,0.011527800537624602,0.32278083647252,0.004292094035969076,0.33935472711093345,0.020341968507269038,0.32060318198425614,0.03742574333451913,0.3382294520225555,0.020430430417393414,0.3225851675931945,0.01121976306407794,0.3218390804597701,0.016255328303139003,0.30757134714814965,0.03869091739173722,0.32032336125515226,0.013587847619868929,0.3184928860012078,0.02525467337807394
pa_recall,0.40453074433656955,0.04377912381381449,0.3300970873786408,0.02912621359223306,0.3543689320388349,0.020595343141355745,0.35275080906148865,0.024433121149743515,0.38349514563106796,0.03432557190225957,0.3980582524271844,0.04119068628271149,0.3786407766990291,0.02568690593266591,0.38187702265372164,0.01483034205487326,0.38187702265372164,0.01483034205487326,0.3058252427184466,0.006865114380451934,0.3592233009708738,0.035005352188970724,0.34627831715210355,0.034095966837711135,0.33980582524271846,0.025686905932665958,0.372168284789644,0.04042069901875987,0.35275080906148865,0.020210349509379905,0.284789644012945,0.024433121149743508,0.36893203883495146,0.01373022876090383,0.34951456310679613,0.00970873786407768,0.3656957928802589,0.048866242299487044,0.3624595469255663,0.031209225763731235,0.37540453074433655,0.014830342054873267,0.40453074433656955,0.045881705109248654,0.3883495145631068,0.009708737864077631,0.3915857605177993,0.014830342054873255,0.3915857605177993,0.014830342054873264,0.34627831715210355,0.020210349509379926,0.38187702265372164,0.01483034205487326,0.38187702265372164,0.01483034205487326,0.38187702265372164,0.020210349509379905,0.3656957928802589,0.014830342054873304,0.35922330097087374,0.01373022876090383,0.37864077669902907,0.02746045752180764,0.36893203883495146,0.05137381186533182,0.36893203883495146,0.025686905932665958,0.3543689320388349,0.020595343141355745,0.3543689320388349,0.006865114380451973,0.34627831715210355,0.031209225763731217,0.3624595469255663,0.040420699018759866,0.343042071197411,0.024433121149743522
pcm,0.7601372924648787,0.04349222243063335,0.8045498084291188,0.03823540153797585,0.8203384418901661,0.01496080991119026,0.8411478288633462,0.019692039001104923,0.8144396551724138,0.017018147639859506,0.8104166666666667,0.014444558776746056,0.8414910600255429,0.02441601616422281,0.7942848020434227,0.04553629000181043,0.7942848020434227,0.04553629000181043,0.7452346743295019,0.1180317257935682,0.8209770114942528,0.030551191976944343,0.821360153256705,0.0165702583321459,0.7436462324393359,0.08271945029812769,0.8286318646232439,0.024182650456315572,0.8050446998722861,0.05090860065233508,0.7920577905491699,0.05296321195852066,0.8036957215836527,0.007143257166065939,0.7742017879948914,0.03058618003950062,0.7825989782886335,0.036481038605958825,0.8152059386973179,0.02190691502882281,0.7744492337164751,0.04131474476470916,0.7559227330779055,0.04320986048721827,0.8268039591315454,0.029299351047382134,0.7977011494252874,0.019291851187288843,0.7590996168582375,0.01939053463739898,0.7449872286079183,0.05036174787005885,0.7942848020434227,0.04553629000181043,0.7942848020434227,0.04553629000181043,0.7722461685823755,0.05114700368799465,0.818574393358876,0.022066364072751594,0.808397190293742,0.03189585358062218,0.7794699872286079,0.027819305368843507,0.772757024265645,0.046030369275103865,0.7794540229885057,0.019007422428877357,0.800375159642401,0.025089047718215587,0.7874600893997444,0.06022583527750966,0.7272349936143039,0.09087689215042642,0.7779294380587484,0.05347692621145849,0.8078065134099616,0.016470709676330523
pcm_f1,0.3255921991628839,0.016115677257728264,0.3334249877729258,0.026371701381999752,0.3272497086599552,0.01013222993256923,0.3524922065590957,0.02048021946068022,0.339986516588096,0.0240474014174173,0.32352237425064695,0.01624809062368783,0.35988105754444427,0.016712020513243928,0.32759334703338255,0.02269990824802414,0.32759334703338255,0.02269990824802414,0.3066865202604879,0.05746199910122025,0.3372915877612844,0.016664002439331707,0.3452035821673723,0.016575420868296442,0.29819232261048606,0.041652436815840806,0.34606581540696874,0.017875817163292337,0.32987811688447916,0.044457531828117784,0.33653708853980663,0.03169167511830951,0.31661633178893495,0.007281327032593778,0.31711202870429694,0.02531018746863636,0.32922876540410145,0.019750235452927062,0.345149864047458,0.01982217101259191,0.30236452118940166,0.03191902673119977,0.3034507162352752,0.021351418721000603,0.3534392045749997,0.01712847418240493,0.3167936694936459,0.008396539264243648,0.30084797575219113,0.017421197927312674,0.2935243817758664,0.02962222647225856,0.32759334703338255,0.02269990824802414,0.32759334703338255,0.02269990824802414,0.3007201129962265,0.03716765342924601,0.34945885174581676,0.02279151380278551,0.3395148338580391,0.027244692913474124,0.3236830709741219,0.024862243784610154,0.3258098449007956,0.04246760811717579,0.31506030023850323,0.01690135104142827,0.329359904006606,0.01690269462168181,0.327768409172925,0.03350236664923865,0.29059887456521244,0.033227807844680844,0.3135512784209342,0.028925798624324237,0.33301453149883126,0.019228488246636533
pcm_precision,0.23822894483562218,0.015429501755544452,0.2514710220559117,0.023397863904791063,0.24264235514344346,0.013651457328109523,0.2702679151385469,0.023726072156935177,0.2488046000126197,0.02239112327915025,0.23802894506845618,0.017258489986713192,0.27845507570428735,0.01902033550552771,0.24259536552547423,0.021111542953325287,0.24259536552547423,0.021111542953325287,0.22738860493428295,0.05081243634300069,0.2522047175439325,0.018435219052636783,0.2597022054473692,0.015952769326507858,0.21805275352670897,0.03845657200629674,0.25765706455097376,0.01751277967935801,0.24844253005238262,0.042836991166983175,0.25524972213714014,0.03057659668983906,0.23484343658526607,0.00718395789706036,0.23273196940602495,0.01845433312838974,0.24542183840056234,0.01933091004850862,0.2590332022095548,0.019211745191586183,0.2203801740296357,0.028179929074607465,0.21977390566015378,0.01668605771062559,0.26659196471474206,0.021584495795132677,0.22942533585125965,0.010555078593214367,0.21705403038544877,0.01608186902222102,0.2120299747305424,0.024544754542045872,0.24259536552547423,0.021111542953325287,0.24259536552547423,0.021111542953325287,0.21794024505891907,0.03651308914240408,0.2636854694327824,0.020086534222408012,0.25128038291889926,0.026506899622457968,0.23597211928557352,0.025657326494180125,0.24152631576058967,0.040582240704464,0.22997648202935017,0.01624717827033595,0.24261789037478684,0.01986930896174347,0.24322921645359516,0.03176999298886277,0.2105119494367704,0.03022309492344735,0.2290926949798325,0.025016550288824407,0.248875335899759,0.018546932579648137
pcm_recall,0.514733435530574,0.010488710147055439,0.4949753023335037,0.02581534126305331,0.5040027252597513,0.017383547364569027,0.5084312723556464,0.011136686110221374,0.5384091296201668,0.02749055118291686,0.5060466700732413,0.004747865734888857,0.5094532447623914,0.0060244384887846465,0.5050246976664964,0.015974619775429518,0.5050246976664964,0.015974619775429518,0.47436552546414584,0.05016347507191273,0.5103048884346789,0.0048296531693945806,0.5150740929994889,0.013824986467520298,0.47470618293306077,0.027038848350174616,0.5280190768182592,0.02531488432373866,0.49344234372338613,0.034389535994269346,0.49514563106796117,0.02169736713905178,0.4864588656106285,0.020515952886954264,0.49770056208482366,0.042519456438865025,0.5007664793050588,0.011380203092141127,0.5235053653551354,0.02348591761733551,0.4825413047181059,0.02851620455721138,0.49020609776869356,0.030045525275179178,0.5263157894736842,0.010257976443477135,0.5126894907170839,0.012052488210072907,0.4907170839720661,0.011987319577525399,0.4779424288877534,0.03962807000670323,0.5050246976664964,0.015974619775429518,0.5050246976664964,0.015974619775429518,0.489013796627491,0.015591360554310025,0.5183103389541815,0.024507813156594834,0.5246125021291091,0.015374940005309796,0.5176290240163516,0.003990929829282913,0.5043433827286663,0.03177989127330859,0.5007664793050587,0.011414567145472034,0.514733435530574,0.010043619817956364,0.5041730539942089,0.026710130784677346,0.47129960824391076,0.027717567273163594,0.4973599046159087,0.02700180550512865,0.5038323965252939,0.01656572823448885
pl,0.9167439353954178,0.0008216430440413317,0.9201516844582868,0.001953025632097432,0.9193988096653274,0.0010094111131646198,0.9192006847198116,0.0003151868377727638,0.918507247410507,0.0016107594624799274,0.9204330218809189,0.0014465834808391356,0.9210709842054793,0.002919979938674727,0.9166646854172115,0.0026743521325089826,0.9166646854172115,0.0026743521325089826,0.9163793854956689,0.0012331141265734423,0.9210907967000309,0.001250110317508799,0.9216098840572818,0.0008201798449037921,0.9188559473146145,0.0037883458346265786,0.9196682595912287,0.0027220377539914483,0.9196088221075739,0.0012782422059744402,0.9191610597307086,0.000807504391023034,0.9196048596086636,0.0019183119812610332,0.9186934848592916,0.0005689050087861685,0.9199971470007847,0.0015479784863170751,0.9199733720073228,0.001745803452194282,0.9168826228572787,0.0016688284206686098,0.9193037096914799,0.0014044529452023784,0.9178296600968435,0.0031597568581076337,0.917013385321319,0.0022966877495030572,0.9175998351600453,0.0013156689851871266,0.9192838971969283,0.0013391780815483758,0.9166646854172115,0.0026743521325089826,0.9166646854172115,0.0026743521325089826,0.9176711601404309,0.0019452439485676545,0.9193988096653273,0.0011212961764658837,0.9197633595650762,0.0010792336987052746,0.9189312347939104,0.0022445134280547727,0.9177821101099196,0.002490886825419004,0.9195057971359057,0.0015951113066462904,0.9178217350990229,0.003044104521362251,0.9196841095868699,0.0020347190757767477,0.9194146596609686,0.003715541647477816,0.9173462352297853,0.0008803170909666713,0.9197910970574483,0.002870881734635628
pl_f1,0.7899948470078403,0.0014856992483552607,0.8006906265933867,0.0033350028079682037,0.7986261028517653,0.002382083489878389,0.8000039302302304,0.0019290360840298365,0.7968296819611759,0.0032413174992169717,0.8003248809750242,0.002766620281582408,0.8048470810819186,0.003358095923850377,0.793506554121944,0.0033469793085926258,0.793506554121944,0.0033469793085926258,0.7926837955459646,0.0019692765205922267,0.8032076130981983,0.004834205735328997,0.8059333432962071,0.0005966837021068225,0.8010848485518856,0.006591112333476196,0.798787973683804,0.007465121408160755,0.7995108215426278,0.0027295266277016566,0.7983681189753064,0.0041834886243585535,0.7991694059250918,0.0028755142987001913,0.7958238669190778,0.0016533093075981134,0.8001968135429441,0.0027976517361698247,0.800584563862513,0.003887711398942147,0.7915195193683426,0.0033682330192379623,0.7966814348749645,0.0009113317184301127,0.7983679058982344,0.0069740006474954186,0.794157867527439,0.005851190498634999,0.7933867690475364,0.004766875593856991,0.7983575166340948,0.0032863971123303836,0.793506554121944,0.0033469793085926258,0.793506554121944,0.0033469793085926258,0.7945807879927296,0.004649455918466728,0.7989343532199052,0.002186841524514989,0.7982968065565451,0.005430488201550311,0.7987738650620074,0.005547610397278664,0.7931594955851807,0.0026115192444348327,0.7987494670500883,0.006216541055624642,0.7941954959031273,0.0067928645889625775,0.7991530539865219,0.0015191094445775074,0.7967799005377861,0.006208336388815956,0.7950613284690434,0.0008431496301102716,0.800748112867072,0.003909348590020757
pl_precision,0.7720566859974527,0.0009061463063199062,0.7783761180575078,0.0021639865552956095,0.7764932242641223,0.0017418214901282292,0.776645884196724,0.004198212584472194,0.7731862439598602,0.004723102675492861,0.7776107441324839,0.0034684077284883263,0.7825845359773725,0.004063712148923961,0.7681564803834467,0.007059115930792536,0.7681564803834467,0.007059115930792536,0.7718119825637526,0.0017010842113672382,0.7808140971097556,0.004093993025381637,0.7851534707705766,0.0021334145056363485,0.7752027852755327,0.006565416400284247,0.7786016623414925,0.008461467000461355,0.7770966927130706,0.0024774320921261642,0.7765406263930189,0.007081247332668669,0.7767230213822248,0.004870559928567638,0.7738766991120304,0.0029424356848640294,0.7789558209770447,0.0022964763245218326,0.7795159739873418,0.005221314024463526,0.7710080079003688,0.0047902570389324215,0.7773602441142641,0.004626713042820428,0.7715271998611072,0.008846251026069259,0.7688781713592568,0.010445694738962957,0.773124724061781,0.004598123536081357,0.7768900796292487,0.002321086441000443,0.7681564803834467,0.007059115930792536,0.7681564803834467,0.007059115930792536,0.7690835019754361,0.0068079559288299375,0.7772292215456246,0.004388228145826459,0.7783012898431615,0.006576539995130256,0.7780269982458052,0.0066829206088735525,0.7734899209788249,0.00360638981179084,0.7772407901018982,0.0035007256776277283,0.7722283024122844,0.0071249868368849995,0.7791108733344169,0.000756161736643959,0.7778878624205691,0.006980542905835011,0.7723193681991095,0.004627701119509146,0.7780269779748193,0.005680980892359452
pl_recall,0.8087939414490788,0.003594652055666482,0.8243246298180175,0.004645683843323621,0.8220865830224935,0.006652661432248327,0.824821973550356,0.001091453166458488,0.821996156889341,0.005914060949494553,0.8244150559511699,0.0037078160550251945,0.8284164123431671,0.0029747998914155436,0.8206171583587657,0.0010262967752066397,0.8206171583587657,0.0010262967752066397,0.8147168531705663,0.0025001435864586757,0.8269243811461512,0.005669329140456093,0.8278512490109642,0.002374977445835269,0.828755510342489,0.006656347755749098,0.8200519950265627,0.006385975536208082,0.8232621227534757,0.004016844461162652,0.8214762066237142,0.0009257644502969255,0.8229682378207301,0.0031754736745425245,0.8190573075618853,0.0013915418466384011,0.8226291398214084,0.00336738712446986,0.8228325986210016,0.003432993935946304,0.8131570023736859,0.0018659635798165405,0.8170227195659545,0.004476607346411437,0.8271730530123206,0.006974985651757742,0.8212049282242568,0.0016281412980699288,0.8147394597038544,0.0049477330355777085,0.82104668249124,0.0043744080021428725,0.8206171583587657,0.0010262967752066397,0.8206171583587657,0.0010262967752066397,0.8218379111563241,0.0022411273844501456,0.8219057307561886,0.003356213775967068,0.819351192494631,0.0043215154236257705,0.8206623714253419,0.004504943828385027,0.8138578049056177,0.0015320826381695213,0.8214988131570023,0.009461016490074083,0.8174522436984288,0.006660952791241022,0.8202554538261557,0.002566712777490493,0.8166158019667685,0.0055512734973702585,0.8192155532949021,0.00395297714378104,0.8241776873516446,0.0028293862387254527
pt,0.876464641702939,0.0037495160317274462,0.8812049215103945,0.009009313494188202,0.8742804464767412,0.010824246155023195,0.8744690100933914,0.0030370164779281498,0.8727771754217802,0.003299501608535382,0.8759879947830732,0.01381480530684544,0.8872965739038431,0.004340757087473257,0.8735628571578226,0.001429537789105916,0.8735628571578226,0.001429537789105916,0.871326283149222,0.002079688325595354,0.88056066248684,0.005351155968990683,0.8807230367122886,0.011039142473220052,0.8828653289125641,0.005952343361153232,0.8711848604367343,0.008868427042024904,0.8813149169534406,0.009147319646145057,0.8813725336140835,0.014079314407198125,0.8839705212212636,0.006053890635621058,0.8761189417390803,0.004648748989925157,0.88074922610349,0.005196724937197223,0.8781093354703877,0.009536040328217097,0.8758151448011439,0.006928643874691275,0.8771089007264937,0.0026416360155297916,0.8760351356872359,0.0029736574681044894,0.875039938821582,0.004568760124950215,0.8762813159645292,0.008653096921281847,0.8761346553738011,0.00439853612568504,0.8735628571578226,0.001429537789105916,0.8735628571578226,0.001429537789105916,0.8795235625952639,0.00656316594099046,0.8729290738907484,0.0056433027534346335,0.8860028179784933,0.007390844795706709,0.8753751630289602,0.00227066099612506,0.8715148467658721,0.007711830787498237,0.8802359140359423,0.009427412579066007,0.868565921316593,0.005286706001533383,0.8740761692253702,0.010452181763109535,0.8706139317085434,0.0049899883521435425,0.8732276329504445,0.005290627809982506,0.8764541659464585,0.002417058060118354
pt_f1,0.7845897057399794,0.0051522924349971634,0.7895838937441225,0.013041544164274542,0.784546913297001,0.011619227982285802,0.7814120300697956,0.004087507543785973,0.779401452837928,0.0003795248774226189,0.784035724492718,0.019798539137488486,0.7975124828875004,0.005561296677204265,0.7760802161855928,0.0031599055067227113,0.7760802161855928,0.0031599055067227113,0.7708901317670547,0.0007647538496061282,0.7908374974294966,0.009388394145710199,0.7876236494496217,0.01964035179020394,0.7933276782396136,0.009103562681743898,0.7758589196631385,0.01421686913722974,0.7936556251529657,0.009982723142307089,0.7906851125256434,0.02391557591735247,0.7960277011093528,0.009343269071517096,0.7832084978190327,0.007020913855686447,0.7854891173797265,0.012043264482022219,0.7813743077268058,0.012028135163338853,0.7804823101938906,0.010091804506379844,0.777795948040095,0.004736792464123084,0.7789876450032239,0.0023331576685760064,0.7800590409374039,0.008665891837893668,0.7830491794192813,0.01124354064539548,0.7783131911547706,0.00418503516572115,0.7760802161855928,0.0031599055067227113,0.7760802161855928,0.0031599055067227113,0.7875082007161253,0.009412829699607002,0.7759184264838513,0.005453839054562241,0.7968118693511972,0.01437353683671829,0.7788444672403915,0.003196775092190679,0.7743778415640925,0.014791067187716745,0.788482634701961,0.0186376043778669,0.7728377602931239,0.007929806240395996,0.7809436080832152,0.01657664728723688,0.7745293285390472,0.007146759366228729,0.7788452268538646,0.006122304938652459,0.7826878733536687,0.0023989202630389584
pt_precision,0.7662994590300136,0.005001562275039268,0.7705094547446492,0.011153831683474207,0.7673041408203342,0.011082307288074602,0.7584493507719926,0.005709935176812832,0.7562151319447551,0.002176010719879699,0.7624816547877135,0.017617401939725053,0.7776770225411864,0.003998460945604945,0.7573565453141309,0.00718210195115298,0.7573565453141309,0.00718210195115298,0.7525586044010222,0.0026193119878502535,0.771336188345089,0.002993527452530164,0.7719476721859921,0.016628004036526835,0.7763469335108845,0.008399794445256882,0.7575550980711095,0.01429410696333244,0.7758923106558816,0.011201048368735322,0.772109904500906,0.02423340468014282,0.7778992269991996,0.01072808697340197,0.7634883303110888,0.004256758553313901,0.7676605472394304,0.010654904242717535,0.7620338227513779,0.010544254650574795,0.7601496811411682,0.010834144784809638,0.7627901871662296,0.005572103219142705,0.761448884314671,0.003374293099568433,0.7617777392583238,0.004638703252014205,0.7632270643457532,0.009441331516251653,0.7587049796870322,0.005847771820985247,0.7573565453141309,0.00718210195115298,0.7573565453141309,0.00718210195115298,0.7666512762186763,0.01245464533846592,0.7594355965043434,0.004596949263557428,0.778935418311952,0.01401254176568837,0.7592393715120457,0.0036490225354122692,0.758093688154962,0.014156109308024946,0.770580959569681,0.017270091177649344,0.7561476444207492,0.0073432759457641526,0.7639949021523051,0.01700673685604764,0.7577826725038842,0.008703418556632604,0.7574998116587336,0.0036159853817000296,0.7666269369351865,0.0026414468753224772
pt_recall,0.8038328522765686,0.009963315802782657,0.8096315365213096,0.015110915293396199,0.8025847049951894,0.01229587745567669,0.8058870946771718,0.009640477595257954,0.8040668798918272,0.003075515589976055,0.8068492082065685,0.0222101673549169,0.818420573627688,0.009517229589872079,0.7958499102894141,0.00874016470607988,0.7958499102894141,0.00874016470607988,0.7901552383181215,0.0038557386243099102,0.8114517513066541,0.017345605931801285,0.8039628676183789,0.022911743111603603,0.8110877083495852,0.010974188282779357,0.7950698182385522,0.014128714013404287,0.8122578464258782,0.00880583073803218,0.8101776009569129,0.023538149264132658,0.8150401747406194,0.008864605804972326,0.8039888706867412,0.01015808459407219,0.8041708921652755,0.013690634013319583,0.8017266037392412,0.013735011718316821,0.8019346282861378,0.009255521793640354,0.7934056218633799,0.0038290787392048255,0.797358088254414,0.002055558590006655,0.7992823153132069,0.013754640025626425,0.803936864550017,0.013412215288673153,0.7989702784928622,0.002854540052037089,0.7958499102894141,0.00874016470607988,0.7958499102894141,0.00874016470607988,0.8095535273162233,0.005990138528919599,0.7931455911797592,0.0074220883758134544,0.8155342330394987,0.015006248868911158,0.7994903398601035,0.0028835280753770546,0.7913773825311387,0.015477571505125829,0.8072392542319994,0.020163078338265385,0.7902852536599317,0.008806867280429936,0.7986842447408794,0.016870441263320116,0.7920534623085524,0.006882663940019987,0.8014405699872585,0.008993867067611825,0.7994643367917414,0.006166840238829325
qu,0.7869539198084979,0.0027424151376157584,0.7767803710353082,0.005771185374621754,0.7797725912627169,0.02141894693976454,0.760622381807301,0.011953910446102965,0.7785757031717534,0.011542370749243556,0.7701974865350089,0.030626072009393147,0.7797725912627169,0.005484830275231414,0.7863554757630161,0.00538599640933575,0.7863554757630161,0.00538599640933575,0.7522441651705565,0.0064731620744416535,0.7785757031717534,0.004518153462160837,0.7636146020347098,0.023154448979237654,0.77737881508079,0.011211845598560822,0.7755834829443446,0.02249544719235487,0.7719928186714542,0.01712637704518754,0.772591262716936,0.013233599274384191,0.7695990424895273,0.008484408664726427,0.7863554757630162,0.025389830563251232,0.7872531418312387,0.019042372922438437,0.7941352483542788,0.02973610592173508,0.7648114901256733,0.009500004707592819,0.772591262716936,0.027832473858129248,0.7504488330341114,0.0332500164765747,0.7995212447636146,0.030590970482662017,0.7618192698982645,0.015478775770649371,0.7959305804907242,0.02370473048514467,0.7863554757630161,0.00538599640933575,0.7863554757630161,0.00538599640933575,0.7803710353081987,0.014511496891660277,0.7845601436265709,0.009500004707592819,0.7947336923997605,0.018858110420812382,0.7743865948533811,0.030590970482662017,0.7660083782166368,0.025474322745413242,0.7791741472172351,0.0071813285457809906,0.7767803710353082,0.029844303147317022,0.8007181328545782,0.020704780241778815,0.7839616995810892,0.014949127464747794,0.7833632555356074,0.01706352774312779,0.7899461400359066,0.009995986288743335
qu_f1,0.64030131826742,0.024355022893366402,0.6305555555555555,0.012729376930432768,0.6350263973902318,0.03518412145591276,0.6207413509336789,0.025602962478712393,0.6207700770825485,0.010516220412922063,0.6156773082677055,0.017869528558872496,0.6361209948769826,0.022010162647342114,0.639214405123496,0.039754442200538836,0.639214405123496,0.039754442200538836,0.5688148492289993,0.024210333901206593,0.6416861826697892,0.004665572178502804,0.5886049130080618,0.023282637293288787,0.6428394595733399,0.03638728655748986,0.6169715526741107,0.012526593800872881,0.621090534979424,0.006256294566053705,0.6133694225059859,0.03720322226899413,0.5969849782994895,0.03313124909828428,0.6258113753105429,0.04508549223176636,0.6084705075445817,0.022281284236942596,0.6211957556021575,0.012999366099813118,0.5921179749660638,0.019221693944247574,0.6230657349949746,0.05489774259992353,0.5902033188965229,0.03237839500522672,0.6385288699384996,0.03716537961817777,0.5855548910621732,0.01818876552548571,0.6482031110316467,0.04174513401046781,0.639214405123496,0.039754442200538836,0.639214405123496,0.039754442200538836,0.6133492247242276,0.029795887763028397,0.6489206580546757,0.02265425400369207,0.6509533393358403,0.030509102797585366,0.6402382809729806,0.05335519574374059,0.6151431728091213,0.04711820589149485,0.6301570661199195,0.01811355812457241,0.6154258827887773,0.04121798610095602,0.651698930459145,0.03128659554525353,0.6100655138088293,0.010241432068152681,0.6213154571980793,0.01930983662404187,0.6320719427011311,0.02292812658781828
qu_precision,0.6160117963396652,0.018312410344323096,0.6005291005291006,0.012123216124221844,0.6039327292140496,0.02882156223461048,0.5900732167774768,0.03190158665439064,0.587793736193533,0.017004468502410695,0.5786099256676885,0.020629953214605312,0.6083647540983607,0.02684330588960762,0.6116898148148149,0.02865021711686704,0.6116898148148149,0.02865021711686704,0.5320223636013109,0.025656733911995844,0.6112903225806452,0.010576513748874224,0.5511304237116416,0.023520546126953548,0.615872115411773,0.04344799979042363,0.595319783197832,0.017064218197398777,0.5882244370616464,0.0013051066467082999,0.5838886506121066,0.043060294869566355,0.5637040823087335,0.03178114593320779,0.5830495204541006,0.03898229365041449,0.5772732865756122,0.01745365658335653,0.5932069783197832,0.014939595985322424,0.5620109454446945,0.023894108796463254,0.5919733716531277,0.062357063048158703,0.5635604344120937,0.041991939616386365,0.6059382618915795,0.04528566909578991,0.5599583423112835,0.011127483372590941,0.623160807911541,0.04496789253479693,0.6116898148148149,0.02865021711686704,0.6116898148148149,0.02865021711686704,0.5838702496948635,0.03641365554028603,0.6245410557930361,0.02484665420524995,0.6232360304555427,0.03245247296528763,0.6158688524590163,0.0563830718637929,0.5871290458175705,0.05240867415024565,0.5952481060606061,0.024526481733333907,0.5852190293133392,0.03198457335701871,0.6271883082085271,0.0317122830589804,0.5825772849462366,0.01333623382850253,0.5890865557401094,0.014209013207252841,0.605751418497288,0.01846097714395053
qu_recall,0.6666666666666666,0.03162764276722794,0.6637426900584795,0.013399344137297759,0.6695906432748538,0.04327090230101973,0.6549707602339181,0.018260228065492348,0.6578947368421053,0.008771929824561403,0.6535087719298245,0.01860807318911961,0.6666666666666666,0.01754385964912278,0.6695906432748538,0.052874682222295695,0.6695906432748538,0.052874682222295695,0.6111111111111112,0.0220755392844173,0.6754385964912281,0.00877192982456143,0.6315789473684211,0.023208344833899937,0.672514619883041,0.028197809242669472,0.6403508771929824,0.00877192982456143,0.6578947368421053,0.012405382126079702,0.6461988304093568,0.03080600512530039,0.6345029239766081,0.03545133231866121,0.6754385964912281,0.05335756605524748,0.6432748538011696,0.028197809242669392,0.652046783625731,0.013399344137297759,0.6257309941520468,0.01339934413729779,0.6710526315789473,0.05582421956735903,0.6140350877192982,0.02481076425215952,0.6754385964912281,0.03162764276722794,0.6140350877192983,0.031627642767227966,0.6754385964912281,0.03823595564509365,0.6695906432748538,0.052874682222295695,0.6695906432748538,0.052874682222295695,0.6461988304093568,0.022075539284417373,0.6754385964912281,0.02320834483389991,0.6812865497076023,0.028197809242669496,0.6666666666666666,0.049621528504319126,0.6461988304093568,0.04145452303730361,0.6666666666666667,0.012405382126079702,0.6491228070175438,0.05263157894736843,0.6783625730994153,0.0332099903263174,0.6403508771929824,0.00877192982456143,0.6578947368421053,0.03508771929824564,0.6608187134502924,0.028197809242669482
ro,0.83857712726073,0.02397391311991177,0.8709496815732382,0.006631754428258232,0.8169720964178239,0.018216780888410174,0.8538286194175341,0.006984674724421704,0.8363176469412035,0.009536501483938519,0.8437309418833668,0.017371271511977013,0.8623216660168161,0.01452236379796046,0.8456505003849114,0.031355310897058675,0.8456505003849114,0.031355310897058675,0.8430510982474031,0.028229963596395544,0.8572978215010547,0.03525130370969976,0.8742139307959169,0.017126693510806423,0.8556531997640543,0.04075767952718268,0.8526588884556552,0.02280731828930656,0.8655959129400238,0.02239226759837083,0.8567429491217021,0.01613195588987646,0.8778980834408086,0.020094857653611534,0.8592923627565661,0.0010015555474951973,0.8626115993321536,0.029599013867156913,0.8552432940423702,0.026995517364705596,0.8428411465362967,0.020316725358015687,0.8148575827559661,0.005442205374435475,0.8565929836137688,0.0046169490371784855,0.8515741379482719,0.0073062347953904705,0.8521939953810623,0.034114351386317306,0.8308938944042871,0.031261324810460296,0.8456505003849114,0.031355310897058675,0.8456505003849114,0.031355310897058675,0.8309938714095758,0.018654180135056753,0.8277846095398059,0.02373065841693353,0.845280585465343,0.04068050125049964,0.8199714065764874,0.011042190940151119,0.83964688121732,0.032865119267579145,0.8484648530837907,0.018470201101288598,0.8230756925907041,0.00583761487539803,0.8403267248532837,0.010923794085388058,0.8082990912090219,0.007708387575023603,0.8387670835707787,0.0235133737802407,0.8544234825990022,0.017244953192145165
ro_f1,0.6879425480092988,0.03330874753672269,0.7262305597963329,0.011921634935466155,0.6621747404307673,0.03403751083559791,0.7029970111154288,0.012230391698119535,0.6828835222294662,0.01121881936435146,0.6944984772489583,0.022028568213605035,0.7198719293395018,0.01804408344130106,0.6931463608689676,0.04494033539059256,0.6931463608689676,0.04494033539059256,0.6909007212391445,0.041796182985380584,0.7138611997346479,0.05760163935259118,0.7374960723201305,0.037907024252608945,0.7138797757117171,0.062220875399089305,0.7004220108500339,0.03655735440740213,0.7341377774195967,0.036521882354104654,0.7180726453665774,0.011879941750403541,0.7487970772419038,0.0332469604470814,0.7203200644327682,0.009290752988093327,0.7205816133728217,0.04828510366787348,0.7065777484584265,0.04288721326317113,0.6963459715479526,0.03199437657957968,0.6472229148334738,0.012312825880696864,0.7090567628044527,0.005753159655172464,0.7016516445948556,0.016500663652156074,0.7058473884642353,0.04860937953982959,0.6651764232847533,0.04119567992335113,0.6931463608689676,0.04494033539059256,0.6931463608689676,0.04494033539059256,0.6786256762378411,0.0318519319949377,0.6664071766944213,0.034092269038911494,0.6992464335990348,0.06549644951352093,0.65379340941871,0.013241086147147483,0.686878825296005,0.05289060361880254,0.6999612997400441,0.02087703357313809,0.6625035827669911,0.010383647976301159,0.6929748793334284,0.011943569878150614,0.6369727796403816,0.014481719625190894,0.6840589911864701,0.03221706443495577,0.7078554183568783,0.026826462979914194
ro_precision,0.6558620601357735,0.025813510714674495,0.6936201121733304,0.013049916595511133,0.6265124494409915,0.03567377415379116,0.6677299435781232,0.00845466615787296,0.6459063155932078,0.012239611336688624,0.6507503689488302,0.02087760700664908,0.683278825597657,0.008590065000204487,0.6577350559942321,0.043185269940845476,0.6577350559942321,0.043185269940845476,0.6556636409002632,0.04280371090776749,0.6800550356352627,0.049881793119392254,0.7058732395109107,0.03319347019490449,0.679394374705001,0.057186057050402604,0.6681641855104545,0.03362660300042462,0.700764928272363,0.03596725522276639,0.6835608155646075,0.00968220572356183,0.7106565175883096,0.033198812702332554,0.6849114285603006,0.009575562411276758,0.6884255318865083,0.043505136881566826,0.6728509556615355,0.04463690022264937,0.659537903014994,0.029630169886826152,0.6194588628476686,0.008920028073425743,0.6712595696684502,0.014993774756536085,0.6677869793341586,0.016963213304411168,0.6682064348691595,0.04680228851369232,0.6347153398484898,0.039967814588398425,0.6577350559942321,0.043185269940845476,0.6577350559942321,0.043185269940845476,0.6424704587374538,0.03293101846405648,0.6319421675520528,0.027809341582264748,0.6686804124391356,0.06109079002720758,0.620288205456058,0.01651276370431856,0.6514591640393445,0.04663391265957065,0.6664180547323815,0.018938084855886904,0.6303858370345764,0.0058864920971947125,0.6614219270395961,0.007131142886241228,0.6068151679921417,0.01358652873194554,0.6441588852054531,0.03632475694890891,0.6771360764063146,0.023299416298300273
ro_recall,0.7234673510122612,0.04306760985861539,0.7621328771029369,0.013691277461749434,0.702224123182207,0.032632796510200957,0.7422868548617051,0.01888942864074809,0.7243798118049615,0.01090432553094711,0.744568006843456,0.02368712659709222,0.7608497291132021,0.030887650199527585,0.7327060165383519,0.048270651154174435,0.7327060165383519,0.048270651154174435,0.7301682349586541,0.04026389750837836,0.7513544339891646,0.06728516879339619,0.7721129170230966,0.04342385470378949,0.7520672939834617,0.06804531804542527,0.7359566581123467,0.03992167702521844,0.7708867978329056,0.03759624420912679,0.7562874251497006,0.015456356581457139,0.7913316224693471,0.034227365208841926,0.7595950955232392,0.00916404189173738,0.755945252352438,0.054163032938328026,0.7439121756487026,0.04072083917027107,0.7376390076988879,0.036922668563729846,0.6776161961790704,0.016365452170721075,0.7516110635871115,0.0061503914461748,0.7392072996863416,0.018029197467845634,0.7479897348160821,0.050601459732510186,0.6987168520102651,0.04255127169461639,0.7327060165383519,0.048270651154174435,0.7327060165383519,0.048270651154174435,0.7191331622469347,0.03055333569871038,0.7049329911605361,0.04196103927842626,0.7327630453378956,0.07063257988807428,0.6912175648702594,0.011445645970446843,0.7264613629883091,0.06089788656505535,0.7370687197034501,0.023283207851249536,0.6981180496150556,0.016007553313441083,0.7277445109780439,0.017980426245970228,0.670287995437696,0.015600165311467764,0.7293413173652695,0.026787317105590503,0.7415169660678643,0.031070125313954318
ru,0.8462423366675552,0.011651803789672382,0.8584989922513246,0.007770111169999347,0.8541172729525868,0.005317527761303366,0.8476639403674658,0.001397299001745998,0.852653582301034,0.002680857698399175,0.8441847523650529,0.00463231297889225,0.8447225300804796,0.0077700351813757024,0.8567734272339987,0.0034344469256618938,0.8567734272339987,0.0034344469256618938,0.8430390520147958,0.009909372871712388,0.8438667620637571,0.014836314300673155,0.8575122870517156,0.004907865789792124,0.858990006687149,0.004971218161251445,0.8511290993859982,0.008788106817675759,0.8559083065613557,0.012955772310486672,0.8657613295735657,0.00798933490760176,0.861524576441595,0.006216950709688538,0.8582558231973926,0.012447324818227214,0.8589713013753081,0.005621796208539325,0.8506988772136568,0.005871935625059249,0.8481175441796084,0.009553051312618428,0.8520830702898855,0.0040489439546312666,0.8372404053441076,0.013096958749961035,0.841051612631697,0.004384792519851332,0.8349723862833948,0.0054181369382431226,0.8507596694771398,0.009225590360734075,0.8567734272339987,0.0034344469256618938,0.8567734272339987,0.0034344469256618938,0.8514424133593336,0.004544835068603131,0.8607529823281567,0.005243206431754968,0.852634876989193,0.013062109076010941,0.857442142132312,0.010606638599137233,0.851007514859032,0.004696511858103133,0.8456297377047647,0.014234644759093945,0.8548233984745819,0.003850958204726305,0.8550385095607526,0.0074935788179897826,0.8481268968355288,0.009589611787545227,0.8539302198341775,0.007013944788637699,0.859191088789439,0.005439538372739757
ru_f1,0.6412644681563205,0.020307077268906234,0.6636557165914775,0.013973160523533146,0.6553484253018085,0.009586812954617288,0.6486031700716787,0.0034100954774606805,0.6554098800561441,0.002412709885080119,0.6387998345924266,0.010043153738416126,0.6461184517370993,0.009786741574447772,0.6616381209730261,0.009948499338911468,0.6616381209730261,0.009948499338911468,0.640328271399288,0.015951798631289343,0.6429070772535296,0.018956884719293323,0.6650041499329401,0.008768963446565876,0.6720022785809988,0.006254240625520188,0.6529418695698898,0.01729450137881065,0.6579189222505875,0.026285389906074777,0.6720229077879846,0.016609027777137856,0.6652743622513834,0.012164576014663172,0.6642009728222084,0.02495579469686393,0.6680319688645332,0.01110937313002253,0.6559266938344533,0.006525377867535728,0.6423476786404198,0.016235286659801895,0.6502814471378975,0.014487012149202873,0.6332518131689034,0.018821904507872675,0.6377960563697198,0.006416383491828098,0.6305201918452582,0.008660798363323962,0.6505109684262149,0.01349377034156047,0.6616381209730261,0.009948499338911468,0.6616381209730261,0.009948499338911468,0.6581916316130225,0.0076810748408954275,0.668756840558072,0.011611248895776444,0.6549652802142789,0.02458940825265624,0.6665213704710237,0.01877087288353426,0.6439263495115165,0.01631444219940418,0.6428014165396391,0.017754478963071422,0.6586980082881322,0.008191462403486291,0.6580693459158917,0.006773159613830508,0.6455433758417336,0.018982336861152943,0.658422222779913,0.01611453961235507,0.6699702854595113,0.011891385566370195
ru_precision,0.6129897659855037,0.02786116346290425,0.6327977156922127,0.013935678491987525,0.6261643617362853,0.009914961923894917,0.6155806747491289,0.005679391793866588,0.6211024671110995,0.00266353493011961,0.6068941574994015,0.008543336749446491,0.613689699369811,0.011217011024188187,0.6277912082506202,0.008462978645409375,0.6277912082506202,0.008462978645409375,0.6035181685374466,0.02245468161380033,0.611105202359636,0.021981385700235063,0.6331883802132271,0.010246770541672355,0.6396790792080199,0.006301253299070933,0.6237919185143174,0.01575233688541233,0.6268902031091844,0.02911824863890228,0.6438454054149728,0.012309481864929514,0.6349112160931772,0.017217272601441083,0.633500395350862,0.028613930278744364,0.6381525097174728,0.010086985682023961,0.6224222450961113,0.01059512680045398,0.6087791922479622,0.020934658330796035,0.6219826503440203,0.013269292550840675,0.5966294969097466,0.01832441086104257,0.6047813573939902,0.005731364043097746,0.5974591511737356,0.010956313912335532,0.6179559202699226,0.014901858953395308,0.6277912082506202,0.008462978645409375,0.6277912082506202,0.008462978645409375,0.6232311813123319,0.01451002593282454,0.6399491156660364,0.014383933681315821,0.6247982983026662,0.028080154261437586,0.6315922943600932,0.018859085663520514,0.6125464687091559,0.019324191198204447,0.6054109401839118,0.019744740201835146,0.6243294478461264,0.008919010245854526,0.6247026802878969,0.010290619695291025,0.6150524033415042,0.02910274164231045,0.6275090806717323,0.017105725779048786,0.638535869229262,0.011856050974936768
ru_recall,0.672552079056144,0.014721696348968498,0.6976814212586571,0.014051349482565761,0.68738879307985,0.009219760379792021,0.6860064055186006,0.002613107099728653,0.6937669376693766,0.006612226240749183,0.6742492677452027,0.011831654350980913,0.6821877309682187,0.008706872159188132,0.6993512359366019,0.011994596992274472,0.6993512359366019,0.011994596992274472,0.6821056089348773,0.008272342822347307,0.6782458733678246,0.015113131789988438,0.7001998302811311,0.007187593842740496,0.7077824313596671,0.007423002068696896,0.6849525060907175,0.019098684925840374,0.6922339930470013,0.02295135758869273,0.7028277353480604,0.022051613747970978,0.6987763817032109,0.006611206228982094,0.6980920314253648,0.020440359414096977,0.7008568065478634,0.012686547395742936,0.6933015794804412,0.002508869560075471,0.6799430620568833,0.011127560770528608,0.6812843886014618,0.016062994149005225,0.6747146259341381,0.020558574886381516,0.6746872519230243,0.010758090848193598,0.6674878870000821,0.006617323941175431,0.6867044428020037,0.011882748914979988,0.6993512359366019,0.011994596992274472,0.6993512359366019,0.011994596992274472,0.6974624291697462,0.0024485590072883872,0.7003093263255865,0.00833542009593504,0.6882647614354932,0.02051720025276826,0.7055651364594454,0.019179729376145805,0.6787386055678738,0.012567891160535695,0.6851441241685144,0.015078285183580169,0.69713394103638,0.010708662766003477,0.6952451342695246,0.0028245682059489185,0.6795871999124031,0.00803971490869733,0.6926446032137089,0.017875711335264877,0.7046617940926884,0.011919110932280624
same,0.9311821519297853,0.00028066620652398243,0.9323629318265917,0.000737633069608508,0.9322298862044164,0.0005675341541627636,0.931843222364969,0.000603536429525129,0.9318307493378901,0.000573804435978762,0.9317517534997236,0.0009382447204916973,0.9321633633933285,0.000624440812654537,0.9319928986899164,0.001543903478955274,0.9319928986899164,0.001543903478955274,0.9310823677131536,0.0015930518413414876,0.9320511061496183,0.0007049559523919941,0.9332318860464245,0.00032068053165487773,0.932491819773074,0.002032082869215579,0.9323338280967407,0.00132496194228874,0.9326789151792582,0.0012878866049865407,0.9327371226389599,0.00043608052595272206,0.931859853067741,0.001060647434837033,0.932491819773074,0.0006740437374360577,0.9324751890703021,0.0005008403167427133,0.9326872305306441,0.0011556468816783458,0.9315313966879956,0.0003368487163263928,0.931851537716355,0.0013203942773895715,0.9332152553436526,0.0007096849161472258,0.9321134712850127,0.0015891896152585025,0.93167691533725,0.0005658870022250755,0.9315729734449253,0.0009323118426839116,0.9319928986899164,0.001543903478955274,0.9319928986899164,0.001543903478955274,0.9325957616653987,0.00041387150344975867,0.9332277283707316,0.0015773489530721183,0.9318016456080392,0.000911498688367495,0.9327454379903459,0.0007311364618889116,0.9322714629613461,0.0007247247350771084,0.9323878778807494,0.00026761353642328073,0.9321176289607059,0.0013255684710192098,0.9329948985319247,0.0004598133683701583,0.9317268074455655,0.0003730109441226243,0.9316810730129429,0.0011146681233597125,0.9326539691251003,0.00041167288387154716
same_f1,0.8438073871979457,0.0011723227889168587,0.8470032851827204,0.001483881872205155,0.8473743418352178,0.0013944561768021312,0.8472515700891621,0.00029641685919399886,0.8455748160570783,0.0002812251883741587,0.8464611971481614,0.00198051719908178,0.8473701529263952,0.0028901681018590085,0.8447998959282862,0.0032760952730806364,0.8447998959282862,0.0032760952730806364,0.8442025465705775,0.0013065267507323135,0.8471471651411021,0.0011081267260690392,0.848097730137852,0.0010494772478551184,0.8468797163566695,0.005935010841700836,0.8484344401803173,0.0010722229963648184,0.8473310573670206,0.0017666675142977107,0.8475413012914051,0.001391336309757238,0.8462458448326897,0.00101713518842044,0.8468054558700838,0.001369522437941074,0.8488539698675449,0.0017377680146306953,0.846718335460659,0.004249404320519156,0.845789860527328,0.0006462448237256104,0.8461961539626427,0.003262557369267692,0.8494881294538232,0.00033836405076597765,0.8462497129886404,0.003273601968559764,0.8459393788783967,0.0008169843426816392,0.846127946515368,0.0026051644610845218,0.8447998959282862,0.0032760952730806364,0.8447998959282862,0.0032760952730806364,0.8474266901677726,0.0008187728966670691,0.8482221115562746,0.00404564668931384,0.8466641432983071,0.0011662414426051838,0.8477601323353591,0.002112159100146426,0.8473675777125645,0.0018407802958117705,0.8459693176769324,0.000789381784573888,0.8458500950057367,0.0019692479482314542,0.8482343823727948,0.00046548324045111604,0.8454693145423766,0.00046273063245980985,0.8453144397964972,0.0026850124948332573,0.8480958789628579,0.0015138815399905173
same_precision,0.84188530318655,0.0015208195904462228,0.8435500923155311,0.0016497491065129081,0.8439791301279315,0.0014768667156757605,0.8441377207188637,0.0008543180116261708,0.8428166172975002,0.0006315176783783454,0.8427110296092714,0.0020066448970029946,0.8447993661924076,0.003786687222536673,0.842365353735393,0.0037361478302733917,0.842365353735393,0.0037361478302733917,0.8412496707351397,0.001662161905823409,0.8444733048741906,0.0008888447097798893,0.8444007799184647,0.0016954471334262975,0.8431162578789788,0.0056888462029677294,0.845446082518715,0.001415513174980777,0.8438460780935109,0.0018281401989545777,0.8438860235466853,0.0016970373868917526,0.8423070856841077,0.001294688559553168,0.8439126154493944,0.0015206349685454154,0.8459248359736602,0.0022160483498530944,0.8439760759635035,0.004309150452533635,0.8430302385257482,0.0005316089354500667,0.8438856583113602,0.0029234768669099387,0.8465466020891693,0.0007740911118067202,0.8432585703534307,0.003094963704037875,0.843469710156024,0.0004024305873454889,0.8430883163602015,0.0026728447120689816,0.842365353735393,0.0037361478302733917,0.842365353735393,0.0037361478302733917,0.8439415727002558,0.0011559891070122748,0.8454977617565874,0.0047407411857371936,0.843562080001881,0.000961030330954753,0.8444147782747597,0.002703046474887698,0.845054270924198,0.0012543855517920485,0.8430817875398748,0.0016224790885064678,0.8429607514366256,0.0022135645364418574,0.8454268384218467,0.0006398675928789447,0.8427010980489813,0.0007961116314851149,0.8421578039210628,0.0028447163980496906,0.8454592726548094,0.0014619845827561586
same_recall,0.8457389428263214,0.001130257723516756,0.8504854368932039,0.0015474602510859262,0.8507970753925447,0.0013499132902121743,0.850389548124176,0.0008934265925246589,0.8483519117823325,0.0008669850806676086,0.8502457149706341,0.002205311400140358,0.8499580486635502,0.0020166584473737246,0.8472491909385114,0.0028739649338637894,0.8472491909385114,0.0028739649338637894,0.8471772743617404,0.0014000663310989954,0.8498381877022654,0.0013777234132087662,0.8518278796595949,0.00039608562008529465,0.8506772144312599,0.006207085258932185,0.8514443245834832,0.000833529361175283,0.8508450197770586,0.0017304867911565767,0.8512285748531703,0.0011008953616880857,0.850221742778377,0.0007345824497684331,0.8497183267409806,0.001262813586581922,0.8518039074673379,0.0012891602214789549,0.8494786048184105,0.004207580719542645,0.8487953973390867,0.000966201283174681,0.8485197171281315,0.0036418012920885847,0.8524511566582764,0.0009385962819346271,0.849262855088098,0.0035734651560747595,0.8484238283591035,0.0012379960526118037,0.8491909385113269,0.002857722615793677,0.8472491909385114,0.0028739649338637894,0.8472491909385114,0.0028739649338637894,0.8509409085460865,0.0004895260183785549,0.8509648807383435,0.0033410907023291823,0.8497902433177513,0.0018055692252331407,0.8511326860841425,0.0015153763038982394,0.8496943545487236,0.002492301107682627,0.8488793000119861,0.0013727089346490327,0.8487594390507013,0.0017304867911565709,0.8510607695073714,0.00043745145848961357,0.8482560230133046,0.0003134770905099198,0.8484957449358744,0.0027340913205098115,0.8507491310080306,0.001624635634650101
sna,0.8667966718668746,0.0020637685733733485,0.7390275611024442,0.05166157370024164,0.49450511353787485,0.10555240402902692,0.5696481192581037,0.06111545614061566,0.8671953544808458,0.006124574279582655,0.30875368348067256,0.0830639528069452,0.7634685387415496,0.10838750214509578,0.8717888715548622,0.003916329785217099,0.8717888715548622,0.003916329785217099,0.4998959958398335,0.279467973053932,0.6752903449471312,0.10260697083398052,0.6534408042988386,0.12673167866443663,0.754064829259837,0.09242356455411545,0.6413503206794938,0.22706191447242371,0.48660946437857516,0.06617176827943659,0.5772577569769457,0.08042284487446971,0.40558155659559714,0.14870770249187973,0.7318166059975733,0.017583035514088727,0.8071936210781764,0.0359212939413026,0.8524700988039521,0.0039015424819350557,0.6414716588663546,0.0803947617141538,0.8684694054428844,0.005309711172073626,0.7539694921130179,0.14240988322048267,0.8655399549315307,0.005952894441598368,0.6375801698734617,0.18539748804291709,0.8637718842087017,0.0034005079607587335,0.8717888715548622,0.003916329785217099,0.8717888715548622,0.003916329785217099,0.7156352920783497,0.13569982736658878,0.8700554688854222,0.004132884194427122,0.866770670826833,0.005561974361250424,0.8705061535794765,0.0023565512069834583,0.6816692667706707,0.14355184096873239,0.7903709481712603,0.0729489765594647,0.8224475645692495,0.06298143396167313,0.8539348240596291,0.010000817090653445,0.8003293465071937,0.08389577280249146,0.8704974865661294,0.0021463592137832698,0.810972438897556,0.026623579550183404
sna_f1,0.22145942739652225,0.003798945061311012,0.15037581867911573,0.023634239057473017,0.09987392632799923,0.012802267308857196,0.11323976812789747,0.016496483223424754,0.2284872242110347,0.015460205335053188,0.08511695889008619,0.009085239531419782,0.1616416955999243,0.040187510753865965,0.2369729380466564,0.010363384859907104,0.2369729380466564,0.010363384859907104,0.09303198610326187,0.02489362197409257,0.13219867863608045,0.026667663924884642,0.14693103831870605,0.041975592721399696,0.17202424221961865,0.0028046756227798095,0.13790819256932482,0.04855595012826275,0.11508844710501666,0.005725207345751466,0.11759552354371523,0.03055116859501557,0.09657461132862333,0.022880627192443485,0.16731616291759702,0.007814840672290529,0.22063673719137641,0.025669780468207185,0.21664627656624066,0.01792753939149307,0.15458447226488536,0.023666614587265124,0.23344389084799974,0.011457026182343505,0.1881439704965867,0.041521883169448916,0.22547134706737257,0.022283191157567328,0.1551339563703885,0.005451160474784258,0.21270826936089482,0.0047783668459314525,0.2369729380466564,0.010363384859907104,0.2369729380466564,0.010363384859907104,0.16520345955417107,0.03185593724298994,0.23927857416495088,0.03066899831172894,0.2199154725567877,0.017227064637129804,0.2298728002191834,0.024603924096032924,0.154024312556322,0.03015809776951216,0.17051735475202934,0.015407658597673303,0.2104980907945789,0.0187672343692838,0.21277162262818805,0.0020282340072173277,0.19575012236276967,0.008760162908883685,0.2257708693356976,0.004344576689433737,0.17969017902817597,0.010705763846944143
sna_precision,0.2550790628389634,0.004979135810199445,0.143653129349211,0.02913814840787082,0.08451456840997966,0.014192291492933842,0.09731396773183297,0.017383598390559023,0.2623680401033459,0.018932159839837058,0.07198883243432354,0.004917330927388406,0.16948695331595987,0.058054004829938194,0.27968196073587065,0.017990488807101048,0.27968196073587065,0.017990488807101048,0.08401581451616047,0.02036122175908998,0.12419910639672434,0.03337429094172911,0.13155454604772293,0.04982270047492046,0.17026256786358737,0.013242522579483397,0.12782092693878253,0.05237168149606393,0.09983262230695845,0.006803806367800732,0.107839951281262,0.031182389655723498,0.08195403939403716,0.018073973218750778,0.14599355296794295,0.006518846908609654,0.22493360994972622,0.033977883451616626,0.2387524672352148,0.00914403916676171,0.1289272386564872,0.02472727678581838,0.270502294430223,0.019160803042836624,0.19169744238016506,0.06034169617625951,0.25951319669528433,0.025129609638020228,0.13190104636099734,0.010385376753753464,0.24802971395385898,0.00637024459586367,0.27968196073587065,0.017990488807101048,0.27968196073587065,0.017990488807101048,0.1497854146581172,0.04388899648472821,0.2812022668819823,0.030648581598145392,0.25854191936982934,0.022505750799990305,0.2755109727297825,0.02335739732316284,0.13788290814709553,0.040470861678702744,0.1713870209911749,0.04691991507285584,0.22113223342935417,0.04513749081898573,0.23859099033628442,0.015677582808034243,0.2012257067563732,0.03764930748012978,0.267408498766327,0.00235759106573514,0.18527487603182605,0.021187828494326412
sna_recall,0.19567354965585046,0.003126472585169037,0.15830875122910518,0.017640841465944093,0.12261553588987213,0.010513786382011722,0.1365781710914454,0.019913143164292265,0.2023598820058997,0.012989403455046634,0.1045231071779744,0.017444913300802417,0.15801376597836772,0.024768809164125317,0.20570304818092425,0.006957734344281031,0.20570304818092425,0.006957734344281031,0.10442477876106189,0.031179257254805453,0.14267453294001964,0.01903588377092927,0.16892822025565382,0.028679383807388648,0.1749262536873156,0.010499983321862897,0.1509341199606686,0.04243107604351939,0.1359882005899705,0.004254337788158112,0.1294985250737463,0.02906615280294281,0.1179941002949852,0.031179257254805477,0.19646017699115045,0.016175846455286375,0.21681415929203537,0.018080935599671968,0.19872173058013765,0.02418579255709419,0.19390363815142572,0.01761616089404973,0.20540806293018676,0.006728854320914741,0.1882005899705014,0.02228456895605428,0.19950835791543753,0.021305070208682893,0.1891838741396263,0.006531997514352974,0.1862340216322517,0.004974096310694898,0.20570304818092425,0.006957734344281031,0.20570304818092425,0.006957734344281031,0.18938053097345128,0.013109431293975765,0.20835791543756144,0.030049910671459616,0.19134709931170102,0.013774052976719698,0.19734513274336277,0.024696097540945223,0.17748279252704027,0.01332776312673147,0.1782694198623402,0.027084615538336625,0.20491642084562436,0.008856110323852662,0.1927236971484759,0.009587398827727443,0.19655850540806288,0.023077451118503074,0.19537856440511306,0.005441924917216026,0.17531956735496554,0.00751682000142238
sw,0.8367899527595345,0.021646231083808955,0.8038368475630833,0.006137324889237742,0.808791335407305,0.0011507653160178447,0.8112685793294158,0.00864673194009607,0.8235395782924301,0.026278834099406612,0.7927180550754697,0.004603061264071484,0.8180089872105082,0.01776379558593786,0.8492913930176288,0.02858824884465451,0.8492913930176288,0.02858824884465451,0.782578638091946,0.007359028294519081,0.8194492453047587,0.029302538501627635,0.8004954487844221,0.003136457561658289,0.8329300610669432,0.031203689366216484,0.7958290125590506,0.002645687868004398,0.7936398202557898,0.02127927598058891,0.7873602949648578,0.014883881077459511,0.796750777739371,0.010296143109994077,0.8125936167761263,0.022230345193860402,0.8386334831201752,0.029692910813187055,0.820659062103929,0.03335652671205092,0.805853208895034,0.007990200920652498,0.8368475630833045,0.0325142786486135,0.8251526673579906,0.02752971876999899,0.8201405691899989,0.0037242300631164806,0.8339094365710334,0.021978093125605187,0.8284940661366517,0.021365664513360968,0.8492913930176288,0.02858824884465451,0.8492913930176288,0.02858824884465451,0.7996889042516419,0.005230814362399469,0.8594308100011522,0.00860749136306753,0.8246917847678304,0.0097925688741711,0.8260168222145409,0.023900925769092193,0.8391519760341053,0.02380889083004484,0.8239428505588201,0.02121272828669392,0.841283558013596,0.03574315530659214,0.8490033413987786,0.02605929620662112,0.8110957483581057,0.005544077059227611,0.8451434497061873,0.03162523432821218,0.8452010600299573,0.03487176263547016
sw_f1,0.7103608128192312,0.017692402589764237,0.6806760023176567,0.009652376237888881,0.688220116735125,0.007067201957548082,0.6818732162485396,0.0073190889083018735,0.69342625808275,0.031326791367130374,0.6669330748643532,0.002185847595778468,0.6936352925674568,0.019280389747115434,0.7216144815485284,0.026402672101879823,0.7216144815485284,0.026402672101879823,0.6561873484601745,0.008301732431496851,0.6955125781436927,0.025213563798162815,0.6783348520544162,0.0031090949522005755,0.7040018260280876,0.02977183905729769,0.6710671085098547,0.005404364505030846,0.6749276258660529,0.031160938274033857,0.6606114642739243,0.023705634863221216,0.6769096944216146,0.0180399438121568,0.6786545160832392,0.02818639413156219,0.7107677757310203,0.02794597832893812,0.6981636797567871,0.03291284505114095,0.6713640365512729,0.022746805282133135,0.7192353725665668,0.030883490975355782,0.7019403494085741,0.022156116547024117,0.694618343025846,0.0038817275971138356,0.7004431155451659,0.028097658624860456,0.6907640226641392,0.016576725448698513,0.7216144815485284,0.026402672101879823,0.7216144815485284,0.026402672101879823,0.6691209166418558,0.015924603627136727,0.7365242501773305,0.007281230808449875,0.6647030925644145,0.042785830138563276,0.6919577938675209,0.030970375565349383,0.713034875051286,0.029920741161258896,0.6737928906356777,0.018044458637209708,0.7072016432865963,0.037256125891128915,0.7018447584624131,0.049619910015420564,0.6926320593221407,0.013106411754801275,0.7098601397342782,0.040663385217873896,0.7099915225441662,0.051443589429509676
sw_precision,0.7206575815831152,0.04148453489477105,0.6699143713523714,0.009603963439973365,0.6804344716997814,0.011923981457667135,0.6744199972016638,0.011470594757648295,0.6955716717344115,0.05126567595319281,0.6561495895546421,0.002353206567655998,0.6969086564691144,0.03558678149909556,0.7459696762831199,0.05097406454856501,0.7459696762831199,0.05097406454856501,0.6465845096014831,0.005236158186366129,0.7022560611022156,0.055083764057984215,0.6699191149900781,0.006875095939179418,0.7221080002619673,0.05209241611194999,0.660467385756104,0.006507272145296811,0.6658692976395866,0.02788251581245368,0.6525391058229871,0.02398319262459077,0.6644756558307102,0.01882082231351114,0.6819478374945985,0.05194505145588066,0.7372061260709266,0.05516782822141304,0.7056354692383978,0.06298888405372584,0.6545637316878815,0.03967662654165191,0.7526790805036736,0.06328856923278385,0.7070876818217243,0.04701749334527424,0.6841003745378152,0.005445107660465811,0.7121450323551818,0.055479057999431286,0.6970146443116011,0.04392523944394945,0.7459696762831199,0.05097406454856501,0.7459696762831199,0.05097406454856501,0.657291280148423,0.020601813571793002,0.7838580004653757,0.006669543679606532,0.6668584945416125,0.02756709223335722,0.7058388964501604,0.04909154237345026,0.7221853254670916,0.058506474103926544,0.6740286059720287,0.023851893974060685,0.7302521328714447,0.06533282158330538,0.7244504093976323,0.08214022833799176,0.6871483925255778,0.015042379289047388,0.7157236215599699,0.07094527264927002,0.7305029651673158,0.08280063590593548
sw_recall,0.701284198771636,0.005700887173830922,0.6917922948073701,0.00987422623329276,0.6962590731434952,0.005117337459470519,0.6895589056393076,0.0062860582072572155,0.6920714684533781,0.013304022956386219,0.6781127861529872,0.006341606192965161,0.6909547738693468,0.010494107274825517,0.6998883305415969,0.015198947614535092,0.6998883305415969,0.015198947614535092,0.666108319374651,0.011971960716019832,0.6896984924623115,0.0029610836733105004,0.6870463428252372,0.007317332452306629,0.6876046901172529,0.01015440171941553,0.6834170854271356,0.005922167346621001,0.6842546063651591,0.03461302901134311,0.6689000558347292,0.023708401725920848,0.6898380792853155,0.017693971945830046,0.6742043551088777,0.009475467754593656,0.6873255164712452,0.00804775840614159,0.6923506420993858,0.005941875112728293,0.6898380792853155,0.006821212575583806,0.6901172529313233,0.0022158721198196015,0.6989112227805695,0.004145517142634732,0.7054718034617533,0.0025586687297352944,0.6903964265773311,0.006769601146277041,0.685929648241206,0.009512409289447724,0.6998883305415969,0.015198947614535092,0.6998883305415969,0.015198947614535092,0.681462869905081,0.01185420086296046,0.6945840312674484,0.007781887138339662,0.663037409268565,0.05768770617363447,0.6792294807370185,0.017306514505671486,0.7054718034617532,0.008595647302256098,0.6742043551088778,0.026839900098763927,0.6867671691792294,0.011635212721482229,0.6823003908431043,0.01975437137949131,0.69821328866555,0.011152978422913535,0.705750977107761,0.016631346743279127,0.6923506420993858,0.025324912275101235
swa,0.8934719318470467,0.005046390890028849,0.8607762298338512,0.006150379777081579,0.8635508053433374,0.022726409796341267,0.8674977367019024,0.017015561886024735,0.8842428860795769,0.020406535953643692,0.8599816330916977,0.030618849882415054,0.8758475155825631,0.030060000568408393,0.8841256504946692,0.015530708038418684,0.8841256504946692,0.015530708038418684,0.8374658877013359,0.0492928210366895,0.8767267824693722,0.01393297509336599,0.8879358070041748,0.0022796831638820323,0.8831486872871034,0.011977048291392562,0.8901242045891218,0.003035595159679264,0.8730078091925725,0.013271768599377997,0.8849332734129233,0.007812114495701809,0.859284732670301,0.05442567360187743,0.879703263708422,0.012628689624771082,0.8957580257527503,0.013032030051652202,0.9046093124132945,0.017013740629724283,0.867862469632727,0.011021276630024937,0.8968652507213246,0.010398309785236919,0.8647036219282649,0.0141698917858396,0.8657001243999818,0.01383672867860889,0.8797293160606238,0.014240924735899052,0.8942079107967461,0.015488171314497015,0.8841256504946692,0.015530708038418684,0.8841256504946692,0.015530708038418684,0.8455616561480294,0.03524527434035563,0.8872779851110807,0.019180323321573534,0.8981027374509076,0.006547461352041515,0.9067456052938381,0.010040412696042948,0.8246937220344281,0.09095840379103015,0.8791431381360845,0.009038052028628769,0.8499840429342765,0.02171798073239364,0.8690739040101083,0.024724499793502438,0.8883461315513523,0.01199439232687511,0.8910881416205866,0.017590102500095794,0.8658955170414949,0.031580687908179327
swa_f1,0.5476534856436436,0.001716329537129738,0.49671663731775945,0.01163427759724995,0.4843316118107164,0.03225213376811884,0.4971485505580529,0.01995282099267195,0.522102942455715,0.022647555163945038,0.4917611343379608,0.03784300859921486,0.5178888815045903,0.04345704660336162,0.5313874404852713,0.019324169703880813,0.5313874404852713,0.019324169703880813,0.442565193179119,0.06281912755833388,0.510791544395076,0.036365392805175326,0.5383685958452483,0.006574605952202072,0.5098917651956221,0.014079299343714062,0.532964013179382,0.008057544552751254,0.5043680904975629,0.013744615330647138,0.5215156857449545,0.015270062989707834,0.4828450216889541,0.0657829746698941,0.5171091206947018,0.027942418672820366,0.5536389111379415,0.018670268768116515,0.5503350438522441,0.036596698618640414,0.4876761755107822,0.02108415583382814,0.5452288962851671,0.024181955464090965,0.4926627290737462,0.022539991281637962,0.4980020566389236,0.010116783549943172,0.5063951073929983,0.0159458590970864,0.5363445809139175,0.026758946403332557,0.5313874404852713,0.019324169703880813,0.5313874404852713,0.019324169703880813,0.47074814135135473,0.05070515519880895,0.5315736645993815,0.046815737954207605,0.5468232283556942,0.019801369671791306,0.564271295514246,0.017275148173777097,0.45445448325573046,0.0836890538024274,0.5094385666166059,0.021606207592726842,0.477352496576569,0.02227453636027883,0.5050942192087047,0.04278862969076928,0.5257621939419636,0.019524210984275148,0.5359535034987107,0.03819404157897539,0.500136904147873,0.047119012359036726
swa_precision,0.48265550062987356,0.006429899797403529,0.4303317311173049,0.015047589782523291,0.41583142375596527,0.03749793096430688,0.4353183944344809,0.024711162920613986,0.4596826564051968,0.023730755450257716,0.42549831279758693,0.04336057576398281,0.45516849364591105,0.05443529253982491,0.46856122706716014,0.02278666828930464,0.46856122706716014,0.02278666828930464,0.37559836837092586,0.06031907208702065,0.44714713071134865,0.03537254867762348,0.48401060832077447,0.009624844622062466,0.46387359332502154,0.02165738328121925,0.47606183785064377,0.01648456677836609,0.4382930430117445,0.018391921563499947,0.4621340981373447,0.026170258649556074,0.42346392249777615,0.08712151589378218,0.45679775415290574,0.035304865177230214,0.5045183849768745,0.028060010748956723,0.5084152231432482,0.03657078291286772,0.42749614476900427,0.01761427536488197,0.49356678156732703,0.028907617620514383,0.42943300707965126,0.02016595426431678,0.42996545729795804,0.020796154594819802,0.4384834453642954,0.013779766833876796,0.4906729453008291,0.028534020161082942,0.46856122706716014,0.02278666828930464,0.46856122706716014,0.02278666828930464,0.397330864307724,0.0579158886226819,0.47991725948715064,0.041091217345165056,0.490999506437728,0.028271201963513067,0.514216960711047,0.023403144904331537,0.38600559534233797,0.09315588868809029,0.4461831888722155,0.02877833291248463,0.4055852948911018,0.027597642610314863,0.43961205445352247,0.05182997869837827,0.470497178770084,0.02430220632662578,0.4755038116903652,0.03475847949966916,0.4321997548481365,0.0560604992960327
swa_recall,0.6331725616291534,0.013861218817124892,0.587620578778135,0.011971226100583434,0.5807431225437657,0.024294226666532207,0.579849946409432,0.01360240101446625,0.6044122901036085,0.02380008553501448,0.5834226509467667,0.027563131864217105,0.6022686673812075,0.02615298422140307,0.6138799571275455,0.01322775460578508,0.6138799571275455,0.01322775460578508,0.5391211146838156,0.062022256241030034,0.5956591639871383,0.03648884143740455,0.6065559128260093,0.0029515383425970363,0.5664523043944265,0.006301166139498846,0.6059306895319757,0.014245249337872617,0.5942300821722043,0.007513835935351222,0.5993211861379063,0.008457863952240127,0.5687745623436942,0.023587968331895748,0.5966416577349053,0.01986709647057801,0.613969274740979,0.008512863563732657,0.6005716327259736,0.04450706625452216,0.5676134333690604,0.026556185836334366,0.6095033940693105,0.024111785628525718,0.5787781350482315,0.03912845516885704,0.5927116827438371,0.012542368422795732,0.5993211861379063,0.021540364236341925,0.59146123615577,0.023677592250467228,0.6138799571275455,0.01322775460578508,0.6138799571275455,0.01322775460578508,0.580832440157199,0.039163609235426854,0.5962843872811718,0.05926807518771435,0.6178099321186138,0.017399061926631727,0.6254912468738836,0.01382577802004929,0.5582350839585567,0.051182032011707915,0.5942300821722043,0.007196583450690892,0.580832440157199,0.01856689553566589,0.5950339406931047,0.028767621259581867,0.5961057520543052,0.015583556063671806,0.614237227581279,0.044365686851158666,0.5950339406931047,0.027663238059929585
ta,0.7915399502350015,0.005252972076306326,0.7914477928301539,0.0029335165500686483,0.7926919177955948,0.0051544337634522215,0.7943968297852733,0.013133400232884965,0.7849506957884067,0.01139029734069144,0.7972997880379689,0.009360670363080213,0.7946733019998157,0.0026021210770427483,0.7916321076398489,0.008887338273885275,0.7916321076398489,0.008887338273885275,0.771956501704912,0.008582150595092113,0.7896046447332044,0.011048516009227582,0.7938438853561883,0.023999131262088302,0.7739839646115566,0.0035270530335009633,0.7967007649064602,0.01660119152653292,0.7833379412035756,0.007924599113396956,0.7838908856326606,0.011046209670404908,0.804718459128191,0.008072720393763642,0.7864252142659662,0.01411295200046865,0.7911713206156114,0.007498379755817136,0.7879918901483735,0.006000678525837402,0.7946733019998158,0.002143031232924782,0.8074831812736153,0.0011510456176202235,0.7878536540411022,0.009328974422962549,0.7825546032623721,0.017585349844791036,0.7978988111694775,0.011926820353952474,0.7922772094737812,0.006786721830338005,0.7916321076398489,0.008887338273885275,0.7916321076398489,0.008887338273885275,0.7760114275182012,0.009109259512021241,0.7941203575707307,0.003725542167670661,0.7909870058059165,0.008659363983061042,0.7879458114459497,0.002886454661020358,0.7855036402174914,0.0046393267813867375,0.7865173716708137,0.015566351419097247,0.7850889318956779,0.012043477895255847,0.784720302276288,0.013369892530648488,0.7923232881762049,0.015948357468891155,0.7796516450096765,0.007473704169705996,0.7990968574324947,0.013197265366592131
ta_f1,0.5082227387851922,0.00623410156493833,0.5095342571753306,0.002897416146520459,0.5087395559640524,0.013907622846355114,0.5195871650357237,0.02831986121530116,0.5126848895802317,0.014970377188582731,0.5123149100733351,0.009129483593524123,0.521199066338163,0.0007983732579683831,0.5215443194257047,0.014215189335621246,0.5215443194257047,0.014215189335621246,0.47784059957150077,0.019917214719532474,0.5150539016968347,0.014805639331218982,0.5221354844305663,0.045622806183981096,0.4960618008936966,0.008081546316842218,0.5221719138498888,0.030768380537844496,0.4872034630157614,0.021770176124720715,0.4949454297410429,0.014001045017759476,0.5497000122463455,0.006875089265564575,0.5018196328770906,0.01677519291588094,0.5092457932802156,0.007044827492888958,0.5079906721587449,0.019681977673472874,0.5236020965226588,0.012930595788797175,0.535802373925039,0.009435808212951669,0.5130618914031122,0.005455903941807801,0.5071731699734002,0.020287067782292494,0.5284254752515848,0.022044067972245864,0.49359211263913255,0.021881628439818366,0.5215443194257047,0.014215189335621246,0.5215443194257047,0.014215189335621246,0.5044138149121921,0.01341797593718161,0.5124257733911248,0.010494360237884729,0.5172083169940263,0.02749366348614158,0.512790048857319,0.003570843867761952,0.508541208420647,0.009185563802823652,0.5050641730512931,0.0362477744510608,0.4943397754464221,0.03762102906269048,0.4900548465634938,0.02473129449479893,0.5156618563538792,0.026796104918982724,0.49936374625444646,0.015157609019216287,0.5275856539363005,0.017827799141495303
ta_precision,0.5035887991919158,0.005889770968667787,0.5091973086646412,0.009900498917654404,0.5085135729980396,0.005815320397043008,0.5131529619694813,0.028685770330053963,0.49873384791344955,0.009619629726101909,0.5098057731938481,0.005843528542144232,0.514279692537773,0.0036698850149589073,0.5177620548774073,0.01819030272568664,0.5177620548774073,0.01819030272568664,0.4776500531345926,0.014947172191770488,0.504529807740693,0.019276632479203384,0.5176531970659612,0.042267862486605454,0.49321660444465043,0.003255140550339914,0.5131190208347194,0.020833104146150753,0.49767831582369454,0.021827012669610447,0.4961556833490714,0.008105767283882367,0.5400742758421674,0.012365652694253321,0.5027296970813971,0.02004512205971655,0.5116773354453329,0.0077120423223998435,0.5090620466267312,0.011318821607154361,0.5103565794422312,0.004970640559278533,0.5349436434169891,0.009579796564494336,0.502668181044507,0.011882425258606255,0.4971731213076404,0.0200511019356819,0.5115407508998849,0.01974685258951514,0.4914129639843298,0.017738877615229895,0.5177620548774073,0.01819030272568664,0.5177620548774073,0.01819030272568664,0.48420758858220253,0.00851480670987702,0.5030850659715173,0.00876277808287695,0.5196090042191216,0.02657779782200137,0.5081139222163803,0.007299873781877659,0.4994635504055794,0.0026849284622813773,0.5051009623590268,0.022838984209795608,0.48874862827637044,0.02892117245436924,0.4931428197592842,0.02219931521660709,0.5108363521997434,0.02088407562407621,0.4955183500970932,0.01033988396874928,0.5257869034401433,0.015410812836588647
ta_recall,0.5132957292506043,0.017782495157706673,0.5100725221595487,0.00841281749307853,0.5095353209777062,0.028333224827246307,0.5261885576148267,0.027960276507489883,0.5275315605694333,0.02117179306896427,0.5149073327961321,0.013411214324813278,0.5283373623421972,0.0032566090929310055,0.5256513564329842,0.01644177914886158,0.5256513564329842,0.01644177914886158,0.47810905183991403,0.024984186847668,0.5261885576148267,0.013411214324813221,0.5267257587966693,0.049162713926583,0.49905989793177546,0.014467078172973722,0.5318291700241741,0.04164522017541511,0.47730325006715013,0.023772290407387056,0.4939564867042707,0.022082497350595885,0.5597636314799893,0.0016774101526721567,0.5009401020682245,0.013539707935674012,0.5068493150684932,0.007024816992007571,0.5071179156594144,0.028080004739627733,0.5377383830244427,0.022102091407113344,0.5366639806607575,0.009292959383296353,0.5240397528874564,0.004055779981343407,0.5175933387053452,0.020706649338928927,0.5466022025248455,0.026802247750937872,0.49583669084071985,0.026065331278986036,0.5256513564329842,0.01644177914886158,0.5256513564329842,0.01644177914886158,0.5264571582057481,0.019344837582627793,0.5221595487510072,0.013314030331876097,0.5149073327961321,0.029409004981296828,0.5175933387053452,0.0012308825396067458,0.5181305398871877,0.01745077181926494,0.5055063121138866,0.049524588316930615,0.500402900886382,0.047562786666796836,0.4872414719312382,0.0302184618006855,0.5208165457964008,0.034848791775362764,0.5033575073865162,0.020580835621263026,0.5294117647058824,0.020273562651747144
te,0.8197424892703863,0.006863667428157689,0.8390353566319231,0.005793694039690262,0.841814837522992,0.005952010349239273,0.8396076026977314,0.005264276623829711,0.825832822399346,0.0060027416053169864,0.8387083588800327,0.011930097445386978,0.8309421622726344,0.007415805090489516,0.8284488044144697,0.004798037411775303,0.8284488044144697,0.004798037411775303,0.8255875740854282,0.003479876828741858,0.8304516656447988,0.006683110302959103,0.8353566319231556,0.004435424977357566,0.8265685673410995,0.002201550461393063,0.8313100347435111,0.0034712239927344683,0.8438585734723074,0.002465731638153389,0.8410382178622523,0.0058350719369497555,0.8476190476190476,0.010186173517576214,0.8460249335785816,0.007176744002841153,0.839934600449622,0.004335996663434397,0.8379726139382792,0.0046473315208959715,0.8332311465358675,0.0075699935421462425,0.8408338442673206,0.003143103768970252,0.8317187819333741,0.009826268842062853,0.8324136521561414,0.0008612837729698015,0.8297567954220315,0.003477715638079794,0.8434907010014306,0.0036896085334630698,0.8284488044144697,0.004798037411775303,0.8284488044144697,0.004798037411775303,0.8333537706928266,0.005539844021128873,0.8405068465154302,0.0058105393481027515,0.8363376251788269,0.0012763126912729776,0.8346208869814019,0.009706175182469813,0.8327815246270182,0.007089260167402221,0.8295115471081136,0.004320363053087732,0.8305334150827713,0.013817408407365771,0.8302881667688534,0.008638695621807954,0.8380134886572654,0.002091811417441076,0.8256284488044144,0.009687308399754757,0.8358471285509913,0.006195048786240947
te_f1,0.44004434238188644,0.01422700892919816,0.4745843431543657,0.010608934648681519,0.47163193257736064,0.026812379951175046,0.476894727172944,0.014929317109034156,0.4617856164619489,0.011850768763428292,0.46689385592247334,0.02703717094045821,0.46976859330784143,0.01846535433157623,0.44689545540189624,0.00904938910888251,0.44689545540189624,0.00904938910888251,0.43696908873178214,0.020122944191224082,0.4617278896728901,0.013601276428661949,0.466423824086785,0.01862911466542748,0.4465585469167779,0.019199263054433695,0.47289031421589195,0.02152482378289248,0.47204609961359617,0.019052834108122866,0.4703702562089746,0.004611158568017576,0.48971274453747976,0.017912686966883185,0.504437032168617,0.016954814526421925,0.46538861257406144,0.009574633487963181,0.45716526810728525,0.009976419260954482,0.4803507815585774,0.00538024998423334,0.48769319656732985,0.00742281486741448,0.4705641310931528,0.011192105846677796,0.4665257752092717,0.024085523084985613,0.4668188608388791,0.004289698844550472,0.48105205227569664,0.022409537652546704,0.44689545540189624,0.00904938910888251,0.44689545540189624,0.00904938910888251,0.4799172321080037,0.012569749871940315,0.49532077010398745,0.014205957092617736,0.4651968757380181,0.014473572839155515,0.45986316552950224,0.035109377136178566,0.4569877659575488,0.015304319163152516,0.44440628311299335,0.031387543767351915,0.46663150840426537,0.041864845297635934,0.43637485270026805,0.01159994131279673,0.46952454376666886,0.010860833464999763,0.4353030242299229,0.024338258066991046,0.466419833535447,0.014498521784268891
te_precision,0.4226531300043135,0.009633135707406237,0.46781408651725837,0.02023719583918737,0.46010280974638657,0.022095578282474757,0.45969235493522875,0.014917265481554899,0.4295255777016762,0.007857892087599612,0.4552820539504623,0.03383464172693816,0.4449723060954778,0.020164489710848423,0.44289413941392847,0.018445545223240722,0.44289413941392847,0.018445545223240722,0.4298461876250766,0.0037529234323020765,0.4354283610938136,0.015936927250880813,0.45362429096976076,0.02236611993103329,0.4382545884937063,0.013619674882078475,0.4525617468805903,0.010984350316298998,0.4735056803089879,0.02456787464938104,0.4730935928911238,0.018595107127896283,0.4796604776061071,0.03367020482098716,0.48905983274594805,0.02086353052730979,0.4643993488417828,0.016003003715096838,0.46139383260875544,0.02394976452020323,0.45442008938719763,0.013914618780405919,0.4707589814356446,0.008416899362068582,0.4515659497887283,0.023452757175678202,0.4431730284190336,0.01713404723155657,0.4371172301552164,0.009560960098753703,0.469773878671621,0.016366704377850125,0.44289413941392847,0.018445545223240722,0.44289413941392847,0.018445545223240722,0.4483147723782919,0.012911953939242079,0.47617191284223687,0.012047770114093762,0.4589846095969035,0.006001420962775616,0.45758021958908385,0.035370034152454724,0.4435314907141774,0.023521790054256243,0.4318746228022059,0.0011594920526896409,0.4425173681662787,0.03758509654904899,0.44190745236955725,0.029109910792165156,0.45534228993975706,0.009166078863636469,0.42521355927308707,0.03075216590938639,0.4564934092294222,0.016095643587764857
te_recall,0.46057500711642474,0.03863058583171134,0.4822089382294335,0.01586946753745099,0.48562482208938224,0.049370552233275154,0.4955878166808995,0.018401703796064914,0.4995730145175064,0.021553252714131502,0.47964702533447195,0.025652317434456763,0.49758041559920296,0.01759124913803635,0.45146598348989464,0.012443776256415844,0.45146598348989464,0.012443776256415844,0.4452035297466553,0.03711909664150991,0.4924565898092798,0.02988084961090278,0.48050099629945914,0.023931511024177298,0.4563051522914887,0.03605268131102523,0.4961571306575576,0.04101728423065011,0.47253060062624536,0.03954478814947993,0.46883005977796754,0.022448231303321842,0.5009962994591518,0.001304462196116133,0.5212069456305152,0.020572253305043784,0.4668374608596641,0.015567900841304137,0.45402789638485624,0.018559548320754966,0.5098206660973528,0.009848473607746227,0.5064047822374039,0.020548607029062353,0.49188727583262165,0.0064473393981816715,0.4930259037859379,0.03714855494778863,0.5009962994591518,0.004298226265454456,0.4930259037859379,0.02951249195168293,0.45146598348989464,0.012443776256415844,0.45146598348989464,0.012443776256415844,0.5166524338172502,0.020334553202033572,0.5160831198405921,0.016697989611229654,0.4722459436379163,0.029742228466725848,0.4628522630230572,0.04184457728437234,0.4722459436379163,0.023804201306176543,0.4611443210930828,0.06585550344935301,0.49387987475092504,0.04910394930240406,0.4323939652718474,0.020572253305043725,0.48562482208938224,0.029363855065192988,0.44605750071164246,0.017508140409543745,0.4768004554511813,0.012790573264253329
th,0.609128410684114,0.008435085615514606,0.4090888665204731,0.033426820452566244,0.48948559633797073,0.20173592665398105,0.5160371056068831,0.1654360104921809,0.5406608368982996,0.09635136093098491,0.4221968580364525,0.17949461034742514,0.31827209979508925,0.08167584443683597,0.3074086889312291,0.08536564170522559,0.3074086889312291,0.08536564170522559,0.3601364872799606,0.138848078373737,0.37428775568896716,0.03777804579574605,0.3606996920348468,0.14813340535897906,0.3177613210147272,0.09454512565362903,0.2558604750092868,0.04494464285319705,0.4367428191393752,0.10518420913718649,0.4484061005859726,0.03361792714398622,0.5458180549064721,0.025124319073854748,0.35766647493738835,0.12857596739883773,0.3796367029753987,0.08102384186804278,0.34518759511569663,0.08612859824836099,0.25067554612886606,0.022576634164838412,0.340742621418557,0.10493892257129031,0.2805111682304586,0.08497571333471769,0.5313117877556889,0.11278232047363995,0.38978337587326695,0.1905281710459362,0.22939734095457212,0.024035693000561603,0.3074086889312291,0.08536564170522559,0.3074086889312291,0.08536564170522559,0.46501315143018057,0.128753481944444,0.42309109537333284,0.13802983201529234,0.41304552971204656,0.16918194771287937,0.3780938814394075,0.08539997929572082,0.42890214017806855,0.19527651971652102,0.5117718781081114,0.1352263062938386,0.28023705527794746,0.024473540276995293,0.3383579885202095,0.08526126591222959,0.4360949838827575,0.15749295614594877,0.3213906963367725,0.07651031216121708,0.4202675821739703,0.06703785862701525
th_f1,0.0027596660939832665,0.00261937304310869,0.015154408324765799,0.0038187388392750396,0.0048671266553927,0.005862086405442957,0.007336186995925066,0.0006314824074725087,0.0051732646423992,0.004017714304796779,0.013335274054267232,0.017568192118481638,0.0171189630494466,0.017005330047310967,0.014143845852671666,0.0073253028198559415,0.014143845852671666,0.0073253028198559415,0.013226241469713268,0.008984781444385033,0.014751728638894533,0.00501540545650414,0.029015156432494537,0.022749772174195958,0.025266697944556566,0.005705169620916529,0.023260890331152962,0.017439121653972985,0.015035680009149502,0.004160918525192242,0.011341292282429435,0.004793377461348911,0.0027617188519769,0.0011104989650886656,0.012797118893900167,0.0022972977520929944,0.010020822198745232,0.007881501079189664,0.017496338392152564,0.018649180496800304,0.018251533281352834,0.0027684855335085175,0.007935887142833201,0.005891596398479475,0.019931476146371502,0.007448009642407376,0.0056446420297337,0.0014462804580770063,0.0142955472056389,0.008512142909180438,0.027596835041138867,0.010616810338498728,0.014143845852671666,0.0073253028198559415,0.014143845852671666,0.0073253028198559415,0.0112857697174509,0.0009928502966434014,0.005165408239916367,0.00338925356463297,0.0205646794279245,0.010947984800115029,0.016459440168874465,0.0056709784128572225,0.013875691534721965,0.012587470134869853,0.015664240292467865,0.01472317190511657,0.0253133966086567,0.008498956455323992,0.013718620244688734,0.007312928463245257,0.014691497924384797,0.01753063158675391,0.012450278532834367,0.013338000577926834,0.008926597586184465,0.005861736722853826
th_precision,0.009747000882825567,0.010290658245855353,0.011592813200831534,0.002200859776668091,0.005545429497414767,0.0028865374788332506,0.0131795363643429,0.007380728511187062,0.005412154715007167,0.001761062963589747,0.012791224772137332,0.01439809553276038,0.014175379426602132,0.013121941256850608,0.011278465811051465,0.0059965212580534565,0.011278465811051465,0.0059965212580534565,0.011409921838578765,0.008161752592178018,0.011082206349705232,0.004467105951486575,0.023233887068062,0.01764223221814379,0.019585630423844567,0.003628509578353004,0.019224160501254566,0.015684175744659627,0.0115415380684017,0.002369397937438923,0.008700201366281466,0.0036079452434456113,0.0022527951794155,0.0009622756442648786,0.010796115030105033,0.001527845569044211,0.0077671967806313,0.005776030270371008,0.0131742908270984,0.013857700619397168,0.015998588017561568,0.0018184604408738362,0.007422031971878733,0.005867656708244067,0.017454029749236235,0.009037285909673176,0.0077932974536692,0.003957572200428054,0.015454267705705599,0.0031652480099160474,0.025706138082903496,0.01253917137226897,0.011278465811051465,0.0059965212580534565,0.011278465811051465,0.0059965212580534565,0.010738334559134166,0.004304624105059427,0.0045092477004297,0.003108039172460145,0.018915276579381267,0.008403224693639614,0.012495234883809466,0.004277655802157102,0.0144424200619727,0.00865692065069996,0.0153304698718646,0.00692584087863216,0.020312511528774068,0.007116937406497266,0.010182745592807033,0.004924908071051028,0.0131434556219766,0.014467658147412837,0.008797130884105933,0.00916273926858074,0.006514462549503899,0.004007094651547806
th_recall,0.0016158457127964001,0.0014916953892368599,0.0222743462774737,0.008008523680940623,0.0062722613152635985,0.00924601012972194,0.006237511945095933,0.0021906577325032594,0.0060985144644253005,0.005308215106419274,0.015150725393102199,0.02147974913493175,0.022291720962557503,0.02454463777847173,0.019146902962383767,0.009518790637622157,0.019146902962383767,0.009518790637622157,0.015776214056120168,0.009911568767733867,0.02239596907306053,0.004789271353764157,0.03891929458778556,0.03162900958483193,0.03596559812353397,0.010741729555471626,0.0300582051950308,0.019651344905093873,0.02199635131613233,0.00851347158528008,0.016471201459473533,0.0072134871585118245,0.0035791851272695004,0.0012813756627568097,0.015932586221874667,0.004134700504012905,0.014212492398575234,0.01221776439933001,0.02606202762574923,0.028472762199205547,0.021318738597862864,0.0042817936466849876,0.008617843801581067,0.005833316025090016,0.025314916167144434,0.009102229220361299,0.006220137260012134,0.003696890427430536,0.018121796542437632,0.013767100095398709,0.0308574407088871,0.006796944826772169,0.019146902962383767,0.009518790637622157,0.019146902962383767,0.009518790637622157,0.013708626531144066,0.003123531564572008,0.0060811397793414665,0.0037155836158477805,0.0228129615150725,0.01452348045059351,0.0242898097471983,0.008950627664311657,0.016106333072713,0.015982887719842246,0.021527234818868868,0.027074972379374018,0.033602640952132695,0.01048255227899286,0.0212839892276952,0.013144084197513659,0.0169924420119885,0.021720225790449032,0.021440361393449698,0.024316323363463788,0.014420988619581234,0.010294511908801216
tl,0.8175203515596859,0.013185850007108214,0.8091636049275989,0.015422142014187392,0.828722714501837,0.002292328013355927,0.8283264894460053,0.0097167151070311,0.8410777321518622,0.0035926684359316174,0.8265975073841942,0.002853584370050871,0.8243642388876883,0.002504911555466297,0.8414379367480729,0.005143237302385011,0.8414379367480729,0.005143237302385011,0.8118291189395577,0.020267583077110414,0.8253007708378358,0.008861911571029066,0.8072185001080614,0.0026557609093245415,0.8472012102874432,0.0037990913834550963,0.8132699373244003,0.02152456808657508,0.8361069087241554,0.007856094448651076,0.8189611699445285,0.011512129878503368,0.8232836250990562,0.014390162348129211,0.8311360852964484,0.004136554202134051,0.8457603919026008,0.005330541238725137,0.8434550824868525,0.0027022547847432997,0.8265975073841942,0.00836016166753941,0.8411497730711043,0.008209820580601952,0.8456883509833585,0.010189907269614256,0.8309199625387219,0.003104453775147989,0.8450399827101793,0.010109371569938623,0.8207621929255818,0.012026087367012233,0.8414379367480729,0.005143237302385011,0.8414379367480729,0.005143237302385011,0.8193934154599812,0.01100812591055205,0.834305885743102,0.009314197166713679,0.8229234205028456,0.003843907952439769,0.8217707657949717,0.017653847379859464,0.8314962898926591,0.014525850484695459,0.8322166990850803,0.012576660956593983,0.8363950724011238,0.007527155723910955,0.8362509905626396,0.0028535843700509466,0.8250846480801095,0.009210819613786737,0.8375477271089978,0.008348979992895375,0.8273179165766155,0.01588759537453129
tl_f1,0.7511170145477545,0.020325367164423944,0.7311516178522969,0.029602373705602043,0.7666007767699242,0.007482765859208106,0.765547825188427,0.008504262496123342,0.7785694105432123,0.00318538871371163,0.7681158211639861,0.0031064921618062435,0.7617178030786861,0.012866915987382127,0.7840231601256051,0.005245850943508568,0.7840231601256051,0.005245850943508568,0.7382962194781021,0.03680957156117558,0.7628276488802369,0.013632071031008598,0.7188553790678842,0.02634778007032103,0.7680426039560438,0.012940700747450108,0.7530886595596696,0.018519493425126706,0.7729762093740199,0.01449291466592843,0.7539843198885605,0.01182753008905602,0.7562213281724532,0.020980468694321693,0.7635462677917829,0.008596212981046418,0.7838927719573716,0.0054437442967616885,0.7825362540758238,0.006935214696595607,0.7570827755473731,0.010610897025203988,0.7732747645587917,0.01357796977196038,0.7829021614453926,0.018948836256316715,0.7712134327655166,0.00882292729106426,0.7823904973430095,0.009696312569883028,0.7594889926882935,0.012377111452028307,0.7840231601256051,0.005245850943508568,0.7840231601256051,0.005245850943508568,0.7518003694780253,0.010972170016351847,0.7702914402580578,0.009618160883636496,0.7641226281430233,0.004682546292510527,0.757906279573053,0.024294885771757143,0.7628219333876065,0.012299183129538822,0.7587610664519323,0.03284939109717588,0.7752715075394409,0.016358190346608147,0.775819840262531,0.008020760534314738,0.7453677167458371,0.02843012313394211,0.7812316654382857,0.012634272328246357,0.7704778443435583,0.02032210570485481
tl_precision,0.7333151835940012,0.016652053558055213,0.708596613876117,0.03626125111815465,0.7514468920379689,0.010169352357761188,0.7482311811914785,0.008279974297375356,0.7616577980406715,0.004832039320055013,0.7525585850187749,0.003916555724979371,0.7462275261484544,0.015776622504703127,0.768256918628666,0.005293803476870796,0.768256918628666,0.005293803476870796,0.7138068090213086,0.04286523029502229,0.7462711951566575,0.015113502652423196,0.6951794886740776,0.03360714561080579,0.7443427087614816,0.017537841867416023,0.7370651582544164,0.01892683166527514,0.7553689415279502,0.013525370751654026,0.7367185130947362,0.012474704343204215,0.736903100011122,0.01969937662338961,0.7429979661201193,0.012133679495278233,0.7680154082077175,0.004536494815912345,0.7660003729236259,0.00835390295450143,0.7385315336974166,0.011595547158439605,0.7554341967588444,0.016494456728403165,0.7637873255941431,0.022046768322788533,0.7558549060606531,0.010934873855695554,0.7636599628336356,0.009532007789110354,0.7416523585501357,0.0130571339408443,0.768256918628666,0.005293803476870796,0.768256918628666,0.005293803476870796,0.7288237407785779,0.011117957665197546,0.7537685397895132,0.00868384516767924,0.747871228295588,0.00701000599406012,0.739537857768176,0.027548301774764156,0.7404907264304338,0.009611217522506902,0.737201475671066,0.03926505273164308,0.7592116683434877,0.020757470716728565,0.758760097175386,0.01064682389026344,0.7244641432028748,0.03267919695848161,0.7649976328402248,0.01555658504286592,0.7541483487579423,0.023147275994560595
tl_recall,0.769825918762089,0.024332196567522498,0.7553191489361701,0.022117208174137905,0.7823984526112185,0.005117507371498229,0.7862669245647969,0.01094169100482082,0.796260477111541,0.002954594258514379,0.7843326885880076,0.0025587536857490517,0.7778852353320439,0.009687285107231996,0.8004513217279174,0.005326470548632643,0.8004513217279174,0.005326470548632643,0.7646679561573179,0.030001448667446765,0.7801418439716312,0.012014600356920906,0.7443584784010316,0.018409144468432344,0.7933591231463571,0.008110732189174212,0.769825918762089,0.01806725502153713,0.791424887169568,0.015544246874585714,0.7720825274016763,0.011209115828957887,0.7765957446808511,0.022742700224961034,0.7852998065764023,0.005384685070435193,0.8004513217279174,0.007258755802190606,0.7998065764023211,0.005384685070435245,0.776595744680851,0.009671179883945807,0.7920696324951644,0.01371126390595534,0.8030303030303031,0.015723724562549574,0.7872340425531915,0.0077369439071566515,0.8020631850419084,0.009878499965212494,0.778207607994842,0.011659020838185105,0.8004513217279174,0.005326470548632643,0.8004513217279174,0.005326470548632643,0.7762733720180529,0.0107838353859947,0.7875564152159896,0.010652941097265205,0.7811089619600259,0.002433860230583794,0.7772404900064475,0.02068215980960084,0.7865892972275951,0.016592017063130564,0.7817537072856222,0.025811966629382305,0.7920696324951644,0.011605415860734977,0.7936814958091554,0.005326470548632603,0.7675693101225015,0.02363675406811527,0.7981947130883301,0.009735440922334977,0.7875564152159896,0.017443906200475402
tr,0.8743755309362524,0.001830179804766885,0.892734371217423,0.00797019974906821,0.8840677309600208,0.004669743697595024,0.8886409352400823,0.009611342674786761,0.8797586193236587,0.008022387319414733,0.8862024798299243,0.0032982781802568454,0.8931393132710955,0.003801382514143858,0.882461167377516,0.004215656807834356,0.882461167377516,0.004215656807834356,0.8875493523127913,0.007197106005708083,0.8901506648532305,0.007092854381066705,0.8984431738653921,0.006176225861730654,0.8896929042708183,0.012690086638515405,0.880049121231728,0.010867412288230642,0.8982979229113573,0.009983252109684256,0.8853705880022712,0.001285469417246909,0.8985884248194266,0.012357144270313751,0.8906436377881359,0.011413449882615473,0.8907712825659241,0.01210879171093178,0.891915684021955,0.01008759865009482,0.8775270364843988,0.008078936705500403,0.880370433948229,0.005298601703406906,0.8813475767299169,0.006166016547571424,0.8815852601092463,0.0033914661044237224,0.8875757615771613,0.009797561239361294,0.8853837926344562,0.0019101129182883978,0.882461167377516,0.004215656807834356,0.882461167377516,0.004215656807834356,0.883332673101724,0.012149383473679099,0.878332519047682,0.006135949762035719,0.8885969197994656,0.01089428037056194,0.8780728279480442,0.0014278313144848117,0.8736184653576474,0.00528180335638536,0.8902959158072652,0.011149707116570259,0.8758588512850308,0.009723616548685669,0.8908725180793423,0.007892596918847316,0.874124642924738,0.014790227482428928,0.8789663413925606,0.0016845612526142492,0.8959827107349257,0.0053485172090685425
tr_f1,0.6998296836814114,0.001975658387748241,0.7327744888190098,0.01455381560886673,0.7148539898291592,0.011516628913654356,0.7239045412679092,0.016930142950899098,0.7041524162930023,0.01669291759517391,0.7224306677545121,0.003972375860319092,0.734997118421585,0.008190715803682459,0.7093692728401612,0.011234110499239025,0.7093692728401612,0.011234110499239025,0.722725916747564,0.015010231308266994,0.7314607025621446,0.007488578905619314,0.7455739259162524,0.014560519624099667,0.7262056587506702,0.02555614298068943,0.7067674119122032,0.017711304569573854,0.7423515687766109,0.022295513188415186,0.7159481184515705,0.002440955232718793,0.7494865672769581,0.022261850612922983,0.7298557988932911,0.023020271933300546,0.7271665576576991,0.026572274122430895,0.7303558757087467,0.024499266653222718,0.7047633762120388,0.013007685626330177,0.7062605091849988,0.009665186454285015,0.7091957035518903,0.013416813268575767,0.7068650208040687,0.008038767518677742,0.7266624807735068,0.02294300946439475,0.7180202246594091,0.006766384930975624,0.7093692728401612,0.011234110499239025,0.7093692728401612,0.011234110499239025,0.7167147591835222,0.027870940977375632,0.7046835759969555,0.017065387164182648,0.7221645563209652,0.023262412494100427,0.7019990722776992,0.006859345322811537,0.6975329746215136,0.009424661012744582,0.729213242617288,0.023311479424057063,0.6982295323562987,0.02266902438443363,0.7304380070502113,0.01563388331890269,0.6963164231056752,0.028499394502615787,0.7017196990988571,0.004012781078302795,0.7365017879699987,0.012674127719970375
tr_precision,0.6718908492150272,0.0057634976244933835,0.7090701932680474,0.015071965387667198,0.6849606158753767,0.012039745908131241,0.6965547267320638,0.015367027805691203,0.6718445592998377,0.015236364939202465,0.693259425647408,0.00374898803073441,0.7116412962122323,0.008278744307573827,0.6828571372102202,0.008187169022731401,0.6828571372102202,0.008187169022731401,0.6971365576967741,0.012498952077257366,0.7057496369795017,0.011100999792160643,0.7227182207831246,0.015486140351200373,0.7016232270400495,0.028335688201592157,0.6787064881760685,0.01706052606247028,0.7176731039615746,0.026605053302700257,0.6896159037765682,0.004813251316384529,0.7229677893740757,0.027613355675727477,0.7010632622833963,0.02356636193645665,0.7047738235887436,0.023415320669740336,0.7050138029101939,0.02293271893205757,0.6760012257746353,0.016510046517064395,0.681231211427208,0.008798789057492418,0.6807335198242099,0.0164403857365623,0.6817176150511615,0.006266706610493889,0.6963387836346108,0.028216430582282553,0.6932287146193076,0.006333771920098074,0.6828571372102202,0.008187169022731401,0.6828571372102202,0.008187169022731401,0.6875018267286118,0.02816469819568037,0.6796876277463658,0.013941513644982589,0.6989621201070619,0.02162575305083033,0.6743704659927378,0.005791975750132344,0.6691203367268185,0.012237544833740182,0.7005522168175359,0.01974240083247734,0.6693655541414912,0.020386913485057286,0.7052245696929443,0.016603664256491995,0.670106542230557,0.02780782075329854,0.6713803369639401,0.0031272248122376006,0.7118400271485998,0.013024279972786828
tr_recall,0.7303059296876917,0.009525508120118886,0.7581266406614166,0.014166058784187715,0.7474792080665341,0.010904693708663938,0.753514388753956,0.019398669693112297,0.7397266995412282,0.018405877210321837,0.7541767866342828,0.005615329229472974,0.7599421015186084,0.008332173827510421,0.7381075047226515,0.017187291664225078,0.7381075047226515,0.017187291664225078,0.7502759991168029,0.017934346250023818,0.7591570373641471,0.004355671951963207,0.769927136233164,0.01350570718961875,0.75260665832536,0.022322255692389024,0.7372488408037094,0.018415831807502336,0.7688476730207796,0.01750148132354419,0.7443880179583425,0.0017709883588012255,0.7781212433453546,0.016302693952611007,0.7611196977503005,0.02230089057275585,0.7510610632712642,0.030506577082914984,0.757660508819705,0.027764708402207818,0.7361448443364981,0.01026208776867902,0.733200853757268,0.010695289254053417,0.7402173646377666,0.011956130152267463,0.7339613846569023,0.011002200648152646,0.7598439684993008,0.016709091792109762,0.7446578837614387,0.00777456484261461,0.7381075047226515,0.017187291664225078,0.7381075047226515,0.017187291664225078,0.7485341380240916,0.027580310827379325,0.7316061921935183,0.020713114825079666,0.746964009715169,0.02512340654779875,0.7320232575255758,0.010125787015187954,0.7284904688304997,0.00607409898122178,0.760383700105493,0.028336705848142667,0.7297416648266726,0.026240251443685844,0.7575378425455704,0.0149010595255835,0.7246632810775006,0.029270784562883175,0.7349427148499791,0.006104936684629903,0.7629351586074925,0.012243470696742349
tsn,0.8903825750483679,0.008985312605548005,0.6789864569681083,0.16938896405124532,0.6053423204144043,0.11931589643890433,0.6950009361542783,0.052388638774267665,0.8664669537539788,0.010273567071865568,0.4855270548586407,0.13590668282841897,0.7376770891842975,0.16790834044679603,0.8764525993883793,0.03450132464832229,0.8764525993883793,0.03450132464832229,0.5059726642950758,0.30261082654640536,0.7512450851900393,0.11309672977387432,0.7070211570866879,0.12000558442791524,0.8779504462335392,0.015853239478239592,0.7059477001809898,0.17707286812269282,0.5420083629782187,0.13451572819728302,0.4635087062347875,0.10903043531998352,0.49401485364788117,0.1350207177198083,0.6970230293952443,0.060371508656728794,0.8685389752231168,0.008693831134977334,0.8942395306746551,0.0065743718433985,0.7010172876490045,0.08607415483243311,0.6765899020158521,0.038223468455015445,0.8528115833489359,0.052156243615062305,0.8720464332522,0.02249224771741058,0.7273419459526931,0.08653950576666151,0.7766211071584598,0.07645140313943118,0.8764525993883793,0.03450132464832229,0.8764525993883793,0.03450132464832229,0.798352368470324,0.1004776650228633,0.8436372714223305,0.0325291794291472,0.8097859327217125,0.053610838957637276,0.8752168757411222,0.02987365162338428,0.7282531361168321,0.05936497298509187,0.8331148973350807,0.07038888509205966,0.8607876177994133,0.0052136761861835725,0.8608625101416713,0.016527355936686316,0.7320227173438183,0.2704317792388316,0.8767147225862822,0.035361011110140644,0.800736441365537,0.07130351132242121
tsn_f1,0.3989665357489525,0.0278914526190896,0.22922267465788712,0.028457751199902327,0.2022982127647062,0.02359602603827942,0.21486645831105355,0.018711733387117756,0.3323235748028078,0.013770694098839005,0.15639594950443694,0.023652619284049384,0.2636039510775619,0.09331737689415476,0.3932610305791214,0.040480225068593695,0.3932610305791214,0.040480225068593695,0.16788722398529843,0.073765688863596,0.25343321249610745,0.0665381354824204,0.25074682504009094,0.06773724796518861,0.34457597789572914,0.043106938606065785,0.24612517327850567,0.08498771616548026,0.20640074301391675,0.03619892008603657,0.19064038782081164,0.01475103439325068,0.16644537776049556,0.051489993639826356,0.2380946454608531,0.005055642789979146,0.3619662497264784,0.009981335785691763,0.37560626213185594,0.02905247644421475,0.2113144274937037,0.022490605749376703,0.2656043003785827,0.02731372166140257,0.33657167014705364,0.033045352256452845,0.35333956219710494,0.02937350429860059,0.23638819333442518,0.04259537036305603,0.28233415509559334,0.03039608961254191,0.3932610305791214,0.040480225068593695,0.3932610305791214,0.040480225068593695,0.28862084269737887,0.06471090614804388,0.34983469589281807,0.06132326025267379,0.3147743394380192,0.03198543382442713,0.3627132354126015,0.026869225691565045,0.2174439613761244,0.012485684974379475,0.32899537592791656,0.0801453399725327,0.36259153437880803,0.02276883558180162,0.33500710833624714,0.036089660692121814,0.3420079738277308,0.12893890465799826,0.3637071412630873,0.055526998952215974,0.2690860620121686,0.04649003574765593
tsn_precision,0.3453299212582728,0.019899050040879402,0.18255343186987627,0.03024273384229269,0.1534094258955494,0.022153329269945,0.16803258854894199,0.020315873758013848,0.2779804959513876,0.02357725214324264,0.11358708837466049,0.015916324300840917,0.22343297048433083,0.09990000398156575,0.35210098688410457,0.04757523642883206,0.35210098688410457,0.04757523642883206,0.1343983539904732,0.05364046809277284,0.20639070353573344,0.06572098907101245,0.19567132890986147,0.06669344637338281,0.3102853951192253,0.0340913973058086,0.1932431982141942,0.07970409996387742,0.16153577262732097,0.03183260838789492,0.15258342091293342,0.013705649161073015,0.12326634294929761,0.03685674407199822,0.1795654679462619,0.008544097192883533,0.313727054159981,0.004891409182596187,0.34118395127385653,0.030220691722934487,0.15486709627874032,0.01998208530091951,0.2039983299731369,0.027708601035155035,0.2954545303776775,0.04615622891219969,0.30551878536712884,0.03845646536027698,0.17235740507188035,0.03504455060854976,0.22984488894291208,0.041236242510278825,0.35210098688410457,0.04757523642883206,0.35210098688410457,0.04757523642883206,0.23311312804360215,0.07620770640506387,0.2927724930113846,0.055675045640949716,0.2572864184547274,0.033507693171664715,0.3149910871454933,0.036316264754080015,0.1632958142466159,0.011056265156831595,0.2777869700599138,0.08240966860282775,0.309664029085079,0.017525911253782188,0.2919322469294638,0.049836017205921006,0.29331825029334646,0.1282896927584576,0.3231867490412412,0.06231003137964205,0.22370842837269755,0.04702025023553154
tsn_recall,0.4724943481537302,0.04119950846371258,0.31022356191911576,0.026603953639437974,0.2979150967093695,0.020915508252364823,0.29992464204973623,0.01874883994668385,0.41497111278573223,0.011731016758438203,0.25119316754584275,0.04414929837793756,0.32881185631750814,0.06837808384233209,0.44662145189650837,0.02963334218895994,0.44662145189650837,0.02963334218895994,0.22506907812107504,0.11154334357299503,0.33207736749560407,0.06003306497178062,0.3541823662396382,0.05264819434727522,0.3875910575232353,0.05622295685754704,0.3446370258728962,0.08475787538031133,0.2868625973373524,0.043579661831939016,0.25420748555639283,0.015920574606873482,0.2567194172318512,0.08501209605733079,0.3551871389098216,0.025402821140610887,0.4282843506656619,0.02492894452431664,0.418487817131374,0.03241559991105822,0.33358452650087916,0.021104711189444854,0.38206480783722685,0.01998051783506086,0.3951268525496106,0.022573867810762097,0.42099974880683244,0.015486624106303321,0.3772921376538558,0.050491701217793505,0.3707611152976639,0.0037678975131876513,0.44662145189650837,0.02963334218895994,0.44662145189650837,0.02963334218895994,0.3946244662145189,0.03451141822777312,0.4350665661893996,0.06747097110205537,0.4066817382567194,0.028777792608363675,0.4310474755086662,0.0350475235997995,0.3275558904797789,0.03375441778514163,0.40894247676463197,0.06838223623146432,0.43883446370258733,0.04452075591382407,0.39763878422506904,0.03290246971481539,0.41597588545591563,0.1126620258780417,0.41773423762873646,0.042101653465045574,0.34011554885707107,0.04358617679325593
twi,0.8802248586011864,0.05721790638189715,0.6359382903388974,0.2542580155047107,0.524854002850968,0.12660330934544353,0.740941279256909,0.11132188767220208,0.9388651308226423,0.00927491916461737,0.49973559571435144,0.05180654308554444,0.7236285464661792,0.2747169509223552,0.9280245551110499,0.015370718502493122,0.9280245551110499,0.015370718502493122,0.4358187336184301,0.2673258649545566,0.8740400974847106,0.009708975775474922,0.6765071044281971,0.1098209377900712,0.8860187612084426,0.016644433897786474,0.6694141720697108,0.18772706991336546,0.595702855566285,0.0709722485777655,0.5126109348415874,0.175616694957638,0.5580654802961328,0.1563723789687147,0.6914172069710766,0.09248494816319379,0.8476916356279026,0.017950622071267113,0.9382098680277741,0.001306131653776205,0.5777003724651676,0.1337580983305708,0.914401986480894,0.03220142373129691,0.9184600174736746,0.020684642746822007,0.9350944957925232,0.011059259538684032,0.7670598243435877,0.03068943869598358,0.6991998896399503,0.16068942607696415,0.9280245551110499,0.015370718502493122,0.9280245551110499,0.015370718502493122,0.759380604221272,0.12009089221270937,0.8374143560031269,0.04151649938520623,0.9419115280268544,0.00147303818701657,0.9263231710120937,0.026715970059976033,0.7772221455832988,0.046437927352994325,0.7336069342897872,0.0841543527897672,0.8734308180438681,0.058384185865962945,0.920046443187566,0.0077428376731146975,0.5601347312272957,0.35508816315769953,0.9385547431829678,0.010082237052871326,0.7794523382535522,0.1519154624344807
twi_f1,0.29725467345954676,0.07080386755506117,0.15864753877791044,0.07176769332159628,0.1148516031761573,0.008776092243945693,0.15570700506447863,0.045804196556228916,0.37854488089577437,0.03530390681115091,0.09584529247333669,0.012287327250073879,0.20771357168979798,0.10151475753019465,0.3503492572716287,0.02825134674809212,0.3503492572716287,0.02825134674809212,0.09595647096662352,0.05100271577088071,0.2461294616450543,0.026926360473472365,0.14646336853124842,0.041400500040935734,0.2636450651526028,0.007661018261599494,0.1415532808885108,0.06233516315723499,0.14093596613562512,0.02283407858483079,0.12514804686387257,0.030674979054829937,0.11905650905714156,0.04209200710132499,0.1661466324325699,0.028115852169246176,0.26840208478208977,0.03448200215965094,0.34583735768145146,0.008347284427109601,0.1176292504473932,0.04624479034991128,0.36584021322907123,0.03338553719112513,0.31167385180053214,0.024133622785899252,0.34370125664140455,0.035792839623780534,0.16949276944266467,0.011181720192716653,0.18388984491762725,0.08222796560227207,0.3503492572716287,0.02825134674809212,0.3503492572716287,0.02825134674809212,0.19604988766752238,0.07945229327043804,0.23534222727056098,0.030144071583751125,0.396573735805451,0.01827368316494509,0.3740905957330825,0.039263794166605435,0.17863547205959662,0.020638963604137833,0.16279190569567178,0.035435509564205575,0.26707150639500465,0.048825828984884294,0.30109190989672635,0.004780898382099485,0.13359746221779523,0.08451738898152529,0.36903170357285814,0.013650304144354532,0.20689490098658178,0.0771896866494628
twi_precision,0.2105501353705538,0.06984308372814808,0.10661502628706336,0.055917580997254815,0.071464943648768,0.005496567040306881,0.10526695265063298,0.03931247132725959,0.2889099662191483,0.04044389108261291,0.05800561648046116,0.00710025536049701,0.14973441814394586,0.08245152115016147,0.2688021118220944,0.0284765694012485,0.2688021118220944,0.0284765694012485,0.0607867143039682,0.03195123540728688,0.17551775344846268,0.022897821886563058,0.09329575007299333,0.03160051716219687,0.18948010130223605,0.015179966590100472,0.08980813851498592,0.044285225837138516,0.08949632037761812,0.015786316722267334,0.0795185920086991,0.02098032280545489,0.07390665552842347,0.02689841821474758,0.10500773533471143,0.021886500865357882,0.1890575060889411,0.02777388965504429,0.2661640289529799,0.017969299399062947,0.07226644900584593,0.031182043423230457,0.27356482607135524,0.03514888890047016,0.2325684827160609,0.027706686576670702,0.2603050744996624,0.03724849406171194,0.10488525192782379,0.008404546614617939,0.12138783698824125,0.06445244772076658,0.2688021118220944,0.0284765694012485,0.2688021118220944,0.0284765694012485,0.12981511713449903,0.06368452840674263,0.15768369426698706,0.025934274686109062,0.31709424910582945,0.013022609856458166,0.2922154438523867,0.05979330879921552,0.11579093706004223,0.020493172224123887,0.10657082973107612,0.02987844550646773,0.18525772385558523,0.04711105729458649,0.21914798557395476,0.014827802208813797,0.08685863844584583,0.05566640488235055,0.2851484674480411,0.020729534587452622,0.14628838764430346,0.06276026779224814
twi_recall,0.5336487907465826,0.01611099205682921,0.32439537329127227,0.08234183785679028,0.2923238696109358,0.021760464864957828,0.3201892744479495,0.03293472084829829,0.5504731861198737,0.01561434532588585,0.27602523659305994,0.04339689745172742,0.3548895899053628,0.10119252323246339,0.5118296529968454,0.030113380271351402,0.5118296529968454,0.030113380271351402,0.22923238696109358,0.12742227888262805,0.41272344900105157,0.024955718793492777,0.35173501577287064,0.03154574132492115,0.4390115667718191,0.03890286169019117,0.35068349106203994,0.11036877700693475,0.3322818086225026,0.035979205280600696,0.2949526813880126,0.05171481486042588,0.3065194532071503,0.09545302079113144,0.4048370136698212,0.022820751224196335,0.4637223974763407,0.03980892575433431,0.49684542586750785,0.02763630199989785,0.3228180862250263,0.07300527894847463,0.5573080967402734,0.04034690860767538,0.4758149316508937,0.007112381313600778,0.5089379600420609,0.017728407255612418,0.44269190325972657,0.0065667697144042025,0.4022082018927445,0.07438376102556211,0.5118296529968454,0.030113380271351402,0.5118296529968454,0.030113380271351402,0.4284963196635121,0.05126385177601901,0.47055730809674023,0.028053252517253602,0.529968454258675,0.03688963900166092,0.5352260778128286,0.03556190656800393,0.4043112513144059,0.03720302748755944,0.35962145110410093,0.054570485463741984,0.49369085173501576,0.023553918806101092,0.4879074658254469,0.05284107848265924,0.2933753943217665,0.1850138231022932,0.5252365930599369,0.01669243729378291,0.3659305993690851,0.06693720875054554
uk,0.8842550887921811,0.006594954269767524,0.880110466862056,0.002929448035896984,0.8851855141234336,0.01685406850389721,0.8817217943675434,0.006401558244084321,0.8899729753733331,0.0086406964617343,0.879738296729555,0.005636178348170384,0.886856050513637,0.009804946105406862,0.884935990966416,0.004941937207184913,0.884935990966416,0.004941937207184913,0.8750861700732923,0.0125694301991308,0.8897149938042132,0.006962836454814194,0.8845934252762729,0.009058675040724067,0.872311810903739,0.014068612054665117,0.8859002499460776,0.002837349723347238,0.8672663680847195,0.03202215660600297,0.8623266554169785,0.022412874083979413,0.8677654143987549,0.020759806087987318,0.8722864356674321,0.016709901384498703,0.8813919162955539,0.007280806379326918,0.8647330736600818,0.019761438084065462,0.8717747017352432,0.014236029612993136,0.8881036662987257,0.01076554929670456,0.8794295646878211,0.010379518557870535,0.8826395320806425,0.00925814549040612,0.8866276733868751,0.0013934640296814319,0.8742699333054205,0.007227069699328435,0.884935990966416,0.004941937207184913,0.884935990966416,0.004941937207184913,0.884855636051444,0.006514845865480591,0.8865219432355964,0.015870891797671826,0.8816879607191342,0.003215428953598093,0.8881755628015954,0.00742517672781113,0.8766805807545749,0.0032513573909213104,0.8888437773576766,0.008520309489400036,0.8819459422882542,0.007981402658782347,0.8677738728108572,0.019596445525950634,0.8837222088297363,0.00863433510065583,0.8739654304697378,0.02357328837629628,0.8740584730028632,0.018563200890216427
uk_f1,0.6990794893436875,0.017214084295973976,0.6945001968232488,0.01889594278538996,0.7219268478037484,0.03644033340741171,0.7178929933611622,0.008763849541353905,0.7195773021277357,0.02043344554215116,0.7017188749561627,0.02156676086196965,0.7219524261878879,0.014949271409313816,0.716566193293613,0.01060564004733488,0.716566193293613,0.01060564004733488,0.694605327410707,0.02410299992118313,0.7194763355650527,0.023286523286890657,0.7138354314668997,0.025382245836046823,0.6929571485080661,0.016898731262167215,0.7190283383340764,0.001845902086295116,0.6789130848273005,0.07488513286211833,0.6674012621090558,0.045308911960734506,0.6773308153567498,0.04930226951702705,0.7048296566734141,0.02036298985093766,0.704792825629899,0.015350991038997088,0.6715305747432487,0.02704829948247656,0.6840769244493186,0.01621576620427467,0.7163553775320928,0.025765846623572328,0.7127248985617024,0.015089987899094085,0.7016969720985721,0.03207608114213915,0.724744489293208,0.004360639994433916,0.6995131547540367,0.02412290282295899,0.716566193293613,0.01060564004733488,0.716566193293613,0.01060564004733488,0.7215738476735133,0.02466718592240601,0.7159777450583872,0.05648317678206031,0.6907684073174242,0.016310875078024586,0.7233871239657773,0.013486689024634959,0.6896120672798962,0.008425053814474398,0.7242125086047214,0.024142237403016596,0.7091695444269096,0.015024594344003772,0.6801401867358395,0.043875196342098674,0.7080764758512327,0.025410756451687364,0.6951740830867096,0.04491263011110848,0.6928614155660103,0.043297983203593765
uk_precision,0.6910116525867308,0.031109899422136454,0.6724800821540976,0.02652167832338285,0.7016169775832939,0.034905629599638485,0.6800011328264484,0.008240261752991862,0.6905920746087156,0.024397405617925944,0.6730331487557933,0.01837990619260616,0.6936588701064862,0.018354263042364493,0.6783604860898415,0.006539569023534214,0.6783604860898415,0.006539569023534214,0.6739564289264561,0.032334638813957414,0.6922721842731141,0.018510755158026963,0.6883540959011863,0.015301569042032911,0.679689703987543,0.02129338309906313,0.7033232665570507,0.0059625936156670525,0.6485085697862804,0.06872891476508391,0.6400425211497666,0.042916941991416525,0.649345782073136,0.05591352449393821,0.6702841627509807,0.013139973566172617,0.6848761548280957,0.01639547109700682,0.6524968700876246,0.030091133659249106,0.6479407703236425,0.028019818970573058,0.6831076597341607,0.04124912836338498,0.6822253596097919,0.01573077957313164,0.6716450209115449,0.03952292891868777,0.6932336824720496,0.015003397510318053,0.6678484953493765,0.022311021298521132,0.6783604860898415,0.006539569023534214,0.6783604860898415,0.006539569023534214,0.6913580083856269,0.007090645593537924,0.6786246237622237,0.06000407931139694,0.6714059056719178,0.013775052462386698,0.7038429693233813,0.0077052023927979595,0.6535240556480134,0.006308970387118316,0.6914051230416569,0.03990362849911288,0.6805014594498983,0.023102586102363088,0.649074750282459,0.03436728927319364,0.6935606758832952,0.020878523301215483,0.6622612003038397,0.047420453078276976,0.6657186499763916,0.05301293402446828
uk_recall,0.7078520505750552,0.009902724626910978,0.7185831035596294,0.023916816893652916,0.7434483443873116,0.03810069656682463,0.7602901358769903,0.011207040601439485,0.7517947189308692,0.03091438481624853,0.7329905358074372,0.02567393282531077,0.7533099833569317,0.02900151590063065,0.759669125866309,0.0245333256728143,0.759669125866309,0.0245333256728143,0.7167697543284398,0.015788356066473257,0.7489629132821621,0.029191423557632063,0.7414859527535583,0.037192500551860797,0.7069081153588196,0.01597241610671613,0.7355242566510172,0.006930471719204083,0.7123730034528156,0.08215246206713393,0.69722035919219,0.04814917408689343,0.7080259333780461,0.041465340184759766,0.7435477059890205,0.03488271549392361,0.7260352236878059,0.01844009520520172,0.6919045135007577,0.026675502176764992,0.7249670864694339,0.006271450932116136,0.7537571105646222,0.012360714043407496,0.7469260004471273,0.03423249625576837,0.7348535658394814,0.024788466962692355,0.7596939662667362,0.015804352170868206,0.7355490970514444,0.044238570331870786,0.759669125866309,0.0245333256728143,0.759669125866309,0.0245333256728143,0.7561169486052114,0.054749724605391965,0.7578309362346921,0.051929800259346334,0.7113048662344438,0.019543744469947087,0.7441438755992746,0.02074332586626601,0.7299848473557393,0.013668564355228254,0.7610105074893806,0.006062839028583866,0.7405668579377499,0.00794318171702891,0.7147825222942593,0.057988285437926494,0.7233027796408078,0.031202143554882735,0.7317236753856472,0.04361445222017083,0.7226320888292719,0.031827096876416744
ur,0.5943239838207015,0.05745972125572378,0.561037066507526,0.0030451462113135906,0.6274119753332007,0.018758186169287927,0.628340295736357,0.05146158303201294,0.6235660765201246,0.07516798607472236,0.5911411710098801,0.02343640868470655,0.6457131489954246,0.041052039439633606,0.6475697898017373,0.028998396795414688,0.6475697898017373,0.028998396795414688,0.6183276971023142,0.04877388575845909,0.6346396127577747,0.01646684339928614,0.6003580664412175,0.01835299398395991,0.6286718387374842,0.07418901221511191,0.6197201777070486,0.03951636538069076,0.6493601220078244,0.04128672924853565,0.6360984019627346,0.01977019577331391,0.7724288840262582,0.010747517532715418,0.6533386380213514,0.02804524578584128,0.7071812214044161,0.08152463748150174,0.6163384390955507,0.06442534862307092,0.6130893176845037,0.023120792474012913,0.5969763278297195,0.017911056393593926,0.6513493800145879,0.037595046662959285,0.646641469398581,0.024790284073097843,0.6164710562960015,0.04005676141223595,0.6828459651216763,0.05133532004995633,0.6475697898017373,0.028998396795414688,0.6475697898017373,0.028998396795414688,0.5750281811550958,0.05748657357828092,0.7130163782242557,0.02381494401344594,0.6435912737882102,0.08787350699785676,0.6569193024335257,0.07154842379189656,0.5817253497778662,0.012437768410787994,0.6004906836416684,0.031138295565437284,0.6140839466878855,0.035550995958855684,0.6083150984682714,0.030827723298683916,0.5950533784231815,0.041698726188324445,0.6148796498905909,0.058732653156138084,0.5897486904051455,0.011184749454399913
ur_f1,0.3164076823573954,0.05910211740082825,0.2578716978907459,0.0554464659116661,0.3516799742875949,0.027235109349769845,0.36026655969052007,0.07464853611718307,0.356439698389315,0.11324151700857235,0.2979990102128042,0.04842488094548431,0.3610029721752541,0.07459640809501397,0.3865704222625583,0.038223556119576174,0.3865704222625583,0.038223556119576174,0.3681670350520568,0.06762432010802219,0.33888847397673993,0.04974324398585763,0.30684635098629837,0.07414551050564287,0.34389251455852876,0.11451261822437529,0.31844018621467346,0.06953790345641872,0.36810808704813347,0.0591184819442098,0.37409170007419146,0.024798736663889553,0.5491086706923768,0.023874090410724653,0.38407906353042237,0.042114920065707696,0.47386721302414464,0.10808510016677071,0.351311729334081,0.0933146976531406,0.34373087492284626,0.017303514056776822,0.31194053139145067,0.015311119306038021,0.4065207161222612,0.04646989088762099,0.3834171131269295,0.02658134234401169,0.34305911500240605,0.05407833742329514,0.4310531987084645,0.06035322013364389,0.3865704222625583,0.038223556119576174,0.3865704222625583,0.038223556119576174,0.2855698331462548,0.05538932787695395,0.46019314561355423,0.02335627808669904,0.39465020092005715,0.09467795102187458,0.4000350520015969,0.06554603772256178,0.30837190253758556,0.017865032577861078,0.33700905027242417,0.04597640317537437,0.33217491031080154,0.07091449130815214,0.3442861449628041,0.03819197850101433,0.3039676504302359,0.06458711795525504,0.36351869583280266,0.07291784378799906,0.3087110264130604,0.03540157453564651
ur_precision,0.2905623250539015,0.057164150290995044,0.2335129876949497,0.039034219443323005,0.3165640186072318,0.03005282110410925,0.3235367604414651,0.08296359324635073,0.3218667812297616,0.0972214269651961,0.2657183277093279,0.04143974313958177,0.3247348081312565,0.07088473459857522,0.3390603453704415,0.04922534049065986,0.3390603453704415,0.04922534049065986,0.3357175787736026,0.06627938996877374,0.3080626542544001,0.04213216845240931,0.2707275793824886,0.0544695047446716,0.31431393544513747,0.10858451729977228,0.29983087400142566,0.06588981704605915,0.3371033324508077,0.055104077802569706,0.34486700236635603,0.03419951731331584,0.5124726768929081,0.026176849916657634,0.3448371199479788,0.045014999366508476,0.432124759284255,0.10940260355260194,0.3231827530521097,0.0894662168597345,0.3015279338132457,0.02133889214752513,0.2706026896069506,0.01915491229988538,0.36040494332619116,0.046042353719430947,0.33089890782198467,0.030974111915317678,0.30738494408509337,0.05016474824155238,0.3887308968895001,0.061237362185203544,0.3390603453704415,0.04922534049065986,0.3390603453704415,0.04922534049065986,0.25673904782815665,0.04564860367903754,0.4229945838105888,0.022730673535010668,0.3488627678652552,0.09513032614169037,0.34741108423613404,0.07483040326000892,0.27520067722565095,0.01673441764664374,0.29154422971749966,0.034118516462522126,0.2939972737093654,0.05732057955994843,0.30040906602087875,0.03348391542012234,0.2745467846089317,0.0647737776787063,0.32048458000452557,0.07584942916351256,0.2761587850350646,0.021588939077731416
ur_recall,0.3473856209150326,0.060952749971420965,0.2892156862745097,0.08030243678323616,0.396078431372549,0.02486023986883523,0.4081699346405228,0.05958924288398752,0.4000000000000001,0.135180401201123,0.3395424836601307,0.05889157284620949,0.40653594771241824,0.0783721181397088,0.4516339869281046,0.016473311321736683,0.4516339869281046,0.016473311321736683,0.40882352941176475,0.07289926056871099,0.37745098039215685,0.06431103533350284,0.35522875816993454,0.10452255621225821,0.38006535947712417,0.1218266290294921,0.3395424836601307,0.0737078445021345,0.4055555555555555,0.06460429736270704,0.40947712418300647,0.011819046614395515,0.5915032679738562,0.021753515347245282,0.4343137254901961,0.041698373172817105,0.5251633986928105,0.10354321308285845,0.3852941176470588,0.09767087669201607,0.3999999999999999,0.009655742942937386,0.3686274509803922,0.009352345111930838,0.4663398692810457,0.04515483777625064,0.45653594771241823,0.018402494412158313,0.388235294117647,0.05892148706398713,0.4856209150326798,0.06820833739936488,0.4516339869281046,0.016473311321736683,0.4516339869281046,0.016473311321736683,0.3218954248366013,0.0689093184475757,0.5045751633986928,0.023860685406891288,0.4555555555555555,0.09220030960285594,0.4738562091503267,0.04569440865623116,0.35065359477124186,0.019220020852983806,0.39999999999999997,0.06664503686022485,0.3826797385620915,0.09166710356052607,0.4032679738562091,0.04508027498952117,0.34117647058823525,0.06482460884241781,0.4235294117647059,0.07995457187687166,0.3509803921568628,0.05780989406982577
vi,0.8574866214129225,0.010542481206120535,0.8691130368751315,0.008151731722951187,0.8641925900841966,0.00945399742729623,0.8591797887132442,0.002182054533247605,0.8628021405739323,0.001301760413597825,0.8597800934833582,0.01022063533874295,0.863705163134104,0.012958107240767739,0.8675378782048323,0.008647756132774014,0.8675378782048323,0.008647756132774014,0.8693336617051735,0.004536851833450671,0.8682715840349715,0.00798988705130153,0.8586461844731428,0.0006976581047325412,0.8693439233251753,0.009341586172825062,0.8705804485354104,0.002756534537174653,0.858805239583173,0.009801860267906309,0.866542501064643,0.007518856756015459,0.8611859354236254,0.001963505415101294,0.8599596718333924,0.007095442766883114,0.8607241625235376,0.0010788252477976646,0.8623557601038475,0.0015025829158572912,0.8475071959610263,0.01270932914705208,0.8529715086120646,0.009280154641424253,0.8635768928840797,0.006880071853025362,0.8612628975736399,0.004340701649395611,0.8470967311609483,0.01996716991940391,0.8535153744721679,0.001115216696905019,0.8675378782048323,0.008647756132774014,0.8675378782048323,0.008647756132774014,0.8558601546426133,0.009024445760290434,0.8590925649432276,0.004299349374238196,0.8618991180137607,0.0046870138920467866,0.8634075761540475,0.0038238960036184417,0.8509037921816717,0.00982587356391625,0.8616323158937101,0.0023663493747123755,0.8659832427745369,0.0017806276337574854,0.8642900754742152,0.002603156791749233,0.8622120974238202,0.006383876195899766,0.8664552772946266,0.007280407864430952,0.8717605348356345,0.0046049441369341035
vi_f1,0.715848831765371,0.017837779647526517,0.7277097732665281,0.01859324955177275,0.7201226385914702,0.012559032836989571,0.7238476944227893,0.004034155218832081,0.7228803100353828,0.018711154838443926,0.7201954077851717,0.014263300153556804,0.7280257279379515,0.011371382319945516,0.731626086924032,0.004870908097477701,0.731626086924032,0.004870908097477701,0.7338700771102175,0.008560827742410626,0.7288782020436321,0.013467942858998938,0.713850647681975,0.009684726578284893,0.7341610156457561,0.018634176630117127,0.736435794136305,0.0012967952043648943,0.7169064887756055,0.01762528043736295,0.7258188192467824,0.013771238358819613,0.7213726319744452,0.00938790758532654,0.7235643419023,0.009137127564687516,0.7146956180748627,0.013957676793704996,0.7215537335383656,0.0062797069472387305,0.7209232166404184,0.023273464655532528,0.7036917667871544,0.016820870198615206,0.7284698253262009,0.016309621852512727,0.7221188661710128,0.006018104240079198,0.6960846822297397,0.0221104252382531,0.7116319857782688,0.009776788432717409,0.731626086924032,0.004870908097477701,0.731626086924032,0.004870908097477701,0.7075149910865899,0.017971195297712374,0.7189906055715514,0.0026953249198337953,0.7258973058779548,0.005403256579610246,0.7235605087807334,0.0018324511798920953,0.7068129323318955,0.014501773434506867,0.7156060079192059,0.004898862023143961,0.7199993376707666,0.005831251240921714,0.7241492712482355,0.01409576622857086,0.7157662177440837,0.012592858223596064,0.7290829013083657,0.002032102104704662,0.7333131528957523,0.007061545282930518
vi_precision,0.6871465475359503,0.02003102811486351,0.6933650402432567,0.024436025566468622,0.6852177195603382,0.013333810744367982,0.6955893285268382,0.007606253493497902,0.6978217619494088,0.022163592038164797,0.6916775876472103,0.01599320716128426,0.6967395732225948,0.012029244505811398,0.7021339874591707,0.0007038895829894713,0.7021339874591707,0.0007038895829894713,0.7021024899134579,0.013258859340917696,0.6976646940528926,0.016959678926208012,0.6787801774365673,0.011673196558790533,0.704700396132189,0.01959924303120993,0.7027477061993519,0.0025644656462190146,0.6858445467033981,0.021332792630468046,0.6950611083428865,0.013318134563259677,0.6851551129293663,0.014646983437945146,0.6904459305600693,0.016101071407064602,0.6789895667755311,0.021032427155541086,0.6882851164684854,0.00808152308182918,0.6971790013722448,0.024730217742413515,0.6722384971292531,0.014091195734571805,0.7006603885447128,0.01888208011040684,0.6913935894998594,0.00904042027174476,0.6637763395794887,0.02493119746772592,0.6772987755233291,0.01272173832181571,0.7021339874591707,0.0007038895829894713,0.7021339874591707,0.0007038895829894713,0.6732768617726297,0.01750019394544265,0.6874882223267718,0.004444668798025477,0.695514865264432,0.008260652657161313,0.693180976755354,0.005345786186718785,0.6787527112505903,0.01754694224956011,0.6838665763340651,0.005642404905897784,0.689665393322282,0.011438543649002356,0.6967815982660297,0.018702932940195947,0.6835657522757601,0.019291629569954033,0.6987783183942214,0.008145859999377161,0.7006017967210436,0.014302391097693858
vi_recall,0.7470735662686128,0.015201215441674389,0.7657673595754092,0.012396846711654147,0.7587793011941618,0.011539751387081274,0.7545333923042902,0.0011293361640693092,0.74984520123839,0.014662171122733936,0.751201533244877,0.013247907805550276,0.7623175586023884,0.013411874269598697,0.7637623470440809,0.010907913528770926,0.7637623470440809,0.010907913528770926,0.7687159074155977,0.003812188437893327,0.7630546955624355,0.009262336364496897,0.7527642636001769,0.007691641825149384,0.7662096417514374,0.017764554167224646,0.7735220403951054,0.001313014540953092,0.7509656494176618,0.013066525600077877,0.7594279817190034,0.014376370622888896,0.7617278490343505,0.0047522871653815826,0.7601651186790507,0.003450178971265804,0.7545628777826922,0.008245607577064253,0.758219077104526,0.00485248924126098,0.7463954002653693,0.022622549559284624,0.7382868937048505,0.02116205055582951,0.7586023883237506,0.013240128963869183,0.7557422969187675,0.0047572240380106216,0.7317411174996314,0.018723812766562736,0.7496682883679787,0.006692943808235975,0.7637623470440809,0.010907913528770926,0.7637623470440809,0.010907913528770926,0.7454223794781071,0.01844714366930276,0.7535308860386261,0.0021106330730559755,0.7591036414565826,0.005800701179708422,0.7568037741412353,0.007728852025659096,0.73734335839599,0.011766479311298959,0.7504643962848297,0.00682147673942433,0.7532360312546071,0.005914246032610644,0.7538257408226449,0.009127315447281667,0.7512899896800826,0.005474541071131291,0.7622291021671826,0.0055035259549941346,0.7693645879404394,0.001791834244934454
wol,0.8847361012755615,0.02730120966366727,0.580376111417106,0.30830082437018463,0.5189235974506256,0.20521037703727776,0.6232678504297042,0.14827081542409673,0.8471424449864925,0.03741576140701004,0.45275001967109924,0.11897088614864795,0.7294917862232363,0.2314135763260826,0.9353738820258609,0.002767906881542976,0.9353738820258609,0.002767906881542976,0.48889238597319484,0.2989023514408106,0.8116208111487048,0.09747901697909472,0.6137382956959635,0.22919330158532025,0.9207385842054188,0.012804299115645757,0.6987436724630839,0.16675936236207112,0.6084489556831991,0.1043968274872816,0.5466904468399472,0.21639890910392204,0.5177870450511886,0.1757058902339185,0.5966375534398196,0.12457990947124124,0.8418968185275526,0.05869853077690116,0.9028247698481392,0.006838806322409915,0.5937786870196974,0.22684457799630292,0.5349402435719218,0.0663871298707202,0.9061207718065063,0.028290239471833838,0.9132723092121943,0.03893967355493601,0.5680139183955377,0.1374815958419508,0.6267212211818397,0.19004574000964286,0.9353738820258609,0.002767906881542976,0.9353738820258609,0.002767906881542976,0.7329801278184314,0.1368495231404181,0.7534730418513563,0.038574238861617205,0.7400354954057055,0.17382322688642973,0.7773756130825924,0.15124773314454681,0.7723660398143047,0.02433644216554563,0.6222274678486812,0.07914703577451257,0.7652319878301466,0.05734259748682361,0.8873676572157964,0.012644281268612658,0.5090880478401133,0.31460695197651845,0.9267710546331994,0.015983265435084482,0.9288605625060106,0.027043866933213274
wol_f1,0.3423369006322974,0.05878856780285498,0.172974960440008,0.06732752939034825,0.11273944325234948,0.022298936261936596,0.1174748662029636,0.026878352771018278,0.266210518502831,0.02940617842974402,0.0916623403193052,0.013643676362123132,0.19408295355335348,0.10123725367964712,0.4180257433101254,0.028719897849394847,0.4180257433101254,0.028719897849394847,0.11953891869041093,0.06012368200972527,0.20278503678388263,0.057526797946967745,0.1612461229382468,0.07532466839350582,0.3590090996332675,0.02473342049209403,0.1524271473854407,0.06985578073657704,0.13598423565005596,0.022341712169703015,0.1371440799803276,0.03555280521685239,0.12089501805058712,0.042523943127058546,0.1459550901889928,0.031188629406554487,0.28369608926473616,0.08084227582612533,0.3143592811413307,0.03701037597001969,0.1450485889590661,0.07490031711604694,0.15127904303787493,0.024748419429177167,0.34919984239695506,0.04305911634734767,0.37925602819198717,0.058256180745316494,0.1439133668458048,0.03051460966855942,0.15983031434072711,0.059304706251393856,0.4180257433101254,0.028719897849394847,0.4180257433101254,0.028719897849394847,0.17422016777276536,0.05545833720543525,0.18887343812193472,0.0024132078399253733,0.23297722288744235,0.08954084279665567,0.2508010994466993,0.06830315120860628,0.19235116088403245,0.009339285770643036,0.1517297391781738,0.025621603857528836,0.21292879955173039,0.033567523714842756,0.3130205919609514,0.03909096197487115,0.15450623165379862,0.07530494524204345,0.37823021907754245,0.0221163482909009,0.34173014288729536,0.0906919313096574
wol_precision,0.2645023509675388,0.06798456693412974,0.1282564303814095,0.05963727503709107,0.07806806109256383,0.016186503403449657,0.08380479805421387,0.024556644386193534,0.19420866438421824,0.02544995220988001,0.0602489796789036,0.007989976923686498,0.16340059561969852,0.1075844717156013,0.3770752269590017,0.026515988211089178,0.3770752269590017,0.026515988211089178,0.08368311521670764,0.04007566643903275,0.1612887725207948,0.057829266160500485,0.11701663130497086,0.06759699793094136,0.3150579518274548,0.035057677830311135,0.10843048363488883,0.05665657567512811,0.09628252042042058,0.01746377605225413,0.0997749356946976,0.02820968637719965,0.08337230637783204,0.028467566847642827,0.09884189861682964,0.025318875986916334,0.2261688130810493,0.07539988921726322,0.2598685328138552,0.023704113712000815,0.09832569837771087,0.05661396622832438,0.10067522082460327,0.021182461601944293,0.2969124309298594,0.06195975487326608,0.31451148783557775,0.07607271426728376,0.09245483142613746,0.021530492239822233,0.11454941779832471,0.05320148941211055,0.3770752269590017,0.026515988211089178,0.3770752269590017,0.026515988211089178,0.12509240685040793,0.049260065876730964,0.13498399023613003,0.004753349670791285,0.17167150697908215,0.07902693428086938,0.18958711927850366,0.06296023055099452,0.1402241098947727,0.008315215470347628,0.10275585082177496,0.02047356332957097,0.15069358920805487,0.02505956636664235,0.2444402640636809,0.03671460020779074,0.1096920222265451,0.057722554792481985,0.32772369175962374,0.018731119550348906,0.31908103809784877,0.10003255628415714
wol_recall,0.5032003938946331,0.014193535505070994,0.27375677006400784,0.07403719585860669,0.20310192023633675,0.03536578993740878,0.20236336779911368,0.010260298367392773,0.42466765140324964,0.03263867030130629,0.1920236336779911,0.039059579976890246,0.2552929591334318,0.07566588965733337,0.4689807976366322,0.03151637857215937,0.4689807976366322,0.03151637857215937,0.21097981290004922,0.1166944012946413,0.27966518956179226,0.03693008362055365,0.2744953225012309,0.059637061299028085,0.42269817823732153,0.04660689171536463,0.26366322008862625,0.08736485344505342,0.23264401772525847,0.03144707364260525,0.2200886262924667,0.04704179007177012,0.22008862629246675,0.08317818744638748,0.28212703101920233,0.027703100935762264,0.3835548990645002,0.07728496336664395,0.3988183161004431,0.06388798755648628,0.2833579517479074,0.09680485271582999,0.3094534711964549,0.016646126542961052,0.4279911373707533,0.009922473295823032,0.4903988183161004,0.011607262662852077,0.3261939931068439,0.04432135161188703,0.2752338749384539,0.043582938222470446,0.4689807976366322,0.03151637857215937,0.4689807976366322,0.03151637857215937,0.2998522895125553,0.04351822706840839,0.3173313638601674,0.03352355600333482,0.37321516494337764,0.07736255991136233,0.38207779419005417,0.05848259702468767,0.30994583948793697,0.04035317870933107,0.29443623830625304,0.04266592138038394,0.36435253569670106,0.059048795402281,0.44460856720827174,0.0802681132596368,0.27104874446085675,0.1261585060947827,0.4505169867060561,0.052965075758484505,0.3697685869030034,0.07565868052134328
xho,0.8379675352629846,0.007934677787070294,0.719997974119375,0.06346172487403129,0.6172731646787714,0.1151672940215105,0.6426346577527919,0.03027110784615611,0.837334447567677,0.0025094241870516135,0.4271569297779128,0.07788159194141055,0.7682012712400922,0.05516650618531315,0.8443617209855909,0.0034060588701465403,0.8443617209855909,0.0034060588701465403,0.554901364937071,0.23703099258673552,0.7351034465294132,0.05814959660078212,0.6375572944364253,0.10305238622276243,0.7730253994783357,0.05815088687513641,0.6710349717642888,0.16026317441477717,0.5304008711286688,0.03999298503485662,0.5867330142571349,0.047520615013959294,0.4609258274456178,0.09803999974136074,0.7212008407404594,0.0366805940679824,0.7752791916736307,0.032416253801483094,0.8278128086302514,0.011541707854308636,0.6717693534908454,0.058884213147312986,0.782521714907949,0.04598872253021201,0.7928663678492746,0.035664175921579645,0.8363721542708097,0.013354741463883102,0.683291549545443,0.11048001671145066,0.7910304135328826,0.017516862702227565,0.8443617209855909,0.0034060588701465403,0.8443617209855909,0.0034060588701465403,0.7591354554432881,0.050911772539641124,0.8122894983413103,0.00843344100795571,0.8199371977006255,0.003036525127345701,0.8456658816379244,0.004837568859326169,0.7223910456076376,0.09916900916477696,0.8180885816303274,0.035017631921512395,0.8170249943022108,0.0445399992321571,0.8347514497708222,0.007761861695619566,0.8302438653802325,0.009576204265394952,0.8445263237863708,0.0024452597340166487,0.7888019448454,0.034131760435305025
xho_f1,0.15268174100862378,0.02141195563334152,0.10255258048928047,0.013510137105938225,0.07862871082029087,0.010627445498225002,0.08293710876689776,0.005694348153427385,0.13320648525714454,0.01702650616993096,0.07241311921460317,0.005765011776841841,0.09263511081968367,0.008059519424156267,0.15840850317033894,0.014213279301425649,0.15840850317033894,0.014213279301425649,0.08342426336831232,0.02279327275977957,0.08288576414477894,0.006854726344401006,0.09238291607459188,0.02390294685833697,0.11154035556424453,0.01622111727884381,0.08411413950523777,0.01612205184669844,0.08799627294946266,0.006163740175192751,0.08607041692037164,0.017519364722767144,0.09094182258510136,0.021121121478146324,0.1338060019590145,0.010062469456122486,0.14753583476969354,0.0038854923227006756,0.1532721929401396,0.00975795585693955,0.1413758766429644,0.015566621525883563,0.14261089021641377,0.020697443826446976,0.11850972245093354,0.016721457914770473,0.14579610907176477,0.01881449895798407,0.13446668004316323,0.008257548120449014,0.1155152799016369,0.011216437917134421,0.15840850317033894,0.014213279301425649,0.15840850317033894,0.014213279301425649,0.15406012707351746,0.021225900784922598,0.14566775928254966,0.03409941843108769,0.1442439363179309,0.004722452017444491,0.16343488176042653,0.015730075175412656,0.13626593531081607,0.03131906460829229,0.14011712088866096,0.011501839227599385,0.14598247558847732,0.024301695371265582,0.13263414937183807,0.02073100355187051,0.1442070446115589,0.013969410803086344,0.144128779823561,0.02148841215528768,0.12045818373965085,0.0069123562733303
xho_precision,0.17663818790916996,0.02742685098800877,0.10082640361390116,0.020081973473200697,0.07310395929288722,0.018641401430242795,0.07587482362424129,0.006869326591953522,0.15488851343957963,0.019884319494831666,0.06120861109533793,0.005136783676732552,0.1034690052875812,0.019225093476256363,0.1871426329302525,0.017729244329831473,0.1871426329302525,0.017729244329831473,0.07763713415435124,0.022418388080641498,0.08855583678893957,0.017411023685283716,0.0837863838416447,0.027007963117578932,0.1180529688961512,0.013282378475004367,0.08154079300080837,0.02580065749983809,0.0777664657924493,0.007075335852663991,0.08022930325060129,0.016078896062222375,0.07731574180459647,0.01695000665767874,0.11947238588618275,0.011547166843490074,0.14933919674712096,0.009871637433988967,0.17209152531167912,0.01407850845771689,0.12145951834308395,0.017655431337320497,0.1420809699335672,0.024618724597085105,0.12736327784814497,0.024797628869255742,0.16610616827849278,0.026294326335962934,0.11674010541316816,0.009988248931538999,0.11968807246581196,0.015553018349725065,0.1871426329302525,0.017729244329831473,0.1871426329302525,0.017729244329831473,0.14524572174964187,0.020907403888722646,0.15424986984693334,0.03408665234612979,0.1569878722949346,0.003075457908780347,0.19476718139399038,0.012892672953173737,0.12839667410256597,0.03997534608649837,0.15394462586776259,0.016776563405983227,0.16174650266058863,0.04375011607037518,0.15434631981890848,0.02896519717036552,0.16402627468980316,0.019147316475494395,0.17176999233307297,0.023449941770454882,0.1274125687689769,0.006209431354824308
xho_recall,0.13448230839535188,0.017307174395013464,0.10497453975714839,0.006693304931701933,0.0872176524350437,0.00735234794375301,0.09204857030943984,0.009602546550827477,0.11685598642120375,0.014917055291382257,0.08878443661052353,0.007678974253836064,0.08486747617182396,0.0042967705110077865,0.13735474605039819,0.012100386206134132,0.13735474605039819,0.012100386206134132,0.09022065543804669,0.023028041056017027,0.07912260086173123,0.002382594018918253,0.10406058232145184,0.021318966537583774,0.10641075858467157,0.02138363856935295,0.08917613265439346,0.00884863239318833,0.1014492753623188,0.004765188037836452,0.09283196239717977,0.019241009151296735,0.11058884971928444,0.028044816731186598,0.15250032641336983,0.011753057203778873,0.14610262436349386,0.0025685227278895864,0.13892153022587803,0.014146320126159398,0.1698655176916046,0.012790740201620045,0.14518866692779733,0.024089572073264155,0.11137224180702436,0.010864417841866954,0.1343517430473952,0.01772613944220094,0.16020368194281231,0.018467959630436785,0.11189450319885097,0.008275206620964018,0.13735474605039819,0.012100386206134132,0.13735474605039819,0.012100386206134132,0.16751534142838487,0.034532251416591046,0.1381381381381381,0.034429911436462034,0.1351351351351351,0.00720124414839411,0.14101057579318443,0.01746015596398175,0.1474082778430604,0.021329758826647994,0.13174043608826216,0.027242828266342816,0.1351351351351351,0.009932410758406514,0.1164642903773338,0.0161516248799308,0.12873743308525912,0.010664879413324021,0.12416764590677631,0.01962784146708589,0.11502807154981064,0.014361594784114959
yo,0.6752816434724984,0.030820453159001938,0.5712392312789927,0.02977686141638298,0.5891318754141815,0.021898888856008346,0.6050364479787939,0.07180030871189852,0.5685884691848907,0.021039771857372512,0.6567263088137839,0.06167295809570569,0.5606361829025844,0.01627306714089948,0.5434062292909211,0.02189888885600839,0.5434062292909211,0.02189888885600839,0.6494367130550033,0.06362864395536189,0.5752153744201458,0.04629831272288557,0.5593108018555335,0.01293520297941895,0.5705765407554672,0.01698609094496525,0.532803180914513,0.03155965778605871,0.5705765407554672,0.007952286282306154,0.5957587806494367,0.06294164680927927,0.5659377070907886,0.03213878238033703,0.5825049701789264,0.02385685884691846,0.5914512922465209,0.0042173366671166,0.5970841616964878,0.022345547117411983,0.6355202120609675,0.07853092413168206,0.5553346587143805,0.013237232839919231,0.5666003976143141,0.025844930417495027,0.558648111332008,0.018964994063955246,0.5579854208084823,0.02030689654876686,0.5460569913850232,0.009806924179555187,0.5434062292909211,0.02189888885600839,0.5434062292909211,0.02189888885600839,0.6394963552021206,0.045218613940972825,0.5540092776673293,0.0030368294863855638,0.559973492379059,0.014104570347112553,0.5705765407554672,0.028878407646787157,0.5573227302849569,0.016554003971897616,0.5864811133200795,0.043601813517815745,0.5473823724320742,0.0030368294863856128,0.5559973492379059,0.025173518771666764,0.5838303512259775,0.03805136440014738,0.5400927766732936,0.02896950695082089,0.5420808482438702,0.014654303769049696
yo_f1,0.5172180387511635,0.05973714234151269,0.4100942093321495,0.038708393619245975,0.4269829189920514,0.010883313078248535,0.4548548289825105,0.07306686588015023,0.41019197296730336,0.020238571732418623,0.4962865880297073,0.06761220488301653,0.39767351593233974,0.014838774764912532,0.38270034229336547,0.023277117551346087,0.38270034229336547,0.023277117551346087,0.4621343746343746,0.07045516244749446,0.412342043677883,0.04682097816473228,0.3975977465099141,0.01170673991630545,0.39093100438391915,0.011308983573383051,0.36292988057693937,0.032372963654610516,0.3973154913070129,0.02602277595805734,0.42596539655363186,0.07984942695071887,0.38410472183263206,0.04355540668206204,0.4163968451639684,0.02055037701917907,0.42329581166790464,0.016270644059876813,0.43001283377389576,0.022379443204469655,0.48233245149911813,0.08718096959944187,0.38984364905026486,0.006395848905938463,0.38109968999836835,0.026737452139122805,0.40542178409825463,0.01837142816646269,0.37996299600224664,0.03821906948186664,0.3760470599995884,0.006608334974554963,0.38270034229336547,0.023277117551346087,0.38270034229336547,0.023277117551346087,0.47771043771043775,0.06326340389961121,0.3698927057417623,0.011672610043132157,0.39488000916269167,0.017235024492478712,0.4102756892230576,0.05894628151010623,0.3844700013577525,0.030274605064669634,0.4098277241774999,0.04838135791951007,0.36500669977980055,0.017298873678487647,0.4115956865956865,0.032346491089325226,0.40840254893298716,0.044201215312913274,0.3773819407381051,0.04651793178719904,0.3733343169698375,0.00524320875025709
yo_precision,0.5247524752475248,0.06861452507903588,0.4150535067145426,0.0454132011651557,0.43703703703703695,0.007989242788646326,0.4659882654932159,0.06954885522465454,0.4061215625146049,0.02306627212458051,0.5064950332098983,0.07043113892948996,0.40864060508899575,0.021398052774022756,0.3873518568249428,0.031646992165824846,0.3873518568249428,0.031646992165824846,0.4618534260492529,0.06761874604534446,0.4164670060896476,0.04157440874936592,0.4019079685746352,0.013284026665751132,0.39149806753017763,0.00896906582476734,0.3723813054088283,0.041934162774270055,0.39558847107866707,0.033038545690062676,0.42552890782979275,0.0810259699268647,0.3785740711378891,0.04471147484191765,0.4215086646279307,0.020329052139521145,0.42950704762631364,0.023304600598466212,0.42772884889860013,0.027326113182725754,0.48454765231663227,0.09751197893075379,0.4021440351841671,0.013605682980499828,0.3750252066948982,0.026582297321269172,0.4054706355591311,0.01923272351310051,0.36768091168091166,0.03418915097891039,0.3770895770895771,0.01627455449473143,0.3873518568249428,0.031646992165824846,0.3873518568249428,0.031646992165824846,0.47507913514673533,0.06387867936503347,0.3769760313497256,0.008001460439766584,0.3937092171354986,0.026783216433639068,0.4063968290646865,0.05382991498231847,0.39443620844564237,0.0401044384285845,0.40832202831237113,0.044041128878510014,0.37069653948535936,0.029649540524547584,0.4118239372765637,0.03578180373773427,0.40574673953218227,0.03742400455000122,0.3738227903419644,0.05358213670003872,0.3686036010458662,0.008774212473594261
yo_recall,0.5105105105105104,0.05504595429376389,0.40540540540540543,0.03248244392309893,0.4174174174174174,0.013761488573440957,0.4444444444444444,0.07662072565869718,0.4144144144144144,0.018018018018018,0.4864864864864864,0.064964887846198,0.38738738738738737,0.009009009009008986,0.38288288288288286,0.019110994086122945,0.38288288288288286,0.019110994086122945,0.4624624624624625,0.07337412446168533,0.42342342342342343,0.06370331362040965,0.39639639639639634,0.012740662724081964,0.3903903903903904,0.013761488573440941,0.3468468468468468,0.03185165681020483,0.4054054054054054,0.025481325448163908,0.42642642642642636,0.07871076529778474,0.3903903903903904,0.04623064359862055,0.4054054054054054,0.025481325448163908,0.4144144144144144,0.012740662724081905,0.4324324324324324,0.018018018018017987,0.4804804804804805,0.07767277571397939,0.3783783783783784,,0.38738738738738737,0.02702702702702707,0.4054054054054053,0.018018018018018014,0.39339339339339335,0.04444038614699322,0.37387387387387383,0.006370331362041001,0.38288288288288286,0.019110994086122945,0.38288288288288286,0.019110994086122945,0.4804804804804805,0.0632771997168333,0.36336336336336333,0.018753747742938177,0.39639639639639634,0.009009009009009028,0.4144144144144144,0.06496488784619804,0.3753753753753754,0.02267217548129358,0.41141141141141135,0.05278797546921002,0.36486486486486486,0.019110994086122945,0.41141141141141135,0.028959912195174013,0.39639639639639634,0.06370331362040967,0.38138138138138133,0.04062387164705312,0.37837837837837834,0.009009009009009
yor,0.8216046137788647,0.050664456820326983,0.8850288361179043,0.03371011713081608,0.9074653928492523,0.0062343933042042325,0.9230528954205045,0.009925751349349334,0.8987117073876839,0.024869600528038792,0.8832689567953436,0.02528403497577283,0.8758713688204237,0.10237281745034338,0.9022390845580114,0.008003705825392208,0.9022390845580114,0.008003705825392208,0.770865235907633,0.22004255408209342,0.9282639666613338,0.007823898977392814,0.9010429761006864,0.0023413675273900214,0.8651521038557357,0.03447777786140598,0.914657280643613,0.010458692422912025,0.9102232989737846,0.013630606186362285,0.9175599387470573,0.0023138377914233045,0.9041132417586604,0.04118949082435837,0.8764503767360714,0.038666989157444466,0.9096976207345783,0.006702531505988022,0.9171561569111452,0.0039408694915325105,0.7888449553935349,0.13338354209407569,0.7964406250238079,0.03484302580896681,0.7480401343907847,0.1690917271592045,0.8382206172529122,0.04258795590569561,0.8672852909133849,0.06362168910865425,0.9113051295530212,0.012006996337526043,0.9022390845580114,0.008003705825392208,0.9022390845580114,0.008003705825392208,0.8869715600454064,0.023012311223563543,0.8816538294516948,0.022792361097669384,0.932697948331162,0.0016197385934972918,0.8942320145666202,0.011112260836068415,0.8363997897287043,0.0931893795920488,0.829451694740932,0.006019179757200012,0.880107268834899,0.020347654618982077,0.893477780571237,0.04080290850327507,0.6813399462132121,0.17827297605501638,0.9013858097349514,0.009427179220784869,0.9194340959477065,0.02046878540267005
yor_f1,0.2189034215886454,0.019970618764352494,0.21842169479957896,0.016007393040547904,0.19532920586400027,0.027160727073004452,0.21197917633468166,0.014436676197786179,0.21880767200526563,0.03316936120916464,0.18487263922240227,0.042720183487203724,0.23735436579125535,0.10576251561883926,0.24355358750949122,0.011938661735962659,0.24355358750949122,0.011938661735962659,0.1759130275773266,0.08256597748788153,0.2825375126568219,0.027413262571557902,0.21605827061118754,0.004714578073421192,0.18981471193600738,0.01641909367270499,0.23690476944577812,0.028992514175164952,0.22564953201497828,0.022056181116214418,0.25084679856190767,0.024100756879003423,0.22719521781417654,0.0646942129487685,0.20779267549289962,0.029851576237903216,0.2583783733961863,0.06845277406247252,0.2601381610219549,0.034350209361227464,0.15624139088251954,0.04538002283608371,0.17478318423111325,0.029199048022262506,0.15313620426154398,0.024290858714222867,0.1640124048543866,0.03866526885846405,0.23096943360727887,0.06583562152206807,0.24895220870676424,0.00542325104192419,0.24355358750949122,0.011938661735962659,0.24355358750949122,0.011938661735962659,0.23052565596410327,0.03153574168546378,0.20482446679444707,0.046928614191253874,0.29476710476090834,0.030745224246082805,0.23898609931590586,0.021013968249723913,0.1837339018101324,0.0456081708087431,0.13868713769009058,0.019719734703789665,0.20970023362865953,0.030326409666261638,0.222097157196167,0.05327602657919433,0.11818501757443634,0.04251945588374117,0.25815091496548254,0.019041921919644635,0.2351409429840434,0.058375396824687134
yor_precision,0.16941664836385203,0.02721156371640863,0.19604595365559996,0.036806400820050544,0.1855908222037778,0.022491777862184544,0.25283604504887225,0.038521964250721345,0.18658040693293312,0.039711092301286395,0.17045243721629885,0.052563145511723995,0.2398070316183194,0.12659767998700006,0.2184429651236821,0.012585686114550285,0.2184429651236821,0.012585686114550285,0.1460185525712081,0.08001925714387599,0.2897053809284665,0.03716070017727547,0.19773360290241293,0.01042048063874218,0.15878423785394605,0.024080608953693954,0.23930223666134906,0.04626008345551992,0.21735649388549658,0.040438087081354254,0.23988826487541978,0.017759182738622467,0.22863903067295746,0.0917356219759788,0.1765139953239662,0.04600845673868788,0.242521346105858,0.05333185374436608,0.24437257269185284,0.03457956076955064,0.12401823921997357,0.05508532491037308,0.13791008103074842,0.024611919499707258,0.1192295018332553,0.030360125347433303,0.12669556577146937,0.034394238585081026,0.17969263702361093,0.06561927097846997,0.23871917816973146,0.017295341376505628,0.2184429651236821,0.012585686114550285,0.2184429651236821,0.012585686114550285,0.20064855321994868,0.047350140428401306,0.1681911376542653,0.032159240851708876,0.3008818286300096,0.020352559769620752,0.20286625810470313,0.009224266699105933,0.1649882993243374,0.08334708703334026,0.10803502029638777,0.014372684398877778,0.173444302861843,0.02570251505839008,0.19984503790147498,0.062010626500668874,0.09055686075906844,0.04215391020072591,0.2233389945678248,0.006864474713289458,0.24316764951148692,0.09830885865506697
yor_recall,0.31572556162720095,0.019084679593808964,0.2533900020238818,0.027931768698073407,0.2064359441408621,0.033294547348767946,0.18498279700465492,0.018429552621464854,0.26755717466099976,0.01640842749136557,0.20481683869662007,0.0353531080535029,0.2442825339000202,0.08105665580418811,0.2762598664238008,0.022382888392430834,0.2762598664238008,0.022382888392430834,0.23274640760979556,0.06091144564475827,0.2760574782432706,0.01865817064399234,0.23861566484517302,0.0065674886620473456,0.24124671119206634,0.02949803391856085,0.23841327666464274,0.025805088270096716,0.23800850030358223,0.012128102219452444,0.26310463468933415,0.03167358860067134,0.2339607366929771,0.03522252162365041,0.2608783647035013,0.007830618142948036,0.2774741955069824,0.08837112519082088,0.28131957093705723,0.048597190980828174,0.22950819672131148,0.01153612629022464,0.2410443230115361,0.04840971284827601,0.22444849220805504,0.01657607385504415,0.2343655130540376,0.03968924589047776,0.3365715442218174,0.029353961966105475,0.2631046346893341,0.028609844036300625,0.2762598664238008,0.022382888392430834,0.2762598664238008,0.022382888392430834,0.2772718073264521,0.003709836628177121,0.266140457397288,0.08014878591890379,0.2906294272414491,0.04736402340031601,0.2922485326856911,0.043793079812073823,0.23982999392835458,0.030521721256968563,0.19368548876745595,0.030810235473868363,0.2659380692167577,0.040543864055365066,0.26937866828577206,0.074127140490175,0.17850637522768664,0.03588440037835387,0.3072252580449301,0.041620675389468995,0.2339607366929771,0.024243536028138984
zh,0.7248125942215399,0.02789823943584611,0.7233430839660872,0.017590733623908127,0.7286108460229865,0.012260984310251317,0.7341897984869231,0.014146853355680866,0.7246448971688588,0.01096249565745387,0.7338665062307235,0.008575926738081193,0.7424000387259174,0.008198594830555172,0.6954638811667566,0.014811296769081286,0.6954638811667566,0.014811296769081286,0.7113052017205371,0.014490821815826995,0.7445144046581746,0.003820721579363276,0.7282045696582437,0.018051193595169625,0.7157448515275991,0.0218081357125772,0.734165594788598,0.02678663404761699,0.7293386858083344,0.00977880655561419,0.7283048421227335,0.018450011400709666,0.733764504930639,0.005412751227263808,0.7308185690773551,0.020294338014582164,0.720471488043373,0.008898912657940811,0.7113951011714589,0.011490474115098853,0.7112256752831833,0.013897189520224631,0.6996822400177033,0.012664821237312917,0.7130755293694592,0.01270771040002802,0.7192578454559285,0.022283207172564184,0.7240294316971633,0.009901893605768609,0.7043915881775306,0.008835179420143412,0.6954638811667566,0.014811296769081286,0.6954638811667566,0.014811296769081286,0.7145502261316957,0.011926200649033583,0.7265120396110811,0.013382222083589919,0.7240761102582188,0.007275902522958869,0.7152227431780146,0.005937814900753513,0.7283238593142746,0.014478446828378457,0.7170777837710745,0.011539930196902902,0.7104234955672656,0.02180495310746306,0.719107436759194,0.01502251463383899,0.7176725032156342,0.006583129906067341,0.7106517018657593,0.003288332559707828,0.7307926365434353,0.00528333317446688
zh_f1,0.3893281991130115,0.02911771467395103,0.3719315872589499,0.02429650224106127,0.38239488053331305,0.009648466295389138,0.3995985107152242,0.024965719153163285,0.39672116891126413,0.029155764788171497,0.3994881135173008,0.010998288998001237,0.3730678216485468,0.0236939844045762,0.3623901740254474,0.04056077470463668,0.3623901740254474,0.04056077470463668,0.36559195009036083,0.010636668605567265,0.4056559927801995,0.01089539995903575,0.3772092012974864,0.0573702356179899,0.4130220454771473,0.03130524487754616,0.38261179557021574,0.027190092335759156,0.41410160059931655,0.026264300047957507,0.3959444449769916,0.005475069393755156,0.36807991196479617,0.04050807195179216,0.39157921363707276,0.023769002900865782,0.3820886145896214,0.023099972424456546,0.41789588309201947,0.027062111723623862,0.41006657506887256,0.008542435101621546,0.400471561568205,0.011974757586873946,0.4035593909038457,0.021709164939818757,0.38726613096770873,0.030158525389486636,0.4255570897258972,0.00918364579310302,0.357509312354563,0.03898930288136909,0.3623901740254474,0.04056077470463668,0.3623901740254474,0.04056077470463668,0.4034625815866279,0.01363491568669938,0.4022997102585279,0.010748744889573603,0.3937502659882319,0.04365015570501951,0.4040548120414522,0.03144222829690744,0.40073440409296984,0.01942921234041104,0.40497668005238346,0.032759793681961843,0.38765010025531305,0.03686155036040164,0.3483198507363217,0.03980057105292413,0.3890599231024265,0.04556682021325581,0.3659613174323069,0.04501214791937755,0.37192055533808777,0.017188685456278965
zh_precision,0.3094511315646151,0.026741920660624283,0.29092014020989243,0.023390276197871804,0.2940647215374929,0.007789318157713114,0.3132708599700458,0.02207505843109532,0.3080087622605428,0.026217484627428102,0.31270700349650093,0.00984073048992002,0.29002971391835497,0.017360064236861386,0.2811132349437691,0.035891431379698566,0.2811132349437691,0.035891431379698566,0.2913973058892118,0.008635323435235315,0.3183482362364284,0.010643872367069328,0.2953239608981458,0.04615116111247185,0.3245640807623922,0.031024147744110275,0.2972673792795167,0.02398778758805821,0.3259285900579527,0.025346524802624015,0.3114092958802677,0.003715744086653876,0.28210549692040277,0.03499879408704285,0.3052563386667493,0.020019434075234186,0.2981568278737607,0.020704166926183234,0.32556577637713086,0.026855238923175137,0.3198806107769109,0.006664578207799394,0.3151369707024475,0.011047405476775815,0.3116442697966976,0.019379628327751117,0.2982262411353768,0.02640911431307005,0.3357351041932897,0.00925026744409998,0.27526624725744103,0.03420374257610453,0.2811132349437691,0.035891431379698566,0.2811132349437691,0.035891431379698566,0.31279136349666675,0.015893772929750378,0.31447435169412147,0.007231926967020708,0.30683916856455407,0.03957799055527709,0.3125334421858948,0.029015940246680142,0.31304593702265,0.01631638982650423,0.31444943827824806,0.028807902489796335,0.3020581950029843,0.036506011637191325,0.26856592044307376,0.030451855618541183,0.30080167789874634,0.04005318261908558,0.28060831088354193,0.03565305967753122,0.2874458549213188,0.014275946035874986
zh_recall,0.5251908396946564,0.031379375241690606,0.5158430427213071,0.02011381810885868,0.546645239051828,0.014544659469916003,0.5517878666130976,0.02763309594054878,0.5574661845453328,0.02945835579966956,0.5529931699477703,0.01228016868124212,0.5227534485067631,0.036651822045864285,0.5107004151600375,0.0453172920169027,0.5107004151600375,0.0453172920169027,0.4904781036560868,0.013887688923263081,0.5590464711396813,0.00962913686182565,0.5220570510245078,0.07612739286853261,0.5685549752243203,0.022810410573837238,0.5368956743002544,0.029180217915849804,0.568046069371903,0.022003722443582882,0.5434846658631312,0.009403197252168748,0.5299049149591536,0.04469784052036138,0.5460291951252176,0.02845881249929058,0.5321280299986607,0.026294690763146,0.5839292888710325,0.019832683529582153,0.5710727199678586,0.011893683481561158,0.5492701218695594,0.012873214749668268,0.5725726530065622,0.023201083301818106,0.5523503415026115,0.03205502651221297,0.5811436989420115,0.010810564828333478,0.5103254319003616,0.04121886781583078,0.5107004151600375,0.0453172920169027,0.5107004151600375,0.0453172920169027,0.5687692513727066,0.006843903112733901,0.5582697201017811,0.019857302158034502,0.5500468729074596,0.04263445879796628,0.5718226864872104,0.029490119831094407,0.5566894335074327,0.023381780150331082,0.569090665595286,0.03633370044463073,0.5421722244542654,0.02641815871300416,0.49562073121735634,0.05862798282633424,0.5511718226864871,0.047838469838939884,0.5260747288067497,0.06123768673442145,0.526771126289005,0.0217069643966989
zul,0.9030770017122851,0.008332523840167002,0.8001865623961768,0.05022293143142264,0.6928748498556058,0.11890186758601674,0.6938459965754301,0.05181192524650595,0.9026297630913133,0.0017301670009041926,0.45525058141020724,0.06540237146303834,0.833537785274349,0.05382221010603147,0.9081755219913618,0.00485874228028653,0.9081755219913618,0.00485874228028653,0.5879526693756549,0.2655998266213404,0.8125942395665618,0.042411118865158276,0.7157606890030412,0.10256883565176443,0.8243118914360194,0.07239121383041236,0.7396815661018682,0.16318338018056694,0.6338137953947199,0.018997380589252454,0.6800966035421299,0.05124980410392531,0.5208540979835927,0.11750506727554884,0.7427994582023564,0.0635574750077004,0.818612793580209,0.04570964464034139,0.8799355976385801,0.019156671092368828,0.7086687622990621,0.07390850512667922,0.8207978736998135,0.0539611301601599,0.8445781900891922,0.033026758849997714,0.8984896112857471,0.010423172516359509,0.7088093230085103,0.12798922230921767,0.8326944210176596,0.024830861707404624,0.9081755219913618,0.00485874228028653,0.9081755219913618,0.00485874228028653,0.7936568785299906,0.07924210905556962,0.8597587467096016,0.002678315550106901,0.8784916558051573,0.0028703309108753313,0.9067699148968796,0.006663080504177812,0.7587722660942013,0.11371100269429918,0.8753354289657288,0.05043501300350719,0.8782744256178282,0.04377394696964772,0.8939405555981498,0.0138563157455001,0.8933271997751029,0.011829067697631472,0.9073193794883591,0.003949470471310972,0.8452937718827469,0.03910861769092144
zul_f1,0.2836802900048765,0.021920676650161855,0.1351548523783094,0.026523478535649153,0.10293818001273784,0.02759858996292085,0.10537715909961538,0.020025504107363586,0.26728609334616543,0.009094676507235819,0.07242280123968182,0.006707875863659574,0.16250543409366314,0.020949412641551975,0.2874080632906176,0.021412447642039912,0.2874080632906176,0.021412447642039912,0.08332067281204766,0.038501979895384224,0.14749980014163996,0.03980812095369298,0.1410242551433574,0.05243044290979623,0.16394601372664847,0.010436141385564025,0.1476671983257574,0.05964010171231534,0.09835476698869654,0.009435263234824704,0.09328687139860077,0.021357523998454423,0.07480816759501997,0.022873840215115116,0.1214923449603993,0.007676206028051546,0.16841249902891597,0.028247920294513763,0.20129045555029654,0.027270628387900463,0.10680045259224617,0.019642412151368915,0.16438798240256405,0.03560080741295072,0.158100227504889,0.010082189847092913,0.24491329486503288,0.02222644296213227,0.11263740564272884,0.02154592710792855,0.1348946678980687,0.027238528916000405,0.2874080632906176,0.021412447642039912,0.2874080632906176,0.021412447642039912,0.14510650517189813,0.03937418498075422,0.19270774044649566,0.032047752762802785,0.19752706439709447,0.00902915448662604,0.2773737472092952,0.016732364984631275,0.109826022370683,0.013933112306608406,0.21815698893230773,0.0634876639085017,0.23491860384720412,0.061233857165514126,0.23074704640153043,0.051187650709544535,0.25132252982905706,0.05369815949241038,0.26652648750920904,0.013424587870887355,0.14328274012595762,0.03314399823360911
zul_precision,0.3207173898353506,0.03238378482169434,0.1254862607619748,0.031154838785870723,0.08755772003108224,0.034466682556824904,0.0868170188213261,0.021623480343980435,0.3030634925707238,0.0188467108555101,0.05379392301140481,0.005210578553894209,0.1703462697235262,0.04568514505618911,0.3401827255656384,0.030151286326986222,0.3401827255656384,0.030151286326986222,0.06966001861422023,0.033946759818151755,0.14730198413752404,0.05626616273503735,0.11900518985170083,0.057587797126349136,0.16432374864920407,0.02212551838996547,0.13392346805545916,0.07304126161685398,0.0787493235344266,0.0065954431505379114,0.0789953541508037,0.018133879825192784,0.0571132044499963,0.018151938347961673,0.09611926805466314,0.01165487288251664,0.15920721876173494,0.03444968593451882,0.22230869104095874,0.050176964003451285,0.08312963623125023,0.020776940852705705,0.15022597991824418,0.050153166210730946,0.15614205908501688,0.017734281006895763,0.27322912803930705,0.03139730662102296,0.08791561624495296,0.023592351658756262,0.12663775778904182,0.03167102429113071,0.3401827255656384,0.030151286326986222,0.3401827255656384,0.030151286326986222,0.1265832964508443,0.046353778575541335,0.18539228503218272,0.030429787646027693,0.20846838701491263,0.0062570096810818715,0.32693397655999895,0.02045231327625989,0.09498939559465414,0.02486692328916505,0.24179077341881103,0.10783145261036116,0.2535113797775988,0.09817237329641038,0.2642932280238475,0.07275377611803208,0.27842073235072423,0.0669645694425067,0.313752629106515,0.0125154980059789,0.14429859685507454,0.046335263645838905
zul_recall,0.2544847726324572,0.015023118548210975,0.14747601168126823,0.021408094462157645,0.13183145598664994,0.030363875412870993,0.1360033375052148,0.013011656381936342,0.2392574050896954,0.003149701474873067,0.11118064246975383,0.012139745120526903,0.15957446808510634,0.007989452650064904,0.24885273258239463,0.016007471875635962,0.24885273258239463,0.016007471875635962,0.10408844388819356,0.04360015391734762,0.15060492282019186,0.02830814518706756,0.17813934084272,0.03791193743438492,0.16624947851481012,0.02100180847093343,0.17250730079265741,0.04063892294309796,0.13120567375886524,0.016525074943961916,0.11389236545682101,0.025975616496266916,0.117334167709637,0.03761206282907173,0.16687526074259487,0.006632504420352401,0.18022528160200246,0.02248466110540883,0.18690029203170624,0.020222870234653863,0.1516478931998331,0.013220652380050745,0.18627450980392155,0.012783941131451445,0.1612432206925323,0.010699473177498708,0.22236128493950766,0.018312374012255835,0.1597830621610346,0.013484602719143927,0.14518147684605753,0.021101020400609998,0.24885273258239463,0.016007471875635962,0.24885273258239463,0.016007471875635962,0.17688777638715056,0.022356575510159255,0.2008760951188986,0.03524437506965888,0.18794326241134743,0.013786159067049034,0.24134334584897787,0.01944293733455327,0.1355861493533583,0.008768397812675742,0.20692532332081767,0.02378246915633743,0.2261159783062161,0.025375707251116892,0.20588235294117643,0.04064695228799745,0.22924488944513974,0.04367194838751968,0.23174801835627865,0.014233393499567808,0.14476428869420108,0.019158886112982953
