method,afri_only,afri_only,least_family_en_20,least_family_en_20,least_family_en_5,least_family_en_5,least_same_script_10,least_same_script_10,least_same_script_20,least_same_script_20,least_same_script_5,least_same_script_5,least_uriel_10,least_uriel_10,least_uriel_20,least_uriel_20,least_uriel_40,least_uriel_40,least_uriel_5,least_uriel_5,least_uriel_en_10,least_uriel_en_10,least_uriel_en_20,least_uriel_en_20,least_uriel_en_40,least_uriel_en_40,least_uriel_en_5,least_uriel_en_5,most_distinct_script_10,most_distinct_script_10,most_distinct_script_18,most_distinct_script_18,most_distinct_script_5,most_distinct_script_5,most_family_en_10,most_family_en_10,most_family_en_20,most_family_en_20,most_family_en_25,most_family_en_25,most_family_en_5,most_family_en_5,most_same_script_10,most_same_script_10,most_same_script_20,most_same_script_20,most_same_script_41,most_same_script_41,most_same_script_5,most_same_script_5,most_uriel_10,most_uriel_10,most_uriel_20,most_uriel_20,most_uriel_40,most_uriel_40,most_uriel_5,most_uriel_5,most_uriel_en_10,most_uriel_en_10,most_uriel_en_20,most_uriel_en_20,most_uriel_en_40,most_uriel_en_40,most_uriel_en_5,most_uriel_en_5,random_langs_with_seed_10,random_langs_with_seed_10,random_langs_with_seed_20,random_langs_with_seed_20,random_langs_with_seed_40,random_langs_with_seed_40,random_langs_with_seed_5,random_langs_with_seed_5,xt_afri,xt_afri,xt_only,xt_only
,mean,std,mean,std,mean,std,mean,std,mean,std,mean,std,mean,std,mean,std,mean,std,mean,std,mean,std,mean,std,mean,std,mean,std,mean,std,mean,std,mean,std,mean,std,mean,std,mean,std,mean,std,mean,std,mean,std,mean,std,mean,std,mean,std,mean,std,mean,std,mean,std,mean,std,mean,std,mean,std,mean,std,mean,std,mean,std,mean,std,mean,std,mean,std,mean,std
language,,,,,,,,,,,,,,,,,,,,,,,,,,,,,,,,,,,,,,,,,,,,,,,,,,,,,,,,,,,,,,,,,,,,,,,,,,,,,,
af,0.9222489513940291,0.002255639588357571,0.9226730199851961,0.003815892947281592,0.9208919319022946,0.004642827272499831,0.9219096965210956,0.0025180599404083853,0.9181162102146558,0.0030114175915949264,0.9208225388601037,0.0029899016713649546,0.9217709104367136,0.004341406454566989,0.922210399703923,0.002611927505491182,0.922210399703923,0.002611927505491182,0.9211463730569949,0.0036500124532891877,0.9246622871946707,0.001846428760499189,0.9244386873920553,0.00286725068896524,0.9227886750555144,0.004110470797730125,0.9226267579570688,0.00273154979835286,0.9215164692820133,0.003181334427637675,0.9196428571428572,0.003941785418974983,0.9230662472242783,0.0025624319807782893,0.9192033678756477,0.0006558774462786252,0.9227424130273871,0.0021527175384425303,0.9216089933382678,0.0025866776397841275,0.9137444485566247,0.0036414025368352023,0.9188332716506292,0.0036225462342800636,0.9186713545521836,0.002497578317422661,0.9180236861584011,0.003045339510568002,0.9176767209474463,0.0020120880136164374,0.9210075869726129,0.0014241392986249083,0.922210399703923,0.002611927505491182,0.922210399703923,0.002611927505491182,0.9161038119911177,0.0034291159495936484,0.9223260547742412,0.0037625185532476416,0.9226036269430052,0.001601673102960563,0.920938193930422,0.0029302530758905914,0.9190183197631384,0.002561178855600728,0.9221641376757957,0.002266839378238398,0.9202211324944486,0.007819377636097143,0.92200222057735,0.002760257936746266,0.9190645817912657,0.003538062325129264,0.9192727609178387,0.0038405843043148495,0.9215858623242044,0.0033158398080688476
af_f1,0.7642780284029691,0.005109587129711366,0.768957942457888,0.009800246010538966,0.764793743567102,0.010230136302342947,0.7684034499989294,0.006020881592453729,0.7549522972122444,0.008915070202128414,0.7658418420869643,0.005406618043106758,0.7710756559107901,0.010742382167326137,0.7675366174787572,0.005798335180115052,0.7675366174787572,0.005798335180115052,0.7625940758362477,0.011092702082659915,0.775889095420216,0.002973587757605532,0.7726817620815679,0.006094098705867449,0.7707575264651181,0.010401407321818176,0.7694478682313743,0.009172478960960339,0.7629524186403299,0.00948939768327479,0.7618571576673416,0.006790024876487758,0.7699774849111005,0.009230607120388748,0.7605169168405559,0.0016611674960684704,0.7658413869090177,0.00974744752004544,0.7630312973475829,0.006787151182062345,0.7486490003463453,0.007169668905357903,0.7556597163087958,0.006519264624978721,0.7579323059546301,0.006178362839419054,0.7565137751114844,0.009266363862375043,0.7543516690863747,0.002223153468857353,0.7632709912366726,0.005484802035348412,0.7675366174787572,0.005798335180115052,0.7675366174787572,0.005798335180115052,0.7521762122629627,0.008012917779515953,0.7676823015458978,0.006082680786610693,0.7678866848261764,0.00432908059908276,0.7627510698341535,0.0039633111633542665,0.758834730642321,0.005066018491184165,0.7700975515209187,0.006142197595230738,0.7623379625905083,0.017125465512051633,0.7650676554251052,0.0029978757019077113,0.7629302579923407,0.009777602639946016,0.7601459618766503,0.007347154546963184,0.7614539755035484,0.00990883706578368
af_precision,0.7213035635177749,0.006547684068316912,0.721247644159754,0.012781701543352732,0.7110579263170044,0.017047029667898603,0.7190196142320183,0.010129537507095816,0.7046340943096305,0.01154089706119501,0.7149977470711052,0.0066725095851571615,0.7227679787932136,0.012863386191150579,0.7190029579686061,0.00844330947013695,0.7190029579686061,0.00844330947013695,0.7154522929117257,0.012810670243723284,0.7257368217350759,0.0038483217062257862,0.726228769725185,0.005983839416543954,0.7228482805923424,0.011380873994770075,0.722362658897995,0.009256051888273335,0.7151679429898634,0.009763845236694556,0.7151771434759189,0.007900465406891245,0.7224126357942986,0.012201310852324117,0.7130785939392046,0.0030870186149707466,0.7205462495284487,0.00673257687686121,0.7167592847863393,0.009261306238137033,0.7016203445773136,0.007355750741808613,0.7091638720905293,0.012643452526490054,0.7090817739355608,0.007748288744397033,0.7063532838313351,0.008991176953894658,0.7070024113644091,0.0023049934310217994,0.7117892191235733,0.007367488308232233,0.7190029579686061,0.00844330947013695,0.7190029579686061,0.00844330947013695,0.6988277676904209,0.00857434329789761,0.7181369163849647,0.009127126971250605,0.7215676352876529,0.007234774519363423,0.7147403439335064,0.007473682882394045,0.7128268643774245,0.00608335922961611,0.7192781691018157,0.0068944438204366215,0.7147650635738415,0.019106943039937277,0.7190228578618774,0.003274525625095987,0.7163188081666032,0.006334812491950692,0.7132384913385641,0.0111704617666748,0.7151297098491676,0.01235222786251101
af_recall,0.81271015467384,0.0039020164056330466,0.8251513113651647,0.006415193015581334,0.8276171262048869,0.00472344933999225,0.8251513113651647,0.004818243725667966,0.8130464021519839,0.00570630892685846,0.824478816408877,0.0036834065736729934,0.8263281775386684,0.00803952649201041,0.8226854965254428,0.004957037522415562,0.8226854965254428,0.004957037522415562,0.8146155570499888,0.010184099252724076,0.8335574983187626,0.008811138312949333,0.8254875588433086,0.006508509814372522,0.8254875588433087,0.009706628601036077,0.82044384667115,0.011491598850460706,0.8175857431069267,0.00925953353612319,0.8150638870208473,0.0053518656742046035,0.824310692669805,0.00747599468534061,0.8147276395427034,0.0020908717895289355,0.8172494956287828,0.01428029487844593,0.8157363819771352,0.006089700832641143,0.8024546065904505,0.008132741508034795,0.808843308675185,0.006365062032952518,0.8140551445864156,0.007127600580849443,0.8110289172831204,0.012123575236933313,0.8087872674288277,0.004477692076986821,0.8227975790181574,0.0032251725106339797,0.8226854965254428,0.004957037522415562,0.8226854965254428,0.004957037522415562,0.8143913920645595,0.009929269038489154,0.8246469401479489,0.006975278136068916,0.8206119704102219,0.005013734419714219,0.8177538668459987,0.006332412863405309,0.8111970410221924,0.0037793578345858077,0.8286819098856758,0.007907179567118248,0.8167451244115669,0.015142340617616263,0.8174176193678547,0.0033173388448663075,0.816072629455279,0.014871112567246754,0.8137188971082716,0.0036834065736729375,0.8142232683254875,0.00671092462673059
ar,0.6628086779492439,0.01972346815737093,0.6844025362487761,0.014724162304167772,0.7165213607471987,0.029115409545780385,0.6775918069218456,0.021369005448288382,0.6814575660092934,0.009232973043393055,0.6836682362814117,0.027297382521526626,0.6745613626120877,0.011317123583203468,0.6852261954714283,0.027876848724630823,0.6852261954714283,0.027876848724630823,0.7072202278272491,0.008901995813575989,0.6866209768909195,0.023726053483909715,0.6657264518936392,0.045760288101935456,0.6842976362534384,0.022480719462224432,0.6857157287830047,0.023672104209414888,0.700755279966432,0.015590672525000506,0.6939134691594013,0.03834403837020768,0.6949585839277667,0.029482949285976206,0.6953626431690677,0.02494396253731414,0.6743865292865246,0.03515508078833365,0.6870444620572831,0.017595482630303857,0.6576491522526302,0.039911792164518345,0.6956074098248559,0.02512790255397913,0.6768885884345812,0.04681397733922524,0.6623929631529053,0.016013157231315755,0.654350630177009,0.014913349009177717,0.7189612569350552,0.023946550804415538,0.6852261954714283,0.027876848724630823,0.6852261954714283,0.027876848724630823,0.7088403499774659,0.021603567914070844,0.7087199092420782,0.04738909428740965,0.6976976393615864,0.009453406965222165,0.6572450930113292,0.03554274584482926,0.6855758621225543,0.023946676453471955,0.6625250594433307,0.011955240588002366,0.6792235846271,0.026535257302974846,0.6874213250034966,0.013814418411414408,0.7202589087292337,0.026242985006378214,0.6444200972850327,0.03788905410155621,0.6804085660559156,0.00808777076859109
ar_f1,0.38501698194493883,0.03648438548294205,0.41915568990800434,0.020134630103321168,0.4622218467334278,0.03543332164093925,0.42424628080115573,0.013011563530739482,0.4236344626209627,0.02763890178293572,0.43035697885371027,0.028918379197453076,0.41876605018509105,0.0252124630624234,0.44241075040192007,0.03219540184330534,0.44241075040192007,0.03219540184330534,0.4504219378154265,0.01761380176143175,0.4229629708051518,0.033757889653597266,0.40452847998810243,0.0542075893217449,0.4216895030469751,0.0456212758267258,0.42990405964553463,0.047847965854781585,0.45083184607477605,0.0289659266954075,0.4510750163263091,0.04608864815604678,0.4507498713267034,0.038110994887728074,0.4442713652540283,0.02424598124930178,0.4300960795621486,0.039121458548033235,0.4555689730472054,0.02601435170098774,0.40502522253100975,0.024240603958078973,0.45132651382971156,0.035939782326483524,0.42504272745642385,0.051185314003267125,0.40259774956840694,0.021358827443883725,0.39524821458159376,0.02409997564027341,0.4686658409193848,0.032054986711015886,0.44241075040192007,0.03219540184330534,0.44241075040192007,0.03219540184330534,0.45011459614018157,0.022374570198247446,0.469302190719254,0.061500341748019334,0.4501759491613205,0.02171416066806117,0.39632421470778645,0.04660537019418004,0.4360238052868841,0.035935883341091074,0.4003769655859118,0.017694548882497302,0.43359688985656786,0.032961813024501546,0.4094352342534972,0.033891426578565434,0.4653647845575813,0.032815741957382266,0.39773751043056527,0.051144650848454286,0.4099521650971964,0.020954861537179136
ar_precision,0.370957356131278,0.035606896986746336,0.39453026928050744,0.011088363601016709,0.4287545587675699,0.034642128209302646,0.4056352063409391,0.015209557944352626,0.4079274307884644,0.028730825085943868,0.41224516727313404,0.02753539425767869,0.4055898454011395,0.02747731152447228,0.4201301090173881,0.024533800116155198,0.4201301090173881,0.024533800116155198,0.42227040133373933,0.02393950801376844,0.40504822272806773,0.036937985757940654,0.3920100091086778,0.04788932337897444,0.39923207445326575,0.03841044617941732,0.4133253182424897,0.03789112944422367,0.42080610720452155,0.03955848648882078,0.43380096134806456,0.03962498315831197,0.424153343836881,0.030049921460122534,0.4120176987039258,0.025914745737567187,0.40908409974725274,0.04468469586112971,0.4328430512631789,0.03312628543698985,0.3877281234219646,0.020412992699596743,0.42480397163926786,0.02619893441486176,0.41070256563564744,0.047565473306064726,0.38506094362936644,0.018819009597344664,0.38155845106288133,0.024984243233952493,0.43384124802977514,0.03878817476042839,0.4201301090173881,0.024533800116155198,0.4201301090173881,0.024533800116155198,0.4204140531465153,0.017078562187780606,0.43944764223895083,0.05723779144616396,0.4243789014907987,0.018412576721425693,0.38101564748064265,0.03928169031954114,0.41412177627385377,0.03296089447775396,0.38413871109231673,0.017352027360482195,0.414508559136863,0.03424068825330195,0.3917858609059037,0.0301967555739391,0.44513340978151045,0.037645559689716335,0.3852707685673019,0.041064409390020915,0.39160875597886596,0.011944941419324328
ar_recall,0.40072386535216264,0.040826546991633815,0.447619682032152,0.03422706205595712,0.5019761968203216,0.04106576410869884,0.4447997157829292,0.013439794682744808,0.44080291322497556,0.028076552404488204,0.4502176036948219,0.03120098600367114,0.43305355715427657,0.02518862671944142,0.4674260591526779,0.04218023551386912,0.4674260591526779,0.04218023551386912,0.48290256683542054,0.010309247433090628,0.44269029221067585,0.030562402736356135,0.4180211386446398,0.0614474149592617,0.44708677502442484,0.05488301997534762,0.44819699795718976,0.05978944023263215,0.4863442579269917,0.01656976391417437,0.4699129585220712,0.05370805842625209,0.48152589039879207,0.05118710333165353,0.4821254107824851,0.02250071774850158,0.45385913491429075,0.03385190913402233,0.4812372324362732,0.019014814239082616,0.42412736477484675,0.030450002156836475,0.48201438848920863,0.05024321620213343,0.44055866417976725,0.055686273772804086,0.42204014566124876,0.02685329786612227,0.41002753352873256,0.023621815146725088,0.5109245936584066,0.03463800658077763,0.4674260591526779,0.04218023551386912,0.4674260591526779,0.04218023551386912,0.4844346744826361,0.029581661741026506,0.5036637356781242,0.06703424201824122,0.4798605559996447,0.03140413882661102,0.413113953281819,0.05537630542472712,0.46045385913491427,0.04006871521428917,0.4181765698552269,0.019917436544969445,0.4546362909672262,0.03206806632811599,0.42881250555111466,0.03848597471301087,0.4880317967847944,0.030983073954083663,0.4114486188826716,0.0629417305130513,0.4304334310329514,0.03227094504828576
avg,0.8302310681625074,0.007787532382851192,0.7942724320823858,0.031658959479076765,0.7715502662040001,0.01895759001515161,0.7958609372813313,0.012117091739874193,0.8328844558237802,0.006524819155772581,0.7309268911703831,0.02869939244163973,0.8092266074858797,0.03923089062262437,0.8368904817671436,0.0032658471037559796,0.8368904817671436,0.0032658471037559796,0.7483573680447339,0.062131185018495565,0.8226490543958965,0.017321127473875913,0.7985891004464817,0.025693204015227837,0.8215105067366825,0.003626337559578372,0.7992292041395419,0.03653470775633212,0.7670559679297698,0.019276209364976173,0.7755213222375066,0.021104901282681034,0.7705678218768554,0.03815865475180748,0.8045756351600035,0.02110252629410008,0.8278443443234555,0.007382194968018477,0.8363871321412688,0.006451194940159034,0.7694610598970687,0.02366444668693543,0.8121377132478438,0.016384088727622828,0.8226559564500432,0.00957226453984348,0.834406018539907,0.006885580601859263,0.7936276576551884,0.012392356722589247,0.8107102806225192,0.021109422402019264,0.8368904817671436,0.0032658471037559796,0.8368904817671436,0.0032658471037559796,0.8074330425093863,0.020084314737385332,0.8271778250501821,0.0031771936766729187,0.8286947188665403,0.01072259852099887,0.8314942553285847,0.005548480614459991,0.7980682307534177,0.014752628383703933,0.8011443991680334,0.010008769993965832,0.8211786877108501,0.010458195481509202,0.829016073318168,0.003965030849755591,0.7949715406496863,0.04837485200437123,0.8343723079553282,0.007069936760916271,0.823705977904822,0.014527500524723383
avg_f1,0.5268777034614252,0.008059984861049788,0.4999514292968537,0.008705158739119995,0.4915196858739353,0.006261234066003392,0.5009865591867931,0.003532477753511743,0.5247328662353214,0.00925187647500426,0.4825459443261206,0.005122995020515266,0.5127070820003327,0.022904645446795973,0.5402454039002319,0.00339181555270071,0.5402454039002319,0.00339181555270071,0.4737884393479458,0.015523525206329518,0.5173381515749034,0.010905553187266286,0.5047642749339205,0.006806537665715682,0.5162967970090784,0.005177139316471,0.502624448085224,0.014016247930686322,0.49299764018911185,0.012215230153289004,0.49516803386375174,0.007534872898537717,0.5013588682620951,0.016188640637305504,0.5081713649823743,0.00805882091328055,0.5277635777061582,0.00849198948281555,0.5353680054836056,0.00868026684322146,0.4865911458972893,0.010615395484741467,0.5205281614677266,0.0074322138395562795,0.5196181676651302,0.00790571292338923,0.5280633726710405,0.005384053750359544,0.5024111481270284,0.006086217190785444,0.5123097325195544,0.014707231440635286,0.5402454039002319,0.00339181555270071,0.5402454039002319,0.00339181555270071,0.5050626215191949,0.01552336692887758,0.5255594879591639,0.005828296454861431,0.5316949405273974,0.010608261757322976,0.535546641925505,0.005229392869003505,0.4965104197562401,0.006979227363221306,0.5026062624520535,0.00509991063444283,0.5173271195018001,0.011306569270177874,0.5220974488465822,0.0050038087907039175,0.5055262219487113,0.020206780262131546,0.5351978322888746,0.009756244048313609,0.5138650748364891,0.01412550693740093
avg_precision,0.49913403749192564,0.010447260266984375,0.471117544491301,0.0109860709795119,0.4612922742403883,0.008152005637352085,0.472443761090636,0.006712017300025295,0.49313288218655094,0.009589834545942682,0.45299801988667615,0.008073610413875205,0.4862356824755363,0.02502293227621247,0.5132791991373818,0.005483578196382204,0.5132791991373818,0.005483578196382204,0.44529206222403217,0.012551744948324842,0.4889094625717153,0.009811128572198121,0.4751548711690603,0.008660094945099062,0.4873813700592082,0.0035451994275144685,0.4743922678749203,0.014603983707967021,0.4646202219995515,0.012344479771954261,0.4675438580391383,0.005267890714000383,0.47112532069955193,0.01609458868048782,0.47611568512902697,0.009889872071991901,0.5002861839697326,0.007364860947999649,0.5080404974249773,0.015125249893823365,0.45342264463499765,0.00832274996008237,0.4913841142138875,0.00877422387245419,0.4887523772597452,0.009850526804848308,0.49740747846570504,0.009057877804005531,0.46763976603004853,0.0060282540439927845,0.48225617016459144,0.01444707562779861,0.5132791991373818,0.005483578196382204,0.5132791991373818,0.005483578196382204,0.4686221142480257,0.018288465826805628,0.4969010807258236,0.004456428586910183,0.50507979066702,0.011987414172070165,0.50715832313147,0.005664968033832042,0.46444288265137573,0.009242949751616122,0.4722684583762456,0.001791860349994599,0.4874768155133289,0.011099607456743751,0.4947772616751497,0.008226387774191187,0.48321843817661614,0.027378088322977678,0.5076765624108309,0.010127809725209437,0.48883918888595623,0.016498137122444738
avg_recall,0.5695936285442315,0.007309616750177868,0.5417599340452103,0.006650372630594121,0.5374639437056674,0.00838101376791545,0.5433908964474679,0.004238837227248833,0.5712753376446666,0.01021263832131834,0.5280511732636942,0.005668424465409082,0.5495086303249348,0.017664152845113246,0.5768642877591361,0.003774065414612248,0.5768642877591361,0.003774065414612248,0.5163502485114428,0.02189061097037308,0.5561829623550166,0.011333658203621503,0.549119684116472,0.004641385461147218,0.556478526357641,0.010092045123449954,0.5450882916583955,0.015151798240861547,0.5362064215192567,0.011494706726607452,0.5353257014759956,0.009775432493265587,0.5471999064246519,0.017268743168768173,0.5579875535598537,0.0037991427340004,0.5661910200598081,0.009837489899159464,0.5730573351755255,0.003957500883277613,0.5405233816848344,0.013125446945818403,0.5642265834725742,0.007347442701198934,0.562325830149943,0.006885289864131524,0.5724295653681177,0.0024560640054779067,0.5588757459086915,0.00650201178783468,0.5576968260928203,0.011985513933219253,0.5768642877591361,0.003774065414612248,0.5768642877591361,0.003774065414612248,0.5603718493796841,0.00874603215600234,0.5686953370044423,0.009620314081706995,0.5706112157609398,0.009767707380854748,0.5773120826478384,0.008413420179715416,0.5458237648306736,0.004962496565142724,0.550380991376791,0.014327380788640117,0.5617394287449612,0.010684091038233432,0.5626782420856762,0.009447240416403721,0.5413884496932425,0.014795592262131082,0.5732702583045879,0.010215951980598756,0.5488560200380833,0.011180893688510348
az,0.8565676756139349,0.0063556776063659155,0.8740148486579098,0.0014892524055288977,0.8637350085665334,0.005163976952807431,0.865638682657529,0.00931182721597642,0.8673043974871502,0.0061186170169052236,0.8637350085665334,0.0033534936050036105,0.8651913192461451,0.007720589610463123,0.8635636778983438,0.010055076080162605,0.8635636778983438,0.010055076080162605,0.8590805254140491,0.008309815430547795,0.8683894917190177,0.006635526324334159,0.8701027984009138,0.009291197293296586,0.8640491147915477,0.010548089619960833,0.8579954311821816,0.007103969966178686,0.8636778983438035,0.0015224632798882328,0.8679326099371788,0.004803939579379856,0.8705311250713879,0.003564092777521512,0.8611364934323243,0.004969464552876839,0.8677612792689892,0.00497471237188076,0.8650199885779555,0.004852576908007663,0.8534170949933371,0.0029792347473046803,0.8663335237007423,0.007332309116578024,0.861298305730059,0.0027985951594802225,0.8659051970302685,0.008451283888352992,0.8567104511707596,0.009976923261132914,0.8593184846754235,0.0063639685346379,0.8635636778983438,0.010055076080162605,0.8635636778983438,0.010055076080162605,0.8538549400342661,0.006366701317816868,0.8609651627641348,0.004772150624045176,0.8683609366076528,0.005809544249470905,0.8648486579097658,0.0051381218167087924,0.8549685893774985,0.007038163999856944,0.866504854368932,0.0019548610397329253,0.8550828098229584,0.010510505148705168,0.8650199885779555,0.008455077984254615,0.8642775556824671,0.008979390757320271,0.8607367218732154,0.00724939989972497,0.8705882352941177,0.006752222244766068
az_f1,0.6259840896182948,0.011706329668048049,0.6620958656632662,0.0022632617755469196,0.6408726428859391,0.0071031783477429455,0.6466596670469231,0.02277504865702419,0.6381278056037161,0.008764508215505024,0.6373432110126367,0.00799137120404407,0.6411276380279172,0.023066066879471755,0.6358987690546883,0.015470466224156891,0.6358987690546883,0.015470466224156891,0.6271359991387114,0.015415411834090722,0.6464301960719813,0.020601547237534858,0.6493805483585469,0.0161954914057698,0.6411073141399681,0.023028879109558087,0.6284052315839534,0.01384113975484507,0.6390035164794492,0.005295805077163521,0.6457594154563472,0.011170908419632482,0.6561714899099217,0.0071579621838279645,0.6330296513501893,0.016115502091287093,0.6497761213116573,0.015443653598589274,0.6437874807577931,0.012911028661578455,0.6173565697413549,0.008830619665764716,0.6463875479623575,0.012241241479354795,0.6345027972434942,0.0023377068864651436,0.641862393016909,0.013087259993080441,0.6320572524267367,0.01641091397698877,0.6252010980994795,0.009096569311433033,0.6358987690546883,0.015470466224156891,0.6358987690546883,0.015470466224156891,0.6236875561896442,0.009215873644186743,0.6335858637847234,0.015030793284488447,0.6510180367733478,0.011673513414343578,0.6364708402214928,0.011856862978200225,0.6226073750017056,0.009457671511861712,0.6484028139378697,0.008120493456646784,0.6210173547538977,0.018957606178941218,0.6468518204849568,0.012844118362023,0.6424422675817804,0.024703086987503658,0.6337035264000859,0.009746502136945018,0.6556702809815316,0.013291425086979353
az_precision,0.5841059147792653,0.010392667009186113,0.6137660174209645,0.0022308461140069053,0.5927264266868042,0.011936989851379618,0.600143149493785,0.025496196775796818,0.5858039796250607,0.015389942906306414,0.5875547298486393,0.010740991785010194,0.5975142571427436,0.02208450834195807,0.5827857619068688,0.015616999465315412,0.5827857619068688,0.015616999465315412,0.5815071384611262,0.01696042057631945,0.5995439704619034,0.021289182159579277,0.6061157962348597,0.019973832222067448,0.5930816620504987,0.024755367941397453,0.5819449933599221,0.013906923045451094,0.5938403290979221,0.006464471122193759,0.5969038920115648,0.01523035674612774,0.6089609028003496,0.014502604525616561,0.5831665598723093,0.014580414905906834,0.6033068156461414,0.014090620874447053,0.5918805940864912,0.0163089414197471,0.5688229364776726,0.00863347610262938,0.5982776832869098,0.01654118209591664,0.5863885444191314,0.0029789824718660803,0.5921774206254595,0.016620824018702896,0.5752640133732645,0.01647113146325105,0.5774677557524102,0.01587275567734764,0.5827857619068688,0.015616999465315412,0.5827857619068688,0.015616999465315412,0.5696368643108451,0.011075210126349868,0.5851115452362333,0.01409684127693148,0.604980505810145,0.008877802258356897,0.5861874888707582,0.012262009640555427,0.5715640233253699,0.011672054893054704,0.6003821029726819,0.0037756327316405183,0.5721280234080532,0.019334192096338687,0.5958060635148841,0.019230152968105773,0.5988165079516312,0.02701490018764975,0.5806408138543071,0.0077345562927732155,0.611255882281228,0.015477265486885237
az_recall,0.6744590417310665,0.017052695759693086,0.7187017001545595,0.0043258257660346985,0.6982225656877898,0.0016393511155793656,0.7011205564142194,0.020371925887785376,0.7011205564142194,0.013271358530793727,0.6964837712519321,0.00982344923527481,0.6916537867078826,0.024865993855880935,0.6997681607418856,0.01769576970179868,0.6997681607418856,0.01769576970179868,0.6806414219474497,0.015537843325257426,0.7013137557959814,0.019878579722535247,0.6993817619783617,0.011055777297205029,0.6976429675425039,0.02027397159558716,0.6829598145285936,0.014421528289429289,0.6916537867078826,0.007276891752614926,0.7034389489953632,0.0069515990564212845,0.7115533230293662,0.004943287239153901,0.6922333848531685,0.018411134079937542,0.7040185471406492,0.017543241467265793,0.7057573415765069,0.008065158271227918,0.6750386398763524,0.012784291801831583,0.7030525502318392,0.008614179601857742,0.6912673879443586,0.0066926229040528765,0.7022153529108707,0.009600538461403569,0.7029881504379185,0.019432951275159486,0.6818006182380216,0.0056216261831002765,0.6997681607418856,0.01769576970179868,0.6997681607418856,0.01769576970179868,0.6891421947449768,0.008728963871642103,0.6908809891808346,0.017768742257579122,0.704791344667697,0.018982105540381787,0.69629057187017,0.014594760921396485,0.6837326120556415,0.008284327012306008,0.7049845440494591,0.018432746570524586,0.6790958268933539,0.019069734839416066,0.7076893353941267,0.005441687319494528,0.6930061823802164,0.02199759710585823,0.6974497681607419,0.012580232299922459,0.7071097372488409,0.011617694264584933
bam,0.9031117287034723,0.03029811262965552,0.6744082563077691,0.18387969117696787,0.5767002872845366,0.11565279931932868,0.7832406944791407,0.061358344020448256,0.8971942917811642,0.023511926571556964,0.4452285785660754,0.0869793504171241,0.7433565450911815,0.22701697702951576,0.9374453534848863,0.008319891409414196,0.9374453534848863,0.008319891409414196,0.5485885585810641,0.2594858207569434,0.8680520859355483,0.05528079901523881,0.715400949288034,0.11428592997051151,0.8923463652260805,0.010766741864899862,0.7377357606794903,0.17462481778458686,0.6317137147139645,0.12598068995253708,0.5669575943042717,0.1129418632774372,0.5872236447664252,0.1969365025657616,0.8228594179365476,0.06720622340865831,0.8841025480889333,0.019351151390195248,0.9103797152135898,0.011298442377628864,0.6615585186110418,0.10355597564827865,0.8604562203347489,0.05374956750074992,0.9037752935298525,0.024642560073086895,0.9052507494379216,0.01886904481898173,0.8446555708218836,0.03065477357340293,0.7641690607044717,0.1275182437066984,0.9374453534848863,0.008319891409414196,0.9374453534848863,0.008319891409414196,0.811352423182613,0.07527546678993284,0.8726970397202098,0.006967534546144718,0.9178194479140644,0.016944122340471393,0.9138068323757182,0.024225941928567425,0.8520328503622283,0.06037757838797527,0.7054396702473145,0.07061179766092228,0.8545387834124407,0.055367197256743814,0.8880136772420685,0.026796898537591006,0.6709499125655758,0.30400527125193294,0.9305833125156133,0.0049014790233455835,0.85175961778666,0.07553466973085411
bam_f1,0.280850273413507,0.055148247883604284,0.1169656621992986,0.050074434720721296,0.055887861412861374,0.011752630214497952,0.10101174585566447,0.015006365758811214,0.24689283779383608,0.029513896344422356,0.04673771584260225,0.003188702758110958,0.14562935110736572,0.0717991012751367,0.35616164544305545,0.028808052239100747,0.35616164544305545,0.028808052239100747,0.08349630999962478,0.045869227671209975,0.17935164787670607,0.055699806984392065,0.12138471933151955,0.0405044527236771,0.19877986209032844,0.03109941324746365,0.09927003619339692,0.047142142480632344,0.09156879167869637,0.026115548800682953,0.0842742000405561,0.00992926902018989,0.08656177794090282,0.04753100797722589,0.17354950827604176,0.060361251078273004,0.22861212630201225,0.04199285401647123,0.25840591058047785,0.04176944180001769,0.08504971073903413,0.0395703023562239,0.21919275881505934,0.05520393366887123,0.2562515465950845,0.058690041780560656,0.25440391297130877,0.027397404976092627,0.19532961116529318,0.03306137549835849,0.14507957265410493,0.05621713803904892,0.35616164544305545,0.028808052239100747,0.35616164544305545,0.028808052239100747,0.1536969295353524,0.07102260408507619,0.19061707623900676,0.011238861289307091,0.2734792535827816,0.03968487124119178,0.3049076427708765,0.04020767492786389,0.1939017269259888,0.03471391563007837,0.10508051618171453,0.02575764620092217,0.1989793013694109,0.05940492782345074,0.21489625835238674,0.0742003042148944,0.13117177859495893,0.09375101438809069,0.3286875824299116,0.032222860316035364,0.19135810368925643,0.06387067474705807
bam_precision,0.21995986124774844,0.05467822527201038,0.08607673948417773,0.04266958073246886,0.038468743099689,0.0087160171173093,0.07673026051365213,0.01502126382404871,0.18782380407055102,0.02756989308505977,0.03133560550640685,0.0029656321205071587,0.11957220953341312,0.06796052199492969,0.3078937448893526,0.03032911733503885,0.3078937448893526,0.03032911733503885,0.059138256481232096,0.03348757060708876,0.14867251575869084,0.052253517246151134,0.08750284600587022,0.035493322203703985,0.15751565610201332,0.02407872838817353,0.07445655403391957,0.03822380885516635,0.06523876348368388,0.020897213386719453,0.05967965496905755,0.00795663219921819,0.061137915198614876,0.03479471976437269,0.13226298288392416,0.057120877709141094,0.1896966276894994,0.032473952928994056,0.2069970939042603,0.039410937011037324,0.05739070538647785,0.02894225343378048,0.16637643247795994,0.05542700908274123,0.2079378520191531,0.053613871158733874,0.2008719614527874,0.031671251265063184,0.1378763170982277,0.026198136177553538,0.1084252550340305,0.050576871314990314,0.3078937448893526,0.03032911733503885,0.3078937448893526,0.03032911733503885,0.11607085606244442,0.06550532570620007,0.14276599934312822,0.009391036697966124,0.22659833080593123,0.03373030154773424,0.25031311477094864,0.05438423598197972,0.14653961416775738,0.03707552059351792,0.07279386799477724,0.016830836321500477,0.15449087901762698,0.057549279317279774,0.17050003351546175,0.06179191826298137,0.11559612859941268,0.10308084851712143,0.27227227474039606,0.024588142910792563,0.1573950098016253,0.0591044812747377
bam_recall,0.3948660714285714,0.04281604552328131,0.18705357142857143,0.055913582039273664,0.10245535714285711,0.017380162449433776,0.15669642857142851,0.041242526636972206,0.3625,0.03206836606440709,0.09241071428571426,0.0006313453403451049,0.19218749999999996,0.06592396268651117,0.4232142857142857,0.02971126644459131,0.4232142857142857,0.02971126644459131,0.14419642857142856,0.07452549728044734,0.22738095238095238,0.06481880487934341,0.20535714285714285,0.039535192709597794,0.2705357142857142,0.047520359045460946,0.15446428571428567,0.0648495446042156,0.15468749999999998,0.031578839560585444,0.14419642857142853,0.016112711528141872,0.13035714285714284,0.07970469252311364,0.25982142857142854,0.0557732060240765,0.2888392857142857,0.06132613621444935,0.3455357142857143,0.042364479811038205,0.1667410714285714,0.0594331526894329,0.32901785714285714,0.03623504265661258,0.33504464285714286,0.060873281834697625,0.3513392857142857,0.012845977294587668,0.3359375,0.04138965100159716,0.2276785714285714,0.048142583367880604,0.4232142857142857,0.02971126644459131,0.4232142857142857,0.02971126644459131,0.2370535714285714,0.06256586665321621,0.2877232142857143,0.022403124307593697,0.34866071428571427,0.061503536068909,0.39732142857142855,0.010689455354802367,0.2997767857142857,0.04188743596433979,0.18928571428571425,0.05325801175716694,0.2852678571428572,0.05186006567258306,0.2915178571428571,0.0931129146840135,0.17008928571428567,0.0834857237581886,0.41495535714285714,0.0467330617483399,0.24888392857142855,0.06499024897424761
bbj,0.5974729241877257,0.19076054432734232,0.6650788875518118,0.11939564119587404,0.6798368765877791,0.1344969796969236,0.8617127958283193,0.03105789231568145,0.7692204840219281,0.07877604991599456,0.6096570397111913,0.16467398759231588,0.7169407674822837,0.1992610596119687,0.7204840219280653,0.0665566554274842,0.7204840219280653,0.0665566554274842,0.5361512234255916,0.1410035962128684,0.8615790881133841,0.02104431582873796,0.6818257788474394,0.08706707150102011,0.6105929937157374,0.053279333299624275,0.725414493916299,0.07286453777481285,0.6890459954539376,0.1011443316109905,0.7220885145072871,0.08298331388648775,0.7785967375317556,0.05345450876118556,0.6646109105495387,0.05987330289926148,0.6402092525738735,0.09023628768806986,0.6818759192405401,0.04245879663033355,0.6153061906672015,0.07578824434073034,0.6102587244283995,0.12887813965817563,0.7105729375584972,0.13911265966149364,0.6962829255248028,0.18976299138968436,0.6737364620938628,0.12450685006438823,0.6844497927530419,0.05878891183931572,0.7204840219280653,0.0665566554274842,0.7204840219280653,0.0665566554274842,0.6835806926059633,0.08778317962470414,0.7639557427463565,0.07578303490552016,0.7098876855194545,0.0866362799136196,0.6493515175825645,0.11465754253292568,0.6400421179302045,0.17117066822432256,0.5621239470517448,0.11228456974160012,0.6884275972723626,0.09218241941205041,0.6349946516914026,0.10564615067574999,0.5484189062708918,0.10480824851095927,0.6923886883273165,0.09319583394299151,0.6674856264206445,0.0764347761866148
bbj_f1,0.21463194754688017,0.05603557544383428,0.22874659534914785,0.029176071019994875,0.19690855303347563,0.05224294769334537,0.281458090085843,0.03784476440177133,0.25465136020924817,0.05603804517456751,0.19596742143347634,0.034986069608827296,0.2548668641425052,0.09917002658458658,0.2600046591364307,0.022629421975667367,0.2600046591364307,0.022629421975667367,0.16644890106088414,0.03976662277169272,0.32432245686079636,0.02160639418725302,0.22258723824952517,0.05412216003786561,0.21097511280564385,0.03919124425129368,0.22251659347121838,0.0331699497957599,0.22663027911099892,0.03718870758531965,0.24325045494986416,0.04652707157992448,0.268428692325659,0.03679568365454465,0.23591354452937538,0.011171117984214949,0.21764885178987903,0.03301654834277428,0.23467060870885537,0.0248576477764835,0.20639585906409627,0.043695995325556174,0.21712137690666988,0.03986424494818212,0.24010469118341915,0.06143921867642883,0.2348088173838189,0.04795849390404921,0.23902848068844984,0.040907357099813774,0.24279666391926386,0.023934285063775235,0.2600046591364307,0.022629421975667367,0.2600046591364307,0.022629421975667367,0.23747510524463997,0.03399718786373464,0.27577707948044544,0.015759140190456315,0.25962610472809283,0.042078940914167313,0.23665942149599237,0.03143562440622079,0.23044542322509715,0.05040256596963357,0.1614537819770251,0.024071489672558927,0.22064398058678591,0.03461994163312729,0.20464594854016338,0.03043993201976549,0.15978708710763867,0.033649538902526636,0.24850683339474233,0.016442970713376834,0.22587925619688268,0.02764948398978166
bbj_precision,0.1749314055615163,0.04964419562894768,0.19503580968765274,0.04035996084756621,0.1672461934811024,0.0544843985716949,0.28275967672253166,0.06524684906131092,0.21637973786161568,0.061651889658523674,0.1631785483749127,0.030148683407545437,0.2383103468208383,0.11855914593901382,0.22615769091108107,0.024983133522209128,0.22615769091108107,0.024983133522209128,0.133868405951299,0.035298763597769574,0.31498320192905344,0.030187380366187774,0.18555119551754637,0.05698868977251916,0.16991956992355312,0.03319005656147662,0.18329356749257245,0.028398485822628262,0.19002265122668366,0.036342290430049745,0.2050460315644751,0.049681531725772374,0.22931927355278664,0.03765350659657005,0.1929365147579014,0.015501039678128808,0.1805857867081681,0.03623186321185343,0.19202458244724036,0.02525359402788438,0.1685168095310368,0.043588125729391664,0.1766004148753272,0.03219513405783724,0.2059455699678415,0.06760103427266749,0.19852807664162625,0.051286596612312274,0.1925103766745928,0.03896016506587381,0.20272531168839392,0.026975889128538946,0.22615769091108107,0.024983133522209128,0.22615769091108107,0.024983133522209128,0.2008377773636843,0.041990531464497736,0.23344655183035262,0.014882137193615632,0.22012818744952117,0.048003296020158015,0.19726950743228427,0.04047657826267722,0.18945274534860515,0.057504336261465734,0.12665722618012742,0.019990959395167183,0.18264108942641066,0.04239168856040957,0.16387264678584396,0.03187598614499041,0.13002023750374908,0.0335436526681849,0.20696779085375275,0.01678282329477574,0.1916103298423413,0.024778310280936196
bbj_recall,0.27866972477064217,0.06307686951783886,0.28096330275229353,0.01029984219060201,0.24168577981651373,0.043832499539493495,0.28526376146788984,0.02719244426921872,0.31307339449541277,0.04126316137160133,0.24569954128440363,0.04289231010952896,0.2806766055045871,0.07360548205064528,0.3067660550458715,0.022128372535789455,0.3067660550458715,0.022128372535789455,0.22075688073394492,0.04550214399823855,0.3348623853211009,0.015723978441286843,0.28125,0.04162675542710125,0.27838302752293576,0.04750877038182888,0.28555045871559626,0.051362834120547485,0.28182339449541277,0.03536345954859909,0.3073394495412844,0.04177524220203436,0.3248279816513761,0.033439273650970915,0.30504587155963303,0.013793286355251282,0.2760894495412844,0.02894175227157126,0.3036123853211009,0.0329772462851283,0.2680619266055046,0.03856548676409552,0.2818233944954128,0.05241360996222746,0.2932912844036697,0.043792476704426646,0.2907110091743119,0.03731912865888298,0.3162270642201835,0.037761412445015956,0.3038990825688073,0.015328698513580598,0.3067660550458715,0.022128372535789455,0.3067660550458715,0.022128372535789455,0.2932912844036697,0.01745167696278819,0.33772935779816515,0.02513361036433908,0.3202408256880734,0.02214569997373184,0.30074541284403666,0.02952656895535707,0.30017201834862384,0.02894175227157127,0.22276376146788987,0.030317697371282978,0.2844036697247706,0.0250374967795303,0.27436926605504586,0.02271250266093851,0.20928899082568805,0.034651249838848916,0.3119266055045871,0.021413552865689515,0.27866972477064217,0.042462175645811076
bg,0.8936773342922211,0.008928788872868442,0.8989062687282752,0.00067139080811242,0.9023642574613449,0.0029018794205056763,0.8983698909265252,0.0021012963197363133,0.8964221503056454,0.0027729879374035196,0.902298333932638,0.004555288198193957,0.8996703823564665,0.004578610277374111,0.8980552559031524,0.0019147108590773312,0.8980552559031524,0.0019147108590773312,0.9013334531942947,0.0030375926349781386,0.9000059930480642,0.0019910032566295816,0.9010607695073715,0.0027216357387051583,0.8997243197890447,0.003387424299827449,0.903272204243078,0.004293415617780909,0.9008929641615726,0.003439438775035963,0.9011626513244636,0.0028653706466367007,0.9022294138798993,0.006676883152257428,0.9027508090614886,0.004680418343486273,0.9013843941028408,0.0025455431969631484,0.8999430660433897,0.003660967596015303,0.8951666067361861,0.002472941558221548,0.8993048064245475,0.0036944536783946286,0.8974319789044708,0.003853641749062827,0.8967188061848256,0.0058823886006430974,0.8969555315833633,0.0015201407073437124,0.8982949778257222,0.004188831930700039,0.8980552559031524,0.0019147108590773312,0.8980552559031524,0.0019147108590773312,0.8993227855687402,0.0044149474387164414,0.9024811218985976,0.005490757243699611,0.9008600023972192,0.0019362987085590334,0.9013574253865516,0.0036875041788385593,0.8944893923049263,0.006551008304518574,0.898268009109433,0.005639518731803781,0.8968536497662711,0.0011480194187596388,0.9008210475848016,0.009280440853581038,0.9000928922449958,0.00392517808194839,0.8962723241040393,0.0016632912881983954,0.9014353350113867,0.001828063044216173
bg_f1,0.7522265625092339,0.01785928423488794,0.7687072134402783,0.0036409848965362145,0.7740202383359641,0.002150559692343645,0.7631743249240392,0.004396563793580113,0.7585826732113219,0.008576661437484761,0.7700275405224853,0.007733650844871644,0.7685073396230194,0.008287756379934714,0.7614458929881336,0.004644575052046116,0.7614458929881336,0.004644575052046116,0.7673958618397061,0.005678443812174154,0.7697262329294503,0.006062321983021443,0.7730859631593698,0.0031563014715176815,0.7691962324543425,0.006013724490673975,0.7745351828433704,0.008044526699133091,0.7687141727881532,0.00952851088509139,0.768419632939435,0.0033689885761438126,0.7678821288227007,0.012776712708191118,0.7670319465909063,0.008401925174256582,0.7711577688036391,0.006508928418932328,0.7655656852813504,0.008417348038308145,0.754934077467347,0.006417598282713418,0.7627424910621856,0.00725955795552104,0.762869384711081,0.010227252097663564,0.7619483469988749,0.012390765025049202,0.7594790433954797,0.005511136840144459,0.7640413299563318,0.006565099847925132,0.7614458929881336,0.004644575052046116,0.7614458929881336,0.004644575052046116,0.767253355987921,0.008746613004278939,0.7680591781874109,0.006587769418513907,0.7644032495121624,0.003689437887422183,0.7692010238946756,0.011369040465931244,0.755130202474634,0.011628052110587334,0.7650035678232205,0.008775404940932664,0.7641442685853074,0.0039229719474751824,0.7683835205986731,0.013315057611133961,0.7666200980671922,0.007636085011171229,0.7594683529205739,0.002553976807934985,0.7727129809533422,0.003994924744066179
bg_precision,0.7202500529453749,0.022459215075888442,0.7334438670137078,0.008567043729614015,0.7425244871471417,0.004585166942822939,0.7270084719923802,0.00648046813490999,0.7248814075210175,0.009214388556893948,0.7380353983786854,0.010385245511361628,0.7347499470155697,0.009249004099933553,0.7264342787560872,0.004143786234276849,0.7264342787560872,0.004143786234276849,0.729843985405898,0.007868979780846226,0.733791744034203,0.00837158171358657,0.7389385711945952,0.0043243263570770995,0.7359146618767701,0.006359120633317095,0.7444199867636235,0.010335642974094264,0.7381806520269463,0.01263464812499281,0.737510762858592,0.006316476770302394,0.7349498365546502,0.01349054623059177,0.7339070189564265,0.009602231972898913,0.7388166499106636,0.008145784067712908,0.731041982237926,0.010126763942935433,0.721979669853354,0.007922308000936651,0.7312102738131232,0.010400434585964933,0.7278839123296925,0.011163700139340142,0.7289454434082269,0.014469486378532473,0.7259973114830635,0.0080627987729529,0.7342011342828862,0.004845460203955272,0.7264342787560872,0.004143786234276849,0.7264342787560872,0.004143786234276849,0.7311366944985329,0.011954053751807064,0.7378938643842317,0.00824770294425216,0.7320654215677993,0.003567828509305549,0.7355442321943534,0.014071121161939246,0.722081254080584,0.01314724987932769,0.7293287001009765,0.012864426198898507,0.7317985155726396,0.00582770521742763,0.7353185930077439,0.015329726932814222,0.7357219714556188,0.006562769084419153,0.7257891936815654,0.004938761759453386,0.7399113380498663,0.004598938945709397
bg_recall,0.7872677440022781,0.012849850267859479,0.8076101658717164,0.004055723836433741,0.8083220616501744,0.0007477730123437187,0.8031430198618922,0.002442245252858827,0.795596924610237,0.009220699362958091,0.8049583540969601,0.0062529079765331645,0.8055278707197266,0.007638517855427587,0.8000106784366768,0.005916413585944664,0.8000106784366768,0.005916413585944664,0.8090517548230939,0.004858438779184782,0.8093899053178615,0.004738075108538468,0.8105467359578558,0.0017796207928934113,0.8056346550864953,0.005855279666149325,0.8072186231935644,0.006436262292188079,0.8019149996440521,0.006045807468519835,0.8020573787997437,0.0010308159098727408,0.8039083078237346,0.0118714535586855,0.8033031964120453,0.007544080183235714,0.8064711326261835,0.0047785479373639375,0.8035345625400441,0.00723018282943365,0.7910585890225671,0.005583732199367165,0.7971630953228448,0.00538140943786437,0.8013988752046701,0.009371709788648796,0.7981063572293017,0.010276810024262876,0.7962198334163878,0.0026627186173937495,0.7964156047554638,0.00859074165434167,0.8000106784366768,0.005916413585944664,0.8000106784366768,0.005916413585944664,0.8071652310101801,0.005510451947608366,0.8008115611874422,0.0052664251476453655,0.7997437175197551,0.005386312165684859,0.8061151847369545,0.008306230407458919,0.7913611447284118,0.009779243150326454,0.8044066348686552,0.004350725874734113,0.7994945539972949,0.002147126134103779,0.8045846088132698,0.011134438385442855,0.8002776393535986,0.011436881344272036,0.7964511995443867,0.00323338381354186,0.8085712251726347,0.004823061062420212
bn,0.7807859264336303,0.01367306996038801,0.7621658670322139,0.007384350834835072,0.7763308201964816,0.009425474683452718,0.7761594699565912,0.010842557929785045,0.7761023532099611,0.01729823522081148,0.7783299063285355,0.008758315029639299,0.7806716929403701,0.008998622133952576,0.7659926890564314,0.005355995831127005,0.7659926890564314,0.005355995831127005,0.7288668037468586,0.016272426458641045,0.7746173177975783,0.01498680741150855,0.7767877541695225,0.012056189385111165,0.7517135023989033,0.012533623363185786,0.7772446881425634,0.007241598628392776,0.7505711674663011,0.01316595730081895,0.7474868631482751,0.004041455498498798,0.7715901302261823,0.008974178189668358,0.7567397761023532,0.006821885473021271,0.7542266392506283,0.014739662328782726,0.7685058259081563,0.010944776902937742,0.7773018048891935,0.008244619865554597,0.7793580077678776,0.00962887389211172,0.7883824537354351,0.007271270679679038,0.7777016221156043,0.019210256348711794,0.7763308201964816,0.00628457270147824,0.7713045464930317,0.009477020632478872,0.7659926890564314,0.005355995831127005,0.7659926890564314,0.005355995831127005,0.7699908613205392,0.02007944081602501,0.7729038153986749,0.009662470036985933,0.769876627827279,0.0019329891320534784,0.7742746173177976,0.00443798714015188,0.758167694768106,0.008467674071716051,0.7713045464930317,0.008311091801543415,0.7819853781128627,0.005439801667753927,0.771932830705963,0.010207770985613436,0.7650788211103495,0.01607881224407803,0.7664496230294722,0.007481203714888247,0.7544551062371487,0.0051201587459481215
bn_f1,0.7100906547268102,0.01879840024922046,0.6836441866002028,0.01635344916147878,0.6952270796539366,0.014653441697153245,0.6982942063832944,0.016215710498219148,0.700975547775249,0.02356079899107555,0.6998081148342807,0.012957942977170272,0.7060978159722473,0.017859082518362462,0.6838287509598489,0.004791197809103986,0.6838287509598489,0.004791197809103986,0.6311959860486984,0.0256018508320697,0.6998289893383609,0.01702545079127613,0.7012678958548948,0.0206800997697166,0.6632581192555399,0.010941933840002409,0.7049056545159286,0.014336650910339494,0.6620190937039905,0.021396609582743652,0.6591818001832908,0.007158016280003287,0.6922066859411313,0.01346296599439073,0.6716535315208931,0.009965293791723045,0.6614006681866823,0.031418899571997665,0.6849180743857839,0.008718177069662759,0.6982547889214172,0.0055178925928502124,0.7046637133029306,0.01366507410163385,0.7169278596832553,0.006897776601633718,0.7027717309863418,0.02096330264170593,0.6973202283183717,0.007446519728388196,0.6880227030025021,0.01582853073603431,0.6838287509598489,0.004791197809103986,0.6838287509598489,0.004791197809103986,0.6846442773356275,0.028180680598097845,0.6949240663947056,0.015269805555489343,0.6891252939199423,0.002893450320327471,0.6927661687732849,0.013381685510951796,0.6737905530836202,0.010008434531698508,0.6877828084643272,0.01638196580300462,0.702527630467195,0.010950310728262441,0.6852424635868382,0.012549095555124106,0.6812936284042459,0.024122931424173797,0.684689156894863,0.004926963138445849,0.6675108925701142,0.00494107135841099
bn_precision,0.7020762453719486,0.019126910566671453,0.6759225092577186,0.022568139889899398,0.6827347065385226,0.015750791332131153,0.6863006740799628,0.01891355254955084,0.692157744434756,0.023932425494339864,0.6894533953181541,0.016569521284452732,0.6962497383056073,0.020433345863029223,0.6757147697602066,0.005146121968945474,0.6757147697602066,0.005146121968945474,0.6204954588007421,0.02825401029157417,0.6864781788802041,0.016804718976085414,0.6909846584487033,0.02385767272399364,0.653076734856415,0.009669494083467064,0.6949999346241643,0.013946831657246535,0.6543476266791634,0.02278427404225218,0.6525428103301795,0.009033858931547092,0.6805337789363073,0.016393495489516813,0.660522640979333,0.011973014538697917,0.6491855345125951,0.03828298071486218,0.6730705178219945,0.0070011269008948915,0.6849209947018203,0.005420505622818102,0.6969250186480497,0.014230880557411393,0.7081812738983865,0.0071818039521689605,0.6925973276463734,0.02038355038376409,0.686771270811894,0.00637287415358386,0.675653925249973,0.017036612840643634,0.6757147697602066,0.005146121968945474,0.6757147697602066,0.005146121968945474,0.668552269537789,0.029376785782467142,0.6832355061308393,0.018688652044558014,0.681280987660716,0.004290331131570839,0.6826879728899934,0.014454267446695321,0.6627212967291523,0.008149157482610457,0.6780371764617756,0.020555494109940068,0.6936367211245489,0.009119813461432215,0.6736977566263262,0.012422192467761509,0.6710114247134347,0.026762177377281312,0.6776117560894794,0.0050790328788047,0.6580855214619121,0.0074417624153966435
bn_recall,0.7147229874502602,0.02181423422417733,0.6916896235078054,0.011551648875490487,0.70821854912764,0.014468274799438692,0.7107438016528925,0.013599546918593854,0.7100550964187328,0.023820603636782074,0.710514233241506,0.009102032874930648,0.7138047138047138,0.017766479168572328,0.6921487603305785,0.005214791869421721,0.6921487603305785,0.005214791869421721,0.6423324150596877,0.023429478093981774,0.7137281910009182,0.017764501489580455,0.7118916437098255,0.01733203497536901,0.673783287419651,0.01295113131193143,0.7151056014692379,0.01498362614516138,0.6642179369452097,0.020146290384945587,0.6659779614325069,0.006108418133907251,0.7043158861340679,0.010576769233652248,0.6850321395775941,0.009718094806481515,0.6742424242424243,0.024125444729879993,0.6971992653810836,0.010692401882282565,0.7138047138047138,0.005903673560448716,0.7125803489439853,0.013179706239125191,0.7258953168044077,0.0067270465184683164,0.713269054178145,0.02196671021837594,0.70821854912764,0.009524553340986628,0.7008723599632691,0.014983626145161402,0.6921487603305785,0.005214791869421721,0.6921487603305785,0.005214791869421721,0.7015610651974289,0.027219753994999353,0.7070707070707071,0.01243348393730633,0.6971992653810836,0.006422447278346259,0.7031680440771351,0.012885858500025589,0.6852617079889807,0.01268802547105149,0.6978879706152433,0.01289948423979521,0.711662075298439,0.013094122825961082,0.6971992653810836,0.013016076798909178,0.6919191919191919,0.021292599068795447,0.6919191919191919,0.005057456884560245,0.67722681359045,0.0024295237016203576
de,0.9318046822194457,0.0018077938844201103,0.9345134465313479,0.0012304783966063954,0.9365949450054278,0.0007054396033890646,0.933235872437171,0.001484976460687545,0.9303606906580915,0.0024438932884132715,0.9346312188927349,0.0005975618208969549,0.930696085861172,0.0014460449742272406,0.931208139606333,0.0018257929533699248,0.931208139606333,0.0018257929533699248,0.9313387133113491,0.0015832207182741747,0.9349922167830735,0.001329299806794921,0.9346542613112672,0.0029328642823149204,0.9334662966224935,0.001869463740342495,0.9356758085328636,0.0022550992661679414,0.9343188661081867,0.0009446061645064531,0.9331693054503,0.0019918364146392733,0.9342983839583804,0.0014566226604133786,0.9326623722425905,0.0025232198436501256,0.9328185486348647,0.0032718377834578,0.9321605595723326,0.0023187593087460453,0.9312670257870266,0.0010347878579924858,0.9322808922024455,0.0004080611094230855,0.9326546914364132,0.0017286699844863555,0.9306756037113656,0.0024158718850172353,0.9343649509452512,0.0015583492963608839,0.9307728939229463,0.0004493934122618115,0.931208139606333,0.0018257929533699248,0.931208139606333,0.0018257929533699248,0.9327263789607357,0.0011716374537940537,0.9323577002642198,0.0013008718425327255,0.9317970014132684,0.0008509495185150808,0.9323653810703972,0.0014156009561843935,0.9324933945066874,0.001651458668230277,0.9327724637978003,0.002637065187631095,0.9320607090920262,0.00414033372336843,0.9328262294410421,0.0016977007877161429,0.9342651004649448,0.0012840302840781636,0.9316203428711878,0.000711588913669299,0.9338400958564611,0.002001256886223915
de_f1,0.7731268313077568,0.0036417872447773946,0.7812040370451022,0.0021940790255696426,0.7843572807527373,0.002022000133692248,0.777242301787031,0.0026609542659673966,0.7683628771664377,0.004027139140011243,0.7822396115747687,0.0026248595462595096,0.7739605125997429,0.002871798561233576,0.7726894755219007,0.0031368156542837702,0.7726894755219007,0.0031368156542837702,0.7711365973284888,0.0029465480901657228,0.7822556420813588,0.00290469130718806,0.7828744223813697,0.008493020093477023,0.7782136931207001,0.005576828231149219,0.7839746560104308,0.004604464695924774,0.7801561416845858,0.003950318219037253,0.7792209104035528,0.005066001058574773,0.7789628857267802,0.004835809082517563,0.7768719543920592,0.0062013745797746996,0.7768315812066908,0.00844977847280154,0.7747556449831062,0.0062504144201469035,0.7722000089236054,0.0019439564756503574,0.7750792734172091,0.002507733042169896,0.7758335655521357,0.00535839198572603,0.7709781940406412,0.003277066218594867,0.7812358431040611,0.004863835681954736,0.7715081754305412,0.0020627889303750334,0.7726894755219007,0.0031368156542837702,0.7726894755219007,0.0031368156542837702,0.7759729350211417,0.003267657322849284,0.7759777767722635,0.0035048958221815464,0.7737875800274282,0.001062529084873582,0.7740946073623358,0.003424716423221162,0.7736825252289496,0.0026700790886288344,0.776130391646368,0.00654868064740733,0.7745058184051441,0.00894577928692682,0.7753424018035882,0.004926102996807086,0.7784909161855609,0.005133618597758395,0.7732429335596845,0.002396481483181394,0.7787445537860144,0.004835996658894044
de_precision,0.7450305978109384,0.006405899318443382,0.7547118883861632,0.0018556239279024715,0.7566636124473962,0.005297847929409283,0.748690386233096,0.006148073070075133,0.7406018599583266,0.005658336575164938,0.7512600960793581,0.0017051956628115492,0.7445634603807297,0.005012004157044737,0.7448749301706692,0.005809144752567304,0.7448749301706692,0.005809144752567304,0.745382962966869,0.004899239924331988,0.7540254933952186,0.007620736999427363,0.7571576266567287,0.007667424968663075,0.7506026477009858,0.004730159405072556,0.7551128619386469,0.00419691409822184,0.7548909343468037,0.001850352829818463,0.7508229645673845,0.003664509999710873,0.7549808839732772,0.008334988795303307,0.7512108448829442,0.006735350859704902,0.7500679497582639,0.007904566195393169,0.747616045771564,0.007118279790135772,0.7475587238559162,0.0031448442038198303,0.7483557977056473,0.004833150095148374,0.7483693657011483,0.006825039340109868,0.742845999591448,0.006172128241336767,0.7546733235445411,0.004718848943466878,0.7412576589306736,0.004906976414518261,0.7448749301706692,0.005809144752567304,0.7448749301706692,0.005809144752567304,0.7468052741399133,0.005184638880744627,0.7509956553120801,0.004729890722048679,0.7479324610036041,0.004410241849829212,0.7453551754245503,0.003358857663362336,0.7499292708969117,0.002917433043143124,0.7460838102919546,0.008577144422186177,0.7466300039986581,0.012392881872170212,0.7496930548888399,0.007438263631675574,0.7529527482744999,0.006208199225474131,0.7471551339794777,0.0034007444341991565,0.752940217900304,0.005848842430412606
de_recall,0.803450389385636,0.0022645383252729006,0.8096517161811364,0.0060592198425604505,0.8141945486010961,0.004107598069314979,0.8081013844822613,0.0038139736038589373,0.7982946351312374,0.0022949489302678985,0.8158890972021922,0.004180787635109835,0.8057939140467263,0.00277430178875262,0.8026932506489761,0.0036219097120275927,0.8026932506489761,0.0036219097120275927,0.7987453129506779,0.0015114133181677021,0.8127523795788867,0.004700296707174667,0.8104088549177964,0.009904592964231828,0.8079391404672628,0.006904486174130118,0.8151319584655321,0.005211259685552839,0.8071820017306028,0.0064964338773866245,0.8098860686472454,0.008855062638432573,0.8045500432650707,0.001094370967967722,0.8043517450245169,0.0057810939198531825,0.8055775886933949,0.009151312479446993,0.8039551485434093,0.006369636536873199,0.7985289875973465,0.00216645598293312,0.8038469858667436,0.007388770876425805,0.8054153446783963,0.005720553291760229,0.8013592443034323,0.0036352839914118745,0.8097418517450246,0.00556513448850357,0.8043697721372944,0.004308442240060498,0.8026932506489761,0.0036219097120275927,0.8026932506489761,0.0036219097120275927,0.8075425439861552,0.004826779784876944,0.8026932506489761,0.003863638279805605,0.801521488318431,0.00277437987980544,0.805144937986732,0.004284793543848211,0.7989976925295644,0.0037280836327402726,0.8087143063167003,0.004532854089379275,0.8045860974906259,0.005724339280931485,0.802837467551197,0.0040201674061860915,0.8058299682722816,0.004412336097881437,0.8012330545139891,0.0037572585722852724,0.8064068358811652,0.006186601144161782
el,0.9015309500165508,0.0026575129988520066,0.9046590532936114,0.006420490931239317,0.9087250358600905,0.0021377899505070955,0.9085512523446982,0.005107170149540811,0.9029736290411563,0.004954807362198514,0.9058976056493435,0.004398208838698056,0.8998593181065873,0.00764024070397667,0.8970787818603112,0.0026136757103270517,0.8970787818603112,0.0026136757103270517,0.9004661811762109,0.006207011805716299,0.9041901136489021,0.007128288956808849,0.9058286439368861,0.007753725384353179,0.900551693699658,0.003934510932251083,0.9090008827099194,0.0020183320227426414,0.9020247158777447,0.004147939327857276,0.9016550810989739,0.006791209762606927,0.9057845084409136,0.00877525959511409,0.8990317775571003,0.002999271013851833,0.9064658501599911,0.00761744969988386,0.9014040604656295,0.005732954131684526,0.8994869248593181,0.0033281171070348487,0.9068934127772261,0.0025357493302325335,0.9018454154253558,0.001817217411359223,0.8991365993600353,0.0018363004141662858,0.9031998234580161,0.0038371979089771068,0.9004799735187023,0.004638555413498644,0.8970787818603112,0.0026136757103270517,0.8970787818603112,0.0026136757103270517,0.898295266468057,0.004021464877698892,0.9018343815513626,0.0026631724082173797,0.8995117510758027,0.0050132446254532925,0.9029543197616683,0.01002323403377641,0.8989324726911618,0.004744449275678889,0.9082229945934017,0.007656609545129154,0.9020964360587002,0.0025793632456432153,0.8993821030563831,0.00824865046135937,0.9061762109676708,0.005283166468124413,0.8982704402515724,0.002240381403485772,0.903751517157674,0.007274311037225318
el_f1,0.6987617596873656,0.00826612452794629,0.7124264491203124,0.015315382060639727,0.7200175925730228,0.005216877006759275,0.7188702510417605,0.015456571533158424,0.7069959594457488,0.015838204644695222,0.7112333214204059,0.012760568032956441,0.702854966586727,0.019578030832482475,0.6964124439529467,0.002771426812756284,0.6964124439529467,0.002771426812756284,0.6977756460581319,0.019054631069724593,0.7145705035904361,0.014948972340341949,0.7141786804665151,0.017416119510144955,0.7019468104272959,0.010779329922585235,0.7178633245394527,0.007093106360374903,0.7092387492752382,0.0117869477283535,0.7089294047560237,0.01719938650149611,0.7121146832607497,0.02265822180567787,0.6954979163820187,0.010065113355302512,0.7193428277900967,0.01692601394317011,0.7073449714594168,0.015202895247093161,0.7003943922695601,0.01295160810543577,0.7161057307897498,0.007201753439357242,0.7043958609401313,0.0068598054936818,0.6954266825948535,0.008270920322438062,0.7052525134985709,0.009261141303271232,0.6952016561914386,0.01454832895996959,0.6964124439529467,0.002771426812756284,0.6964124439529467,0.002771426812756284,0.6948808851566898,0.013416255278759382,0.7040597744082007,0.007561970879145622,0.6965879320305493,0.01225486819660561,0.706413816777469,0.02633676536364951,0.6953348134304557,0.01559486585161589,0.7194823904205339,0.024637273521582893,0.6996278613187098,0.008133563686098444,0.695751873045271,0.023830180680107355,0.7101783124291104,0.014028541360575745,0.6948161517748209,0.00625503876432788,0.7096084869326356,0.017710017455866738
el_precision,0.6702396491689542,0.010660264083937094,0.6807178651873884,0.013931734001105416,0.6933063376973309,0.019285306404400078,0.6880628613220823,0.018142549493480396,0.6719072475478377,0.010952311481111584,0.6794875491628822,0.019550426500773342,0.6700169243825451,0.01962330319903091,0.6594007005858649,0.005338305464139081,0.6594007005858649,0.005338305464139081,0.6665620666428143,0.017447228242329083,0.6789310549820478,0.016272473207393567,0.6848715903439772,0.023454142518929126,0.665047176981244,0.00946896138723744,0.6853976479015615,0.005771646027954555,0.6766888624167814,0.011174050033314311,0.6667285679781391,0.020413523061439964,0.6852440187104611,0.025982016822266328,0.6662739611974672,0.010426955434846858,0.6864887197494466,0.015699332758894145,0.6682917217949574,0.017694561380062562,0.6663845577628172,0.015328398051781832,0.6840015544228064,0.01312098248411154,0.6716691667242872,0.007542255589445639,0.6606847672219034,0.006552718255945106,0.6710947363156611,0.009606756669937903,0.6629505480628121,0.012908682436410968,0.6594007005858649,0.005338305464139081,0.6594007005858649,0.005338305464139081,0.6571381008107148,0.016066992612002933,0.6723119986104624,0.009387795063290032,0.662499626360711,0.01544942192011479,0.6651803434041725,0.025717205503725075,0.6634844435470938,0.015283439925228386,0.689741650190098,0.02389926115741115,0.6682241904969098,0.006127619177086223,0.6665765612843801,0.024064409324296283,0.6832237513607151,0.01932913215617258,0.6592291851742239,0.005641819407371567,0.6791086340154636,0.01865682852466784
el_recall,0.7300148038490007,0.013979215578106373,0.7473065219179209,0.018923715706269575,0.7494654165638621,0.013287603488656877,0.7526317953779094,0.013514566464420476,0.746031746031746,0.022387690372807988,0.746278476848425,0.0075774291012145195,0.739082161361954,0.01946314228017351,0.7379513117855087,0.01008244774215403,0.7379513117855087,0.01008244774215403,0.7321120157907722,0.02218153140386931,0.7542561065877128,0.016145881208581996,0.746257915947035,0.011149672110382336,0.7431943416399375,0.012771966788132232,0.7536392795460153,0.012350331774924528,0.7450859445678099,0.012769141951993529,0.756929023768402,0.014462486006859563,0.7412410560078954,0.01909379078786533,0.7274241302738712,0.010520834632695125,0.7555103215724978,0.018611587412386714,0.7512953367875648,0.012500306589114791,0.738115798996628,0.011257138888828691,0.7516448721111934,0.012836568852694427,0.740583107163418,0.01181016934927549,0.7341269841269841,0.014094704110173932,0.7431120980343778,0.010592410211205723,0.7307549962990377,0.01650241735843953,0.7379513117855087,0.01008244774215403,0.7379513117855087,0.01008244774215403,0.7372728020396414,0.010791685725381006,0.7389793568550045,0.006280157837538707,0.7344353976478328,0.009324408451221365,0.7531252570112674,0.0273368453966173,0.7304054609754091,0.01612995397364258,0.7521588946459413,0.030157471545884683,0.7341886668311539,0.012744132552603555,0.7276708610905502,0.02493581047121553,0.7394933793897525,0.010829851803942548,0.7345176412533926,0.009988451189646454,0.7430092935274283,0.017212098623662495
es,0.8296692261343798,0.014145958707852352,0.8479768875430655,0.010284287699933411,0.8348718463701392,0.031452483102437624,0.8343851870162374,0.00683362315100059,0.8293370618134627,0.0030103017883394132,0.8406151992213451,0.015824040153760106,0.8423571307182474,0.01400062241107171,0.82679175614504,0.019764427354881983,0.82679175614504,0.019764427354881983,0.8352001483152316,0.01787344394169481,0.832562145627018,0.014966932413028069,0.8501243685015527,0.031995228793991935,0.8442960433822053,0.016304081599312084,0.8295958409937121,0.017503809405096396,0.8496995071608447,0.008474879919293651,0.8349027453767361,0.02003273960871615,0.8520594187896859,0.021376803464818756,0.8479537132881177,0.007481011529589331,0.8524611058754461,0.023909291036536995,0.8418202604786256,0.02549482164794072,0.8302563072597217,0.0062701005441557645,0.8542493858822439,0.015139020757940404,0.8384290945046117,0.01017391729057588,0.8234083149226752,0.01606706933381732,0.8290396588749672,0.014287382206907772,0.8406499606037666,0.007277458149522308,0.82679175614504,0.019764427354881983,0.82679175614504,0.019764427354881983,0.8472121371297913,0.02101758098192638,0.8353005700866717,0.018120563848491804,0.8485639686684073,0.012164094253186613,0.8352503592009517,0.008886606359517673,0.827830735241862,0.019700113932239537,0.8500664328641834,0.017385720726905817,0.8417507377137825,0.012071517293613694,0.8321913575478548,0.017271242785352834,0.835771779937275,0.019726448693445916,0.8398002379223508,0.00995014682151324,0.837448051045159,0.018568694107355406
es_f1,0.6771264920820009,0.031171653244721213,0.7042033691778695,0.026209761856590446,0.7092119306555811,0.03711702783848974,0.7000941505806152,0.017021178615369805,0.6769920900896906,0.01910042900396509,0.7005017415995289,0.02010051543786953,0.703195740202469,0.01953920981848377,0.6834709890379822,0.02319065392053216,0.6834709890379822,0.02319065392053216,0.6831843187791884,0.0323269388974302,0.6843568372763819,0.016270579506953722,0.7149168868192592,0.07008100255431321,0.7062774823890642,0.024742502076489658,0.6864593398049577,0.032219689868626486,0.7158732467648764,0.026926512661834035,0.6940313623129396,0.028933322297407485,0.7285660398412304,0.03325582365967481,0.7279967631306208,0.012019634366054669,0.7214519023439877,0.05061121372466926,0.69304946991035,0.04390447012512271,0.6836658747946924,0.012338741978667066,0.7150572171760188,0.03173611182988906,0.6900497652153702,0.020426324586120266,0.6663251354644617,0.015249023185485426,0.6831331960914044,0.009546834197537987,0.6922781301128352,0.0244265526215099,0.6834709890379822,0.02319065392053216,0.6834709890379822,0.02319065392053216,0.7142096073056331,0.03676753375599892,0.6930633996565849,0.03489461153847564,0.7116781040441555,0.027526754985307277,0.6758595676032215,0.01154755131426238,0.6767401318552011,0.03818653711802421,0.7137671803079421,0.0475569581834582,0.701528462696258,0.03389351873817371,0.690952545907257,0.018547705903967523,0.6873513661095741,0.040169862813095425,0.6985115984159753,0.02653806562614021,0.6999458606805133,0.03271118405057644
es_precision,0.6583014984573674,0.02384416748175487,0.6812658773297021,0.024101017158024766,0.6808978272953383,0.029595773704055743,0.671376788426638,0.017587631249617514,0.6555769073088431,0.011866840283464433,0.6678272451097101,0.019012599121148343,0.6783304669588522,0.021104060787497582,0.6612288432064327,0.011155446354498222,0.6612288432064327,0.011155446354498222,0.666814804157355,0.030201268701852895,0.665787724569135,0.01805482791998209,0.6955193399564155,0.0646810354698917,0.6852737422387511,0.023719333435764944,0.6643266716711442,0.02542291929247531,0.6955091562542393,0.02826444863412219,0.6759918476385469,0.028177868207693937,0.7065209651269297,0.028134442696151497,0.704085879783001,0.011623638765976479,0.7013542074439665,0.043420985560105076,0.673700240412122,0.039106344635147575,0.6632461319793097,0.013365198400473066,0.6929055011991295,0.024407366161233252,0.6670237445263771,0.01998390750659283,0.6488755650446301,0.014415814013616468,0.6641039155304982,0.009098691476952817,0.6696814366856774,0.02308318384804757,0.6612288432064327,0.011155446354498222,0.6612288432064327,0.011155446354498222,0.6880278911309221,0.029460130297366587,0.6739113048737293,0.029753924835522062,0.693062071775836,0.02921655634329411,0.6594493062337485,0.011257447254175466,0.6620899214305029,0.034997422159350644,0.6877809368866381,0.03344835684821668,0.6850000335811328,0.03135336206872462,0.6706336694055606,0.014137789244788878,0.6716130529287918,0.03750768440902319,0.6726572420630159,0.020731837660199027,0.68283114243462,0.024576522670224307
es_recall,0.6972675367047309,0.0404199992082342,0.7287520391517128,0.02870125171736851,0.740742251223491,0.05256933643145157,0.7316680261011419,0.02303076599040479,0.6999796084828711,0.02747032289253962,0.7366231647634585,0.02317653585015233,0.7303221859706361,0.02580045115563203,0.7076876019575856,0.03824694183287314,0.7076876019575856,0.03824694183287314,0.7004078303425775,0.03493612242271258,0.7040783034257749,0.016599312856163836,0.7354608482871126,0.07607639342492807,0.7286296900489396,0.026223121039067657,0.7102569331158238,0.04050812045507031,0.7375,0.02575209920926373,0.7131117455138662,0.03051620345369709,0.7521207177814029,0.039585069938640645,0.7536092985318108,0.013252645540835047,0.7271071234366504,0.06081090029024867,0.7136623164763458,0.05000031047346761,0.7054037520391517,0.011802279410917207,0.7388254486133768,0.04066873597336688,0.7148654159869494,0.02408565347350735,0.6848083197389886,0.01791390620995985,0.7033034257748777,0.010843379772932041,0.7165375203915172,0.027371331217487326,0.7076876019575856,0.03824694183287314,0.7076876019575856,0.03824694183287314,0.7426590538336052,0.04641852269153739,0.7133972267536705,0.04076352850558544,0.7313417618270799,0.025675168594501828,0.6931076672104405,0.011863587688477704,0.6920676998368679,0.041648531013041355,0.7425774877650897,0.06734980298455406,0.7189233278955954,0.03715636588045838,0.7127039151712887,0.025972560444042704,0.7038539967373573,0.0430652041604692,0.72663132137031,0.0352116413036703,0.7181076672104405,0.042141328546732644
et,0.9049941596043443,0.0063386809403917195,0.9167432959713697,0.002884186061046346,0.9079920222680617,0.0030254137183913896,0.9192099311578895,0.005502985153360673,0.9145562541939012,0.0036153843370568474,0.9111793871312475,0.003049594740254787,0.9165382608047319,0.005982801060792523,0.9115956706513906,0.007226342336664601,0.9115956706513906,0.007226342336664601,0.9067742376419714,0.006890737969982447,0.9130184904441186,0.002214624199442938,0.9211422322737779,0.003367356219525151,0.9122480552725104,0.0052562961122513555,0.9144195640828093,0.0034689990412441166,0.915792678380595,0.005614278193338059,0.912714044287596,0.004714116752261534,0.9163239058577926,0.0027120708949504727,0.9179548674105922,0.00325014808101288,0.917411213559659,0.003438647655988803,0.9155752168402217,0.00582296390532331,0.906653080498049,0.005687859534190144,0.9124499838457142,0.00230549701484795,0.9105736014116361,0.005191205935613901,0.9101293585505879,0.005762849444206582,0.9049320277356662,0.004214348669566473,0.9155161915649775,0.0025981796280063908,0.9115956706513906,0.007226342336664601,0.9115956706513906,0.007226342336664601,0.9063517409349604,0.001573638047917862,0.9157833586002933,0.0028295114947328413,0.9179393344434227,0.00400058959930925,0.9151309739791733,0.003940765710390888,0.904972413450307,0.00572321753838522,0.9113844222978851,0.004557519741877858,0.9109184332827993,0.011046794063053218,0.9123195069214901,0.004311456274024098,0.9088525486492531,0.004531908325711321,0.9134037080299228,0.007744488409101757,0.9198529959987076,0.0049619095386293725
et_f1,0.7425777666131702,0.01643532742452422,0.7682598246373394,0.008452833504271897,0.7507587834820468,0.006169188039999136,0.7777036226845472,0.011050407483138788,0.7649635936278978,0.006285540334905867,0.7598831285572394,0.008107223184144202,0.7704401033552393,0.015238659802571676,0.7590311560245785,0.01681257935220069,0.7590311560245785,0.01681257935220069,0.7439041314334456,0.01653982877921674,0.7637715882684608,0.004481148576988089,0.7807093534358318,0.005580640450426494,0.7607511488471801,0.01348292810052689,0.7658593246098983,0.008041998803607652,0.7701841334777806,0.015358535133184206,0.7621786778457422,0.012407649675071766,0.7695421292364568,0.006837371421187392,0.7696372503639399,0.009032195259710643,0.7713418259148839,0.009904422373288882,0.766192005417637,0.01280529427670125,0.7453740598683392,0.011314779198059788,0.7611747487915967,0.0052649429756614335,0.7591185743827435,0.01118556458178754,0.7571414879590455,0.011433177214999365,0.7459456680795471,0.011214610534233675,0.7649638578209419,0.005230063213676989,0.7590311560245785,0.01681257935220069,0.7590311560245785,0.01681257935220069,0.7470944220410646,0.004090375549238183,0.7662704929545326,0.007799716850035086,0.7720334495640133,0.012345819836839269,0.7666831538198848,0.008729173296749122,0.7416472654056298,0.009440658338925089,0.7573536920894354,0.011035132895986836,0.7570323232654248,0.02426711282589512,0.7604176268645291,0.010557755703051185,0.750729480192028,0.008451761594866818,0.7621032797082551,0.017376491332736516,0.7746360225361156,0.011720657814091678
et_precision,0.7178683344732095,0.014789770789250076,0.7427232972181845,0.00880542360054495,0.7202671639566077,0.010164128615137564,0.7487184009141542,0.017317827580014242,0.7391856597400592,0.007693234631311916,0.73016800548212,0.009327931011637088,0.7467419296711175,0.01844665015884005,0.7267747192050484,0.018940781561179898,0.7267747192050484,0.018940781561179898,0.7160586415023318,0.017428678969646415,0.7355403987623126,0.007643246132262936,0.7549578104108583,0.007776730046935527,0.7319772731816797,0.015726522136168798,0.7400744940135966,0.009118989611324207,0.7444911649309507,0.015514983467260723,0.7375816544049749,0.014078119770076067,0.7462643618071672,0.013634818834960335,0.7453100815122692,0.009476590582357907,0.7482743082967072,0.01081264178374031,0.7386436853390692,0.018149598741700884,0.7201544090940039,0.013032834716201813,0.7376009760369078,0.008201684897276101,0.7269087101229735,0.013203117250041837,0.7288105342238723,0.01567463668387438,0.718559987814327,0.013967366194497087,0.7426861059889137,0.007037179111382351,0.7267747192050484,0.018940781561179898,0.7267747192050484,0.018940781561179898,0.7125897266654004,0.007792619658404799,0.7451837838561332,0.00866387414147708,0.7515234473835242,0.014041050036837305,0.7437660593362656,0.008730372449906482,0.7163598910262056,0.01111576851814599,0.7281490359309712,0.013618074051660994,0.7286913390807885,0.027341518241943856,0.729577399316019,0.014799688432958518,0.7240785602165588,0.013984831665948745,0.7324402924014854,0.018038138621418173,0.7478272557710813,0.015530923249069866
et_recall,0.7691005976812847,0.019563750210235712,0.7956362065240873,0.009250199155668467,0.7840066249009865,0.004141450098744395,0.8091560452221502,0.006381539954349836,0.7926297976524808,0.0064451446905232435,0.7922157413408224,0.011833073788959472,0.7957262187657521,0.011695385850314221,0.7943400302441133,0.015467529281324072,0.7943400302441133,0.015467529281324072,0.7740152660761863,0.01567680103666137,0.7942860228991142,0.0015714807260599915,0.8083279325988335,0.00688120676901883,0.7919096997191618,0.011364075514230337,0.7935119176207964,0.006923558450200377,0.7977244905307121,0.01547043446430758,0.7884892345358969,0.01078791865870589,0.794448044934111,0.003580994241853926,0.7956182040757542,0.009165609675912421,0.7958882408007489,0.009339552676497135,0.7959602505940808,0.0070971365726535925,0.7724490530712177,0.010084970913416565,0.7863469431842731,0.00481371689239611,0.7943400302441131,0.009283958778454242,0.7878231439475769,0.006696136436245546,0.7755274717361561,0.007963379170803983,0.7886692590192266,0.007246054407170671,0.7943400302441133,0.015467529281324072,0.7943400302441133,0.015467529281324072,0.7851587815942969,0.0027360562959562493,0.7885972492258947,0.0075080066357114785,0.7937279470007921,0.011543973196323196,0.791063584647512,0.009058839633347467,0.768812558507957,0.008541486694552335,0.789065312882552,0.010414879248210095,0.787769136602578,0.021916337644521208,0.7940699935191187,0.008017458629387908,0.7795420177144092,0.006637542819615946,0.7943040253474473,0.01745446686248244,0.8034852739972635,0.007729349322403157
eu,0.8607422155061162,0.017635772462162375,0.8820689160719604,0.011258660681485247,0.8742761496122919,0.010542947320787636,0.8683391976704427,0.012135505893254416,0.8724286076703324,0.01190251454780634,0.8735123151079295,0.009264293513621291,0.8766696815609799,0.006443281049682873,0.8778609324847508,0.016261118587139325,0.8778609324847508,0.016261118587139325,0.8822150649121452,0.011180070838135206,0.8779905361732168,0.003513977417817629,0.8893873881823496,0.006173516342648084,0.8752026781085582,0.01253746972775976,0.8726602397943989,0.006856828613388813,0.8783490144604627,0.010037800107929304,0.8899885286948082,0.010364075302662652,0.8859901170293731,0.013447704549016753,0.8765704106506657,0.007837502642094806,0.8759803002393532,0.01103413145208891,0.8831526235095576,0.013874424836336854,0.8640457307993514,0.011006811777750976,0.8604251000981679,0.01132307800165291,0.862068585168926,0.014967753779434004,0.86464687131181,0.015467643085505153,0.8594820264501826,0.01791091335981452,0.8697455355665611,0.0074808538879454585,0.8778609324847508,0.016261118587139325,0.8778609324847508,0.016261118587139325,0.8730600809609425,0.004249233432115621,0.885923936422497,0.004999693727715175,0.8788839743660449,0.010157190083300837,0.8676001808936588,0.008286166036837295,0.8698365339010159,0.013957451157269544,0.8677628748855627,0.01333781544886315,0.8683281675692966,0.01885541403138147,0.87672483206671,0.012001045311348402,0.8670404032604979,0.012646880001485974,0.8774004257619042,0.0015694041986121028,0.877687208391701,0.013218835724213817
eu_f1,0.6280749827719846,0.03832467922218422,0.666900300800016,0.022832092700251695,0.6662320188808925,0.012061056052994134,0.6561226906988076,0.009274793951461706,0.6634635962895566,0.016564077295599732,0.6633417979448345,0.004188585930015071,0.6680329331759398,0.01433939378571867,0.6562414019818552,0.031728953268165876,0.6562414019818552,0.031728953268165876,0.656687511811083,0.017534891022477378,0.6648723522935533,0.026206085164604015,0.6898326052417945,0.01679368867694484,0.6610603481366661,0.018937504639010925,0.6582555584206959,0.018605233028457367,0.6741009700000149,0.026107685923770472,0.6771651480688076,0.027063429196601162,0.6855115946170253,0.01988314232769157,0.6554594084398551,0.012225265540327775,0.6540317071365296,0.023110717539105156,0.6826988439708589,0.018969611214365006,0.6402255454542395,0.016632330470362815,0.6319413465629258,0.030226635451162494,0.6408392357952624,0.030033381136028808,0.6413922781994057,0.03259278025674466,0.6164335457422954,0.034823057219326145,0.6484808925373517,0.01547500089525112,0.6562414019818552,0.031728953268165876,0.6562414019818552,0.031728953268165876,0.6524367061766465,0.012391752979841901,0.6764149896924418,0.014041122990024019,0.6667493965670321,0.0056915798691862095,0.631987707452603,0.018792590851328443,0.6444899851494623,0.020950687066485948,0.6490668282098685,0.021400285016345617,0.6373554193418703,0.051091708145583566,0.6618698795901885,0.026659694574738105,0.6502571236233103,0.01862100405660479,0.6415740198675213,0.02065449780536716,0.6685536457674419,0.026590684484119723
eu_precision,0.5804236849960995,0.04701364331974459,0.6219872978253499,0.029859778056853654,0.6163064493121655,0.024239765825317106,0.6072644178553495,0.01791662480113371,0.6095911401693799,0.020249598222953365,0.616294482479448,0.021072098906645298,0.619666913825622,0.015779174341736268,0.6120006381568052,0.038229429073087524,0.6120006381568052,0.038229429073087524,0.6251627267689459,0.03143778874605572,0.6177977206686468,0.02308786237462761,0.6508884279421517,0.015598703685218731,0.613665363976572,0.025744762743083953,0.6082787364952079,0.021662214873076086,0.6272349546312469,0.02804282204331847,0.6426076410698988,0.034037159722183484,0.6427630549719174,0.03106869016332873,0.6075688755765116,0.018032032112091007,0.6061708430430016,0.022548156490670324,0.6416200627710585,0.031440167275090324,0.5874091012366112,0.019434150754315885,0.57455599634384,0.03610200694572316,0.5912556456182233,0.03701722512265929,0.5870977576749588,0.037065115441661106,0.5674168753868702,0.044488225593062126,0.6002272464817928,0.01548949704648949,0.6120006381568052,0.038229429073087524,0.6120006381568052,0.038229429073087524,0.6019961663664966,0.01587582506073798,0.6382563932399712,0.014819005506734062,0.624345083067248,0.016047043671314036,0.5840469030979346,0.023167010874657834,0.6023032549412344,0.02950858851903221,0.5952666500225012,0.03613906555027999,0.5902053483904158,0.05810217206936816,0.6106095937973681,0.030739786232267315,0.5997532635413412,0.02573377203036582,0.5985886342205082,0.014574430666507555,0.6238884161279828,0.034163858558514275
eu_recall,0.6849505906828144,0.027286340113398658,0.7190913143621369,0.014859000762529682,0.7257411397577829,0.013377716569415946,0.7138717586744929,0.003816142666883533,0.7279515565792407,0.013457688331141594,0.719462812987592,0.024068552760185893,0.7246452188126904,0.013514791175989447,0.7077791812170295,0.02469107048258552,0.7077791812170295,0.02469107048258552,0.6922876885355524,0.006695912770878932,0.7197228620254106,0.030139591367733684,0.7341555836243406,0.02763370494395102,0.716657998365406,0.011573995804830286,0.7175310201352255,0.02155224656675997,0.7286202541050598,0.023868644542271583,0.7159150011144959,0.0194469033325187,0.7348985808752507,0.009167313539901708,0.71182851623449,0.011826266493691054,0.7103610966639423,0.02797305711272091,0.7301991232632439,0.01489128811798069,0.703581246749387,0.013391619427527346,0.7024110260792035,0.02106991170947397,0.6998291106322907,0.019957280512952594,0.7070733338286649,0.02759028694756789,0.6757188498402555,0.02626629270274691,0.70562448918939,0.02504602479343237,0.7077791812170295,0.02469107048258552,0.7077791812170295,0.02469107048258552,0.7122371647224905,0.010240611911709746,0.719537112712683,0.016462196363685188,0.715747826733041,0.009483698521214732,0.6886470020060925,0.01250422653488886,0.6935322089308269,0.015428885507346769,0.7146704807192213,0.007057659146657297,0.6933093097555539,0.0414877039706148,0.7227320008915967,0.02204306224131288,0.7104539713203061,0.013946858639158259,0.6914146667657329,0.030695132472457313,0.7204287094137751,0.016694182667331945
ewe,0.9135970061637804,0.011100268738051691,0.8021353096565893,0.08785700871453789,0.814218276098229,0.04686898596736442,0.8416617747774191,0.02526616596949103,0.9225369337638196,0.00119125287759382,0.693645435867332,0.1237360007870726,0.8287471871636827,0.101216694641895,0.9241634869386557,0.002523435758222864,0.9241634869386557,0.002523435758222864,0.6974488797573624,0.15964618102418293,0.8910087075628608,0.019348931948681376,0.8219230016632424,0.025806415907905708,0.8968667449368946,0.00986063597576981,0.8429703551511594,0.06973504370382798,0.7174200176108012,0.06002144773034895,0.7116231288523628,0.0550298766240353,0.6921044907543292,0.1141581026699658,0.8149276000391351,0.04986822027360374,0.8607646022894042,0.023089142893785504,0.9167033558360239,0.0044584008740726115,0.710595832110361,0.09412327982161135,0.856985617845612,0.03569748711131767,0.889088641033167,0.019915151895506134,0.9139027492417572,0.011736660809706595,0.843801976323256,0.016270563853513505,0.8406100185891792,0.04453526061382107,0.9241634869386557,0.002523435758222864,0.9241634869386557,0.002523435758222864,0.8289673221798259,0.038795455041708386,0.8814450640837492,0.007363931891147495,0.8988601898053028,0.010311293375726107,0.9261447020839448,0.004417961028321215,0.8373691419626259,0.03530183104888714,0.810989629194795,0.058519733309916666,0.9044002543782409,0.014955446332971006,0.8804789159573427,0.06845883238672647,0.7211745426083553,0.18371292508414325,0.9272942960571372,0.00409214162317694,0.8742417571666178,0.02389297315535137
ewe_f1,0.5879534820897678,0.040145592375548024,0.4488878283357087,0.08066492017166066,0.4156720536065587,0.038205861665425375,0.42676204540334667,0.03937992455548803,0.610424713888793,0.009174394564936435,0.3392027007553243,0.05536269681624545,0.4588737707667151,0.09706397116819568,0.6259077786641006,0.008387030864465584,0.6259077786641006,0.008387030864465584,0.34066141611408757,0.0770298285414284,0.5261109186929022,0.04338569412189884,0.44111838202824943,0.02772491353228036,0.5442480509855082,0.023723034168102182,0.4462151815584854,0.09432153578810634,0.38081144813030127,0.06563615919233111,0.39660034717373926,0.015681724755055054,0.3741208408622464,0.07760048680376917,0.4668718492641328,0.03164045633934858,0.5324418679473095,0.043560232682007934,0.6041078331665763,0.013235112936477805,0.3807864470003509,0.09011068677179201,0.49541624845832216,0.05176814441890413,0.5221505657539781,0.05209618826286161,0.5898427646284605,0.041945141941691716,0.4948982939747202,0.012711581863355022,0.48609010560819477,0.054994315856692844,0.6259077786641006,0.008387030864465584,0.6259077786641006,0.008387030864465584,0.4577469993457204,0.06871448344517062,0.5304365712675442,0.02968737061679027,0.5743275494554443,0.02161626899925202,0.6356395956615837,0.021713882227802832,0.48162823861199905,0.04802878359598074,0.4470221664561862,0.08575403372972074,0.5707327248125349,0.015587340798425128,0.5461021480288315,0.09312777030620699,0.41399160819094116,0.12941610435238388,0.6374486560186933,0.016941796775824036,0.5121924976425125,0.026954600092024106
ewe_precision,0.5822066300807629,0.04803527964037307,0.435618102358297,0.09682970300794155,0.40216421095543675,0.045489280319375526,0.41750887114740654,0.0542873293961026,0.6058856015618405,0.00766597500928971,0.31119225375705456,0.05715868984658723,0.4542253445905854,0.11226187390836166,0.6303648020091772,0.005368621999193117,0.6303648020091772,0.005368621999193117,0.3244926040459486,0.07435198564183447,0.5400918951224515,0.053613746560965125,0.4167978944545958,0.02875648681161123,0.532841133199758,0.018021294833101713,0.4395889664031008,0.1071839511948111,0.350938950432237,0.06602562995170988,0.36983985032092714,0.016181399263432133,0.3392092754379483,0.08135136679236443,0.43922260143848524,0.04706603239201035,0.5174003515194578,0.04708439321934201,0.5988121549125829,0.011682828605528807,0.34456068849016613,0.09692889442950924,0.4658453006423492,0.07017976028437724,0.5184345610240869,0.06184449905539425,0.5784936922849694,0.04722832025287256,0.4504541890473541,0.015936082553553766,0.46671260850277263,0.06730042690743512,0.6303648020091772,0.005368621999193117,0.6303648020091772,0.005368621999193117,0.4311552609625146,0.08226652409237231,0.5090766657695761,0.0264953267756658,0.5576281010587841,0.02870486412680312,0.6337771110076919,0.024064702825908984,0.4411026775798458,0.056781196115108255,0.42019701093807926,0.09430000067082726,0.5687680709948508,0.02658841057070335,0.5361086910898253,0.10272898632285714,0.4050554708823803,0.1607487066194329,0.6367500282558507,0.01580763367766787,0.5025443766246234,0.03867465797347807
ewe_recall,0.5941235059760956,0.033330588554897636,0.4650149402390438,0.06445869453752529,0.43090139442231074,0.0345685335553372,0.4377490039840637,0.02531853441133214,0.6150398406374502,0.010811858889730247,0.3731324701195219,0.05193051566487915,0.4651394422310757,0.07993092530963654,0.6216384462151394,0.014510047080317192,0.6216384462151394,0.014510047080317192,0.3586902390438247,0.0804786372231508,0.5130727091633466,0.034186170404371316,0.46899900398406374,0.03122891187006535,0.5565239043824701,0.03279676459367923,0.4546812749003984,0.08328206176051575,0.4168326693227091,0.06522700435324265,0.42766434262948205,0.01678208036421536,0.4184511952191235,0.07325444422327834,0.49962649402390436,0.012315842103571532,0.5485557768924303,0.04036118269309211,0.6095617529880478,0.016356106157707294,0.42716633466135456,0.07907657227482896,0.5319970119521913,0.040095827391393356,0.5262699203187251,0.04261655478800234,0.6018426294820717,0.03716643397809972,0.5494272908366533,0.015781824579174195,0.5080926294820717,0.04192224449784115,0.6216384462151394,0.014510047080317192,0.6216384462151394,0.014510047080317192,0.4895418326693227,0.050111910020173435,0.5540338645418327,0.03695004342938156,0.5884794156706508,0.0183746269615162,0.6378237051792829,0.024944764592228233,0.5319970119521913,0.038702567835439114,0.4795816733067729,0.07864427295048279,0.5733316733067729,0.015052560296782872,0.5577689243027888,0.08482622022560224,0.4301543824701195,0.10692481584455948,0.6334661354581673,0.020284274755394703,0.5227838645418327,0.01527607817518361
fa,0.6441856751441395,0.02526706138754169,0.6944663898740986,0.014122160601491228,0.6963322183187373,0.003596096022751667,0.7322872367248827,0.01432048449530571,0.6977483989174833,0.024909805069146182,0.6805104973861593,0.011184637834084724,0.7191381889697601,0.027236094838719357,0.6654746096048142,0.013671637076473111,0.6654746096048142,0.013671637076473111,0.6886377771427611,0.04906920872891485,0.7271604108184431,0.03327950536044517,0.7296649913432284,0.038103359027997184,0.6924366710931065,0.0348093635968223,0.7120362743944462,0.03818338811484051,0.7123052226387185,0.02565177731935491,0.7398724176766234,0.01563888352081923,0.6869610529323763,0.04328068866563863,0.6951597720663629,0.03199748138659616,0.6873812845640517,0.016337470194701685,0.6813257467516094,0.03067596923738796,0.6426518296885243,0.021690019186420086,0.7212099309139197,0.03821957874523624,0.6826957018708713,0.01040334082295991,0.6623901094283169,0.016309962179219636,0.6530777764703904,0.013792200187414977,0.7096031332470458,0.020857324871066858,0.6654746096048142,0.013671637076473111,0.6654746096048142,0.013671637076473111,0.6688112487603166,0.026949019538537095,0.6952228068111143,0.03231499677536131,0.6991603771999126,0.02305920951752179,0.7085315425862736,0.029783353542110508,0.6470726664537493,0.014346265592682898,0.6949832747810594,0.02637568294657918,0.6928695096737322,0.03386914844197467,0.6859188784858214,0.02495845910689296,0.7134146341463414,0.023752764180992113,0.6446983577347833,0.022680283340424625,0.6942982972214284,0.03461848355267493
fa_f1,0.31476538105440455,0.03354505460604051,0.41893876565019605,0.036258378808173314,0.4198997359975874,0.0070670888931390384,0.4721508906451459,0.023046315191462465,0.4164241714022155,0.0517901512695098,0.39081164745780317,0.024218544728682,0.45389457842729997,0.041517282158717195,0.3592127254950044,0.043470835884811765,0.3592127254950044,0.043470835884811765,0.42966744630879006,0.07514358386473752,0.4527036453672568,0.06175357521351966,0.4817331696912779,0.05826562251873196,0.41996272981652444,0.058414540864877657,0.42177419773297337,0.08362245174037689,0.45565383629685685,0.030260857830900708,0.5042561729839501,0.02861154251925612,0.41165019126185437,0.06242527305164135,0.4194584944220534,0.05378124017723295,0.4129704606598268,0.009072684474757377,0.3922165401757119,0.0632839891141762,0.3439017769663206,0.015462318320842503,0.4637207914334492,0.05004884390880834,0.4020555251970374,0.03890659921238772,0.33955824031253645,0.043765364503388714,0.32789250122422164,0.016994918504463573,0.4401273904527956,0.04051387157338053,0.3592127254950044,0.043470835884811765,0.3592127254950044,0.043470835884811765,0.3521052205345497,0.05602510669094307,0.4123292982103119,0.0550708665951267,0.4188434123629771,0.047187231930981656,0.42502349102036696,0.06168974930131901,0.3304872153666839,0.03767954357013018,0.3965083037273741,0.05230421737404873,0.40935695494035323,0.0498347017733812,0.400852081432318,0.042145342305912485,0.4553340465958573,0.05606365228627593,0.33410545367920413,0.05206095576541169,0.41506406704634746,0.06888326281029887
fa_precision,0.29424363233556317,0.032414227262599404,0.3822324237541882,0.03139398814505008,0.38283058123239994,0.013645193885411288,0.4385010393227171,0.023647208029501994,0.38800660818037314,0.05320911890442127,0.3611597022877546,0.025815538331415172,0.4267448109195548,0.041407166974902244,0.33294078075191563,0.03404166242731911,0.33294078075191563,0.03404166242731911,0.39651724641355546,0.07779258424510185,0.42010529466572083,0.05950259697204842,0.44474797947034034,0.05564218100719621,0.39027787480446885,0.0555650436426996,0.3963033479428023,0.07561761278794113,0.4234599336433155,0.035328642307006775,0.4751661788664932,0.029151810236618923,0.3803584012685691,0.05439166823056243,0.38190755819303546,0.04762507827523175,0.3840826277720131,0.006626315540487542,0.36541342792117315,0.057909922697629075,0.31722915011485847,0.015156116557340898,0.4291541913412709,0.05002263069407501,0.3720966713137075,0.031984338910556645,0.3141650179005959,0.0403382418681018,0.30568553241529817,0.019425298642136976,0.40784638957867403,0.03903769911807976,0.33294078075191563,0.03404166242731911,0.33294078075191563,0.03404166242731911,0.3278788070417399,0.04908832414945699,0.3814085754115038,0.05498917299030462,0.38995290292473095,0.04773031607002768,0.39639986457984405,0.05769777523130019,0.3069468892627147,0.033382190352843184,0.36923608183929996,0.04361795311930926,0.38099390169733593,0.050997391204871935,0.3714914884435784,0.04523023426642342,0.41832822687828336,0.05476164555862686,0.312898712959804,0.04489631757088541,0.38820724895610137,0.06372985114639851
fa_recall,0.3384844535468255,0.03539744910391898,0.46376373114876185,0.04498635902600668,0.46557903556134794,0.014977269510692302,0.511473654812884,0.02271411727461857,0.4497300316514615,0.05137229200537093,0.4260845280208527,0.02515129880522374,0.4847793706944703,0.041414809706462705,0.39026717557251905,0.05578003210003865,0.39026717557251905,0.05578003210003865,0.46937255632098307,0.07076375763819974,0.4910631167380376,0.0652862571288482,0.5256004468441631,0.062003587896468954,0.4545708434183578,0.0616645113721277,0.45087041519270155,0.09348725894851434,0.49346024948799105,0.022910269312338465,0.5372602867250047,0.028930505143457262,0.4486594675107056,0.07273796128418548,0.46546266989387447,0.06316784043784285,0.446960528765593,0.019519024117851978,0.4232917520014895,0.06982200702637804,0.3756283746043567,0.017806892781844375,0.5048408117668963,0.051309949699174545,0.4374883634332526,0.0487738844205645,0.3694377210947682,0.04792282731084967,0.35368180971886054,0.013671059378954218,0.4781465276484826,0.04339659187909101,0.39026717557251905,0.05578003210003865,0.39026717557251905,0.05578003210003865,0.3803062744367901,0.06485164614730572,0.4489387451126419,0.05524880460919886,0.4524529882703407,0.04587024601338829,0.4581549059765407,0.06658758701701903,0.35801061254887356,0.04335063696849672,0.42852820703779554,0.06441780817767052,0.44256190653509586,0.048687840261858004,0.4355334202196983,0.038248118642885735,0.5021178551480171,0.07135218851597969,0.3585458946192515,0.06126132426951553,0.44595978402532116,0.07513955484675283
fi,0.9211869471671049,0.0015432830898974323,0.9197824527850824,0.002830363754357628,0.9160261773846521,0.004287213176351096,0.9189786038728186,0.004419726396362679,0.9168061200095625,0.0020048288262181214,0.9167134831460674,0.003108114254806863,0.91830325125508,0.002081045975819872,0.9156347119292374,0.003852684441134385,0.9156347119292374,0.003852684441134385,0.9163997131245518,0.0031264421658699173,0.9161486971073391,0.002997801409174336,0.9218025340664594,0.0038297220706991555,0.9154135787712168,0.004086396225365393,0.9193192684676069,0.002890772923589979,0.9218533349270859,0.0018841879311112157,0.9210883337317715,0.0025312716226935455,0.9230994501553909,0.004953069863550775,0.92135429117858,0.0032267953589991166,0.921476810901267,0.0008042357781283343,0.9167732488644512,0.004510506531354036,0.9159484819507531,0.002154936111597734,0.9190383695912024,0.0021647706416951704,0.91514164475257,0.0029899489356142697,0.9128137700215156,0.005539530942278648,0.9159066459478844,0.0021864861489500976,0.9213931388955294,0.0020559262342268775,0.9156347119292374,0.003852684441134385,0.9156347119292374,0.003852684441134385,0.9130827157542434,0.003577013611896009,0.9220535500836721,0.002879922215683018,0.9212676308869232,0.002159682563250194,0.9197973942146784,0.00031660791772549884,0.9161815682524503,0.0024955342521729693,0.9178131723643318,0.002818076678610059,0.9150519961749941,0.005350990238782447,0.9191937604590008,0.003666029685315984,0.9168091082954817,0.005463248140866116,0.9157661965096822,0.0013124167102650263,0.9206669854171647,0.003077371603099392
fi_f1,0.7763425548360363,0.0034030606720269686,0.7769598395109422,0.006254081297507285,0.768395497748556,0.006786750134591961,0.7754815996528829,0.009583588827846422,0.7703530131653635,0.004641244471079583,0.7706421621795164,0.004614036067337525,0.7747131674320655,0.006171161907909383,0.7679604350853789,0.008541642569191432,0.7679604350853789,0.008541642569191432,0.7681277813247651,0.00848042102716388,0.7703029783282179,0.004271961596218259,0.781082299733336,0.007509680817746285,0.7693260893597794,0.00856159006544648,0.7767150002725252,0.0037846781109198853,0.782160250763316,0.0037928707442920137,0.7797899706373035,0.006155206975460485,0.7840437295816101,0.00973175204001958,0.7782528736492336,0.00953858470746419,0.7806990841052706,0.0015267397517597255,0.7694253059140355,0.009624929309420391,0.7664606555442265,0.005461272600325911,0.7744151618223235,0.004396112637539023,0.7670975976037024,0.006546442714731654,0.7637060906132599,0.010766223548757713,0.7674380311651514,0.005069910291918053,0.7782935690890068,0.005577045202310653,0.7679604350853789,0.008541642569191432,0.7679604350853789,0.008541642569191432,0.7615275324450408,0.008985568592293151,0.7790122203979521,0.00751404664393974,0.7795920927754945,0.005712788465718453,0.7760041909104443,0.0010618988372958962,0.7672346623702939,0.005717170067846849,0.7730555524740008,0.005629221429406967,0.7687047593528807,0.012386759609012735,0.7768005529190442,0.006178659854688568,0.7718744850520292,0.010667338852272112,0.766284646550086,0.005131092133257562,0.7773597509586859,0.008489056598960657
fi_precision,0.7581234935425938,0.004793503982258563,0.7500827761857761,0.009713716294955621,0.7392523890738047,0.010589527484625213,0.7461747178510301,0.016179524163678047,0.7445330000234167,0.004711863817283636,0.7389398414040236,0.010702850861411888,0.7455392471422618,0.007781239190048919,0.7366780658024688,0.011574598714784374,0.7366780658024688,0.011574598714784374,0.7392145141281251,0.009830273319852933,0.7387539501402659,0.00694350498376909,0.7544044486775106,0.012939305063196408,0.7422638683930498,0.013021529332717132,0.7500913545444351,0.003331621606824007,0.7548834285795863,0.006749040274948125,0.7542552628498824,0.008514774078154305,0.7590841445068515,0.0160226288345729,0.7521997450081506,0.01106237619815847,0.7587706752552732,0.0028460643171024556,0.739749380226536,0.015611145684714585,0.7401776773078169,0.0088397105426526,0.7522065232669521,0.006260630770658108,0.7351372359090675,0.00982927008789153,0.7342313709531687,0.012372866322417122,0.7419428477926211,0.00577881017812667,0.7546028054962441,0.006990107825920347,0.7366780658024688,0.011574598714784374,0.7366780658024688,0.011574598714784374,0.7268622248929848,0.011921502842665996,0.7575459103752208,0.008530813076268913,0.7594952641503983,0.007467089029448551,0.7530584652180323,0.0014811285324114922,0.7421584301359262,0.0072793808162958246,0.7442506584119427,0.010350837960702623,0.741092684222125,0.012675152144859269,0.7493385429100408,0.010804507415914362,0.7474566406759577,0.014940844137521244,0.7363053733313962,0.008973621349503172,0.7500837405362786,0.012910821865241593
fi_recall,0.7954857771059503,0.005183973720476863,0.8058781091108973,0.0041375809182500195,0.7999862580733819,0.004668211557362309,0.8073038339975265,0.0023202433634830935,0.7980452109385736,0.006208344057183174,0.8052940772296275,0.004115079908135731,0.8062903669094407,0.006203779796882606,0.8020647244743713,0.0066449414990644665,0.8020647244743713,0.0066449414990644665,0.7994022261921121,0.006900787272804784,0.8046928679400852,0.0026543033136681546,0.8097945581970591,0.0017475990480629365,0.7984918235536622,0.003412674512661579,0.8053112546379002,0.005683273873701391,0.8115122990243232,0.0028481365407396503,0.8071320599148001,0.0038103399763672547,0.810808025285145,0.0032327620721377282,0.8061873024598049,0.00800172280037091,0.803937061976089,0.00037424155188416276,0.8016868214923732,0.003875196910673035,0.7947127937336815,0.002320836743597792,0.7980108561220283,0.00583543299610142,0.8019960148412808,0.0028326235482347,0.7956575511886766,0.008907023139733681,0.794781503366772,0.007216883202948058,0.8035419815858184,0.0057331385374571435,0.8020647244743713,0.0066449414990644665,0.8020647244743713,0.0066449414990644665,0.7997114195410197,0.006818544031911643,0.8017383537171912,0.006721965629628981,0.8008107736704686,0.006028462764612877,0.8003985158719252,0.002571491103167137,0.7940772296275938,0.004571127491680637,0.8042977875498145,0.007955767529436475,0.7985090009619349,0.014116388126497008,0.8064106087673492,0.001948658171536431,0.7980280335303009,0.008461147978037264,0.7988525491273877,0.001872888988654538,0.806754156932802,0.004375352610947642
fon,0.8440546885789255,0.11108011910233434,0.8522027344289462,0.1324721278625166,0.8375017262809005,0.07009001236014671,0.9495649772130921,0.004391398032256475,0.9634995166413479,0.0006996586177587123,0.7616558486396906,0.2169096324716126,0.8849053998066565,0.13633273285975064,0.9633061731804999,0.004849343976268329,0.9633061731804999,0.004849343976268329,0.6258665930120149,0.2615124596249119,0.9619320535837592,0.004094507342222864,0.8665722966441098,0.02427911503637734,0.905834829443447,0.03209429644702839,0.8960019334346085,0.08577439884003267,0.8897666068222622,0.03897311464465396,0.8936058555448142,0.06711483469738301,0.8325852782764811,0.06926764550635307,0.901153155641486,0.03903041614007482,0.8640519265294848,0.066997721020235,0.9482115729871565,0.014514633321153677,0.8506214611241542,0.05077520080874971,0.9601850573125259,0.006181007523788774,0.9059384062974727,0.039931456738141434,0.9187612208258528,0.0393830502683572,0.9599019472448557,0.0011254292352922426,0.8474243888965612,0.14022313414607204,0.9633061731804999,0.004849343976268329,0.9633061731804999,0.004849343976268329,0.9063941444551857,0.037791141963568364,0.9559176909266676,0.014886481359429578,0.9663375224416517,0.00491222423716626,0.9566496340284492,0.0070610755406401784,0.9419969617456152,0.015534836000680693,0.7180085623532662,0.11198789660849143,0.9053514707913272,0.0554692442789933,0.8761566082032868,0.07920683732685987,0.6176771164203838,0.2485016060865694,0.9564286700731943,0.011208284096752829,0.9304861207015607,0.023658974253854152
fon_f1,0.31384212860591815,0.09192686751408069,0.30101799020722286,0.10481059021556992,0.23281865049489114,0.060664947286590706,0.3607056922797442,0.01879001759245434,0.4569438566151973,0.024535785633190584,0.2137413796220365,0.06417410893478626,0.3414529932009361,0.1128869835050447,0.47303883084602044,0.00616535329109555,0.47303883084602044,0.00616535329109555,0.17077227370093703,0.06867600125386053,0.4440296863258162,0.026195253225588855,0.26226896830396307,0.039375779592069886,0.31606096239944514,0.06516485565851664,0.3011984533920976,0.08118323868809778,0.32025895679734023,0.04473093336610235,0.32342619057101973,0.0732913905274893,0.2526196756184844,0.06203656237129464,0.3311806560344055,0.049929744255581616,0.31390539142121626,0.07376164981803368,0.3874406859212833,0.040349644697391954,0.2652155812726077,0.06666280980822765,0.46627912814214784,0.013084146872304254,0.3200987674948509,0.049453926085986255,0.35237420189385027,0.08681508432160777,0.4616787143454655,0.02596297157176685,0.30229128453614595,0.09716925881242149,0.47303883084602044,0.00616535329109555,0.47303883084602044,0.00616535329109555,0.33437818511301554,0.081566830751014,0.4463243973710672,0.05887973268043967,0.484245413614607,0.02988687700617066,0.43604122370086473,0.018717575343823307,0.41126270417031924,0.048931508980009066,0.18608969058409242,0.03170962469046278,0.3384499094615746,0.09398209476243037,0.30961058536035835,0.1100952991460949,0.19938063250105997,0.14979241249878583,0.44866533515989926,0.015889246493646658,0.36595303388737827,0.05469339499651078
fon_precision,0.23542983138275897,0.08873104588722253,0.2564070434356343,0.12397880571083104,0.17670580942156427,0.057877012277361056,0.3586571759827415,0.03945556981594654,0.40304686262939954,0.019020169678785184,0.15776358050119593,0.054994104609955,0.30898133986972387,0.12904882621388883,0.4451557353146671,0.02466575706305893,0.4451557353146671,0.02466575706305893,0.11639146913077877,0.050693545632404094,0.43149800255276305,0.0378053861352968,0.19744838246113716,0.034475314315135015,0.2535272287871105,0.06886648721388845,0.2568707069458786,0.1086857708305014,0.25484968941449226,0.05408159782075358,0.2640721012902011,0.07887768455571344,0.18457642824245862,0.05816471275679312,0.25526104162891716,0.059233055500575,0.24529132633398107,0.07581132729519037,0.33645970110567375,0.0583971706511954,0.1920998577590009,0.06375744207699219,0.43421810086498003,0.03743712901518218,0.2629392021140112,0.06951561194109372,0.27542057258134744,0.09529374864290922,0.40929812899612394,0.027351038101934184,0.23813883586679377,0.10018767057035305,0.4451557353146671,0.02466575706305893,0.4451557353146671,0.02466575706305893,0.2675343373951563,0.09883337434018381,0.39516025262956367,0.09712047474472613,0.45631319055365044,0.041808552284017586,0.38491229191814624,0.044532220406005574,0.33792823182340453,0.06369052751981147,0.12532613184791758,0.023912963546042464,0.28178064110395096,0.11671518930105668,0.24095304638802315,0.10692038934859126,0.18077409771703926,0.19815964717446163,0.39377142908611806,0.029092136933662676,0.3173186527554385,0.06638530079893158
fon_recall,0.5088141025641025,0.006432475736534382,0.39449786324786323,0.045086440558815666,0.3520299145299145,0.04763967037756972,0.36645299145299143,0.027764077270025597,0.5277777777777778,0.035487672844310876,0.34188034188034183,0.057619717971296315,0.40411324786324787,0.05077035039342141,0.5066773504273504,0.024477628119864175,0.5066773504273504,0.024477628119864175,0.3253205128205128,0.10066385741583782,0.4583333333333333,0.020734938216537917,0.39316239316239315,0.04849846847047636,0.4281517094017094,0.04652345378163037,0.39155982905982906,0.03531032741630378,0.4404380341880342,0.023687690845494824,0.4281517094017094,0.03920978985500762,0.41239316239316237,0.03415463111783289,0.48637820512820507,0.028352253225888063,0.44684829059829057,0.04987058488536248,0.4650106837606837,0.022416811173458638,0.4412393162393162,0.041082729747634536,0.5077457264957265,0.03430330238700918,0.4206730769230769,0.011012568444491583,0.5117521367521367,0.025447393283404347,0.530982905982906,0.038865009418114785,0.43990384615384615,0.04408804580872553,0.5066773504273504,0.024477628119864175,0.5066773504273504,0.024477628119864175,0.4663461538461538,0.03890903801612925,0.5288461538461539,0.016551210881228302,0.5192307692307692,0.04080394754245733,0.5090811965811965,0.03353067270614361,0.5331196581196581,0.010135505321052462,0.3659188034188034,0.058767158410448384,0.4508547008547008,0.037194220481900034,0.4476495726495726,0.08192895826062016,0.29380341880341876,0.06635982971482708,0.5235042735042735,0.020457844182827763,0.43803418803418803,0.0311726677265229
fr,0.8737618361914736,0.001403948765406616,0.8822017134296228,0.00661731695689865,0.8719145903332315,0.007161165405078756,0.8755981731174819,0.00965888374933964,0.8769217902285058,0.010557631493086809,0.8750454538843071,0.0031866449819689478,0.8727473054937382,0.004845733017604919,0.8708818780817733,0.0029388830510073847,0.8708818780817733,0.0029388830510073847,0.8753799944728077,0.005201022770572941,0.874165466684121,0.003483423738325107,0.8829362482000261,0.012702000040850375,0.8800417448473477,0.004758693961994603,0.8738527439600878,0.003632068331472333,0.8791799392008843,0.0034165843832224293,0.8828744309173685,0.009711100366193718,0.8817871740047418,0.011550671488423014,0.8813217262294366,0.0045523493024290235,0.8780308650055999,0.0029519916127171354,0.8767145205160652,0.007153312442777242,0.8785035854023941,0.0070597940640765066,0.8774599642187022,0.002766385785913265,0.8739400154179575,0.005514423381849745,0.8697182586435106,0.0023850354919475003,0.8801690157234077,0.016016430532789946,0.8823798926561068,0.014046992629988833,0.8708818780817733,0.0029388830510073847,0.8708818780817733,0.0029388830510073847,0.8801944698986197,0.0028644990287075693,0.8825217087751451,0.010443405958368334,0.8778417768468822,0.006919393913750657,0.8744345536792192,0.005598607117386597,0.8756854445753517,0.010189240320522335,0.8773654201393435,0.002580223203310781,0.8752890867041934,0.003363758439265151,0.8719545897514218,0.001631678718705614,0.8780163197626216,0.005670910255844801,0.8716891390670681,0.006950805214010326,0.8767072478945761,0.00823372532627082
fr_f1,0.7855769516652429,0.0021064832372893055,0.7931575920820408,0.006475011025472456,0.7844288726560542,0.007102815557629941,0.7882379212415871,0.010385973665484674,0.7871316982706533,0.011849372373026825,0.7856750225988123,0.002697427832555186,0.7844037072906769,0.0059254380756054124,0.7811576592587021,0.0028483095944761374,0.7811576592587021,0.0028483095944761374,0.7822117856960633,0.007621812744132436,0.7834553328837282,0.00552090638248715,0.793872583746224,0.016335102803453808,0.7959392431483528,0.008152027237811593,0.7863847643962878,0.007847595980359825,0.7954840262044134,0.005077616138016035,0.7953456770011467,0.00798296103757569,0.7981744002134653,0.01422175129179008,0.7989402410937303,0.004276476271481869,0.7915455155151312,0.00871912662865215,0.7903496621713966,0.00745289939933428,0.7897442558007536,0.009924636707730961,0.7904493220932196,0.0052716579868402535,0.7816668213202946,0.00820106955074505,0.7785952683031113,0.0031410860624417948,0.7919501955569039,0.017418046107149456,0.7945766449285049,0.016648574665550996,0.7811576592587021,0.0028483095944761374,0.7811576592587021,0.0028483095944761374,0.7962382039699187,0.005840997657623111,0.7965782659147675,0.011409298848833313,0.7926786511086275,0.01323228854012768,0.7851341125229365,0.005181392389589667,0.7881481269353661,0.014276660321948836,0.7918351192656257,0.004874469239748298,0.7893575650249837,0.004959912673672723,0.7849802386572238,0.0033154658440786465,0.7876230814624293,0.005729827756438477,0.782297861922645,0.007647176368417588,0.7895833157661025,0.007678194907260269
fr_precision,0.7800719678694501,0.0024797232537995635,0.7863281951295626,0.007509353046312077,0.7777939854916656,0.005976153153403397,0.7821829573479192,0.010987619221890503,0.780169957929221,0.011952105861236685,0.7761387171461345,0.003628873450365733,0.7788695755657603,0.005271952030182032,0.77443613471643,0.003961120309932891,0.77443613471643,0.003961120309932891,0.7762829397498048,0.006391417753534695,0.7787332923495225,0.005277575002524373,0.7882978554785924,0.01435478081678723,0.7883029647700704,0.0069840533250999275,0.7804721192317432,0.006821348227412746,0.7899464103172473,0.005370269949491631,0.7881730724454168,0.007766776018123918,0.7906015804775973,0.013858394476102957,0.793631747580077,0.005027900825412759,0.7859753203617368,0.007992971985905335,0.7844437715012424,0.006795388831046428,0.7821070655576304,0.009818528853944963,0.7852929434937105,0.0036379682738009707,0.7760285172088905,0.009777038447604459,0.7734745101530257,0.004184064113499193,0.7854864189717297,0.015924307336942774,0.7880727410352532,0.01689110789019821,0.77443613471643,0.003961120309932891,0.77443613471643,0.003961120309932891,0.7874453747965892,0.004679843738757213,0.7908809629756737,0.011188949407765545,0.7880862560863242,0.01292527162501925,0.779875614643938,0.0046533888137186355,0.7818193218175651,0.013678521190761598,0.7844371186217578,0.0057440402189578976,0.7835186239683082,0.0036224203438318245,0.7794282716913444,0.0038059503123545856,0.7834834922538159,0.006005751396275142,0.7760854998921837,0.008024420014254706,0.7845850636467425,0.005677709841408577
fr_recall,0.7911773505871793,0.004563152160474685,0.8001159398608721,0.006034078361194556,0.7912147505422993,0.010251749991281587,0.794393746727504,0.0100578068771032,0.7942254469294636,0.012035582160710795,0.7954596454484255,0.0035635439255633835,0.7900179519784576,0.006610206219603692,0.7880170543795347,0.004612998055700879,0.7880170543795347,0.004612998055700879,0.788241454110255,0.009297080213747757,0.788241454110255,0.006328443742490064,0.7995362405565114,0.01846290494216935,0.8037437355075174,0.010251931910691596,0.792392849128581,0.009097444589598696,0.8011070386715536,0.005497666190444422,0.8026591368090359,0.008775398251643462,0.8058942329269205,0.014613000518175942,0.8043234348118782,0.003797891323146402,0.797198743361508,0.009616444142065788,0.7963572443713067,0.008834731783549224,0.7975353429575884,0.01019958787487813,0.793701847557783,0.007551087060451558,0.7873999551200539,0.007123259768434824,0.7837908594509686,0.002965386443992352,0.7985264417682699,0.019012375488011324,0.8012005385593537,0.016761676320021172,0.7880170543795347,0.004612998055700879,0.7880170543795347,0.004612998055700879,0.8052397337123196,0.007621611681685258,0.8023599371680754,0.011711920004595002,0.7973296432044281,0.013723898115725625,0.7904667514398983,0.005929318318063616,0.7945807465031042,0.014895186552704925,0.7994240406911511,0.008219485741579739,0.7952913456503852,0.006656876835747708,0.7906163512603785,0.0034798040545834397,0.7918131498242202,0.0060278936051280756,0.7886154536614556,0.007583742027634326,0.7946555464133442,0.00986061714719778
gu,0.8575557390586293,0.020029383608286707,0.8596201486374897,0.017684974846362802,0.8775805119735756,0.009278367074419603,0.8779933938893476,0.01245736197289142,0.8569364161849711,0.010668557652784764,0.8816405174786678,0.006623291723377914,0.8736581337737407,0.010379690412862533,0.8461326727222681,0.008353421913291227,0.8461326727222681,0.008353421913291227,0.8385631709331132,0.004183507887027396,0.8786127167630058,0.007568250528415917,0.8546655656482246,0.006431776188025278,0.8569364161849711,0.010921227478387452,0.8660198183319571,0.012493800403838538,0.8587943848059455,0.008919268783935973,0.8450316542802092,0.015278490598819593,0.8678777869529315,0.014909554157942014,0.860858794384806,0.004597658433385627,0.8647811725846408,0.01182073545932232,0.8590008257638315,0.013440347507727332,0.8643682906688687,0.01694158028002019,0.870767960363336,0.004885284709413358,0.8668455821635013,0.014700374424271297,0.8757225433526011,0.008326167609278356,0.8692540600055051,0.008434656452543066,0.8639554087530966,0.009685873002979841,0.8461326727222681,0.008353421913291227,0.8461326727222681,0.008353421913291227,0.8616845582163501,0.008777989936197024,0.8656069364161849,0.006888243190884815,0.8680842279108175,0.009327233071762999,0.8612716763005781,0.009439266831534385,0.8651940545004129,0.011820735459322303,0.8600330305532617,0.014977999295802635,0.8573492981007431,0.007844756399669712,0.852188274153592,0.007833883551201584,0.8546655656482246,0.018914618819278247,0.8577621800165153,0.013132414487162366,0.8559042113955408,0.009403077815875936
gu_f1,0.43058310904387365,0.06903868955926411,0.4104235459203869,0.058854333246006287,0.48544370917462515,0.042494468098690744,0.490608454481566,0.038467908798390606,0.4430611259655377,0.02273480210396472,0.4879101846207109,0.01336904817928828,0.4591161825032793,0.029049473784296922,0.38802921281698866,0.019446258726805297,0.38802921281698866,0.019446258726805297,0.3497237119769041,0.006499565664547209,0.4860334105617521,0.03750113090768344,0.4049376659137326,0.02325510673040487,0.4006134406418197,0.02939544043380591,0.46353564167199185,0.03403637264856865,0.38755487378451475,0.03561302974876683,0.36585812544877055,0.016121645546259198,0.4497528630875284,0.05634543233684457,0.38310216163327665,0.021737980677656393,0.4228960387686368,0.033993200735917356,0.43102010232578436,0.025367869687507563,0.4633428859618658,0.04642634589207842,0.4686364711337909,0.017503555232130534,0.45654072607932517,0.03992226686396244,0.4750910652030111,0.023766491705640096,0.45549911201920656,0.03119535046443245,0.4489185964440411,0.022354845541652697,0.38802921281698866,0.019446258726805297,0.38802921281698866,0.019446258726805297,0.45253967049247257,0.04358768291752126,0.42420819945362465,0.03319153009881905,0.45574378074378075,0.02499663459918872,0.43577518329360365,0.05312687460511531,0.4612792327973783,0.031234231476313795,0.4312516217763684,0.07165043813427716,0.41524823820974044,0.05620525725184014,0.39352823530196857,0.05549775132153178,0.4082834074841165,0.04905985147324612,0.4172959379742578,0.02529085665600298,0.3864757564052107,0.04207879298350858
gu_precision,0.4301715545332566,0.09573495003971759,0.42349898085785176,0.05965605332121252,0.48442889241085574,0.033000731665748524,0.48903362881621265,0.03758209881472358,0.4187204536350998,0.03738240885878949,0.4820478477586321,0.03411681084193089,0.45989370107017163,0.04093296790544125,0.3859398140393138,0.029671247474322864,0.3859398140393138,0.029671247474322864,0.35104808910272634,0.005113322234508564,0.47264385537646375,0.036109154576432746,0.4133912532359273,0.03432978158484876,0.41200281425891183,0.022269760164149516,0.45207321276962453,0.03231755925235852,0.40169383992913404,0.037624765838143726,0.37923141766955154,0.025925071955436113,0.44703904828048663,0.06090045009662033,0.3885669454860575,0.008010189158057322,0.4384736311099354,0.03040325563341996,0.44293705588735344,0.05728869791024975,0.4525638914413854,0.057444603267779656,0.46282753199171045,0.022975622562768732,0.4514031714638682,0.05479618103912312,0.45981873598152667,0.025842589353973974,0.4343287945609211,0.021230725568442417,0.4447871038030415,0.02726990246140888,0.3859398140393138,0.029671247474322864,0.3859398140393138,0.029671247474322864,0.4285994867558361,0.03759635499669692,0.4332833200651736,0.041384780492988035,0.4557801980441299,0.030274674613999738,0.4186964082125372,0.03694258111764964,0.44928282351595233,0.0400412391128409,0.43759323332494066,0.06525733314198809,0.41747055409325784,0.03546894464121745,0.3987622757808642,0.05531160346725003,0.40614627516325197,0.054736082975202785,0.42095812437548885,0.02878636809976041,0.3948348175632743,0.0419270003587775
gu_recall,0.4502487562189055,0.056997210136266664,0.39925373134328357,0.06138787402613464,0.4888059701492537,0.06228847773904936,0.4925373134328358,0.041773272695887244,0.4720149253731343,0.012744963639253221,0.4962686567164179,0.025489927278506446,0.4577114427860696,0.022798884054506693,0.38805970149253727,0.01055383255502305,0.38805970149253727,0.01055383255502305,0.34888059701492535,0.016547431213495115,0.5018656716417911,0.050751755629609915,0.39552238805970147,0.019744412769138703,0.39179104477611937,0.04893610839031344,0.47574626865671643,0.03725119187032825,0.375,0.03774624603356595,0.3544776119402985,0.019744412769138752,0.4533582089552239,0.05630084725251878,0.37873134328358204,0.03725119187032818,0.3980099502487562,0.038295533130200586,0.42288557213930345,0.026208093912569026,0.47574626865671643,0.038234890917759744,0.47574626865671643,0.02882246324939421,0.46268656716417905,0.029850746268656747,0.49751243781094523,0.04110127274094108,0.4794776119402985,0.04534260232228404,0.4533582089552239,0.01962653462445212,0.38805970149253727,0.01055383255502305,0.38805970149253727,0.01055383255502305,0.4794776119402985,0.05147811464322109,0.41604477611940294,0.030083051299621393,0.45708955223880593,0.03358208955223879,0.4552238805970149,0.07131975714841517,0.47574626865671643,0.037251191870328215,0.4272388059701492,0.08318468958808939,0.41604477611940294,0.07883060635567575,0.39179104477611937,0.06960730636633441,0.41231343283582084,0.05325068315574041,0.4141791044776119,0.027588399269675167,0.37064676616915415,0.04968901580954768
hau,0.8846715572600785,0.0036332616886062224,0.7008172047805923,0.12191854832229851,0.6115044149125937,0.06561676805123233,0.6962406350338922,0.04715771044461709,0.7619347574027827,0.045890682711604645,0.45853215305030326,0.08307511890950607,0.7144967445594006,0.16700889009371253,0.89100405815198,0.0171901283245516,0.89100405815198,0.0171901283245516,0.6067661880128434,0.22224511492490462,0.7184155369247235,0.09991159200901029,0.7625089190153407,0.08469462755678221,0.8812210132001427,0.00605336074590434,0.711508874420264,0.13310000668014443,0.5545732251159472,0.10252468024049416,0.6085444166963967,0.06234284328267221,0.5435749643239387,0.1451227381169668,0.6903652336782019,0.08549301033150486,0.9057371566179094,0.00323175877952449,0.8996555030324652,0.005019583977711459,0.6536913574741349,0.11078786533907042,0.6865690777738138,0.12551608474898057,0.8856192026400285,0.019120789199593046,0.8779377006778452,0.015687406392890266,0.5955728237602569,0.09877445805924498,0.7229530859793079,0.09894045163432301,0.89100405815198,0.0171901283245516,0.89100405815198,0.0171901283245516,0.6969987513378523,0.09931595580752564,0.7353003478415983,0.036314507700156304,0.7791094363182305,0.03639540471476638,0.8959039422047805,0.010716459216241148,0.6844340884766322,0.08401895598846233,0.7289176774884053,0.037365265801856826,0.7521907331430611,0.12635264087014048,0.8483655904388155,0.06613276589566536,0.7114029611130932,0.270356564760897,0.8824027827327863,0.03588772461852287,0.8014515697467,0.05689577273227014
hau_f1,0.46971339274280377,0.0031504160474135454,0.32796364029614145,0.017784274431592903,0.3007047451594072,0.014485785809378576,0.30743091779341136,0.022692810452431444,0.3210468496086768,0.03530513708958889,0.2669316886794417,0.023478533959737317,0.3276034475012485,0.06877885296217821,0.48370018628775274,0.01915428577587041,0.48370018628775274,0.01915428577587041,0.30305827748766045,0.05215108207523526,0.3172321316923731,0.03860163247899021,0.357929776060267,0.04761467494727851,0.4483830926583187,0.011394404802940869,0.30872747341029516,0.05755022270485489,0.2825864467208218,0.037312945987326276,0.3053021010838045,0.010031838055603814,0.28202675512085573,0.055935510878182264,0.30320232009064374,0.02376400472644815,0.5152926402068905,0.0029310098191574906,0.4795309928887157,0.015331697499877409,0.28744028153565354,0.054966266670156,0.32627206652407514,0.0401183100572023,0.47240362719660633,0.02299454642568485,0.4456716565295994,0.023704339355678943,0.27064376343251495,0.034443702989116885,0.3255905148822501,0.023030403813053282,0.48370018628775274,0.01915428577587041,0.48370018628775274,0.01915428577587041,0.29997273426521054,0.03783560139731651,0.3370244915286649,0.023970745919526675,0.35130348502066544,0.020729603106328726,0.4908516943227401,0.015293434227360828,0.29135288612672594,0.018372392290805128,0.31909368597423404,0.026230274989234643,0.36350878852636864,0.08831429543633211,0.4235913514257632,0.06038327461475952,0.35644046769791127,0.079808420317476,0.45904329915066444,0.05212001367089292,0.3573530591107694,0.03038518070063461
hau_precision,0.42326518150737147,0.007428969530854797,0.28794834003245773,0.02126124863133076,0.25546444357870873,0.01376043291291532,0.26023655029334847,0.027197632274112427,0.2636620056744623,0.036121756984548455,0.2212331801969972,0.014593885558495586,0.294386255904422,0.0763694815766706,0.4498488287751273,0.028656533346254242,0.4498488287751273,0.028656533346254242,0.2685834935880332,0.04052856732854182,0.2765931415466074,0.040126671239304336,0.31381650944462636,0.05920658194517042,0.41672734554472357,0.008873726156438378,0.26810877381727655,0.0639701458561719,0.2428295615396553,0.03539161452569406,0.26992713976396293,0.012246098907195661,0.2409429552805954,0.049986430715298465,0.2505354052052362,0.03261194469255182,0.4916620960870591,0.011432993711604972,0.4589279233015961,0.01234165049948968,0.2326660674204395,0.05354352705523631,0.27471531604840455,0.0406039364776887,0.43333107145647504,0.03388353530891487,0.40312114560148593,0.030480814401140262,0.21552854930563634,0.03257903868797347,0.2728456591500722,0.02835734477307765,0.4498488287751273,0.028656533346254242,0.4498488287751273,0.028656533346254242,0.24482257597604948,0.043815678750573434,0.2835012771099944,0.020053445791240628,0.30013724311405277,0.020809360859394367,0.4551318163954091,0.02964251753356073,0.2376637610074952,0.025034185744011683,0.26580099102187077,0.030154493073437566,0.3146869361924826,0.10162537301593993,0.3854186445971691,0.07169321445208947,0.3305010767201773,0.09812138615707348,0.4225927627815486,0.058359647080780175,0.3219916876477219,0.044630645866806956
hau_recall,0.5277446300715991,0.0038282371827605857,0.38148866348448685,0.01684856690021623,0.36575178997613367,0.019054194195027845,0.37768496420047726,0.026059030789883628,0.4116945107398568,0.029467732846341767,0.337186754176611,0.04177773945940406,0.37134546539379476,0.05394917492764123,0.5237917661097852,0.010483705583221103,0.5237917661097852,0.010483705583221103,0.34874701670644387,0.0701740149659328,0.373508353221957,0.04252283562693975,0.41974940334128874,0.027896586461959312,0.4853072792362768,0.015679329293792274,0.3680638424821002,0.049451559080463364,0.338230906921241,0.03937146970897975,0.35150656324582336,0.006707989351033988,0.3413633651551312,0.06758520799136684,0.38663484486873506,0.004865604543645624,0.5416169451073986,0.008200892569617809,0.5022374701670644,0.0212499031813003,0.3779087112171838,0.05186435326525228,0.40274463007159905,0.038542644135289954,0.5202863961813843,0.012990179628327684,0.49917959427207637,0.019880728842757437,0.3647822195704057,0.033016650396592025,0.4050566825775656,0.011394918751147665,0.5237917661097852,0.010483705583221103,0.5237917661097852,0.010483705583221103,0.39066229116945106,0.017430367577335414,0.41646778042959426,0.037048134054657796,0.42362768496420045,0.019097739586252067,0.5340095465393795,0.011725014201444965,0.3784307875894988,0.0018309419888148455,0.4012529832935561,0.026706726512333013,0.43690334128878283,0.06708873814148997,0.4728520286396181,0.03959884415783382,0.39468973747016706,0.07878681915729027,0.5031324582338903,0.04153568954570076,0.4041616945107398,0.00717800929628544
he,0.8251598023835726,0.0015643961689706973,0.8334367463532277,0.0016180287441487403,0.8357693928680138,0.0026212545652361517,0.8339372263457351,0.004457855546822141,0.8284817017490459,0.004607838194835777,0.8324387131517947,0.0012267890737690575,0.8296904633683767,0.0022472921053321698,0.8269861153386874,0.002280388297412601,0.8269861153386874,0.002280388297412601,0.8287099908684352,0.004097947157143919,0.8342620993233276,0.001966124826856934,0.8327255379428223,0.003268637704731889,0.8293216886370554,0.005332665011058523,0.8336943033084361,0.004800976697629781,0.8326113933831276,0.0049034308777148984,0.8350523308904446,0.004156999923832499,0.8388805638155892,0.005168250106627997,0.8324650542040319,0.006566123130820037,0.8357167107635393,0.0034486387528017506,0.8373557095694116,0.005062893458270158,0.8307675197265214,0.0016714983775256657,0.8323304221592638,0.002245471904233681,0.8324504202861224,0.003045676115532187,0.8299246060549299,0.003092168670042555,0.8315811655622937,0.003856015617241006,0.8319440867264511,0.0021030523535405105,0.8269861153386874,0.002280388297412601,0.8269861153386874,0.002280388297412601,0.8299714345922405,0.004176789869791093,0.8306592287339905,0.0016859459008490012,0.8303577700250533,0.007077260456907519,0.8306416680324991,0.0027810194306582044,0.8311040998384416,0.00193557265792515,0.8283529232714416,0.002121294297522573,0.831399704980215,0.0033112569329899694,0.8284846285326277,0.003633772041042533,0.8297958275773256,0.002358486401958111,0.8298397293310543,0.006969383188345522,0.8301499683907374,0.008180360285976872
he_f1,0.5201988565088382,0.00802323687943915,0.5389875167225782,0.006776769730040491,0.5421825097430317,0.008453306986002983,0.5426785847298008,0.007854873400856914,0.5324698065759462,0.008872682640732956,0.5393483467383069,0.0015068326912002924,0.5338826093931647,0.004339504116678203,0.5294176864877126,0.00461040248537356,0.5294176864877126,0.00461040248537356,0.5342149190141976,0.005742324070578314,0.5390116697750763,0.004443492818587314,0.5345739486263448,0.00475482469142375,0.5292534650209978,0.016107795562549918,0.5377174813190485,0.016954648228049034,0.5450783575067102,0.008165871167514743,0.549301875947789,0.012583370190032828,0.5556311802699075,0.014350756811134787,0.5439574261899417,0.015706912821178257,0.5539378499036637,0.004341118364702262,0.5522236865211503,0.011163011127350986,0.5335968810227728,0.008140496076071875,0.5401713398501752,0.00797130204209435,0.533868021534286,0.00856298506416195,0.534759312191121,0.007745891094788552,0.5386451352197039,0.011408199456467734,0.5355493049199801,0.008841143835910741,0.5294176864877126,0.00461040248537356,0.5294176864877126,0.00461040248537356,0.540899084840642,0.011683668754997729,0.5318960208948667,0.0030509493861906145,0.541426130769312,0.013504044684418258,0.5352525773031205,0.008478195633858703,0.5294050388884823,0.00582867079284035,0.5289309984976226,0.012064851085116367,0.5384561701852254,0.009865007962848966,0.5303687376918607,0.012605373176323985,0.5313122487524895,0.007734105237316432,0.5344873129423137,0.019174101318243594,0.5330779926304635,0.016513278508961803
he_precision,0.533249962693399,0.00593706575147047,0.5443101588203653,0.0034136616557004004,0.5478370274273483,0.0049245553095137555,0.5468293805141986,0.008357903826728151,0.539006821813512,0.010906975754854107,0.5472987881095801,0.004056490568286389,0.5392730987350463,0.007910886182240036,0.5309292501182196,0.00655095277087681,0.5309292501182196,0.00655095277087681,0.5356424372002141,0.006679832876723746,0.5435210099334549,0.006118298463479439,0.5418784084693973,0.004302724585065447,0.5324145702941931,0.01263610033389593,0.5458983205840285,0.010739098741451297,0.5478495246774862,0.010562423192093207,0.5495814734138809,0.008296361051347711,0.5596099405298005,0.010480863149075832,0.5498282944458516,0.014635295979669276,0.5593455852362487,0.004276462658078301,0.5552668323960904,0.011562363648823706,0.5388776627244889,0.008304104006898202,0.5505279284912288,0.00392819691939309,0.5428519213714798,0.004132354395579656,0.540275505322861,0.0017458639573648363,0.5459416975234288,0.008684412729231152,0.5424673073795945,0.008029813924306505,0.5309292501182196,0.00655095277087681,0.5309292501182196,0.00655095277087681,0.5440411265472943,0.011612686680241844,0.5392143611795908,0.0011492786776981958,0.5450138464343062,0.012591157863474934,0.5374359754153843,0.0098060291648502,0.5368186103773377,0.009878799216784365,0.5367686278078845,0.01049240294262562,0.5396972790185137,0.01114558962067516,0.5329796086880815,0.006821296699315574,0.5396494200324633,0.005216416792235674,0.5377783521110565,0.013392574766305279,0.540065417542815,0.018533580925484353
he_recall,0.5078113593225289,0.010757204396444273,0.533800554825522,0.01011265607568357,0.5367754416703168,0.014448195787301953,0.5386005256241787,0.007806325927330123,0.5261717038983793,0.009868423191439966,0.531646955759965,0.0021036286381599088,0.5282522996057818,0.002169317850504285,0.5280880420499343,0.010934817044235866,0.5280880420499343,0.010934817044235866,0.5328515111695138,0.00789809518087492,0.5351146152723025,0.003478975779659523,0.5261352022193021,0.00837122858239876,0.5261717038983793,0.019579467993308085,0.5298948751642576,0.023109262703543736,0.5423784494086727,0.007378397077495822,0.5494232734705796,0.023358260768872954,0.5517593809315229,0.01829604563445276,0.5382355088334063,0.01718257498513684,0.5486567382099576,0.006008343432913333,0.5492225142356548,0.011046186506492585,0.5284530588407066,0.00941665503320751,0.5302963936341072,0.013395933877475813,0.5252409110819098,0.012987401373579075,0.5294751058548692,0.014048468394683846,0.5315739524018105,0.014302759602336642,0.5290005840268652,0.014934302645825674,0.5280880420499343,0.010934817044235866,0.5280880420499343,0.010934817044235866,0.5377974886844795,0.011877263475586269,0.5248028909329829,0.0060665673492909305,0.5379252445612498,0.015265500857851904,0.5331252737625931,0.008634248242585022,0.5222477733975763,0.0037634511556956136,0.5214812381369542,0.01687124033415272,0.5373047160169367,0.011508472530599338,0.5279420353336254,0.01968090517555065,0.5233063220908162,0.012038602022121224,0.5313731931668857,0.025486180537411727,0.526281208935611,0.0146571400370874
hi,0.8123646960865945,0.020720681073162855,0.8008326394671108,0.010435157446634336,0.8233139050791007,0.005096587923902557,0.8205661948376353,0.012509559392721671,0.8120732722731058,0.00584905767064164,0.8228559533721899,0.005913303651942803,0.8075353871773522,0.004806044242927719,0.812323064113239,0.009625062540758048,0.812323064113239,0.009625062540758048,0.7808492922564529,0.01967473794156954,0.8143213988343048,0.0015914816749188912,0.8084096586178184,0.006415827939498883,0.8007077435470441,0.010363490758395022,0.8092006661115737,0.003985957983998026,0.8068692756036636,0.00914072299722435,0.7850124895920066,0.00413981778339915,0.8232583957812935,0.005750238140918174,0.8179433805162365,0.008403060865607145,0.807285595337219,0.013288449396958122,0.8141548709408827,0.01696379035438765,0.8186511240632806,0.01064563559502521,0.8276852622814321,0.005068169123574698,0.8134054954204829,0.008388885674840616,0.8132805995004163,0.0094773490381535,0.8136552872606162,0.010396996688618192,0.8170691090757702,0.010222606511168027,0.812323064113239,0.009625062540758048,0.812323064113239,0.009625062540758048,0.8132805995004163,0.008561083306192513,0.8131001942825424,0.012054978627668689,0.8209408825978352,0.007217116021442997,0.8031640299750208,0.013308346914008107,0.8226894254787678,0.01444887402678884,0.8077435470441299,0.008983764421076403,0.8098667776852623,0.002441304975874749,0.8150291423813489,0.00883945263602177,0.8077851790174855,0.018761013552664876,0.8045378850957535,0.01277344207174826,0.8087427144046628,0.0031756946412184427
hi_f1,0.6612261854888482,0.02634929425302508,0.6387452785473817,0.018460095246757346,0.6837640172149814,0.0044580943910180176,0.6802934168877073,0.019625382324811987,0.6649186940020553,0.011622066475395086,0.6801036567055982,0.0086100197290302,0.6629458172709265,0.01088753329915058,0.6594392305281591,0.024004506479385714,0.6594392305281591,0.024004506479385714,0.6086402425165599,0.028724355666415298,0.6795856154029567,0.008253647366097768,0.6552002566495728,0.006717142118153769,0.6390129865839173,0.00838579906972631,0.6728768913504791,0.004482213234508718,0.6431172059774459,0.019630799593809752,0.6185328241213804,0.008902853136625468,0.6778777633742923,0.009556283860258707,0.6673007369362727,0.022451529493195822,0.6521346168505631,0.026077977085129243,0.6583314718575901,0.02290076893476665,0.6747271060110852,0.016073885533288253,0.6903912235220205,0.005910064118872882,0.6691360955095164,0.0074265845195195706,0.6718090973096505,0.013995052270708228,0.6648922299192933,0.02028211715634249,0.6681596002196408,0.010471880748089869,0.6594392305281591,0.024004506479385714,0.6594392305281591,0.024004506479385714,0.6685735633439334,0.021422606714549323,0.6721878542158386,0.021158879711679564,0.6808203969966261,0.013854860974865421,0.647681843037572,0.029288474621796484,0.6729271610973708,0.02925012752960638,0.6584803246791454,0.011431134176885651,0.6549483805597933,0.010045020666542913,0.6638832648614909,0.009448267293345025,0.6531377300835322,0.030687387289777986,0.6499076398941115,0.014778982014192468,0.6555006636134048,0.007174576629618115
hi_precision,0.643412544636166,0.027526613204914032,0.6212308006450173,0.02241359917527346,0.6652326718941032,0.006804779923926745,0.6590442911054754,0.02045589820324931,0.6425737956660368,0.008677319693240272,0.6603538236808373,0.010442674390819888,0.6454827193335633,0.008929919115449074,0.641778335180127,0.022389379965806918,0.641778335180127,0.022389379965806918,0.5951602687007578,0.02986863336833833,0.6571049544818439,0.011375670159128326,0.6357485977832603,0.004202924629255079,0.6229441179962013,0.0064624312236942205,0.6564868269851707,0.004444912384038057,0.6308207840270121,0.02235297373348274,0.603188786131556,0.0049122871803815235,0.6555944625898088,0.009824271227201784,0.645590650960613,0.023540125335840364,0.6352743735115451,0.029596156695682524,0.6378613978806702,0.022481784430788326,0.6520293260913574,0.01622370774308136,0.6707643656322687,0.009989329200813992,0.6508729320537876,0.011124225118106387,0.6508226591986795,0.01097483403164916,0.6462597704741198,0.020057602385889987,0.6455978188437153,0.009638013514025457,0.641778335180127,0.022389379965806918,0.641778335180127,0.022389379965806918,0.6428455867206604,0.018862122462220507,0.6491163021753864,0.026399316661459997,0.659018218225279,0.016890657333745784,0.6270089798917254,0.02964740945088828,0.6480415723104859,0.0287289259665874,0.6420225919594067,0.008510097957908464,0.6385840974566404,0.014002071565789437,0.6422382325892247,0.01895621900932652,0.6335304025031193,0.03039663929183061,0.6301445619370898,0.018132326398256855,0.6388539888777184,0.007546732524910785
hi_recall,0.680171009771987,0.026937662715021314,0.6573697068403909,0.015123723312380048,0.7033116178067318,0.0036720274860121017,0.7029723127035831,0.018822352331150198,0.6889250814332247,0.015971433966727122,0.7003257328990228,0.011744466695322446,0.6813925081433224,0.0132375962597792,0.6781351791530944,0.026373764643200664,0.6781351791530944,0.026373764643200664,0.6227605863192183,0.027530171454961824,0.7037866449511401,0.010708288435165239,0.6758957654723127,0.009589316901550326,0.6559446254071661,0.010648775920701969,0.6901465798045603,0.007595585548117941,0.6559446254071661,0.01716548507466058,0.6308360477741585,0.015479454320720083,0.7017508143322475,0.01022249188797532,0.6905537459283387,0.021688365206773277,0.6699918566775244,0.022698065884455512,0.680171009771987,0.023548849740914084,0.6991042345276872,0.016958196142711473,0.7113192182410424,0.008264569678413831,0.6885179153094463,0.0057389724516465545,0.6942182410423452,0.017560145482775125,0.6846498371335504,0.02090339751773756,0.692385993485342,0.01258707606363908,0.6781351791530944,0.026373764643200664,0.6781351791530944,0.026373764643200664,0.696457654723127,0.02439714588561623,0.7014115092290988,0.015393536241865182,0.7041938110749185,0.012284906636133158,0.6742671009771987,0.033890312779616974,0.6999185667752443,0.03159846974939648,0.6758957654723127,0.01664906213376295,0.6722312703583062,0.0064635618348483515,0.6872964169381107,0.00453401006745113,0.6740635179153094,0.031876193039169116,0.6710097719869706,0.011763272899033889,0.6730456026058631,0.007176603727688514
hu,0.907306204343151,0.0028102188849625817,0.9138436554300473,0.0033035447892668652,0.9160357384354458,0.0027332489924531325,0.9138685969560254,0.003842078566470993,0.9057958563811508,0.0015496027464765975,0.915750296527031,0.005450464932305999,0.916177073749321,0.0022696343110212534,0.9076055026548869,0.002757471144813642,0.9076055026548869,0.002757471144813642,0.9124801853432508,0.002288182970711781,0.914367427475585,0.006220778837438968,0.9191368014987085,0.007400719758320848,0.9113993858842048,0.005479724766206526,0.9115157796721021,0.002294511053430485,0.9165983084102826,0.0018597337531926735,0.9122252275221425,0.004067926629306302,0.9192310250412921,0.004699066825881643,0.9115324073560873,0.002544824446873107,0.9147415503652547,0.0035589674935871123,0.9075389919189456,0.004533539611232343,0.9068018312622629,0.004766899195823259,0.906538559599162,0.0019334855329158818,0.9067630333329637,0.006192520332084668,0.9060480429215949,0.0036972886343367077,0.907441997095698,0.0028922099041278006,0.9112635931316581,0.002599486868206735,0.9076055026548869,0.002757471144813642,0.9076055026548869,0.002757471144813642,0.9095620268038266,0.003478792197889421,0.9065025329505271,0.004174452714254712,0.9118455620711443,0.004016472050184759,0.90716764030994,0.0036237614669731863,0.9018717229606146,0.005295629482154938,0.9116266308986708,0.004503902069093579,0.9070013634700869,0.0079477701134628,0.9075362206382813,0.00596149730651925,0.9099888040261166,0.004333966364491419,0.9083620622762191,0.0018823259639219206,0.9168449523893981,0.0029837243515221895
hu_f1,0.7406603377804095,0.00766008721851308,0.755132658324474,0.005905096769220861,0.7608707920457605,0.004825902821680767,0.7539050926661267,0.007001280372404257,0.7371304765442099,0.003315562718995673,0.7604035123773014,0.013391859924463153,0.7599202842796567,0.007833596367738508,0.7405777984755768,0.007762919649632107,0.7405777984755768,0.007762919649632107,0.7511737584468254,0.008661399888327589,0.7548087920329568,0.01315680827372297,0.765545047305492,0.016076541543554354,0.7505046050057125,0.011167520112572413,0.7500990938746154,0.0037975944826011635,0.7608442797342836,0.004775248432854198,0.7513707501803055,0.012767243925772912,0.7686895786699945,0.010964858101977866,0.7495003550785472,0.004815029734700444,0.7551743874919891,0.008027019767670444,0.7411170957522663,0.010375527613506092,0.7367251136313905,0.01051490570186288,0.7414260490174926,0.002458911583883175,0.7424918059991596,0.012091776959147628,0.7383494413432593,0.010281171601070295,0.7408369493792774,0.008939021688279578,0.7480916540739373,0.005849190510940533,0.7405777984755768,0.007762919649632107,0.7405777984755768,0.007762919649632107,0.7434959606619039,0.007657429968212258,0.7419017717832304,0.0059589587914335865,0.7511125846966886,0.011748248924567594,0.7418269921090092,0.006632824198354753,0.730166378947812,0.01036305922920782,0.7514616603488811,0.011809866975555958,0.7403781197950254,0.020424128628582734,0.7416061217507113,0.011819094895731132,0.7470835132080611,0.012217021635144393,0.7423267254783238,0.0020369800518222083,0.7611450415654468,0.007281836388496146
hu_precision,0.717419614257746,0.005537383854787167,0.7297704170010192,0.004057980104148621,0.7306811262961456,0.006499645540270094,0.723271981727797,0.007604482149070986,0.7103573086704055,0.005976292596319161,0.7299007625216141,0.016218599909648298,0.7335465433512653,0.007772200366205092,0.7115911197184239,0.007926196452132233,0.7115911197184239,0.007926196452132233,0.7263962525606249,0.007974123644087151,0.7273288979119737,0.01282972232164753,0.7399849407672336,0.018258940608369537,0.7221611318069925,0.010231825685636594,0.7230308009744048,0.005492288331959774,0.7343669026263264,0.005362679486114494,0.7264546917857719,0.017204102935892498,0.7419468641992066,0.013069492009543002,0.7209330993128982,0.005892663191480877,0.730195987089272,0.00754873961988805,0.71082638049596,0.012931048538204325,0.7108422548429023,0.01245768355227094,0.7173855487955474,0.007273977183407684,0.7113213680516952,0.013013266452770325,0.7112541584645843,0.014249991470652822,0.7124686709650424,0.007596952144031792,0.7218146548882107,0.006166878271272286,0.7115911197184239,0.007926196452132233,0.7115911197184239,0.007926196452132233,0.7125457515048497,0.008806357682864682,0.7150478523468032,0.008873610278190232,0.7277297471038955,0.010219726494608143,0.7142668643289918,0.006386687346655128,0.7008586223366592,0.013063481300950612,0.7212877427227753,0.013261568291548039,0.7094218905394089,0.02049539577765199,0.7134428134810084,0.017813682389258383,0.7238326063862159,0.015030241839311993,0.7143486041886955,0.004326434910206718,0.7358746396478744,0.006738012557784577
hu_recall,0.7655000353882087,0.011653328689984664,0.7823625168093991,0.010003456463362712,0.7937221317856891,0.007886940667940531,0.7872991719159177,0.009597862402431377,0.7660485526222662,0.005310432773806482,0.7936159671597424,0.011037339659381019,0.7882723476537618,0.008592948860888343,0.7720645480925755,0.00977304184213218,0.7720645480925755,0.00977304184213218,0.7777089673720716,0.009811898042459098,0.7844681152240074,0.014284260941934213,0.7929612852997381,0.013867527794826731,0.7811770118196617,0.01274832076786383,0.7793191308655956,0.006519375069823665,0.7893162998089037,0.0054586240146745684,0.7781159317715337,0.007756828412879603,0.7974732819024701,0.010044683963166942,0.7804515535423597,0.0059950034753471805,0.7819378583056126,0.00947294159762408,0.7741701465071837,0.009984639511730562,0.7645799419633378,0.008350692498045929,0.7671986694033548,0.0039054967482761802,0.7765765446953076,0.013229369570799834,0.7676410220114658,0.005928343574597477,0.7715691131714912,0.010897193471664443,0.7763642154434143,0.006285799950340443,0.7720645480925755,0.00977304184213218,0.7720645480925755,0.00977304184213218,0.7772666147639606,0.006571924781885005,0.7708790431028381,0.0031389294525586368,0.7760811097742233,0.014554538240537762,0.7716045013801401,0.007276100267084917,0.7620673791492675,0.007831675221514829,0.7843442564937363,0.01288791723664042,0.7742055347158326,0.021395667245468455,0.772206100927171,0.006232210850939909,0.7719053011536556,0.009192287296125418,0.7726130653266332,0.0037189061963260293,0.7882192653407885,0.008291093025066733
ibo,0.9375261134787332,0.005871455362307278,0.8026552185175901,0.1836690543051887,0.717838639592212,0.11123555771069371,0.7958900866271135,0.11123925097654327,0.8968134592351188,0.02676602034157711,0.4831759561015013,0.20276091695914591,0.8250954012423053,0.1841344298133091,0.9434416868610902,0.00465236203192328,0.9434416868610902,0.00465236203192328,0.6094572574580095,0.3132408155935698,0.9030215035792875,0.042896062678559076,0.8435001810534526,0.09140046329622305,0.9186582546447174,0.008377505940163017,0.830196234088187,0.14764757322349029,0.7071738948775801,0.10192634404203711,0.8045110164062282,0.06171720945012881,0.7504700426171973,0.21083761426500022,0.7814232194089301,0.13935496272274886,0.9078124564775354,0.023298643385775242,0.9342810785214897,0.011847868340823456,0.6261281022812735,0.17764435148972532,0.7969833709367427,0.10633658047020313,0.8825520180496366,0.05048420765470002,0.9268439597782792,0.007347841617321545,0.8561008049915044,0.02961745250801736,0.8611981560402218,0.06264587590703205,0.9434416868610902,0.00465236203192328,0.9434416868610902,0.00465236203192328,0.8362963427202585,0.1072899225868514,0.9051871814155594,0.03396064042065673,0.9120045402635023,0.020720001059181613,0.9441972368457703,0.002807042638467697,0.8890281607754659,0.02804426099994366,0.8384132753962286,0.07345696474924576,0.9157718447954096,0.006387094105141434,0.9267569148491686,0.01242574270753168,0.8583639731483802,0.14216686373371346,0.9434521322525835,0.0016388924414175144,0.9128018718141556,0.022980556227339213
ibo_f1,0.3876871166640926,0.012282860593849974,0.26012234201946827,0.06874751438917423,0.1817362746006197,0.04839399456842452,0.22376393480431295,0.057816715916569644,0.2822377091430462,0.03554884313632262,0.1433558898785634,0.028752469927491208,0.2818185118276272,0.08505244021472745,0.3916494386120952,0.031419333097936666,0.3916494386120952,0.031419333097936666,0.16398859787926073,0.057511776633840384,0.30227974513495404,0.07046952111290572,0.2606575058691256,0.06605683362683175,0.3201960193781997,0.017607261877315417,0.259155720195427,0.10646596755720995,0.1793798860433128,0.04623939377069672,0.22174403492631128,0.037416504273932595,0.21514602928617685,0.06438421665555391,0.2469762769776459,0.06228099735703904,0.3416021837538654,0.0624728939826612,0.38570406061078544,0.04375018926482785,0.17545737761934962,0.0563792310266194,0.2550667110061172,0.05826552116302486,0.30000947824126517,0.03454966685492286,0.3353054563086796,0.021517543768759875,0.2982187318035773,0.032095176928885166,0.2692664059136615,0.06986596754841146,0.3916494386120952,0.031419333097936666,0.3916494386120952,0.031419333097936666,0.26651566331637516,0.08513493855547184,0.32510106226964186,0.019239697642643015,0.31818120046905424,0.044085833768118095,0.40575150278046224,0.022025765089996083,0.2926561503710815,0.029619774030474114,0.2707423797367341,0.013810797072771237,0.33864281183158085,0.031815237772788905,0.3606551110609251,0.04484986435145495,0.32291330451829026,0.11602218079485753,0.38787304110863696,0.027427256054270873,0.31409877508671313,0.04492600774612284
ibo_precision,0.3519286675224823,0.012115403681243716,0.21920445949870998,0.07209881829772746,0.13616971616364887,0.04272883164517846,0.18436870131728747,0.07196402595137699,0.23166576318611065,0.045614548947295316,0.10176147913366837,0.021327454208098028,0.25299556211196167,0.09636562210007135,0.37504054604838366,0.02727218115110355,0.37504054604838366,0.02727218115110355,0.12208351352093107,0.04022666640342817,0.2738860685727385,0.08026268745688628,0.21964781949203946,0.07956813255032381,0.28843542860053323,0.025339366134007297,0.23396808899587035,0.13347801075595042,0.13510293629573192,0.0448207185923461,0.1784623667616774,0.04162505149306701,0.1771408960614381,0.0649006183849784,0.1938955772412505,0.07484056281018092,0.3014972687283487,0.061510157720434576,0.3519125279418778,0.05567144915827565,0.12144091660020159,0.04641589643926968,0.20577779824620807,0.0725014110847545,0.25789499394996795,0.040505945080783076,0.29804309656594075,0.025233753764014183,0.22602872587293465,0.030615344235894525,0.21875400986502572,0.07415050295587956,0.37504054604838366,0.02727218115110355,0.37504054604838366,0.02727218115110355,0.20952011494107273,0.08121420451257334,0.2818116518680382,0.029781639095233327,0.2766869237609382,0.04858727148591465,0.3791191449343758,0.020635505152027257,0.24883441971860276,0.039997416794228795,0.21487632469482515,0.024896572943573097,0.294248128193933,0.029355777935508108,0.32121503322237677,0.04109725184436895,0.30544574198647684,0.1529337045025016,0.36592342185035504,0.025116034934263284,0.28787635875112244,0.058769231580582545
ibo_recall,0.4322754075615678,0.02456985846112236,0.32535553243149495,0.05300960778288541,0.27636142906694416,0.05177056417024046,0.303763440860215,0.031201258615193097,0.36749913284772806,0.03210478316612245,0.2431494970516822,0.04492529492977957,0.3303850156087409,0.049620510966730966,0.4103364550815123,0.039864364747608766,0.4103364550815123,0.039864364747608766,0.25095386749913284,0.097722277296446,0.3407908428720083,0.053817121556727646,0.33480749219562955,0.023734640432793035,0.36168921262573706,0.02336681745357505,0.3143426985778702,0.06763543135291557,0.2720256677072494,0.03447778240670846,0.2965660770031217,0.0236764861253516,0.2803503295178633,0.05344988548355778,0.3603884842178286,0.0127066660312273,0.39524800554977446,0.06322295355712743,0.4301075268817204,0.035104426092471164,0.3237946583420048,0.06362258654719603,0.3536246964967048,0.02088571245395873,0.36186264308012484,0.028169683244178952,0.3845820326049254,0.025981981363141848,0.44016649323621226,0.02520893834284655,0.35822060353798124,0.0435862856389572,0.4103364550815123,0.039864364747608766,0.4103364550815123,0.039864364747608766,0.38137356919875126,0.07046571348039718,0.3864897676031911,0.009002249056791327,0.37617065556711754,0.035389446408751433,0.43669788414845645,0.02662783520959145,0.36420395421436,0.045964851064370614,0.3714880332986472,0.024746526509520594,0.4007977800901838,0.04807789162127354,0.41597294484911546,0.07190730045178349,0.369146722164412,0.06456917756327878,0.4133714880332986,0.037164734140619486,0.3495490808185917,0.03163525517910561
id,0.783092635119837,0.016876965325668864,0.7760819290358055,0.03507410508948687,0.8316338907397225,0.02374096694080884,0.7830239027072484,0.020612149928779286,0.7806223113497428,0.009832591886876121,0.8096233463790148,0.05129681364384452,0.8158860820907592,0.062323508863050554,0.8088389882588867,0.013938964295379712,0.8088389882588867,0.013938964295379712,0.7702801047967138,0.031671468122239095,0.8241218423521041,0.059222631244894186,0.7851020474172785,0.028960106452130572,0.7970817026231523,0.02054288729394793,0.7777840670181454,0.048860739755916316,0.8155868939418442,0.0327965862623046,0.8249991913833813,0.013268850918230098,0.819565287705793,0.03432560180239923,0.8401405375683282,0.02798061021439099,0.8124373322120517,0.034390659990897895,0.8053255490506841,0.051518956770455544,0.7953997800562798,0.008436858214727044,0.7971221334540868,0.017195929678645545,0.7751075460102856,0.02428451487732608,0.7604675421289259,0.03985389570088842,0.7824295694925122,0.0033418570384291337,0.8087904712617654,0.010334549573240022,0.8088389882588867,0.013938964295379712,0.8088389882588867,0.013938964295379712,0.8230625545816218,0.02265559784829054,0.8190962900669534,0.0186170263413998,0.8115397677653071,0.018593411365826474,0.8030533363521687,0.031497733747079634,0.7886842190380696,0.045502924732888965,0.7854740110618754,0.03311888877447526,0.81359769705987,0.03611602523491505,0.8285207167577708,0.022893642570669497,0.7570390076656855,0.02322408259419897,0.7931599120225119,0.018884051364378436,0.8007002619917845,0.03471268866788721
id_f1,0.5224007527680953,0.03102481319866192,0.5284650999814595,0.02658423210282965,0.6269467510195089,0.07304103444744295,0.5663176371288847,0.03807760733412922,0.5152770026114394,0.01201911358806284,0.579474414804312,0.02762071651105507,0.6387174628778369,0.06440676494133513,0.5845620119216721,0.0573501573967374,0.5845620119216721,0.0573501573967374,0.5149947494149237,0.02811516773320781,0.6438199769752233,0.0685727115506033,0.5568601942333783,0.03388899656258338,0.5642001029109899,0.049008946188875406,0.5505820771276339,0.04773140726908706,0.6053797919445433,0.04945631813830261,0.6041646539850263,0.025546202159216366,0.5907676270644033,0.06272912704977274,0.6424865936481345,0.06788196261514721,0.5614736629805415,0.05097189677004699,0.5919864959968901,0.07090131186240148,0.5416731204093366,0.021874397206327736,0.5449339688850316,0.03776122585046312,0.538325210887613,0.03057575590256389,0.5169541999822718,0.011597154557747473,0.5146667955578215,0.007167674892543122,0.5705176569029794,0.027535312425044044,0.5845620119216721,0.0573501573967374,0.5845620119216721,0.0573501573967374,0.5974965905456132,0.04522424262004105,0.5967615464583567,0.04331288196217857,0.5610103240553415,0.03173893399322961,0.5542478432906022,0.055541994786624936,0.5533648829009897,0.08987649409752094,0.5493751522195209,0.06365476237381479,0.5883477304739592,0.07976187263055697,0.6249184895869693,0.05636824904370229,0.5017664742606918,0.0069048780698066775,0.5474971008663848,0.04400081212890598,0.5699509164688767,0.06642822854897
id_precision,0.4949482076713877,0.03480891022307916,0.4875304525596641,0.01257825031270317,0.5622749616725349,0.08089630807322508,0.5203932736565348,0.032546639306920935,0.484845034327571,0.01703332022496738,0.5381590135788721,0.024545646506227425,0.5912596743051599,0.07262162684370398,0.5309140969323045,0.052265714830832026,0.5309140969323045,0.052265714830832026,0.4829626868602214,0.026466995701262284,0.5853744363126572,0.06966388805219598,0.52151120509833,0.02179871358571045,0.5231165131410586,0.03551766412515947,0.5010550489176143,0.04535513382046492,0.5519018893586289,0.05460378242905672,0.5558104527485936,0.02753056096580787,0.5459922368491151,0.06194835204612318,0.6086656848181907,0.06178892301385862,0.5159294218894817,0.054742792217553946,0.5593086692442035,0.06358740589279695,0.5202462166212092,0.016911594190273067,0.5229682032672438,0.03632001553330589,0.5057493202977584,0.03692515630362203,0.4925143593025484,0.024919192611650338,0.4941210520495606,0.008092671031543933,0.5243677129963328,0.02731823364488955,0.5309140969323045,0.052265714830832026,0.5309140969323045,0.052265714830832026,0.5596461971563924,0.04673441570496456,0.5575164462950043,0.038461474058703135,0.5228066825453694,0.03613699759726404,0.5128633186264386,0.05636154162453224,0.5265324360234649,0.08648103800397199,0.511881306672107,0.05017301920210419,0.564430785243047,0.07819553972832224,0.5903670070092383,0.056904677706423636,0.4694446836469528,0.018317108512482316,0.5081251182212225,0.04063097461915273,0.5322723087233803,0.06844456347286
id_recall,0.5534856294225561,0.02924616917090084,0.5778151480737311,0.04850057481582559,0.7097929588538482,0.062180518637665445,0.6227614222066917,0.05889929489034783,0.5499912640866602,0.008426232597057862,0.6278719315104394,0.034123434356667155,0.6954660609766751,0.05632964069186215,0.6526819253953,0.07580294430722498,0.6526819253953,0.07580294430722498,0.5521970822049446,0.036649282241588706,0.7155586616580764,0.06523187079388595,0.5978422294050842,0.05058113940913573,0.6133703153664716,0.07107603284419271,0.6124748842491483,0.061806118697783664,0.6714204595090416,0.0482630750287304,0.6621167118022189,0.027496845224045115,0.6440115314056085,0.06531862130098227,0.6807897265659124,0.07815643672505698,0.6164934043854284,0.04849321153725265,0.6290294400279549,0.08065039795721761,0.5650170350310125,0.027788753586115822,0.5689481960338953,0.04058176529102204,0.5758495675722897,0.02417774824335869,0.5448152354328646,0.008667065121708374,0.5370184327771468,0.007020100456320491,0.6278282519437407,0.050724817079171154,0.6526819253953,0.07580294430722498,0.6526819253953,0.07580294430722498,0.6413907574036866,0.04806440983362226,0.6429195422381411,0.05797121638464915,0.6059229492443434,0.033046933684249484,0.6040665676596488,0.05983024493238245,0.5831658949943217,0.0937861362335827,0.5935834716519612,0.0831119318456866,0.6144186249672403,0.08143612527011462,0.66443172883725,0.060591410536903215,0.5396173669957194,0.012543262755864457,0.5939329081855508,0.051390311186120405,0.6137634314667598,0.06481264224547628
it,0.9170901806580851,0.0017635581247751142,0.9203422734972981,0.0019949552007158867,0.9187038617056794,0.0023000367535417634,0.9215200751814618,0.0011024094971971879,0.91840091009138,0.0013591788325515634,0.9201537015741118,0.0019348646462527483,0.9197332789256965,0.002445310285552063,0.9178506510368364,0.000855894571882161,0.9178506510368364,0.000855894571882161,0.916119498955126,0.0018824764458783198,0.9196838174376477,0.0013022396299499197,0.9195014282004674,0.0019841959514784835,0.9196003511765651,0.0015144762493871386,0.9204133743863684,0.0012358930036258204,0.9200022257669622,0.003211467484446973,0.9191459237551163,0.002425239529526212,0.9212016668521472,0.0019475231929524893,0.9198723893608339,0.0020373990855779385,0.9192572121032261,0.001252158013815186,0.9200300478539897,0.0030844333424615584,0.9170036230539995,0.001298344433559897,0.9184225494924015,0.00207297080968854,0.9189326210879054,0.002389878068745276,0.9177393626887266,0.0016731373417578084,0.916900578287231,0.0015884730985551532,0.9190006306339726,0.0025608463524384004,0.9178506510368364,0.000855894571882161,0.9178506510368364,0.000855894571882161,0.9177486367177357,0.0016555558466012478,0.9184163668063954,0.0015590302028551297,0.9201196968010782,0.0007593721170493661,0.9176157089686043,0.0026897171299041247,0.9179310259549158,0.0025031047993884035,0.9188769769138505,0.0022311759647531087,0.9176929925436806,0.0029069124128161756,0.9172632958662561,0.0012907853259761853,0.9179835787859678,0.0015283244648679733,0.9195508896885163,0.0013626991539428294,0.9200887833710478,0.0013020096719996987
it_f1,0.8009217208560291,0.003135375257032482,0.8092221735606884,0.003181842709646053,0.8055762694559234,0.005124301607568584,0.8107127760560235,0.001938973184948377,0.8058306647998329,0.0023904565894419098,0.8076117583266731,0.002294472957107304,0.8075652347424765,0.004412506016663545,0.8036194015314881,0.0022012701161461755,0.8036194015314881,0.0022012701161461755,0.7989376686838482,0.003272531509619172,0.8074277277645113,0.0020553361010117823,0.8075369453091893,0.0033086292550937486,0.8085848141693766,0.0031186566637977967,0.8084454114423714,0.0031922892488491354,0.8086871402162755,0.006400932405436946,0.8067468505877524,0.0035884596731260454,0.8095337489919124,0.004377696102416321,0.8056134120216716,0.0049614508842999745,0.8078267589214734,0.00404293809138906,0.8068900553351663,0.006549155684206886,0.8013233049454912,0.0036530864001907784,0.8048348761754746,0.004152071200468439,0.807155519934982,0.004443682873942004,0.8055387945025129,0.003501126452769851,0.8017099398320283,0.002797364831985441,0.8046918516185053,0.005633504583637494,0.8036194015314881,0.0022012701161461755,0.8036194015314881,0.0022012701161461755,0.804296340677275,0.003673194350203548,0.8036761608051195,0.0018983968591764601,0.8075069666702122,0.0011275151439744484,0.8042867407136371,0.00512157465410173,0.8024133353001698,0.0031130297014287972,0.8053100373507843,0.0037700418006986875,0.8041802406115356,0.005333150998883937,0.8033360142237346,0.002500650937411245,0.8036767135785099,0.0005659823754459933,0.8063262785811496,0.005863514114931087,0.808934598725944,0.0028496144987671603
it_precision,0.7946478587335404,0.00609013101239976,0.8014690132108452,0.0032182799397242794,0.7969118197118734,0.004985096964384293,0.8019949812412297,0.002356019550167446,0.7976258797073662,0.004656115492527145,0.7994278599751545,0.002226519325740348,0.7989850662435978,0.004278594056704651,0.794798239304933,0.0030253870335492437,0.794798239304933,0.0030253870335492437,0.7902913731254548,0.00364401095925759,0.7980439079667911,0.0036488664061915042,0.7999266090392869,0.003876427040542893,0.8003090262848839,0.002904169023292151,0.800434631624851,0.004316561416276898,0.7977831511505981,0.005746367278589147,0.7974256146134362,0.004204567028678918,0.7995191378033131,0.005139419049795951,0.7957667936468504,0.006473009625770621,0.7980927968266346,0.004869221911370678,0.7984849699831513,0.009037687855233937,0.7933853186271272,0.004197480730352299,0.7978037376647913,0.003354767387283422,0.7983812850883156,0.005841969296106257,0.796465334572628,0.004156442317240023,0.7946178093190446,0.0034363216134205275,0.796271770677239,0.006891225129944689,0.794798239304933,0.0030253870335492437,0.794798239304933,0.0030253870335492437,0.7942820615852032,0.004213971583566332,0.7960287801463893,0.0033594704894286506,0.7992751816108272,0.001159676837201309,0.7953848197354821,0.005827548245871182,0.7939177490283595,0.0030529228226093635,0.7962637496182055,0.0031518408537955845,0.7962792256881095,0.004597150581775939,0.7951508774306506,0.003827457755943892,0.796203272676291,0.0029194130462212677,0.7979063663057083,0.006179966188754817,0.8011101413685983,0.002961637302580975
it_recall,0.8073132591461196,0.0005487172544794088,0.817132155065823,0.003959473675369439,0.8144410502582006,0.006195907936014887,0.8196232453269329,0.0017354503520908848,0.8142228525710962,0.002647421976655578,0.8159684340679323,0.0030613267118366847,0.8163320968797732,0.004597854382040902,0.8126409193395884,0.001670211617780662,0.8126409193395884,0.001670211617780662,0.8077860208015128,0.004425892459988744,0.8170412393628628,0.0012119669066792658,0.8152956578660266,0.002999134360205328,0.8170412393628628,0.0044091772685221015,0.8161563265207167,0.0029241143544257056,0.8198959924358136,0.007243709227668607,0.816295730598589,0.00393086810078746,0.8198050767328533,0.0037734580493789353,0.8157138700996436,0.0037107271357350907,0.8178049312677286,0.0035497663370171973,0.8154956724125391,0.005018502882582207,0.8094225034547967,0.003102521952666897,0.8120045094188668,0.006177952255818165,0.8161320823332606,0.0034972187883253298,0.8148228962106335,0.002920795781481498,0.8089315586588115,0.0023455546580256584,0.8132955124009019,0.004340860662266889,0.8126409193395884,0.001670211617780662,0.8126409193395884,0.001670211617780662,0.8145683322423449,0.0033157859699006723,0.8114771983416976,0.0010836907721107905,0.8159138846461561,0.0023091872669121325,0.8134046112444542,0.0058093545397787105,0.8110953523892647,0.003597812095956871,0.8145865153829369,0.00653821506755257,0.8122408902465634,0.006126396317183667,0.8116953960288021,0.0012639571748478196,0.8113135500763692,0.003902956524628262,0.8149319950541858,0.006091759169969695,0.8169139573787185,0.002832137242335801
ja,0.6938876625061581,0.008753126139639111,0.6887158581942214,0.01075931624093845,0.6937062121821799,0.009894427445191702,0.7036831595296206,0.011733848868004102,0.6904927551492406,0.02447404607850068,0.6911000966481519,0.005446051825888473,0.7036793989011444,0.017566470713802233,0.6835656774960231,0.018243445834850613,0.6835656774960231,0.018243445834850613,0.6757426301083437,0.008247237660811592,0.6957726775298688,0.0036749557248681127,0.6920327325102571,0.022100325584141055,0.6797721435206252,0.019817901790737096,0.6826621865046086,0.019021866356396366,0.6967429196767364,0.009738915473167022,0.6821347583608173,0.013759759655150494,0.6930960502119115,0.008038544518731691,0.6864641818940781,0.014131870527839284,0.6970898376536687,0.01502278285332981,0.6818658734247667,0.005764380665499535,0.668241116455382,0.009735127055671226,0.6593942379650487,0.02274845776959513,0.6696024639637776,0.01451746612204784,0.6889245730746523,0.010990145743728039,0.666155847965312,0.01510533486484208,0.6717770473801582,0.017376275248455305,0.6835656774960231,0.018243445834850613,0.6835656774960231,0.018243445834850613,0.6801651291963913,0.0151615859246682,0.6863955504243869,0.005984099792005713,0.6865976842049843,0.009693964324867315,0.6864237551379586,0.00784004907858741,0.6888897872612472,0.022573421987159555,0.6770409870897625,0.014849138888731761,0.6732803586135315,0.016625381083845564,0.6840771229687905,0.009055530381059232,0.6765605668019239,0.01643175026376814,0.6848471116492989,0.007077110716238877,0.7072971234952785,0.008694426373467179
ja_f1,0.2731921829634345,0.022794911060792337,0.28444770339072667,0.016668078645550113,0.28154450441320095,0.018613988519834267,0.2916534069745873,0.012254803951204712,0.27935874888875967,0.025922536509810294,0.28774185784106515,0.010484399841208827,0.2745791931363918,0.017538418436753297,0.2825052290753768,0.03911969935202066,0.2825052290753768,0.03911969935202066,0.2784681004060713,0.03874814516624266,0.2938002602661307,0.012368812918573354,0.30143581826287397,0.039160815401499634,0.3107987626852671,0.0066972923076477784,0.2861454905695708,0.022389130084720734,0.312553013276724,0.014021537654133031,0.311102432458514,0.017246888555058563,0.2939092843296115,0.028633714894654966,0.2856511207587047,0.03939094453789492,0.291117797816637,0.017809193319627426,0.3251049125328966,0.013075824736166695,0.29225998773803774,0.017159940784642773,0.28768805230423333,0.023869981268309193,0.2899088492865243,0.01888844179095729,0.27720314319301415,0.02041827604662648,0.3113435657150134,0.014831017788763114,0.28027820241757684,0.024854642817174862,0.2825052290753768,0.03911969935202066,0.2825052290753768,0.03911969935202066,0.28473245562628935,0.024929756913065804,0.29169208911480177,0.01361603160243386,0.2963915911347463,0.0314512014155235,0.3198948161782665,0.017453860893022633,0.2926236437240676,0.016263389364770713,0.29361548863737125,0.0109749082970226,0.29461616108323235,0.01337597497697608,0.2732634537874251,0.031015482415119013,0.2749260214321633,0.03294010011015852,0.28935211554647383,0.038075790951719306,0.2884429657309459,0.015116087267635846
ja_precision,0.2241236874874177,0.023909495251597277,0.22496086410799584,0.01658041583755243,0.22542429892443805,0.010525423304965437,0.2459317848092878,0.01754335565458624,0.2229080255023011,0.029511459470507474,0.23194680368864337,0.00816384348297834,0.22302193786914817,0.015268779312466287,0.22248801003315644,0.03612716714281182,0.22248801003315644,0.03612716714281182,0.22281114381848366,0.02941490502922792,0.23302804065760888,0.01127151526431966,0.2406096456485547,0.027753519624355797,0.24132472563468732,0.006956397607723117,0.22396638866523366,0.01866369047421136,0.24519248587001866,0.012983616264589772,0.245974122722916,0.01417357602460015,0.22863900441122437,0.02223342077067879,0.22481216999753761,0.03498509742579885,0.22985428302807448,0.0144903101126615,0.2535672781670114,0.011715017109117652,0.22781848556270584,0.01298717133107763,0.2297700210708825,0.02142774145548944,0.22680925169202723,0.01931483150734141,0.22067775080962365,0.016039946118246884,0.246022008111684,0.01300398803546054,0.216844936044603,0.0208303951937988,0.22248801003315644,0.03612716714281182,0.22248801003315644,0.03612716714281182,0.21940551428636396,0.019064064347845543,0.23052748209650767,0.00794792663443556,0.23530177985627315,0.032379214714191605,0.24772105264902997,0.01371746132086119,0.2335217749943913,0.0174233528327234,0.2349152205388684,0.01216593071294455,0.2299358478380251,0.01339677641909303,0.21030100648798425,0.02473339416704027,0.21626671274332354,0.024794469741511053,0.2218996982514427,0.030444215720637595,0.22551018249850982,0.013140109175634502
ja_recall,0.35041611914148046,0.019013042212640077,0.3871003066141042,0.013984986900237376,0.37567528106292886,0.03934950982385809,0.3595597897503285,0.0150532588174723,0.37624105708862604,0.01118888106838998,0.3789056796612644,0.01492573549218354,0.35815447510585485,0.030480162440653755,0.38881588553073443,0.043016801621128455,0.38881588553073443,0.043016801621128455,0.37134983209227623,0.05642277667971196,0.3977770477441962,0.017068884035167032,0.40392758066871076,0.06251227727361755,0.4367608409986859,0.011758206359353028,0.3962987297415681,0.02900886214903431,0.4310665790626369,0.013752997607232484,0.42327347057964665,0.023334595885882124,0.41142867571908304,0.040903574841331204,0.3930135786246167,0.04741606046751814,0.396974010804497,0.02367556232414283,0.45304058986713386,0.015477328886656162,0.4076872536136662,0.026601986969923278,0.3849284567090086,0.026471234770044157,0.40241276098700535,0.01450513531506143,0.372700394218134,0.02842999693213371,0.4242772667542707,0.021183169045707887,0.3963169805811067,0.03013753199215581,0.38881588553073443,0.043016801621128455,0.38881588553073443,0.043016801621128455,0.40578916630164985,0.03873856092697152,0.39733902759526935,0.02742830988921803,0.40179223244269235,0.021003357103633775,0.45141626514819677,0.023961010031826734,0.39246605343845814,0.013547975715768198,0.39208278580814715,0.015929613228728042,0.41035187618630453,0.01351817726110662,0.39044021024967146,0.044172215019956836,0.37746386333771353,0.04956942354133648,0.41591838224558325,0.050912305924515906,0.40020440940283253,0.017562530419096112
jv,0.8215339233038348,0.0044247787610619815,0.8303834808259587,0.00752067774866194,0.8254670599803343,0.004505974134666513,0.8359144542772862,0.014816709111032085,0.818952802359882,0.028303600387014013,0.8255899705014749,0.015719097619221377,0.8377581120943953,0.015609152277667238,0.8292772861356932,0.00988494064055216,0.8292772861356932,0.00988494064055216,0.8207964601769911,0.01427456356043066,0.8392330383480826,0.005518668712055975,0.8359144542772862,0.008715387365406032,0.8252212389380531,0.020097279681386127,0.844149459193707,0.022189349255450883,0.8421828908554572,0.009250190620563807,0.8322271386430679,0.006745537234027626,0.8370206489675516,0.015862601578074415,0.8219026548672567,0.010315700716989807,0.8366519174041298,0.009434533462337982,0.8322271386430679,0.00641494019208449,0.816740412979351,0.015626563495882834,0.8344395280235988,0.012065281407874153,0.8219026548672567,0.0059456178084798,0.8220255653883971,0.005960843487208491,0.8185840707964602,0.006705104079147426,0.8210422812192725,0.013704385314421178,0.8292772861356932,0.00988494064055216,0.8292772861356932,0.00988494064055216,0.823377581120944,0.009201065522228638,0.8292772861356932,0.009279540849644483,0.8264503441494592,0.004741224562926684,0.8337020648967551,0.010524471302166997,0.8089970501474926,0.029264063302720023,0.8259587020648967,0.004342065322678374,0.8348082595870207,0.005775486786858796,0.8370206489675516,0.009210911502062545,0.8156342182890856,0.013026195968035167,0.8348082595870207,0.01724255449041313,0.831858407079646,0.015469157052657122
jv_f1,0.601359189747036,0.01572180201825153,0.6306221818871985,0.026230505383771047,0.6118777602710554,0.021955462549044923,0.657623192755884,0.02911555948540568,0.6255894167943857,0.029570313048856708,0.6443246772855613,0.02735967091241932,0.650277274057334,0.0350293523141897,0.6245729346744833,0.022169009561083548,0.6245729346744833,0.022169009561083548,0.615294789852528,0.042515977900048144,0.6634587061481219,0.012169567250366801,0.6455113734454349,0.011246472504324244,0.622646042646411,0.05691842502143674,0.6669387899269612,0.03568524347398424,0.6690833431183301,0.02453334861413444,0.6368366567668017,0.02148283498825784,0.6592452538611419,0.034892614222719616,0.6215206300746493,0.018926898369667572,0.6621426670487429,0.024217666294903448,0.656906470465012,0.020130114336910993,0.6169908772373817,0.01909767430105835,0.624476466358457,0.018423551943561097,0.6318658139724876,0.02963454250024579,0.613920363613085,0.022250783946935464,0.5838437590362314,0.023753117088759,0.6424576011924445,0.025872672689856754,0.6245729346744833,0.022169009561083548,0.6245729346744833,0.022169009561083548,0.6383547219306487,0.019286496633420563,0.6161342512908778,0.013580661363568553,0.6155079425700118,0.014768014670797382,0.640957737676744,0.01735942512858526,0.5849926300351751,0.0267751321769957,0.6200148102176916,0.02877696841090281,0.6552622697935402,0.009766757975594913,0.6567634077330328,0.028557461759819443,0.6168349418315917,0.024494858682610518,0.6368387571112492,0.03754327987066053,0.6298034572198785,0.035238721377504084
jv_precision,0.5646685404148091,0.0131690555980084,0.5837155660675765,0.02466007439073566,0.5673860223069638,0.013378350273062662,0.6082146012959293,0.029575136383859127,0.5877930119416187,0.03343861782852408,0.5962798616043617,0.02371355377779261,0.6068794163410733,0.02329992447279807,0.5861319812952466,0.017863726688810255,0.5861319812952466,0.017863726688810255,0.5761313993358554,0.03630686323246957,0.6152216566667614,0.016626210283228787,0.6014986958338275,0.009812368589084079,0.5777761938353992,0.053409547728633405,0.6196339025257103,0.03894440212716528,0.6111636777534494,0.018570297521493327,0.5896567926981552,0.015734259002924512,0.6094700256478863,0.027831911275330263,0.575872186999953,0.021457179711704792,0.6113085792869988,0.02384017526507353,0.6101297115022669,0.022481008220439972,0.577636699108943,0.022076174946990375,0.5891933021688456,0.01869636761725366,0.5857468276130491,0.027161411638781514,0.5770519279015737,0.01953897655281861,0.5487896705249772,0.019349369348745312,0.5916864596609122,0.021872729519064923,0.5861319812952466,0.017863726688810255,0.5861319812952466,0.017863726688810255,0.583241837940028,0.020463571819632743,0.5775651249335461,0.012168617417235428,0.5751614680460242,0.009298667429726458,0.5983398226260004,0.019601486506062974,0.5492071167646658,0.03020727310330825,0.5782705034074245,0.01947467604853026,0.6153483607952032,0.0037422558176990937,0.6069626845174291,0.025619636763642168,0.574084240401512,0.029405551493768296,0.5960628390665444,0.03622574885300535,0.5839143202016337,0.03153196860392028
jv_recall,0.6410256410256411,0.022613259068928124,0.6858974358974359,0.03071774736872908,0.6638176638176638,0.04707325254090688,0.7094017094017094,0.030816677568068274,0.6688034188034188,0.026458939631063726,0.7094017094017094,0.034188034188034205,0.6752136752136753,0.07252377242938951,0.6688034188034188,0.0330103425249472,0.6688034188034188,0.0330103425249472,0.6602564102564102,0.05050455242517335,0.7207977207977209,0.013055771210700397,0.7008547008547009,0.01709401709401706,0.6752136752136753,0.06202718249879559,0.7222222222222222,0.031596970103730505,0.7393162393162394,0.034542323797669895,0.7008547008547008,0.036261886214694734,0.717948717948718,0.044136562349942045,0.6752136752136753,0.018463648713412658,0.7222222222222222,0.02467308842690709,0.7122507122507122,0.021509499815586256,0.6581196581196581,0.022613259068928148,0.6645299145299146,0.023536626270453383,0.6858974358974359,0.033010342524947174,0.655982905982906,0.028239640458118238,0.6239316239316239,0.031979977664734524,0.7029914529914529,0.0344540929414468,0.6688034188034188,0.0330103425249472,0.6688034188034188,0.0330103425249472,0.7051282051282051,0.020345949938868485,0.6638176638176638,0.017792017089454125,0.6552706552706553,0.03001610755798504,0.6901709401709402,0.014596795962905414,0.6260683760683761,0.02552204112132324,0.6581196581196581,0.04758772959683781,0.7008547008547008,0.01846364871341268,0.7158119658119658,0.03717375598490001,0.6666666666666666,0.018463648713412727,0.6837606837606838,0.040691899877737,0.6837606837606838,0.042449186398152
ka,0.8747573467469203,0.008349354034059233,0.8766405801701931,0.009830471765757819,0.8840514241761999,0.005588463442335508,0.8781697535009217,0.006319257905879105,0.8717844628664217,0.0031906838095832565,0.8797386059799529,0.004755853019807888,0.8734998229699538,0.005296557529689262,0.8669588679844213,0.007485727494994266,0.8669588679844213,0.007485727494994266,0.859740315235572,0.009295237609845445,0.8741804729754478,0.0028543148428758253,0.8834867593734357,0.003240990650259768,0.8704567375193817,0.006245373805305417,0.8843291782143162,0.0044813554195738915,0.8628108708657379,0.0034636964722959,0.8737073754379967,0.0028167614905609873,0.8712655816963141,0.004714384094049807,0.8637418047297545,0.005975576183570786,0.8700904684581293,0.00488165910299401,0.8678898018484379,0.004153124067829097,0.8560287887482144,0.003279638598577953,0.8848083802361214,0.0010584549209075747,0.878887030412541,0.005926327815604832,0.8771106254654669,0.004356834533026505,0.8783040521567143,0.004108910537321169,0.8684056307763683,0.0057934054438861385,0.8669588679844213,0.007485727494994266,0.8669588679844213,0.007485727494994266,0.876613109990599,0.011245250554146703,0.8642026932984971,0.012056072235414302,0.8679722123872197,0.004388859630139741,0.8741896297019791,0.007619051080132807,0.850812506867545,0.011456907771865983,0.8714365072582319,0.00837020381510743,0.8676089955681443,0.005638308973901589,0.8750869889020474,0.009443947710659303,0.8730023074950859,0.014190628113309785,0.8672854578973714,0.013298099940409903,0.8770801030436959,0.002220086067470424
ka_f1,0.6471306901843042,0.01946620106539805,0.6539127439820404,0.023189122542052642,0.6696911587447036,0.004201399547982569,0.6627276162887927,0.009626013189238752,0.6413290966300168,0.012228885146527129,0.6628480517737846,0.005893407125150709,0.6472512175314297,0.010174019252159536,0.6312716158559747,0.013102253853079749,0.6312716158559747,0.013102253853079749,0.617454384955749,0.01454055166328045,0.6456750048294913,0.007258819266480167,0.6687102999260426,0.002412269825519327,0.6434531372611496,0.015182602469487636,0.6658755124964396,0.017285745322658135,0.6004615802634788,0.0069819245953637735,0.6336163585635349,0.011878052384785908,0.6230639738538206,0.014021984630792699,0.6074451178393016,0.014141647985953174,0.6293516447554551,0.008891217879257006,0.6279738402339727,0.0076684308771467835,0.602080183778354,0.008750537093555803,0.6676638764459104,0.006637675655267396,0.6627665035698842,0.0035991104546538766,0.6587529150473381,0.007847992920690893,0.6620113015349558,0.014466054624387466,0.6235616601809331,0.016597843464717345,0.6312716158559747,0.013102253853079749,0.6312716158559747,0.013102253853079749,0.6575238504383737,0.022314636436112194,0.614792715401843,0.02303541104989414,0.6274122016960483,0.012537599609670038,0.6394680840818552,0.017485437718150365,0.5906449148345154,0.018520748302605188,0.6430323150444718,0.0205588970360263,0.6324811871454346,0.012051593225848927,0.6453908368192262,0.02057467516432119,0.6469090321329101,0.032454992982011814,0.6286614882459408,0.025566995458951212,0.6401261017626114,0.004735476206140568
ka_precision,0.6427535753972055,0.02690142745163599,0.6452666156691684,0.01644161893584018,0.658424395690433,0.017518702900978084,0.6464457051383082,0.007710192355189929,0.617420060535723,0.01436383061731378,0.6534483181274839,0.01778204379541649,0.6327665436979626,0.01798303974058368,0.6253628413446954,0.016339453591822754,0.6253628413446954,0.016339453591822754,0.5962534381876279,0.01939885878158584,0.6250225176515957,0.009757106594004309,0.6619048832912369,0.011368510105375946,0.6252969051116345,0.011955315539171485,0.6497132520351963,0.012310812696224915,0.6184110850124533,0.015216520852222727,0.6394109256350959,0.004233270159550254,0.6253710709873156,0.019964908794721268,0.6073352845931193,0.02194384823016675,0.632330007858646,0.010499770003761287,0.612871103079482,0.005556672535562126,0.5845182827661387,0.008726788272904492,0.6602771401633993,0.01210114270004302,0.6459698994625782,0.008043085718329514,0.6442104016875965,0.015393469396410241,0.6403327816713071,0.007587608854813014,0.6219020169111686,0.0183899614013342,0.6253628413446954,0.016339453591822754,0.6253628413446954,0.016339453591822754,0.629430880665824,0.028518932056610068,0.6113383161891226,0.026651523494734757,0.6347941164961028,0.005485500391100978,0.6391340919067063,0.0259735579386449,0.5748108127609859,0.029570775637625155,0.6324103282862193,0.015711578040802088,0.6189329006961395,0.011981109482526859,0.6378393538519288,0.030704224216002177,0.6358821829960831,0.03813363222438666,0.6274674460436115,0.025057983124424116,0.6397721891650195,0.0037098644927474277
ka_recall,0.651815118327334,0.015097262799094964,0.6630543003752776,0.03225930655092639,0.6819713563605729,0.01604151430195151,0.6798843532204948,0.012665162883075277,0.6672857471088305,0.013519533564854573,0.6731638201730872,0.017149450314150504,0.6625947767481044,0.0038275761062786353,0.6374932986137704,0.015671581671309328,0.6374932986137704,0.015671581671309328,0.6408248449107758,0.022645702635183444,0.6679941793673891,0.015051038928365219,0.6760358428429195,0.014720304638601267,0.6628053917438922,0.02078770752052992,0.6829669908861147,0.023720014706764634,0.5838247683235046,0.011434524902255478,0.6282070919813127,0.02199930760057789,0.6210844757601286,0.01570375260312446,0.6077199969365091,0.007211685630607102,0.6264072911082178,0.007335072346481214,0.643869188940798,0.01080450704071434,0.6208738607643409,0.0139928353900703,0.6753848510377576,0.00925629336531381,0.6805353450256567,0.004480791738395312,0.6742168951520258,0.00944239059041835,0.6853794899287738,0.023511252775970985,0.6252776288580838,0.015889397947325558,0.6374932986137704,0.015671581671309328,0.6374932986137704,0.015671581671309328,0.6885770085011871,0.01964075306200551,0.6183847744504863,0.020551793828055536,0.6206249521329554,0.024872554010626952,0.6401164126522172,0.01360080110911681,0.6079306119322968,0.013488114380771287,0.6543999387301831,0.03058857004468967,0.6467603584284292,0.015895180283508205,0.6537872405606189,0.021840894041581266,0.6585739450103393,0.02895815936925468,0.6301217737612008,0.030138202213190562,0.6405376426437925,0.008918499217010248
kin,0.8911808583887997,0.00725430293258819,0.7311079871471196,0.11805493077289618,0.5402656644480147,0.0717247755759995,0.5933842093183384,0.04505725819541816,0.8885318644327136,0.010711519201334169,0.3770752046515186,0.04741385668768566,0.767376252773315,0.11761619418784489,0.8971865197766047,0.004726185674030925,0.8971865197766047,0.004726185674030925,0.58494472496366,0.25103670518068205,0.7707663912478004,0.08061934223021969,0.7209758243439676,0.12226601089605457,0.8159570805600184,0.06718675845241624,0.6967619156912248,0.18202705986431306,0.5249024558182236,0.05346862087754083,0.6568548695585648,0.10073767942380873,0.5258348634381456,0.1828614680407689,0.772205646086757,0.07425875243519041,0.8387508606839569,0.03410384102543275,0.8648248029990054,0.022117367677344336,0.6397463851273812,0.10771897295387232,0.8514746385127381,0.0395899297247393,0.8230099074286589,0.04424116161464693,0.8943845153393007,0.008614585780210925,0.7565746691148343,0.0858930801665272,0.8529664907046133,0.029785736717500785,0.8971865197766047,0.004726185674030925,0.8971865197766047,0.004726185674030925,0.7921017902226303,0.06507756447120824,0.8836020579909725,0.00816071900524189,0.8945709968632851,0.0027499960562153408,0.9040528651212609,0.002907597580632749,0.777580139239538,0.06637979490319987,0.8033241527044602,0.076043916154272,0.8422509754418178,0.04657102271913404,0.8814312217886925,0.010040218320307893,0.8383970239461404,0.08465483253371686,0.8997924795348482,0.004229910081702215,0.8615016066100528,0.02156622649828212
kin_f1,0.4217947141875586,0.01465906902114266,0.26478546459843677,0.04632617480604529,0.18772451866463816,0.022635153323209534,0.18436985188724314,0.022128384868853716,0.38979248475177425,0.02666693900456908,0.16128069070506898,0.01260011240742075,0.27883345880876975,0.07010688002261309,0.4218464425995554,0.007717255081947044,0.4218464425995554,0.007717255081947044,0.20969055862357155,0.06060567162750005,0.25923418894829187,0.053678700079748114,0.25331342753025976,0.056940716950404036,0.3040785377895802,0.01849568337422083,0.23859303370836177,0.05740711748869559,0.1901502157918855,0.019933944196698652,0.22970131687679374,0.04096253342256188,0.1902318293737024,0.0456623549388825,0.2783181818771205,0.05482691760280704,0.3364322356213554,0.02941989600286925,0.34777148414089115,0.02963307753035738,0.2130195158655874,0.04703363598721873,0.349895582896111,0.03475973438947227,0.2953209785562494,0.03885272458586692,0.41976601011125136,0.006092937274615903,0.28402235206310367,0.029679114734994842,0.34434690029383386,0.03495638116078359,0.4218464425995554,0.007717255081947044,0.4218464425995554,0.007717255081947044,0.2876399470515103,0.05534627108701683,0.38297492467575006,0.023453763838644927,0.4135619738065464,0.009217707965469515,0.44116394045921137,0.007955174136862978,0.2798179177592338,0.03844516011742481,0.31175944228203417,0.05487912823031959,0.33198938791670424,0.057316332701425485,0.3750362337927574,0.033944286882592364,0.3383446646104375,0.07724773218523619,0.4161539468710047,0.0067266253055622924,0.3315093956288179,0.02687078801818991
kin_precision,0.35475051285394593,0.019383147801040515,0.21155565917582936,0.041639020798254954,0.14155942558113188,0.018687289116682167,0.13731461935426417,0.019668863537301927,0.32996652713357166,0.023997262658081546,0.12022182749658793,0.008772602717187074,0.2359643441292023,0.07416929508271163,0.36565646301279453,0.007768576540096522,0.36565646301279453,0.007768576540096522,0.16308923307276174,0.04267031096473107,0.21365602149823704,0.053314481373292734,0.1997947805626698,0.058409468492124014,0.2517965555227192,0.024437230828269936,0.18835185354838063,0.05431116476721971,0.14315863717046648,0.014695705127336875,0.1815580464833395,0.03920194476610842,0.14459195498675131,0.033713039412591544,0.21446339570767223,0.058631978349680855,0.2816169216112553,0.027090592213247715,0.294736467672398,0.038725104383770886,0.15411951483011058,0.03636074075433516,0.2862728802371506,0.04534968145447914,0.24114379199087566,0.04195108514247905,0.35785036372924617,0.010533464041770278,0.21185012119855642,0.026409968078350953,0.2816695857559227,0.039602086404913854,0.36565646301279453,0.007768576540096522,0.36565646301279453,0.007768576540096522,0.2223634245529047,0.05476271778480036,0.32456285505506194,0.024094512649390273,0.35860727806663073,0.009002081827495092,0.3833223488370198,0.013826407998629227,0.21494269201228228,0.035597613989533566,0.2530695861512821,0.06217231823695029,0.27189966732223064,0.058645213252628454,0.322457925628393,0.026317393540767377,0.29748172079811286,0.09929809164256045,0.3597013903065275,0.010554500983642454,0.28831312983184476,0.030579427338155007
kin_recall,0.5206521739130434,0.004810902423037519,0.3548494983277592,0.049730540906031795,0.2794314381270903,0.032449515719353055,0.282190635451505,0.02945217547523456,0.47658862876254177,0.033630476870621435,0.24565217391304345,0.02656916474845373,0.3454013377926421,0.05135739823691373,0.49857859531772575,0.011590048350925855,0.49857859531772575,0.011590048350925855,0.2949832775919732,0.09792689352981818,0.3326923076923077,0.05382944615703041,0.3529264214046823,0.03775303515486154,0.3857859531772575,0.014930778786320896,0.3310200668896321,0.06213621697827632,0.28311036789297656,0.031140817664105418,0.3139632107023411,0.037206888126004076,0.26298773690078037,0.07945261702044815,0.40476588628762533,0.028858793863551363,0.4179765886287625,0.03198645958162267,0.42658862876254183,0.00939833053029688,0.345819397993311,0.06682103506009124,0.45543478260869563,0.010464094981117958,0.38377926421404684,0.03161847273522122,0.5085284280936455,0.020908583426433723,0.43185618729096986,0.028433175491744636,0.4448996655518394,0.019771846224885824,0.49857859531772575,0.011590048350925855,0.49857859531772575,0.011590048350925855,0.4130434782608695,0.03523100904374073,0.4682274247491639,0.032331526507853654,0.4887959866220735,0.017765673058853904,0.5201505016722408,0.011657409608742099,0.40359531772575247,0.03763136333556383,0.4131270903010033,0.031103529087039155,0.431438127090301,0.051921034828262866,0.45008361204013375,0.05637369872200903,0.40744147157190636,0.05683544444230539,0.49406354515050166,0.012032002084916253,0.3913043478260869,0.025693804437015154
kk,0.8165322580645161,0.011802232199593579,0.8210055443548387,0.014638102547811586,0.8227066532258065,0.010167947734580022,0.8231161794354839,0.01099349654098473,0.8091292842741935,0.009600003599549219,0.8220451108870968,0.020075362660062424,0.8269594254032258,0.005236414675389504,0.8178553427419355,0.009144921882978066,0.8178553427419355,0.009144921882978066,0.8119329637096775,0.005130349394949656,0.8175718245967742,0.01294734140356615,0.8238722278225806,0.010275839841915699,0.8098223286290323,0.012784851748928539,0.8133505544354839,0.005365216624929676,0.8270854334677419,0.020091965142578754,0.8245337701612903,0.005883825553311479,0.8473727318548387,0.013546257652529625,0.8228011592741935,0.006535738401835104,0.827211441532258,0.017483628411675188,0.8273269489247311,0.005217301992336297,0.8094443044354839,0.004623397129273526,0.8088457661290323,0.009656417097253558,0.8016003024193549,0.010765396319983486,0.800844254032258,0.00820150215497722,0.8079952116935484,0.006134729506166522,0.814453125,0.00532374752375946,0.8178553427419355,0.009144921882978066,0.8178553427419355,0.009144921882978066,0.8187373991935484,0.016051897578225477,0.8253213205645161,0.006838090524566867,0.8218876008064516,0.008075993072425087,0.818296370967742,0.00746254326852157,0.8224861391129032,0.01603536170307288,0.8080267137096774,0.010971870779238625,0.8107673891129032,0.019541510864788808,0.8197454637096774,0.014110465359237625,0.8097278225806451,0.017322328216552264,0.812468497983871,0.006580931266212863,0.8208165322580645,0.011484029627081152
kk_f1,0.4210019228234593,0.024157771579987185,0.47365584216465795,0.03310346698896049,0.45506659976541874,0.013905680358274565,0.4728203482130038,0.024465426530125896,0.42075807771882645,0.016717606421769567,0.4626604796403156,0.036553743680940755,0.48911254959562733,0.017102587889949575,0.44904104330519096,0.03276215493214049,0.44904104330519096,0.03276215493214049,0.437266322598056,0.02007459654975648,0.4521055178261358,0.04821104176837572,0.4579726997156615,0.0341016642317826,0.43836358449836654,0.057607447394622584,0.44529146773161915,0.036642821268045266,0.48227162030887333,0.07773529679702641,0.4511626497434625,0.012704411468700227,0.5428229431472453,0.052594593845993014,0.4486628809693257,0.029847980891157703,0.4735641928565644,0.04233909911094336,0.4778690603661752,0.02030236641737255,0.4464422435188315,0.05202432276615034,0.4245129806264294,0.020142872803284428,0.39945569870169717,0.02150158759559039,0.406257261369932,0.01981772494334978,0.4152228969302787,0.02432396616559502,0.43447581584372386,0.045587784104978546,0.44904104330519096,0.03276215493214049,0.44904104330519096,0.03276215493214049,0.46801635786130485,0.04177254791651233,0.44936250469766237,0.04050957509192072,0.45083909824044877,0.026161460323134007,0.4376328183676778,0.003505748516716062,0.4577018378944949,0.028401180350376892,0.4378261975750451,0.04639944609105382,0.44131088730667367,0.04143935513210106,0.44117428042677365,0.03860540225326799,0.4423841613717528,0.02075284108217121,0.4225523042511272,0.014973385670007168,0.4792091243029317,0.019799760915024826
kk_precision,0.3953616994960217,0.029256405737601365,0.43529331281564204,0.02511565607267483,0.42988833698563644,0.013205484561011902,0.44020653435944024,0.02845783941561768,0.38655073191712996,0.019909598727293903,0.4344293842399013,0.04823316452072441,0.4488025283927307,0.014657518261366324,0.40742754102920387,0.026395212768649635,0.40742754102920387,0.026395212768649635,0.4057899480045275,0.020717693499646004,0.40844089668989036,0.03844532404836417,0.42346444681166845,0.03216718161156247,0.39654236392985426,0.04579668226431915,0.405995103008,0.03617074104061629,0.4512945334170728,0.06561372804779586,0.4254443855387978,0.026083984254150625,0.5048123322410811,0.057473465983415156,0.4092008581410603,0.02084548506699886,0.43549828246656674,0.0360735276376721,0.44175707784932466,0.021183915165573455,0.40873772078261456,0.047289320219327684,0.3920529161567832,0.026830393725511114,0.3631822381412687,0.023194963451934305,0.3708925407782386,0.019209908436339736,0.3814379219861668,0.024970168907277438,0.39751550587066153,0.036039075244436156,0.40742754102920387,0.026395212768649635,0.40742754102920387,0.026395212768649635,0.4233495628876505,0.035334818104409485,0.42041772470745975,0.03924300473345474,0.426779704333822,0.03300494935071192,0.3986154524023561,0.00970230152832811,0.43017245777152124,0.0248737404962384,0.3946963423920501,0.03941019122115587,0.3999292146379312,0.04156145329055393,0.40995431547141714,0.0419086776302833,0.41692846642247716,0.019768106497074087,0.385065102056988,0.015179149605626361,0.43881662362773866,0.01730026523966569
kk_recall,0.4506726457399103,0.021505970956559275,0.5199551569506726,0.04729542365608832,0.48385650224215243,0.023116291087860445,0.5109865470852017,0.021801594227998954,0.45739910313901344,0.015559956567621016,0.4961883408071749,0.026999090983839253,0.5378923766816144,0.027539863840572432,0.5002242152466367,0.041736169050123714,0.5002242152466367,0.041736169050123714,0.4742152466367713,0.021228341486178692,0.5065022421524663,0.06285016395351749,0.49865470852017935,0.03672387477208239,0.4903587443946188,0.07475530451926538,0.49394618834080717,0.044719560911017,0.5181614349775785,0.0936017423504877,0.48161434977578477,0.018189555450136025,0.5817638266068759,0.059520315244713635,0.49708520179372195,0.04524409603826767,0.5190582959641256,0.05113090928954313,0.5221973094170403,0.040097978362782,0.4919282511210762,0.05842919121603221,0.4632286995515695,0.010674780909630572,0.4439461883408071,0.019539772362772125,0.4491031390134529,0.020548035802863563,0.45582959641255605,0.0253710227081895,0.47937219730941705,0.05913617799488434,0.5002242152466367,0.041736169050123714,0.5002242152466367,0.041736169050123714,0.5233183856502243,0.05092664886270878,0.4829596412556054,0.045007173496869904,0.47847533632287,0.02316263958770397,0.4854260089686099,0.008166689614139125,0.48901345291479825,0.032686245998460865,0.4919282511210762,0.05841083313177857,0.4923766816143498,0.04034213243902948,0.4778026905829596,0.033894345256855446,0.4721973094170403,0.034599931331021905,0.46816143497757845,0.014736929798345236,0.5280269058295964,0.026447263139122535
ko,0.8364877903956061,0.009625124715850353,0.8426668151117049,0.0037126719360842516,0.8459635320022761,0.0030388459454816796,0.8467768871075485,0.007190739490664045,0.8488427472228408,0.0035597642990631015,0.8416400702639848,0.009150981330965747,0.8445285632994384,0.009748565855645003,0.8408607338133056,0.008512194274762545,0.8408607338133056,0.008512194274762545,0.8283325911081422,0.0055441877088383594,0.8376939063311809,0.006916370217656767,0.8385320022761572,0.006301352924461247,0.8392927830970582,0.007464940254664098,0.8420328310942873,0.0062171041984540164,0.8502158638264182,0.0022792337722211575,0.8408731042331576,0.00436905880355162,0.8500086592938965,0.005757293162588094,0.8486231722704668,0.005537058516374762,0.8490870630149188,0.0021552121171926055,0.8407803260842672,0.008012837008262233,0.8512116826245083,0.00877900947118868,0.8475531309532646,0.004768145663404256,0.8466129790445087,0.003916164415051099,0.8443120809520275,0.006907337165741968,0.8358847324278186,0.008696339901634821,0.8442193028031371,0.0019002457445550457,0.8408607338133056,0.008512194274762545,0.8408607338133056,0.008512194274762545,0.8436255226502387,0.008011315408420656,0.844686286152552,0.004911450057324229,0.8479891882530493,0.002321915503879428,0.841708107573171,0.0061093261058260155,0.8483510230337218,0.004384786012838107,0.8385845765605284,0.011641862084071699,0.8393453573814296,0.005223374687721868,0.8427905193102254,0.0075773003858424235,0.8409720675919741,0.012807594976557106,0.839459783765061,0.00790441354127227,0.841961701180138,0.007028507083846187
ko_f1,0.5818477101679471,0.01618236572114371,0.5969377497548862,0.004838019939751893,0.5977166186059804,0.0070244611432212205,0.6039481277064968,0.012544878059284448,0.6124232398091037,0.010937643469119265,0.5901910140647046,0.015247896610183023,0.5991853915096824,0.022472722206274585,0.5961431191157118,0.010177244087070325,0.5961431191157118,0.010177244087070325,0.5638277331402672,0.016074960333803436,0.5866310628456204,0.00977675361059874,0.5881168824822081,0.01167618969772427,0.5925152883271219,0.0043557376106080755,0.5973545142051303,0.009846427772571404,0.6027140343982815,0.007941329923834015,0.5940318698922988,0.0054800455237503974,0.6094705156488451,0.007908390019835862,0.6032692045050818,0.019097743598091008,0.6082015028985734,0.006296799810050507,0.5988462547158435,0.009660296966080202,0.614039722964981,0.012679914458776805,0.609083526558329,0.00771384101613743,0.6037887473346376,0.005409653420762637,0.6025118698969387,0.009132301200732443,0.5861338852845296,0.013479809527992995,0.5982499930971231,0.005035146314033563,0.5961431191157118,0.010177244087070325,0.5961431191157118,0.010177244087070325,0.6064262215471181,0.01618424327907792,0.6004161366723637,0.012309180187778884,0.608031023266388,0.0025631612851627064,0.5995147405912172,0.009021601254917081,0.6066005224159154,0.007337670769187742,0.589873646761499,0.020256241660268546,0.5906495992421312,0.016064536795287538,0.592302062385433,0.016234262176025322,0.5932652305619912,0.019930638975494974,0.5911190010863633,0.015440489251623293,0.5943760389900231,0.016819480465472218
ko_precision,0.5516488482991737,0.0232918748537181,0.5593974627472709,0.009257773845540385,0.5646510187774256,0.004734563770059434,0.570287854328497,0.019714650424857448,0.5754092539747468,0.014256495188545808,0.5562593049295755,0.020790151090412917,0.5653744302313223,0.0286515517778324,0.5586776562198976,0.014633196156430902,0.5586776562198976,0.014633196156430902,0.5267993420956089,0.014776953184729122,0.5497000247681424,0.015108962760414664,0.5507160681581061,0.01320681794961323,0.5574048498165647,0.010049144012895172,0.5595721539821673,0.012073131754701908,0.57300795658124,0.009592569689924344,0.5583810752036575,0.007620511112524116,0.5712697828158628,0.008919197438137622,0.5677204789973593,0.019680206324028383,0.5806401695700674,0.00888285223376896,0.5578139774871633,0.01511553444620335,0.5772928890402537,0.016689103282575682,0.577344767665952,0.011285696296778709,0.5719849962722126,0.010254799509414882,0.5680464665881921,0.014253392705943512,0.5419369537978731,0.010157458604341632,0.5603916728999289,0.006049070983968588,0.5586776562198976,0.014633196156430902,0.5586776562198976,0.014633196156430902,0.5619408921762998,0.021837914799632905,0.5678060631562416,0.011910628055426857,0.5764150111693291,0.007284684984157352,0.562619302770885,0.009811519260966538,0.5693035527194166,0.009971131695358083,0.5548812729462373,0.01891711905731166,0.5566483331738825,0.014793331498048448,0.5631550280196057,0.012524820597152523,0.5611031042798034,0.03097121163431929,0.5567906374976732,0.020285365837140537,0.5649599615213742,0.020433880810958698
ko_recall,0.6158739513277405,0.012054680054279256,0.6399847465853151,0.0044121882645008085,0.6350273868127296,0.014067852214830208,0.642151424807599,0.009879241739828648,0.654631491367954,0.009279045474798334,0.6288913540872219,0.015292705704297145,0.6375234001248007,0.01542193118590378,0.6391700755737364,0.009515719232888195,0.6391700755737364,0.009515719232888195,0.6065139014074742,0.018999068816881452,0.6290473549192263,0.006004841752354546,0.6310233654579491,0.010992890879308529,0.6325833737779935,0.010050178759562286,0.6407127504680025,0.01034985999254575,0.6357553906954171,0.009737786343202446,0.6346287180198295,0.00764944327187954,0.6533141510088054,0.013449115158731586,0.6436074325729737,0.01886058334547047,0.6385980725230535,0.007854930250609168,0.6465887818068363,0.006307811227630534,0.6559488317271025,0.011162134049837154,0.6446994383970048,0.01105178647666701,0.6395514109408583,0.010184170692090504,0.6415447549053594,0.0032672779610699422,0.6382687374332663,0.019454364582874736,0.6417354225889205,0.011367961376732755,0.6391700755737364,0.009515719232888195,0.6391700755737364,0.009515719232888195,0.6587568467031824,0.008773636116921031,0.6370033973514525,0.012820862228663752,0.643624765998752,0.014318486870881829,0.6418394231435901,0.016371406118935623,0.6491714622477986,0.004853689367177633,0.6297060250988006,0.02412024932157573,0.6293940234347917,0.023826687891201806,0.6251646675448936,0.02889496114471077,0.6299140262081397,0.008548103302994721,0.6301566941690355,0.012360259998731462,0.6271580115093947,0.014576851150341323
lt,0.8905505014522935,0.0049585649154539726,0.8989080396777552,0.0031595018924576563,0.8939174932865677,0.0027713823602667927,0.8953115580643394,0.003574188821430522,0.8890776566010852,0.005789396956996284,0.8948971063736505,0.004258034604748762,0.9017441223214775,0.004571149044969128,0.8891324601304325,0.005738309435856615,0.8891324601304325,0.005738309435856615,0.8890708061599166,0.0032072650615238753,0.8944415520359511,0.004209249102432086,0.9027100345262234,0.007456326807381703,0.8944381268153669,0.0052080701435862345,0.8950238395352661,0.004876064271235203,0.8961404614457171,0.0011812724575619331,0.8966473940921795,0.004725268598873634,0.9023401107031294,0.0022404468819001684,0.8969214117389159,0.0031857325863731303,0.8976338576204308,0.00387216604402441,0.8963802268866115,0.006305254617509092,0.8880398147640709,0.005352907142471809,0.8941127308598673,0.004924147432032848,0.8926433112292431,0.0060286516011527035,0.8896188414533897,0.0030953585319335674,0.8891187592480956,0.004007361703899189,0.8936366251986628,0.005315652489791962,0.8891324601304325,0.005738309435856615,0.8891324601304325,0.005738309435856615,0.890975228804735,0.008306257140603993,0.8971269249739683,0.004150387521367193,0.8969659396065106,0.002491461283506776,0.8963562503425221,0.003959632032425516,0.8847242012385598,0.006520040313788023,0.8920712993916808,0.00870814759726724,0.8895708883652107,0.0076208769286709895,0.8946196635063298,0.008259245978759355,0.8934585137282841,0.007113844801059263,0.8924720502000328,0.0021611630972887415,0.8954588425494602,0.0025653568332387106
lt_f1,0.7233578131146039,0.0049779255607697885,0.7402679622033594,0.004478306727713338,0.7328317180724132,0.004255084915081579,0.7339573287709319,0.006124779845797083,0.7245434924104487,0.010536068405170225,0.73410177809714,0.008580526589334095,0.74476711697678,0.010696811354591121,0.724539332644597,0.00881658195115499,0.724539332644597,0.00881658195115499,0.7171385416628414,0.007155799379682652,0.7330043695420752,0.00835153418589316,0.7467083430075332,0.015312179656206678,0.7328707562295242,0.010022899437886526,0.7324890129341532,0.007799486348455514,0.7336227581211269,0.002927430404623557,0.7330648111592528,0.008639677209643192,0.7450300418319634,0.003459832115236561,0.7336504284818185,0.0035634481834042144,0.7368902518975967,0.0014837337017287039,0.7339159902117185,0.010068426216874024,0.7188428895990313,0.008449036257915463,0.7307013114609804,0.003541679885223448,0.7335766273284101,0.007344615578463056,0.7259154790437152,0.005725985017582257,0.723146105927911,0.004294817854036663,0.7284173164833733,0.009563715733512942,0.724539332644597,0.00881658195115499,0.724539332644597,0.00881658195115499,0.7212876149450487,0.013529128771349262,0.7372440531149158,0.004455962002914392,0.7352946169280952,0.0038072089414297235,0.7357407113131474,0.00625807758973805,0.71479458494355,0.0102193545467976,0.7304186446235533,0.014658208163588477,0.7258615446547698,0.010265954826446374,0.7333650639265196,0.014121766485121888,0.729422061392583,0.010157745501608568,0.7266751856349092,0.005879067945084757,0.7334513953209011,0.0052921189581736005
lt_precision,0.6892107524193863,0.011438943207545276,0.7069603241596166,0.006743120319201357,0.6938328904287212,0.008169017828360487,0.6968962772784031,0.006489417806343812,0.6854315755653387,0.01513266308491784,0.6913581104321901,0.011672564559563975,0.710277547851033,0.010996723416404702,0.6850991950411414,0.01470685151613295,0.6850991950411414,0.01470685151613295,0.6798078985157157,0.008284230310175106,0.6952445286493465,0.01051044159607862,0.7141399658940552,0.015661479008690332,0.696547658445009,0.011970435254488095,0.6968373696178074,0.009902027874050597,0.6992798657195717,0.002664452619353968,0.6985231937005594,0.013626457515578488,0.7112866082573797,0.00599185897632518,0.6975249152718319,0.0040856765538620455,0.7054857412281818,0.0021458394163849444,0.6985332965256736,0.01449138002314629,0.6835923880193401,0.010426087152125984,0.6999161437930852,0.0034742409433361535,0.6955578162602625,0.010403049538176576,0.6871102531501307,0.0057759681258005595,0.6850380421715869,0.0041423797809300375,0.6959923436350309,0.010632355431047569,0.6850991950411414,0.01470685151613295,0.6850991950411414,0.01470685151613295,0.681912314421931,0.01814283270975659,0.7082405698682046,0.005895308973029414,0.7040709662046605,0.0029987168482694024,0.7031937046066334,0.007208525246154475,0.6760658529339221,0.01295830421103973,0.69366957489659,0.01889536069139832,0.6880896487000789,0.009264324156416646,0.697694757296091,0.01756863776564625,0.6939851504978563,0.011605279654301307,0.6883308296941466,0.004682255691266267,0.6975155976652263,0.0075066080637869
lt_recall,0.7612074607329843,0.00521125926329616,0.7769142670157068,0.005708882958889968,0.7766074934554974,0.009334852036542622,0.7752167866492147,0.008201700336773544,0.7684677683246073,0.004786133649233206,0.782517997382199,0.004650023393691834,0.7828043193717278,0.011516395490821387,0.7689381544502618,0.004619218635056383,0.7689381544502618,0.004619218635056383,0.7588146269633508,0.00577043642976808,0.7751349803664922,0.0067875802198964835,0.7823952879581152,0.014943629296841078,0.7732125327225131,0.007932081333664059,0.7720263416230366,0.00715368540598685,0.7715355039267016,0.005793199961487704,0.771290085078534,0.0037287724838665987,0.7821703206806283,0.00412527327126241,0.7737238219895288,0.0029290762090916933,0.7712287303664922,0.0026461940540920973,0.7731511780104712,0.005534282192816726,0.7579556609947644,0.0070141831387173555,0.7643365510471204,0.005538865324948374,0.7760348494764397,0.004719485206509674,0.7693676374345549,0.005719959793501944,0.7657477094240838,0.004882174462107966,0.764029777486911,0.008983680761921414,0.7689381544502618,0.004619218635056383,0.7689381544502618,0.004619218635056383,0.7656045484293194,0.009166776354309122,0.7687336387434555,0.003181693034526804,0.7694289921465969,0.005883420798983956,0.771453697643979,0.0053662157107270455,0.7582624345549738,0.0066941336863477335,0.7713923429319371,0.01134731091558233,0.7680587369109948,0.013020033805848784,0.7729875654450261,0.012801746664915322,0.7686927356020943,0.008859410172444388,0.7695517015706806,0.007723945721522334,0.7733147905759162,0.003668839256295776
lug,0.9191186349590218,0.005790590943072402,0.7822562586770567,0.0709222940195349,0.6501522683505755,0.07184947537806728,0.7150902413901205,0.01846059215800696,0.9299341663307805,0.01035659399771885,0.4926552913251825,0.11636240521099737,0.7970240494424291,0.09610224095338758,0.9296878498813202,0.004714828757028488,0.9296878498813202,0.004714828757028488,0.5957499216265842,0.24295322721541315,0.8016256885664383,0.10094677747024602,0.756919252989386,0.09261471339313845,0.8443392001433114,0.06700790638184961,0.7629987908101572,0.11440145996120989,0.5621277262752474,0.05618558914166254,0.6627367996775494,0.07658667959040845,0.5747234538044695,0.188046227635291,0.8309261498499709,0.04878286778981503,0.862868914864078,0.0459639216928563,0.8940951229343007,0.015306334604357676,0.701453267051816,0.09326811374458689,0.9031752429575888,0.018713120445003763,0.8432307761207398,0.032290737584420144,0.9209324197232298,0.01365843675335959,0.8102579604997985,0.06285644733166168,0.8893703255855614,0.018240392350607485,0.9296878498813202,0.004714828757028488,0.9296878498813202,0.004714828757028488,0.8235254601639124,0.03450173745038502,0.9047315150700882,0.013217988094256004,0.9367190648931881,0.004007343774406715,0.9328115903085673,0.006131581190790209,0.7909781002284025,0.04946418628293944,0.8651641363249586,0.043936315219876544,0.8838170092704555,0.034220231973451434,0.9103184199919387,0.00818231247687132,0.8708741994715392,0.08491675629979246,0.932285368802902,0.006922694331699532,0.8908818128890681,0.008291723248831396
lug_f1,0.6025890024639756,0.011570467052898846,0.3712575960096206,0.043312010664247676,0.286245388649524,0.04622277346298304,0.3049396292358817,0.02714877569753711,0.6090978676401231,0.032719308040283744,0.23293968836465462,0.04371352222954534,0.38601021757075227,0.07169465286770897,0.6191405895013726,0.00988651654093174,0.6191405895013726,0.00988651654093174,0.2634124323374184,0.1071314157360054,0.3747206157311729,0.10076629646394818,0.3449474183253427,0.08042344623004684,0.44753916745161443,0.038498400629234736,0.34335670371954924,0.06698336361142386,0.2489239246448013,0.031174186471248467,0.30447902527020276,0.04412002562593391,0.2673416741509727,0.10292252652489862,0.4253324571422013,0.048411341766158446,0.490123997665056,0.05555104570099602,0.50893185458973,0.03401596535007642,0.33365798228043625,0.06371607528144217,0.5359309760315347,0.03046955058950903,0.4376478986250795,0.03857531128637946,0.5952687747560151,0.024441282001331416,0.42187099170191444,0.05079025030940312,0.5062167515168352,0.040882004111806494,0.6191405895013726,0.00988651654093174,0.6191405895013726,0.00988651654093174,0.4132970334162197,0.04188213876552912,0.5462886775816386,0.03342278428945574,0.6364724243111952,0.017351006321525506,0.6241577183075843,0.02126564538798957,0.39796450118930904,0.025976488484751432,0.4772186765830795,0.037217410515175506,0.4962414766045133,0.06093354296292937,0.5436673288577318,0.02235188820114317,0.49432160365898226,0.08137758653074181,0.6192177942946453,0.027160831771618654,0.4677758692216527,0.025799771116448794
lug_precision,0.5848899790868025,0.014443650359432453,0.34114032557318796,0.05079022029562635,0.25077394487205773,0.05014701415662998,0.2645020397629181,0.026190429564282434,0.614815184057733,0.045267422265099756,0.19569000936762382,0.03310083758029576,0.3666978850831134,0.0890850148675373,0.6259763470752893,0.013731053806628616,0.6259763470752893,0.013731053806628616,0.23406279370099997,0.09199855041138391,0.3575832399384646,0.11167545872315422,0.311359288701505,0.09329509085806599,0.43056250105177385,0.049825862939928876,0.3154474242175709,0.07929471134625321,0.21454185214500282,0.027370514169565707,0.27500530944348534,0.04858668229512389,0.23246337128462757,0.092300609159693,0.38871921799367076,0.06495939285015781,0.48496497880262757,0.06764486295090133,0.512034939576707,0.05989925783738587,0.2793509611394539,0.057811036861494476,0.5153685962401117,0.05352405103036432,0.4088669243707056,0.048327934253766934,0.590013118327197,0.04313956021318317,0.3709103482401792,0.05753328678329035,0.4861873930696772,0.0496778758888144,0.6259763470752893,0.013731053806628616,0.6259763470752893,0.013731053806628616,0.3652328419225507,0.05576127994841219,0.5333314714511701,0.0358042811035179,0.6755440423960299,0.02636248774804455,0.6422672830674405,0.026326794352461855,0.34792501810949084,0.030291730189688882,0.4528938863043977,0.06761699304773605,0.4779156007356873,0.08520756755052698,0.5497160734689911,0.03184367845829425,0.5035962210595506,0.12721917114041975,0.6252719702868574,0.030077893150519543,0.47357968450419524,0.03191287683497538
lug_recall,0.6216734902763562,0.016405292060939554,0.4082650972364381,0.03209194218786653,0.3352098259979529,0.043047595007144154,0.3611821903787103,0.03604352216223321,0.6040174002047083,0.02273158985198975,0.28812691914022515,0.06170039416603321,0.4101842374616172,0.049458521424417215,0.612589559877175,0.011235669600870097,0.612589559877175,0.011235669600870097,0.3014329580348004,0.12742645771514755,0.3955987717502558,0.08854767480927335,0.39060900716479013,0.06046317194625428,0.46750255885363357,0.031243173243801846,0.381525076765609,0.05887291452819617,0.2964431934493347,0.036227138444541424,0.3417349027635619,0.03722553098831603,0.31563459570112584,0.1175628257993551,0.47223643807574206,0.025284357193824332,0.4961617195496417,0.04432950826756146,0.5080603889457522,0.01747218039605647,0.41466223132036845,0.0699291518602936,0.5605168884339816,0.006832666285987056,0.4718526100307062,0.027940369554025218,0.6022262026612077,0.02233641301511956,0.49053224155578296,0.03768268561678501,0.5286591606960082,0.03447020576374106,0.612589559877175,0.011235669600870097,0.612589559877175,0.011235669600870097,0.47876151484135104,0.019663809283392758,0.5601330603889458,0.03301483161586569,0.6028659160696008,0.030377519401412673,0.607983623336745,0.030952611105501435,0.46008188331627425,0.021353783055296907,0.5087001023541453,0.005938892932626834,0.5207267144319344,0.04156069874268706,0.5394063459570113,0.03519206823312937,0.49488229273285567,0.05030301010378728,0.6136131013306039,0.029019400885491858,0.46225690890481064,0.02053204341162431
luo,0.8824054206662902,0.013521649422810875,0.6494635798983626,0.1894391901453063,0.5192038396386222,0.10662441409260581,0.591501976284585,0.06977970745214503,0.8058836815358554,0.057738509204461684,0.35011857707509875,0.07441993997052943,0.7134839073969509,0.18763846144998275,0.8882269904009035,0.0037749840431718857,0.8882269904009035,0.0037749840431718857,0.5319254658385093,0.2493719136207032,0.7059232072275551,0.1396488180468237,0.7110107284020328,0.1637318235453884,0.8631168831168832,0.016759831805625493,0.6270750988142293,0.17511306890009695,0.45307171089779785,0.1395173906841793,0.5499999999999999,0.15206981315937054,0.4674703557312253,0.18573028277562448,0.662377188029362,0.1401654729495917,0.9141671372106155,0.003395305324847634,0.9129192546583851,0.0028508943426673004,0.606369282891022,0.18767412964564648,0.693020892151327,0.11524808374634116,0.8693506493506493,0.05869153287994272,0.8871936758893281,0.02769274715112163,0.6382495765104461,0.09253747936815288,0.7100338791643139,0.14849486898522593,0.8882269904009035,0.0037749840431718857,0.8882269904009035,0.0037749840431718857,0.7171372106154715,0.11521890999482301,0.7988198757763976,0.03742736833982219,0.7738961038961039,0.09142989447513139,0.847029926595144,0.044992347984195706,0.6500508187464709,0.11936441857302638,0.7507566346696781,0.11673106019453568,0.8184359119141728,0.08410379468864265,0.8884867306606437,0.010086316494232283,0.6902936194240542,0.2790219329920747,0.9015245623941276,0.018587951920499238,0.7994692264257481,0.053908652870140995
luo_f1,0.38565766233836296,0.022680907853503504,0.23129721398841907,0.03977500562092116,0.17895063381673584,0.022629526360500692,0.19173713576043672,0.021951442426302783,0.2800558782791608,0.02696302948258572,0.13992043327454934,0.018954607083087376,0.2600077992050964,0.08532393332323895,0.3807119838949313,0.005575101290116895,0.3807119838949313,0.005575101290116895,0.2047917573625422,0.06876724044869198,0.23142570608470503,0.062038654640815524,0.25574545807630644,0.07216540612478878,0.3263927595335593,0.011142998147383537,0.19968108696822076,0.050224913825972294,0.1755085103173768,0.038887996240262325,0.20988962216988216,0.03455687388287031,0.18000436039011805,0.06872876433842803,0.2327635782002495,0.06531756501944956,0.42049875143476206,0.015110753980104818,0.40256813036750444,0.019231592043107308,0.1932811669354482,0.06338783937884084,0.2538270477795281,0.047406166928078086,0.3652106503392071,0.048402477976832316,0.37436888590594464,0.042179316968037846,0.21625807921219328,0.01966691603702176,0.25467305551303804,0.06621418465455568,0.3807119838949313,0.005575101290116895,0.3807119838949313,0.005575101290116895,0.23143415331183284,0.05431890309985651,0.28892138383110266,0.03270341845221189,0.27462092967183094,0.05444844633492092,0.329825665670312,0.03547017108252063,0.20450490136594257,0.020250319898870755,0.2662815890592841,0.08608890164646031,0.3075499531420789,0.08033431316491735,0.3649238413607501,0.020910809625920384,0.2809100952510114,0.10144591721561218,0.40020624125266613,0.017107728537265242,0.26343503432511123,0.04180505859222886
luo_precision,0.324941971286718,0.022617379289534067,0.1816890018327603,0.03484750421759725,0.13260309456208097,0.018812360437808363,0.14166051320416373,0.019444201515148668,0.21296186809127007,0.0252686646127703,0.10318361779327526,0.012269798637307957,0.21535860725145226,0.08680413899354857,0.3311893358720452,0.008823925512624837,0.3311893358720452,0.008823925512624837,0.16014126992631778,0.0485354515838376,0.1827577132709785,0.05721002809788303,0.20306382600210227,0.07248778921042132,0.2800995334109669,0.002602153864027955,0.1516282348920478,0.048290316960702205,0.13364855665462105,0.03021601100323921,0.16506495032741286,0.026984017286758286,0.13777660612106557,0.0526302354368128,0.1764035981842348,0.06525259731340306,0.39436938359219903,0.012888988109387526,0.3756746338129213,0.014219276478395023,0.14074591837931524,0.050135817886146516,0.19577912606693287,0.049231077483517884,0.3185222796255403,0.05930806061747966,0.32333695613002655,0.05393618320846081,0.1543330045836382,0.015227110624889986,0.1985737511554529,0.06345795827608408,0.3311893358720452,0.008823925512624837,0.3311893358720452,0.008823925512624837,0.17269646273813236,0.049371275208881966,0.22742613069291645,0.031884212373944856,0.21426068099433093,0.054325962317141575,0.26766116839463916,0.041827609243756475,0.15172876388058862,0.018546794114739716,0.2131464621448416,0.09303630732571795,0.25638872565049226,0.08761036161767853,0.3204096792362752,0.011835486117949656,0.24928765409608006,0.12579247344291614,0.3540807882394443,0.02538104343696558,0.2191573609259314,0.04419291797208921
luo_recall,0.47480260102183,0.025825363844409182,0.31897352531351597,0.0461632075017166,0.27589410125406405,0.028963852614568242,0.29842080817464,0.027972401161009845,0.41105434277751973,0.03244191956747134,0.2184161634928007,0.041566442591933796,0.33348815606130977,0.0702499491335054,0.4478634463539247,0.006154568574175863,0.4478634463539247,0.006154568574175863,0.2856479331165815,0.10973316832306454,0.3180445889456572,0.05989824031142279,0.35299581978634464,0.054344762390260135,0.3918950301904319,0.029998976100683923,0.30062703204830465,0.05299060901943266,0.2561542034370645,0.05606100836333675,0.2882025081281932,0.04834412505458771,0.26068276823037617,0.10068242943679513,0.3513701811425917,0.043267066589758124,0.45041802136553644,0.01915192189504802,0.43551633379780147,0.03566539052588029,0.3101486298188574,0.08219063852077674,0.3671620993961913,0.02536211779262221,0.4324198792382722,0.02513569756643056,0.4484440315838365,0.02064141759711006,0.3619368323269856,0.032738418102935304,0.35996284254528566,0.053856950243064014,0.4478634463539247,0.006154568574175863,0.4478634463539247,0.006154568574175863,0.3560148629818857,0.04580058249721116,0.3980492336274965,0.034065925976350726,0.3872503483511379,0.04058962098399256,0.4332326985601486,0.01779737596650806,0.3154900139340455,0.024814296947820766,0.3691360891778913,0.06127973735957028,0.3941012540640966,0.060278952189515636,0.42568509057129583,0.04556919737150681,0.3415002322340919,0.08704070565227101,0.4613330236878773,0.013468909978075679,0.33279145378541564,0.03009261608249068
ml,0.7766408691769608,0.025232236126595153,0.796361065634767,0.01196861759519067,0.8186114005060277,0.01699784315340737,0.8279877958029469,0.01410338791905021,0.8024259562434886,0.007308933311252147,0.8139976186932579,0.0085681683564796,0.8062211638636703,0.008008379478180193,0.7879520762018157,0.007676382113709077,0.7879520762018157,0.007676382113709077,0.7722503348712606,0.011479270810542511,0.8022027087364191,0.015323640270651393,0.8121372228010121,0.014535999062263074,0.7766780770948059,0.004957829977737653,0.8041375204643548,0.008310619799561719,0.8045468075606489,0.01774881383342878,0.7860916803095699,0.0077691225405387004,0.819392766780771,0.01171303047441438,0.8048072629855634,0.011788432983522964,0.8086024706057449,0.007314487404584042,0.8068536984670338,0.009359745227775981,0.8090489656198838,0.015163797695006474,0.8143696978717071,0.02212754592690841,0.8102396189909213,0.01664875896144313,0.8116535198690281,0.015359976500201685,0.800900431611847,0.012502672447091162,0.811244232772734,0.012602668362105924,0.7879520762018157,0.007676382113709077,0.7879520762018157,0.007676382113709077,0.7861660961452597,0.012195345618892583,0.8192067271915464,0.009874152337799624,0.8071141538919482,0.026427018055053177,0.785570769459741,0.014882360944578631,0.7947239172495907,0.018286470872657123,0.802686411668403,0.016293443097343575,0.7935704717963983,0.018933432194534302,0.7971424319095104,0.012985652171693127,0.7888822741479387,0.0279683448317478,0.7880264920375055,0.018476069827541398,0.7913007888078583,0.008031740825618097
ml_f1,0.48514309158186525,0.043754275449314074,0.5052424350046998,0.02786877477210574,0.5524182407294083,0.023862986030391123,0.5792220574888352,0.02708205561029413,0.5361300569635343,0.017016159131120978,0.5426948348199898,0.006005389778185295,0.5348862906596104,0.018372081741559246,0.4996770844259561,0.023492244492661535,0.4996770844259561,0.023492244492661535,0.46543167912992456,0.02567258923040027,0.5337495526383198,0.021173398508733725,0.5393886921225415,0.03825826905001249,0.4747319170069826,0.01432995694422205,0.5255671746178523,0.02130023733131318,0.5147516574575046,0.0320269078907588,0.48254991375717127,0.017332528891380688,0.5610674191487962,0.029812882363921364,0.5285747077402898,0.025798649340268924,0.5300014515101047,0.012763538670057605,0.5336062777195242,0.014409076193083112,0.5427267442827519,0.02947930230755393,0.5519845807676357,0.03764382431275717,0.551384410958095,0.024336188222905005,0.5489817199616809,0.02567172754449891,0.5237250134457505,0.025908104159293042,0.5403093048476173,0.021888077259297475,0.4996770844259561,0.023492244492661535,0.4996770844259561,0.023492244492661535,0.49862443772587495,0.021926561405649556,0.5608038364065709,0.017856339208896628,0.5361961698156494,0.03447868912213797,0.49624162927069654,0.04122116811731175,0.5182563947394884,0.029961812059170197,0.5218474600754086,0.04195647800350699,0.5076796221991916,0.03888992195327297,0.5179211273272543,0.02402019745071519,0.4927008760186141,0.05778728006949852,0.49275399348450993,0.0336997613695083,0.49970273404917254,0.017150170796986875
ml_precision,0.47913029081068914,0.05719914640651788,0.4939958952982333,0.019678481129328844,0.5429908618634163,0.038355441659895045,0.5658003221257588,0.036834110208594534,0.5092460227646383,0.021891990610165574,0.5360773829751495,0.021789427341415337,0.5184085145821106,0.016474744842085637,0.48623994857552283,0.018228476901300437,0.48623994857552283,0.018228476901300437,0.45032528769785923,0.024696420315286703,0.5105094562912722,0.028707779727139754,0.5309741859103295,0.0304284661048288,0.46534005225620423,0.00899579366043816,0.5144240205863564,0.015465744560975216,0.5189210250286058,0.048155780715801906,0.4809613835055262,0.013758663211793259,0.5441193349944845,0.028053749450382345,0.5183723906949136,0.025937120564545647,0.5285120016834642,0.016983849405663325,0.5192548172759472,0.025388091393023757,0.5215629748768378,0.03676188110546995,0.5431544663925192,0.048470117446507255,0.5338768860058046,0.03607024920190949,0.5359607172802682,0.0348665327873231,0.5085842588646082,0.026531695051806956,0.5278002616846194,0.029509732800744534,0.48623994857552283,0.018228476901300437,0.48623994857552283,0.018228476901300437,0.4655569508911164,0.017512933568886828,0.548971727651905,0.024112361050479352,0.5247188569981076,0.0510275779790164,0.486542673365564,0.03527472480450033,0.501350827387536,0.032500034681897105,0.5146088674617321,0.02960969741217633,0.49018077316470154,0.033561795061839685,0.5190266226633813,0.044535977826257414,0.4847268251920427,0.06045946082576797,0.48753922389152926,0.03455433913540864,0.499892785442988,0.02516787752801003
ml_recall,0.492310889443059,0.03443025838323474,0.5176641729010807,0.04019572294914355,0.570518149071765,0.02631724716963221,0.5937240232751455,0.01745470970845774,0.569409808811305,0.016811095940279866,0.5502909393183707,0.012496505717683183,0.5525768911055694,0.02270787760539942,0.5141313383208646,0.03129834955551906,0.5141313383208646,0.03129834955551906,0.48233582709891937,0.03404004403558413,0.5600581878636741,0.02441848982466082,0.5484206151288445,0.04809980452340931,0.4848295926849543,0.02376842407326739,0.5374064837905237,0.029038461945173653,0.5114297589359933,0.01916549544852177,0.4842061512884455,0.02114396898084272,0.579592684954281,0.03750410585880521,0.5392768079800498,0.026715728125601006,0.5317955112219451,0.01543801515178947,0.5480742587974509,0.0045781966311604985,0.5669160432252702,0.03398332822496476,0.5621363258520365,0.034383398533846185,0.5706566916043225,0.011448006794188736,0.5640066500415628,0.033371212349244075,0.5411471321695761,0.04115063056965801,0.5540315876974231,0.022576907428689588,0.5141313383208646,0.03129834955551906,0.5141313383208646,0.03129834955551906,0.5369908561928513,0.030223871924684745,0.5733582709891937,0.013323873845302472,0.5494596841230257,0.0211603026788992,0.5064422277639236,0.04776342972609991,0.536783042394015,0.03144427195526484,0.529925187032419,0.05553257554493467,0.5272236076475478,0.049464340795661525,0.5187032418952618,0.02502064329724428,0.5012468827930174,0.05614511983630354,0.49812967581047374,0.033211219868616755,0.4981989470767525,0.014784507145418785
mos,0.8224638989169675,0.04540540794499322,0.6342599277978339,0.16143898435443202,0.5740162454873646,0.10579646177042794,0.6671750902527076,0.08006862873558993,0.7676805054151624,0.04033737109862934,0.5036642599277978,0.14208578050497683,0.7424007220216606,0.14044404754359419,0.887057761732852,0.03580279293959179,0.887057761732852,0.03580279293959179,0.5581768953068592,0.18334184084330946,0.8022743682310469,0.08998566027396968,0.6682581227436823,0.16465408699710793,0.8425631768953068,0.03845700241695534,0.7171570397111914,0.13555153193478722,0.6084476534296028,0.0752893142739105,0.5702617328519856,0.07806785194727185,0.5954783393501806,0.05389453109989259,0.6916064981949459,0.0878860902722964,0.7774097472924187,0.0342658094109485,0.9208393501805054,0.011426144863375908,0.5285559566787004,0.08170464979285524,0.6278971119133574,0.14041219228679194,0.7857400722021661,0.07087837592112066,0.8744404332129964,0.034935777407324446,0.6599819494584838,0.08070371340764326,0.6767870036101082,0.11998179964821916,0.887057761732852,0.03580279293959179,0.887057761732852,0.03580279293959179,0.7273104693140795,0.07355627044000024,0.6585469314079422,0.07899301604624065,0.7100180505415162,0.06924646032347415,0.7902166064981949,0.04913234940219679,0.6301444043321299,0.09556036463533796,0.6179151624548737,0.10296822675361335,0.7720667870036101,0.05815764866657117,0.8032942238267148,0.05481943911173711,0.6398826714801444,0.29204929247000905,0.8990703971119134,0.019353039980361524,0.7049548736462093,0.12206412499238295
mos_f1,0.2638766541518529,0.04510603846121175,0.12882190206756278,0.04273735209695218,0.09531568287703543,0.012420455037380035,0.10320450040026086,0.015060117805591232,0.18217904914488178,0.043864562711319034,0.08995742846752518,0.01582636103273693,0.16344975491301839,0.058998554314627784,0.3233804405417279,0.03488451285827631,0.3233804405417279,0.03488451285827631,0.11052720923369203,0.04675686160529809,0.17470885018548798,0.057582072522382385,0.13658434198666386,0.04551613860149324,0.226944874358729,0.008202992886858902,0.136084882660799,0.03758468441920805,0.11469050567335476,0.01938010105357819,0.10583961356115408,0.010531018920129113,0.11443345568722887,0.03279506355913779,0.14524956875500186,0.023932384994519103,0.18453050688109468,0.03480409480231048,0.3315987320050867,0.0312528369440318,0.10219431946708557,0.030126685632766846,0.1424291313503089,0.0344954714087795,0.18123013417702422,0.03146628962303705,0.2741528997053691,0.05249605289346025,0.15029550889702267,0.009714758588860352,0.14714408293752673,0.040481270062778706,0.3233804405417279,0.03488451285827631,0.3233804405417279,0.03488451285827631,0.14937335167743607,0.029016972670045958,0.14468650747502607,0.02791727725600254,0.17074067251540137,0.03526006576648472,0.22560213174341995,0.014235172215675876,0.13456772149018484,0.018977809302832507,0.13026982404227794,0.015608433466872317,0.17762561362277451,0.020285724146277388,0.20653189671790256,0.047894489989624915,0.14864798120997244,0.0712110253095041,0.3215667954098492,0.00955426773896194,0.14142145842488787,0.045034532183476805
mos_precision,0.19784936809778436,0.04805243534900095,0.09295143293775733,0.03771911506057228,0.06446205723046478,0.009495955022223883,0.07149574317560675,0.012707144246529559,0.12742314320557763,0.03416979176917644,0.0601430835166565,0.010993719161601356,0.1272505380668354,0.0608967107870988,0.27623457576386584,0.04559939260616323,0.27623457576386584,0.04559939260616323,0.07630087351225562,0.03327174426066009,0.1386234449989833,0.05629022653849679,0.09834880266756402,0.03790661324666117,0.17780286035154946,0.013020354076552845,0.09985086676853275,0.03887412185971189,0.07903480352841674,0.01633930579115506,0.07331448745988145,0.008134281272874338,0.0783342822757375,0.023653236850392417,0.10114828307066222,0.020894255875077445,0.1389606357609561,0.02810182378892408,0.30225370988310857,0.051993419597456514,0.06768655517935546,0.021104330225006886,0.09884572400326495,0.029080301745133874,0.13698562037614606,0.032963278113886274,0.2143923392817744,0.05608729040220858,0.1014598071869345,0.008271643775751613,0.1037875159626281,0.03290642579970624,0.27623457576386584,0.04559939260616323,0.27623457576386584,0.04559939260616323,0.10375228915471438,0.023603595102140076,0.09810502835693558,0.02020186915139221,0.1191913840362262,0.0308200005318303,0.16566845989735793,0.02030294281809106,0.0928123432078347,0.01871323290342817,0.08968722261246008,0.012698094703994264,0.13267929349744845,0.03018245668655759,0.15123599821412792,0.03587183077446381,0.11737635684868615,0.06749084561999767,0.27056895620631294,0.018041780320319046,0.10519123174100731,0.04445005565802739
mos_recall,0.4070247933884298,0.023527122386416972,0.21565082644628095,0.039322973148578313,0.18336776859504128,0.016323185805084493,0.18879132231404955,0.02671841253738017,0.32205578512396693,0.05300821737871585,0.17897727272727268,0.02894252506784007,0.24199380165289255,0.03670264240390602,0.3951446280991735,0.027050865259631993,0.3951446280991735,0.027050865259631993,0.20092975206611569,0.07841492064115724,0.2432851239669421,0.041618258426619155,0.23037190082644624,0.049060278819147915,0.31611570247933884,0.021188181904841823,0.23321280991735535,0.04682974036648736,0.2117768595041322,0.023872355389031673,0.190599173553719,0.014227223319637447,0.21280991735537186,0.05228946584646182,0.26058884297520657,0.018563927903622452,0.2753099173553719,0.04578595065438994,0.37267561983471076,0.01935203498041261,0.209194214876033,0.05110243886789937,0.26007231404958675,0.033478885171691786,0.2740185950413223,0.017232259625632528,0.387396694214876,0.026351413870122596,0.290547520661157,0.007655555811093572,0.2559400826446281,0.042672292463477014,0.3951446280991735,0.027050865259631993,0.3951446280991735,0.027050865259631993,0.2704028925619834,0.031878665545887315,0.27685950413223137,0.045337000532007635,0.30578512396694213,0.029666332704462613,0.359245867768595,0.021059773877441304,0.25025826446280985,0.009060139198982723,0.23966942148760326,0.025325724529196837,0.2815082644628099,0.02670676000962981,0.3267045454545454,0.07542678375380045,0.22107438016528924,0.10231619690043402,0.3985020661157025,0.021378307940676532,0.22778925619834708,0.040121143931580755
mr,0.8119562262098967,0.0017979345400118661,0.81413132137031,0.008423650283225186,0.8386351277868407,0.009873775143654348,0.8351005981511691,0.013597516396376646,0.8188213703099511,0.018852363283548258,0.8354744426318652,0.008211085512305307,0.8282694399129962,0.005992187113728627,0.8102909189777053,0.012849592505320246,0.8102909189777053,0.012849592505320246,0.800978792822186,0.015128659225183293,0.8361881457313758,0.003408540795557618,0.81600054377379,0.012854864919797199,0.8118882544861338,0.012336384124505223,0.8283374116367591,0.015698329210011602,0.8255505709624796,0.020899472134854203,0.8169181620445894,0.015532245353228717,0.8412860250135943,0.006855378838022227,0.8299687330070691,0.013023815071122189,0.8337071778140294,0.006394040478585596,0.8227637302882,0.007815960115047798,0.8167482327351822,0.015797151153295202,0.8328235454051115,0.008636689539943579,0.8321438281674823,0.016497723622601514,0.8280315388798261,0.011894339552469546,0.8197389885807504,0.010863007171793088,0.8290851005981512,0.006250812170519993,0.8102909189777053,0.012849592505320246,0.8102909189777053,0.012849592505320246,0.8308863512778684,0.017561101377360083,0.829153072321914,0.008403148963541886,0.8326196302338227,0.011168549188969683,0.8221179989124524,0.01324245490682514,0.8166802610114192,0.00530063241635287,0.8281674823273518,0.014222829417782037,0.8238512778684067,0.008042044079679577,0.8170880913539967,0.013532804334720658,0.8265701468189233,0.024624502291929733,0.8040035345296357,0.011803552901707133,0.8155587275693311,0.008308043036955677
mr_f1,0.5613176532160635,0.013558301014601684,0.54548473806736,0.022680294451378875,0.6013565679228103,0.03213843082205353,0.6000280982872382,0.0346235694835661,0.5676887403416856,0.037844388459357586,0.5963214718423137,0.018258444441077507,0.5817081319122683,0.010724341069904038,0.544833602115169,0.020904347010832068,0.544833602115169,0.020904347010832068,0.5276680938943983,0.03380702709704372,0.5962637507296626,0.01570896474179804,0.5530227169117793,0.019364468898109097,0.5449739459756787,0.02973763579012418,0.5901393958407848,0.03536082123670652,0.5646917403226748,0.040277957303213326,0.5501260774644081,0.028509264597307436,0.5981029299606739,0.011057688029652922,0.5858146336057612,0.01873202378330322,0.5845980543059561,0.011773228795060691,0.5676955605068585,0.01738010467309522,0.5698211237764744,0.035344012970448764,0.5891545663590605,0.015319004012885464,0.5982983348071599,0.02518213345469335,0.585558839419206,0.021611455310039888,0.5578052556524662,0.020803014758859355,0.5898969532907362,0.01759419145334688,0.544833602115169,0.020904347010832068,0.544833602115169,0.020904347010832068,0.6001342576161975,0.03187340606170591,0.5840299284461529,0.020494692013413997,0.5896543287630871,0.025352807210268037,0.5692733453629961,0.03056228705735134,0.5568068995014568,0.010580162421705881,0.5814399521385676,0.034716383711777404,0.5676966925652415,0.016883628841491496,0.56690094245651,0.020963259908903516,0.5751858187182894,0.052752108801790286,0.5379136593810578,0.021242013626808977,0.5559007455943732,0.013651318143001766
mr_precision,0.5348900560485986,0.016573383650016923,0.5266729413439462,0.012948271005851638,0.5764716811584563,0.024255726845083283,0.5720242266203626,0.03438708823458132,0.5334237251478025,0.036580419507191556,0.5717817770420128,0.021033470657849412,0.5551641667606203,0.012468549140108861,0.5114381487595372,0.02814440596034123,0.5114381487595372,0.02814440596034123,0.5111171411401465,0.031223074790749008,0.5640056584430244,0.008656049488163292,0.5232146941641911,0.021712078925585108,0.5191391374623981,0.026921924222891472,0.5651523811936013,0.03451497969372253,0.5450833227933439,0.042802935657725236,0.5248762137116685,0.02761967363034065,0.5684514840207211,0.013534696879135302,0.5589212536375296,0.015331352340877673,0.5542122525196851,0.014536932547979055,0.5347821208153986,0.025053818909653136,0.5339913643708329,0.03657340961581035,0.558673288294105,0.013486004970198808,0.5693099683476224,0.029040078521830683,0.5551711259970712,0.027516116948237346,0.5252762138250558,0.020891735843533633,0.554049613511765,0.026184230693570152,0.5114381487595372,0.02814440596034123,0.5114381487595372,0.02814440596034123,0.5583294058442103,0.029870405275648042,0.5535989094249366,0.01915839435435245,0.5605125936777832,0.025923063518566537,0.5372345063186571,0.03017432607755031,0.5249884441184909,0.013691878148633495,0.551178985924374,0.03272406007892988,0.5345675707002353,0.013798762979578338,0.5350781835449381,0.011888095316970564,0.5414925410486309,0.05611640193511482,0.5002699173124321,0.02232701768276504,0.5318116470213708,0.016100369666986292
mr_recall,0.5909810126582278,0.020851685021910104,0.5660601265822784,0.034789143081032585,0.6287579113924051,0.04255208921185104,0.6309335443037974,0.034873001329959144,0.6068037974683544,0.04054154422569288,0.6234177215189873,0.021637332802495846,0.6109572784810127,0.009589334301464497,0.5832674050632911,0.01338522493329795,0.5832674050632911,0.01338522493329795,0.5454905063291139,0.03804329683977097,0.6327136075949367,0.026526770141295865,0.586629746835443,0.01942726132564665,0.5737737341772152,0.03587491524370461,0.6174841772151899,0.03666939625339393,0.5858386075949367,0.037474176157080825,0.578125,0.032034627144663375,0.631131329113924,0.011343494838609225,0.6155063291139241,0.023795630708292385,0.6186708860759493,0.012838250469027484,0.607331223628692,0.007683967449543013,0.6109572784810127,0.034650182750413865,0.6232199367088608,0.019002444327740717,0.6305379746835443,0.021375405199535312,0.6196598101265822,0.014650323775519619,0.5947389240506329,0.022445453578464433,0.631131329113924,0.01121400920412349,0.5832674050632911,0.01338522493329795,0.5832674050632911,0.01338522493329795,0.6553270042194093,0.039025972011995605,0.6180775316455696,0.023410013770302184,0.6222310126582279,0.02784765175126273,0.6054193037974683,0.031310028869153274,0.5929588607594937,0.013526707387375707,0.6160996835443038,0.04586504228381339,0.6054193037974683,0.024164307407211663,0.6034414556962026,0.03730048829065305,0.6135284810126582,0.04819460256493046,0.5818829113924051,0.022353475556730798,0.5824762658227848,0.015400143942536209
ms,0.8202247191011236,0.007128502438970416,0.7905175348995575,0.02891788744067731,0.8121382362955396,0.013216505880978214,0.8065628192032687,0.02001257888184658,0.8149897854954035,0.006014739811688622,0.7868147769833164,0.05582014929281153,0.8109039836567926,0.009602575031331112,0.8126064010895472,0.007288487578140239,0.8126064010895472,0.007288487578140239,0.8054136874361594,0.02358488256570428,0.8080524344569289,0.007435621994858706,0.8184797412325502,0.011502241578404173,0.7785580524344569,0.03660167786974439,0.8150323459312223,0.007341479850483844,0.8085631596867552,0.0035669606468772394,0.7966036772216547,0.008888917943548187,0.8092157530359777,0.0035479512047078715,0.7823033707865169,0.02771766150198868,0.743488253319714,0.057799579029804794,0.7978379298604018,0.03472750745803081,0.8125638406537283,0.003645983067576616,0.8148195437521281,0.005421738488012994,0.7832397003745318,0.026500311554998858,0.7908154579502894,0.012633401834602324,0.8163517194416071,0.0032491206475982193,0.8147344228804902,0.008298739320126881,0.8126064010895472,0.007288487578140239,0.8126064010895472,0.007288487578140239,0.8147769833163092,0.004380211212212715,0.8054136874361594,0.01885460932102274,0.8118403132448075,0.01596305727935753,0.7939223697650664,0.02188230090294802,0.8193735103847464,0.006868995914821956,0.7688542730677562,0.03814184479626149,0.7919220292815798,0.037077899998206446,0.8068607422540006,0.007624220292165328,0.804605039155601,0.011237137228317927,0.7987742594484167,0.019004652427089385,0.7650238338440586,0.0416206246590001
ms_f1,0.6986556006546589,0.00478774637900984,0.6266668623704731,0.07198388254948118,0.6718712204004912,0.03099014801036689,0.6616659101339002,0.05192203991257992,0.6809423726530546,0.02737681323977721,0.6549972552119578,0.06936381940824556,0.6786068233047764,0.03332748719168428,0.6924815440948859,0.013129236961508755,0.6924815440948859,0.013129236961508755,0.6734695849113632,0.05182385603627642,0.6710585146059587,0.009497575460998544,0.6924212171113413,0.031216278248339505,0.6188633872576805,0.09318181364235399,0.6978797958029599,0.005886113173451379,0.6828403761283218,0.017657795001955894,0.6615701129610307,0.02366328265464355,0.6593983658487949,0.030349633428458454,0.6326089840973503,0.05249462913835092,0.5791364275126969,0.06029853794582723,0.652395578674509,0.07009970608213698,0.6965576660141467,0.006804603274996466,0.6923933725059908,0.006910553406774533,0.6229874674248048,0.04495767050604548,0.6418326196503772,0.03461605079509684,0.6911903348058006,0.009036601942294192,0.6873385568545678,0.021290744935413032,0.6924815440948859,0.013129236961508755,0.6924815440948859,0.013129236961508755,0.6859748924853423,0.028908066415109325,0.6694353345292434,0.02920730421943879,0.6853567955239561,0.016444041752742312,0.6428869410055746,0.07375825708383038,0.6913530225625905,0.008015543160088982,0.6083468382974531,0.06753730808012491,0.6536312828675256,0.048534869768440535,0.6801604325273335,0.026672707537163866,0.6734983262024385,0.02538787803843605,0.6692089705078664,0.026131289236972558,0.6032163643760236,0.05584300839022438
ms_precision,0.6717719963809403,0.0036898988902783806,0.5891932195874592,0.08276467191614177,0.6406272984693369,0.03572628863300356,0.6268918728639359,0.06175892879430028,0.6522400950314338,0.030075793567267653,0.6289225468572665,0.0648962903983368,0.6460597305942047,0.03895091327419028,0.6619923503211096,0.017823419755404253,0.6619923503211096,0.017823419755404253,0.6398614119112215,0.06272045070273538,0.6393973188998893,0.008705163236743101,0.661895333317596,0.03422686147032923,0.5829880801564131,0.1064441217229785,0.6724434466943855,0.00685319118835112,0.6469486431085278,0.023554462276472315,0.6300492083868208,0.02303427982704537,0.6219400429096242,0.03449890155199889,0.5990111761886205,0.0555398050157536,0.5439656564737552,0.05203141737106319,0.6186659192878723,0.07861754956797179,0.6702188485270626,0.010213207249275153,0.6627355428571738,0.010372034014298166,0.5889429872102719,0.03977019449693595,0.6099093729080659,0.0364208060650801,0.662441302151036,0.011428587784057856,0.6577585557081738,0.02219800907505619,0.6619923503211096,0.017823419755404253,0.6619923503211096,0.017823419755404253,0.6530736339003468,0.031560568202125265,0.6376721528074938,0.035228499420780136,0.6556061957462538,0.01560363417153575,0.6085993042877414,0.08622609738195859,0.6630561414017615,0.008536062203187448,0.5721637810140187,0.07744349123001822,0.6216457131189312,0.0517124977692637,0.6509529883835378,0.03392422410953125,0.6427129989871636,0.026465842289969205,0.6358221460635618,0.03269970967382079,0.5682881598697109,0.05783779122203895
ms_recall,0.7278026905829597,0.007485790149805011,0.6701793721973094,0.05671005984311567,0.7065022421524664,0.0264066803771094,0.7011210762331839,0.03876525347827108,0.7123318385650224,0.024080620064214343,0.6834080717488789,0.07474678577942472,0.7147982062780269,0.026775969627351983,0.7260089686098654,0.008301012482460257,0.7260089686098654,0.008301012482460257,0.7114349775784753,0.03759245720245093,0.7034379671150971,0.013068755153599069,0.7260089686098654,0.028176283537946177,0.660762331838565,0.07547987959440025,0.7253363228699552,0.006186607499723445,0.7230941704035875,0.010261777694669589,0.6964125560538117,0.024314693653320073,0.7017937219730941,0.025202698013979993,0.6704035874439462,0.04908760871317195,0.6192825112107623,0.07059801967717608,0.6905829596412556,0.05826145926066983,0.7251121076233183,0.0055043206695132175,0.7248878923766816,0.004986794414831789,0.6614349775784754,0.052564011702574395,0.6773542600896861,0.03262055731359521,0.7225710014947683,0.006488052141766967,0.7197309417040358,0.0205104872215772,0.7260089686098654,0.008301012482460257,0.7260089686098654,0.008301012482460257,0.7224215246636772,0.02558281881037419,0.7047085201793722,0.02189975864946149,0.7179372197309417,0.017413890438518036,0.682286995515695,0.056662761050639124,0.7221973094170404,0.008737684750777526,0.6502242152466368,0.056185793797855876,0.689237668161435,0.04494159575378494,0.7123318385650224,0.017747501931175157,0.7073991031390134,0.02401372158080214,0.7065022421524664,0.017897939052444037,0.6428251121076234,0.05276701513645631
my,0.7615774240231549,0.012186980315156562,0.7897973950795948,0.025708632855515196,0.7742402315484804,0.02602239065945236,0.788712011577424,0.02036359953613644,0.770260492040521,0.015286977209349616,0.7847322720694645,0.016767916391109198,0.7970332850940666,0.01738120426839985,0.7934153400868307,0.015648047837249022,0.7934153400868307,0.015648047837249022,0.7655571635311144,0.01724511619075686,0.7984804630969609,0.03692195158706489,0.807163531114327,0.016726231015519406,0.7785817655571636,0.01069998698158169,0.7882296189097926,0.0123081049900367,0.7995658465991318,0.01925345107908837,0.7937771345875543,0.018626854391035043,0.8039073806078147,0.018997943721674147,0.8039073806078147,0.012970892098165718,0.7952243125904486,0.020139532798020346,0.7963096960926194,0.04984367611952106,0.7651953690303908,0.014148585987518083,0.7771345875542692,0.021562466607454908,0.782561505065123,0.023286378712662377,0.7680897250361794,0.027416926355003153,0.7708634828750602,0.009635785989116285,0.7934153400868307,0.017179207817775037,0.7934153400868307,0.015648047837249022,0.7934153400868307,0.015648047837249022,0.768451519536903,0.012364694276870487,0.7998070429329474,0.0068390964200471735,0.7876266280752533,0.03369936620027501,0.7717076700434153,0.02538068576542381,0.7559093101784852,0.022621078799215374,0.7955861070911722,0.013071417177847757,0.7626628075253257,0.02793715819695178,0.7952243125904487,0.01774392103979695,0.7601302460202605,0.019679315151117534,0.7771345875542692,0.017802838482629896,0.7894356005788712,0.013078091376484252
my_f1,0.5007356826660625,0.012640074311903074,0.5416017227512199,0.0290304006299702,0.5133620096128071,0.03820722745500862,0.5219966288691389,0.02620131813937868,0.5222437290809063,0.01194150727951581,0.5105655335062487,0.02090315729101305,0.5582112538501991,0.027412083335431072,0.5554146012779814,0.024724164580883952,0.5554146012779814,0.024724164580883952,0.49969406498421237,0.02274433460536825,0.534638697476733,0.047160194270518076,0.553412672239599,0.02781852622134245,0.5357310232796615,0.012714797552195326,0.5426571647016845,0.020524776473977463,0.5078882289530975,0.04186339749520824,0.5400280620150008,0.014431179409023128,0.5651405259376248,0.008760138926855903,0.5528765046904531,0.01998906431415502,0.5451209150810105,0.020803269916497866,0.5529932474227329,0.061351698095077296,0.5042848087202926,0.03444753634558234,0.5049994973804343,0.025925413016371825,0.5241433298057336,0.013481427077096066,0.5068626386955911,0.024172826185111428,0.4859908231961663,0.0155723019639493,0.5536075016053736,0.013128798474819596,0.5554146012779814,0.024724164580883952,0.5554146012779814,0.024724164580883952,0.5172491134578717,0.019176733531668818,0.556162893135163,0.020739469798768378,0.5544696517581587,0.05506635892183035,0.5018494889475247,0.029427395596253857,0.4543537433896532,0.031029468381662536,0.5422203467202756,0.03984757507297272,0.49258592994737477,0.03528235170030004,0.5288375915761993,0.030483794473683493,0.5000527232715937,0.008706915252063381,0.5079788641685952,0.024302987859031983,0.5331841099215,0.028471839979329307
my_precision,0.4544894685214129,0.03630948646326644,0.49778501664702623,0.044288422335262236,0.4661189139393237,0.04997720690287179,0.4754813416860325,0.03142173839949509,0.4552344219595271,0.014297302709118949,0.4755584259365334,0.0314010519743908,0.5013054134697357,0.01597363599361131,0.5062559304224292,0.02263916508370224,0.5062559304224292,0.02263916508370224,0.4464793883908481,0.04005797446467707,0.4801584269532125,0.059873439759025995,0.5108145233940161,0.0317313212619468,0.4840081866490317,0.014910616859344797,0.49035083399001833,0.020701887287040123,0.49252096960369374,0.04781463598528848,0.5022913542914543,0.026685221152874822,0.5034270107069592,0.030617491569421687,0.5133012735229221,0.03012640477394161,0.4965706988427193,0.017515905451826966,0.5012303354460702,0.08160421266744534,0.4334042731453049,0.04395386923552009,0.46296514984516873,0.034514980107446865,0.4792330555060569,0.03377591043230476,0.44937869439530564,0.038391655343130195,0.43414864516418344,0.010069234693192677,0.4968881746180597,0.009774504358088354,0.5062559304224292,0.02263916508370224,0.5062559304224292,0.02263916508370224,0.4455208218397146,0.015896696440515227,0.5003303509670233,0.03451502586530167,0.5074714111645929,0.0799226416540199,0.4383155711226086,0.03341069580296428,0.39927766626072636,0.03326998638103345,0.5034996032086478,0.0370346685671104,0.4360586368167957,0.04366248491735717,0.48592646373808146,0.01271498088049652,0.44199505178661,0.015986402407154272,0.4516323074948412,0.015401794160061481,0.47293059243659,0.02696201259724374
my_recall,0.561965811965812,0.03908952345872432,0.5961538461538461,0.022478253330569138,0.5747863247863247,0.042089135905111576,0.579059829059829,0.021367521367521358,0.6132478632478633,0.026458939631063702,0.5576923076923077,0.0667086579713282,0.6303418803418803,0.04648766060421858,0.6153846153846154,0.03041902635906355,0.6153846153846154,0.03041902635906355,0.5783475783475783,0.030016107557984992,0.6068376068376068,0.04784289351494777,0.6047008547008548,0.03301034252494724,0.6068376068376069,0.02261325906892807,0.608974358974359,0.03970757796229732,0.5256410256410257,0.04655309013780113,0.5783475783475783,0.026111542421400735,0.6474358974358975,0.033010342524947243,0.5954415954415954,0.027474788492857463,0.5954415954415954,0.0323584521128221,0.6217948717948718,0.042663758210461346,0.603988603988604,0.021509499815586183,0.5576923076923077,0.03782312834003348,0.5868945868945868,0.02611154242140082,0.5833333333333334,0.014596795962905413,0.5534188034188035,0.03908952345872434,0.6260683760683761,0.035839731126521716,0.6153846153846154,0.03041902635906355,0.6153846153846154,0.03041902635906355,0.6175213675213675,0.03782312834003348,0.6296296296296297,0.03454232379766989,0.6175213675213675,0.049530879346762736,0.5925925925925926,0.027474788492857463,0.5185185185185185,0.0323584521128221,0.5897435897435898,0.062027182498795505,0.5705128205128205,0.05193084368535096,0.5811965811965812,0.05539094614023815,0.579059829059829,0.046487660604218536,0.5783475783475783,0.05222308484280159,0.6132478632478633,0.05050455242517326
nl,0.9274856927976309,0.0020055936545659,0.9310522110062635,0.0009510264294274846,0.9303559467431285,0.001465900529016879,0.9302795633218562,0.003424220798249688,0.928076195400543,0.0009563417764525248,0.9286431954122942,0.0019234200256939308,0.92936296226659,0.0025939770575903794,0.9285403715759663,0.0025977363438058777,0.9285403715759663,0.0025977363438058777,0.9265455891512039,0.0021482357215474967,0.9302942524413317,0.0015882482079378768,0.9320892628412282,0.0030769999493326125,0.9289546047451731,0.0012922641023409974,0.9306174130697911,0.0020671455291064126,0.92918963065678,0.002350697300617471,0.9294305322161768,0.00200065303956351,0.9311785374337521,0.0021260537149637593,0.9267864907106008,0.0006685082664941434,0.9281966461802413,0.0024947343660987518,0.9290691798770814,0.00244197087095148,0.9265279622078334,0.0016006332975084974,0.9286167549972384,0.001968064285367417,0.929086806820452,0.0018612731615407266,0.9281937083563463,0.0017618193011872572,0.9278206047216706,0.0006705707727953609,0.9277824130110345,0.00040769826856188243,0.9285403715759663,0.0025977363438058777,0.9285403715759663,0.0025977363438058777,0.9259727134916624,0.0010045582271127843,0.9292689519019472,0.0012615733250855993,0.9291808171850946,0.0009528699448998467,0.9287254544813566,0.0013984988066419108,0.9255614181463507,0.0010822468999247255,0.9287195788335665,0.001893973847685704,0.9278793611995722,0.0019198268933574025,0.9287078275379861,0.0013843064433512028,0.929298330140898,0.0023074370338166867,0.9280409415138019,0.0010051079420851834,0.9300034078757182,0.0021662475670422418
nl_f1,0.8090049292757658,0.004648197050895616,0.8156227325342225,0.00027389451532572703,0.8122268337605321,0.0033600537682128206,0.8149480522567824,0.006398852707113965,0.8102785922541956,0.002973402010302454,0.8104262383442801,0.005397197448849765,0.8139964658472303,0.0059973829606986585,0.8109446990125485,0.004121879297986317,0.8109446990125485,0.004121879297986317,0.8069204626490667,0.004362579476113302,0.8148534630742719,0.004921415613229675,0.8183022591312482,0.0074293651278498855,0.8135956724638636,0.0028877310368841157,0.8152421353666515,0.0055044516196939225,0.8125685708864332,0.004570941070514026,0.8153529599356257,0.004770933099304856,0.8199354087641548,0.004416335338635555,0.8099720803898445,0.0028478838243094443,0.8114698258268433,0.005487960494869279,0.811398649047395,0.004972053571175555,0.8073375392541496,0.0031015072015048877,0.8109680526642269,0.004375413746018904,0.8124849335579626,0.003749160289641087,0.8098606235306303,0.00250165477635185,0.8105322778965522,0.0014740564148490018,0.809266771304982,0.0027761143954173834,0.8109446990125485,0.004121879297986317,0.8109446990125485,0.004121879297986317,0.8061266378830954,0.0035615757561044824,0.8128305051411007,0.0014406222391817377,0.811354719435129,0.0017183167533857677,0.8125897385419101,0.0021340917329959446,0.8054918910347351,0.0022090755508950995,0.8131633887908096,0.005659624283277898,0.8128980598023964,0.004893238986061631,0.8119175452261815,0.0024234661956416127,0.8135656279119716,0.006195748666185508,0.8099343261994298,0.0053306790909498705,0.8151791226768035,0.0037796250831916324
nl_precision,0.7907300588200551,0.004785718144551988,0.794334779713795,0.0005720925414760508,0.7912064631961494,0.003929492133773814,0.7929889879311274,0.00976380998194964,0.7910707941557424,0.0042567258353693955,0.7893312129964442,0.007253492304284863,0.7955140113764216,0.007238520604635746,0.7907321508436649,0.0051236834126361,0.7907321508436649,0.0051236834126361,0.7878989262368687,0.004461048300856535,0.793702786717883,0.0067663095402759115,0.7990885286281697,0.008193336398040431,0.7936311292610789,0.004672153660117318,0.7970100263982653,0.005071140034588653,0.7935474317320881,0.004330133735410746,0.7957006648783453,0.00537742667747897,0.8011862588062217,0.005822567186018257,0.7911642569756914,0.003539445156503258,0.792983193684994,0.007291068956790427,0.7931244865471235,0.005639217589534696,0.7888369620911563,0.0035849158411516324,0.7929717932746763,0.0038531490995572207,0.79146905185433,0.004731619982714792,0.7883584999282833,0.004304867751132046,0.7927326872820075,0.001617736670441519,0.7890113945098184,0.0032858823832308897,0.7907321508436649,0.0051236834126361,0.7907321508436649,0.0051236834126361,0.7840802626690537,0.0059517411780191905,0.7927505541692668,0.0017794921723314223,0.7924245559128813,0.002384883191651918,0.7941028624306246,0.0026355682964921395,0.7869930717862718,0.003825093429780872,0.7925965095189562,0.00576807080041332,0.793918588236808,0.006546506666025862,0.7931403411543858,0.002840281854996058,0.7957032739039356,0.006783728668560947,0.7906415253826604,0.007833708401111682,0.7961596356373306,0.003972038226301886
nl_recall,0.8281511992418167,0.005243684891865954,0.8380841291827659,0.0009467939898800786,0.8344207917183057,0.005947790651046467,0.838193482539914,0.003957591178286794,0.830447619741926,0.0019825968836821545,0.8326893635634613,0.0035008258959081315,0.8333637092658744,0.004805422605228562,0.8322337245753445,0.004876418663206593,0.8322337245753445,0.004876418663206593,0.8268936356346139,0.005429952626265052,0.837172851206532,0.0032735729714628422,0.8384668659327841,0.006762607717234073,0.8346030473135525,0.002541752326921636,0.8343296639206823,0.006115247854739263,0.8325253335277393,0.00497923709389081,0.8360064153969526,0.004696963962337109,0.8395968506233141,0.004257297210038443,0.8297003718014143,0.0028234915405754733,0.8308485820514689,0.0037718836452644987,0.8305387475395495,0.00457932068533768,0.8267296055988919,0.0030007485749097332,0.8298097251585623,0.005881332803713645,0.8346577239921266,0.003982802573042309,0.8325800102063133,0.0021250304216781295,0.829153605015674,0.0024776037716652587,0.8305934242181235,0.0028913037433576008,0.8322337245753445,0.004876418663206593,0.8322337245753445,0.004876418663206593,0.8294634395275935,0.0014215936429248113,0.8339651527301888,0.003609703848985215,0.8312130932419626,0.001263229820745298,0.8319603411824743,0.002123779545230137,0.8248888240868995,0.0013729383870939283,0.8348399795873733,0.006761330508424712,0.8328169424801342,0.0035934099103288385,0.8316140555515055,0.003592916868799363,0.8322519501348692,0.005786435760876132,0.8302106874681052,0.003280330695040288,0.8351315885397681,0.003842208468788958
nya,0.9181989924433249,0.006736610230593744,0.8039381902732028,0.06857850055789276,0.5791513272621585,0.06983862468519371,0.6547326099593103,0.06947919730024756,0.9012594458438287,0.013641051693030294,0.3781486146095718,0.10907153123610876,0.8127155590001938,0.1067236912530752,0.9167845378802558,0.013119834345239147,0.9167845378802558,0.013119834345239147,0.6348866498740554,0.2966816456792737,0.7950784731641155,0.09847242033698635,0.748386940515404,0.09423116835400212,0.8638781243944972,0.04047080756783879,0.7696086029839179,0.17224148589336194,0.587865723696958,0.08722004969107962,0.699011819414842,0.0953768890388645,0.5539333462507265,0.19645692934457976,0.8196231350513467,0.06040059700511256,0.8837822127494672,0.02732641039006342,0.9102790156946329,0.0063118387359320845,0.6715026157721372,0.11106744578508854,0.8923464444875024,0.034434341072957765,0.8166489052509204,0.10101757301230037,0.9015888393722147,0.015089276447989047,0.7554398372408448,0.10695310441129366,0.8847074210424336,0.025570176764421814,0.9167845378802558,0.013119834345239147,0.9167845378802558,0.013119834345239147,0.807387134276303,0.08779615064377304,0.9065539624103855,0.002279821565863719,0.912148808370471,0.011557649496317412,0.9255861267196279,0.005055377441831898,0.7527029645417554,0.17210403617525452,0.8256200348769618,0.07253592979418069,0.8784973842278628,0.01592997722304844,0.8895030032939353,0.018085933177815334,0.8535652005425305,0.11933786100541507,0.9211780662662274,0.012674293244787216,0.8888781243944972,0.022839613405520088
nya_f1,0.373392426256212,0.02033024112187382,0.21820753725098993,0.040016407287726305,0.12362700233548418,0.027841413678679403,0.1417266255787337,0.03350472108200321,0.32197128007047277,0.019765463123588727,0.0928511637961354,0.018905732448984816,0.24751893442471348,0.08001521191996724,0.3625572568356175,0.017298124564921313,0.3625572568356175,0.017298124564921313,0.15642518845231138,0.07364285221681623,0.21270487020251205,0.05623827836471335,0.2090208611544227,0.05846798432342525,0.2662806072724982,0.008086864054192226,0.2216725113165151,0.08036325473386009,0.15725938232537148,0.021372245391936093,0.1969715054694195,0.04109763442004287,0.13456597325562283,0.058313879741796464,0.24105154460869005,0.04547458280089326,0.30268646019668344,0.04447281254560238,0.327531141009157,0.01988112527606712,0.14905177207348766,0.031400540522818265,0.3329283526923828,0.04130460728757324,0.24614709223644315,0.05603042085516121,0.3376653995789185,0.027223408866155888,0.20383874125842916,0.02875110331561447,0.31372068072126114,0.032739756778818165,0.3625572568356175,0.017298124564921313,0.3625572568356175,0.017298124564921313,0.2264145283348857,0.05627162959133648,0.3528568252892977,0.03136885393027136,0.3533107164350685,0.027691476304510652,0.3893159059201411,0.026231129864868714,0.18772092335407256,0.05068008606152585,0.24092335502593548,0.043198595805956364,0.2933025447038385,0.014730693130735438,0.29379991168887204,0.04429198510626898,0.29864080185647296,0.07881270711832862,0.38085620155317906,0.028522784301539744,0.2841391251702855,0.03474361325784599
nya_precision,0.3649295670940108,0.026096923348344042,0.18784792090123914,0.0393712906596616,0.09463527503807592,0.023517004280821135,0.10970211054451226,0.030746780046040794,0.30022023622483074,0.015551927995269586,0.0687837392423481,0.012800982138498292,0.2331959081521562,0.10217554302587799,0.36510261048784887,0.028978981944580505,0.36510261048784887,0.028978981944580505,0.13035773649750654,0.06191617438678172,0.19131815456605172,0.06645926710655331,0.17206281215186875,0.06442768692003248,0.25817302717322954,0.024362252492569902,0.19995952031051029,0.09595225008690805,0.12256883270380617,0.021345047445320214,0.16803842702548238,0.04683705385978682,0.10581954378097293,0.04987063868097964,0.2032815362682854,0.06194466575226817,0.293398716211967,0.04670290076348765,0.33424886987331653,0.024373158529791893,0.1129758065057547,0.028317683645994716,0.3262411500837651,0.06709290455703075,0.22217794741241992,0.0684489510546621,0.32486624523715973,0.043407600235989593,0.15912602428973047,0.028824161672267014,0.2909338760326614,0.05050798612012322,0.36510261048784887,0.028978981944580505,0.36510261048784887,0.028978981944580505,0.1912591976714384,0.0624074997667464,0.34370656975010494,0.025813596485574016,0.35164442303568433,0.027128159023131815,0.38911491918377183,0.023233801565434864,0.15860371731654793,0.054373461942057555,0.21610807555893935,0.06092629518490086,0.27295482884274375,0.02757193069011811,0.2962882293876336,0.06535881176725153,0.3284479900294285,0.17132091813906042,0.38167570390655026,0.029195173138337926,0.2885459358464883,0.04122708444662978
nya_recall,0.38280725319006037,0.018953882863223758,0.26116521155137673,0.03904905178025165,0.17939892545332436,0.03705475733965231,0.20366017461383473,0.03962058850910292,0.34771658831430485,0.029592613358642415,0.1433848220282068,0.03566609174719382,0.2710711887172599,0.05125655150489913,0.36064472800537273,0.006704714184854217,0.36064472800537273,0.006704714184854217,0.19560107454667558,0.09087171391953724,0.24538280725319003,0.04136551769896539,0.2729180658159839,0.0394207483330605,0.27728341168569504,0.01595972528082148,0.2617528542646071,0.05983356663992981,0.22044996642041637,0.015617214176270638,0.240849563465413,0.026883772138402335,0.18712222968435185,0.07105573987443298,0.3064137004701141,0.018556075068862442,0.31287777031564806,0.04340943227893086,0.3221961047683008,0.025770370628046754,0.2210376091336467,0.030894889774740947,0.3459536601746138,0.027374226773928863,0.2815648085963734,0.03440391810367534,0.35384486232370715,0.01473266361827136,0.28551040967092006,0.021667506588121138,0.3430993955674949,0.01048477352659377,0.36064472800537273,0.006704714184854217,0.36064472800537273,0.006704714184854217,0.28525856279382134,0.034681386712329815,0.3629113498992612,0.03955020692261378,0.3552719946272666,0.030708953010505174,0.38969106783075885,0.030518035021147968,0.23631631967763597,0.038286002448309486,0.27971793149764934,0.03368128766555094,0.32060107454667564,0.030702067509176787,0.2955003357958361,0.04226316664195563,0.3026359973136333,0.03747234289878339,0.3802048354600403,0.029206356414081917,0.2815648085963734,0.035681369125549166
pa,0.5877609108159393,0.03846504660991272,0.5351043643263758,0.029822075228655955,0.5716318785578748,0.009344267364132922,0.5910815939278937,0.017562863221903598,0.5925047438330171,0.03150038481284211,0.6000948766603416,0.012430894375100239,0.605787476280835,0.009083748650439642,0.5692599620493358,0.05158359475927204,0.5692599620493358,0.05158359475927204,0.5113851992409868,0.019505558437835878,0.5981973434535104,0.037131416712993984,0.5716318785578748,0.024219888676212303,0.5536053130929791,0.02509602746931151,0.564516129032258,0.02155183432941283,0.5403225806451613,0.04771267916766662,0.519291587602783,0.03422580457550578,0.5507590132827325,0.02252529905518517,0.5393738140417457,0.017622557515186637,0.5740037950664136,0.03972753636291514,0.5811195445920303,0.010886726425084422,0.5640417457305503,0.019803253895576602,0.6124288425047438,0.025942593971936566,0.5981973434535104,0.00716303077350166,0.6081593927893738,0.019871319509683766,0.6110056925996206,0.025878902650827106,0.5673624288425048,0.026063754304916503,0.5692599620493358,0.05158359475927204,0.5692599620493358,0.05158359475927204,0.5735294117647058,0.029452543602008337,0.575426944971537,0.02552282093277694,0.571157495256167,0.027190620190012244,0.5592979127134725,0.016423987568119917,0.5611954459203036,0.02485575360294569,0.5768500948766603,0.03984819734345354,0.5944022770398483,0.04210001467236015,0.5716318785578748,0.027817905844644532,0.5616698292220114,0.04458193595624566,0.5621442125237192,0.03327903958995798,0.5564516129032258,0.021433167457125188
pa_f1,0.37789330426316725,0.03642126858686185,0.3195028148409386,0.02586626080549035,0.3430619765618338,0.014093134394394958,0.34174668747172166,0.025075086477249847,0.36702328348482227,0.03230325455057942,0.365416823720839,0.03071971212133401,0.3626891343295796,0.019138783678310883,0.3524931177082308,0.020636991078070318,0.3524931177082308,0.020636991078070318,0.28638730473592855,0.006049198479097834,0.34773032794854425,0.03484174151901617,0.3346897564787473,0.03034740366995171,0.3172384638564757,0.025853965182217425,0.3434143111265478,0.0305742495125448,0.33514355476972296,0.021198816339857453,0.25934262617642173,0.032100512611371444,0.34020711704197937,0.012388377215982934,0.32923681257014586,0.006375857480285311,0.3394904012297521,0.037793259158865444,0.34686037964808997,0.018366640581799515,0.34536423895092805,0.01185082310092918,0.38869736184481524,0.033179440433875516,0.36948729247328,0.004118822769842164,0.3759615679578731,0.010321681486451711,0.38063001335257124,0.029550060586950037,0.3294482432107293,0.013194876106520502,0.3524931177082308,0.020636991078070318,0.3524931177082308,0.020636991078070318,0.34121391643515536,0.028710685805091417,0.34505037415996315,0.01224513903739638,0.3510871311201127,0.019972159726004534,0.35509797175998326,0.01684757805067081,0.34209844674294215,0.03563994073393044,0.3444614041952393,0.024789467181949677,0.34853977862492375,0.020584092910422666,0.3400053537551937,0.009734076332061957,0.32572351409748107,0.028982098238409113,0.343499113378991,0.021873144762352494,0.330670414184942,0.02025691400675727
pa_precision,0.35588103871392923,0.037064649046453804,0.30749652388444304,0.027236270038057956,0.3225851135029569,0.011099150637103507,0.32399295213810736,0.024229201749481212,0.35006708263287206,0.033994284707197925,0.34719503954836134,0.033716336887052285,0.3440565431569929,0.015876663858075395,0.3335563831280486,0.02137690886061168,0.3335563831280486,0.02137690886061168,0.269309462915601,0.007254590277791334,0.3269658283039193,0.03274189250575774,0.3151930337352332,0.026684695252034818,0.3033526213653255,0.026387024983343818,0.3251026963942565,0.026118126992000334,0.3180785827844651,0.025298668813530264,0.24795371159237065,0.03154154985518576,0.32117002396237776,0.012502439254632385,0.31122204573532003,0.004463451959248535,0.31651876708490156,0.037649604435192226,0.329408583072591,0.012017840903192913,0.32480598086062973,0.009688448997090236,0.36758846816261287,0.027758552126650772,0.352414780270208,0.0015297374228901463,0.3582792002235,0.009262833421819218,0.3608701164845233,0.03320809471504644,0.3117206054540839,0.011582481186820703,0.3335563831280486,0.02137690886061168,0.3335563831280486,0.02137690886061168,0.3174052175644958,0.02719665704257065,0.3240857350897919,0.01125173272832703,0.3310686782018476,0.016942097359258838,0.3364832584479542,0.017573989803979406,0.31896478318240695,0.030733178249189776,0.3309448162896439,0.022147956920180067,0.3303009446604131,0.017945888623305827,0.32282149523528836,0.011619520880608011,0.3069496968017902,0.03161545807072869,0.32357585427469754,0.012860841548253399,0.3178170329219585,0.020664610517203582
pa_recall,0.4029126213592233,0.03589170390423758,0.33252427184466016,0.024271844660194213,0.3656957928802589,0.024433121149743536,0.3616504854368932,0.026735779355757782,0.3948220064724919,0.031209225763731238,0.3915857605177993,0.03120922576373122,0.3786407766990291,0.02568690593266591,0.37378640776699024,0.020210349509379923,0.37378640776699024,0.020210349509379923,0.3058252427184466,0.006865114380451934,0.3713592233009708,0.03749718519824098,0.3567961165048543,0.034892975166420426,0.33980582524271846,0.025686905932665958,0.372168284789644,0.04042069901875987,0.35275080906148865,0.020210349509379905,0.27184466019417475,0.0326844820011718,0.3624595469255663,0.01483034205487328,0.34951456310679613,0.00970873786407768,0.366504854368932,0.03993191805583516,0.366504854368932,0.026735779355757775,0.36893203883495146,0.017725649110199554,0.41262135922330095,0.040807508779671514,0.3883495145631068,0.009708737864077631,0.3915857605177993,0.014830342054873255,0.4029126213592233,0.025686905932665913,0.3495145631067961,0.01772564911019956,0.37378640776699024,0.020210349509379923,0.37378640776699024,0.020210349509379923,0.36893203883495146,0.03070172485600364,0.3656957928802589,0.014830342054873304,0.37540453074433655,0.02966068410974655,0.38187702265372164,0.020210349509379916,0.3689320388349514,0.041946541737267674,0.3592233009708738,0.028581750376465535,0.36893203883495146,0.029126213592232997,0.3592233009708738,0.009708737864077686,0.34708737864077666,0.025533549899772634,0.36650485436893204,0.03398058252427186,0.34466019417475724,0.020210349509379926
pcm,0.7426005747126436,0.049911870525857965,0.8114164272030652,0.03410619348535319,0.829268438697318,0.021637850956957125,0.8348659003831418,0.02040509989526236,0.7999401340996168,0.032156223007218446,0.8116678639846743,0.012056485021940382,0.8373982279693487,0.02155070750227396,0.7911039272030651,0.037720564644316584,0.7911039272030651,0.037720564644316584,0.766026101532567,0.10496091007179838,0.8328723659003832,0.03447097397228342,0.8311781609195402,0.023845797784920797,0.7633920019157088,0.07823843868120402,0.8350754310344828,0.023578491210827588,0.8009458812260537,0.042367342030917694,0.779705459770115,0.04980349569400599,0.816977969348659,0.02719723953010256,0.7760835727969349,0.025255508886260245,0.7922413793103449,0.03548447136941699,0.8129070881226054,0.018468373143822606,0.777574233716475,0.03430745191133711,0.772982519157088,0.04908027336061953,0.8301604406130269,0.024846834532268578,0.8120929118773946,0.03281171011595104,0.7581417624521073,0.015947784462723515,0.769588122605364,0.06412243269126515,0.7911039272030651,0.037720564644316584,0.7911039272030651,0.037720564644316584,0.7872306034482759,0.051401788008863414,0.8024066091954023,0.03701628373145413,0.8032686781609195,0.027989942191384065,0.7814894636015326,0.023070666225458548,0.7565792624521073,0.049592437322477374,0.7972102490421455,0.038755502743890405,0.8147569444444445,0.035312648536189026,0.7913074712643677,0.049772584944907966,0.7634279214559387,0.10366027101842151,0.7860392720306514,0.04657895146477472,0.8122425766283525,0.016111201455453812
pcm_f1,0.3195541493721629,0.017859886620144275,0.3355319996156368,0.021940884625333824,0.33993402298663905,0.026683491313733775,0.3442865102912226,0.023429896807300763,0.32404396077535647,0.03744567647481075,0.3264307803663384,0.014485703428284494,0.35270947531543395,0.019796989327333345,0.3282770820559521,0.018584775058368662,0.3282770820559521,0.018584775058368662,0.32022895747365343,0.05417420649930379,0.348024660970217,0.025414984298610107,0.3496106512272991,0.016150915828623942,0.3108555484039176,0.04240337421849188,0.3500775947064105,0.016655551189519054,0.32455607550776777,0.037827828228617376,0.32873131882031387,0.030220771193413494,0.3312008061467177,0.02976865327949871,0.31408777884510297,0.021532643636465502,0.33103703358911296,0.016526560509668574,0.3355950713029202,0.025042402041322794,0.30361393232486733,0.026181296588463042,0.3128123115827889,0.02558280524236322,0.3515224024042043,0.01450125077798715,0.32896899674003355,0.02529734416832152,0.3042050498908122,0.01572933179033775,0.3125336175763045,0.045059831154245784,0.3282770820559521,0.018584775058368662,0.3282770820559521,0.018584775058368662,0.3099341562380155,0.035504234663918555,0.33766925074390014,0.03003798985872076,0.3323847735993297,0.02642347249077942,0.3224983280753119,0.02043775689621329,0.31534928341577706,0.040497224750058604,0.33007871928391497,0.033055237918440845,0.34123371722156165,0.027466655263619404,0.3234226711281367,0.02870216259010852,0.31468807022098627,0.05529209285371611,0.321373376460698,0.02832917380271935,0.33525220759893726,0.016325397927257432
pcm_precision,0.23352845216270546,0.015719145706922958,0.2540778382036145,0.019802911871316102,0.25515249806489965,0.027390805545812393,0.2617651924008195,0.0257773060879021,0.23450527107043073,0.03394296442449347,0.23965759239674225,0.014463066280266664,0.27150534877296617,0.020841711210333704,0.24384096575552838,0.017416589131606004,0.24384096575552838,0.017416589131606004,0.24015555697667001,0.04871600745700988,0.26401395543682094,0.028007212156677286,0.26751654917963363,0.020344936421308944,0.2293393050670083,0.03867148307221127,0.26357962264193113,0.018568030197848518,0.24282370860028862,0.036737217634648246,0.24716266192968323,0.02974706172523347,0.2491710938440851,0.029249499439863567,0.22977354167413372,0.016187982766701168,0.24842952243185806,0.016891044228549024,0.25008210258631824,0.023802300450405624,0.22203958065634039,0.023246937931211728,0.229811652421081,0.024261941144398076,0.26493753852962154,0.017931596224582177,0.24246137547230767,0.027459541852431296,0.2208491308476946,0.015166701165362324,0.23013604223864548,0.04138778450362057,0.24384096575552838,0.017416589131606004,0.24384096575552838,0.017416589131606004,0.22751023937915488,0.03542799671123786,0.2519123321630824,0.028695056764713178,0.24568411738695545,0.024365615869077994,0.23425100559177325,0.0212300384190401,0.23178799892249194,0.03843546235470674,0.24457793965988683,0.03207476881045516,0.2564583672760396,0.03208470293605025,0.24027833804300758,0.02660298924152222,0.23706690478591114,0.05856295409398252,0.23741952123487436,0.02635455686395566,0.2521278412347894,0.016481534189114386
pcm_recall,0.5063873275421563,0.018760919520373884,0.49425140521205924,0.02112780169638283,0.5113694430250383,0.020458069357861135,0.5048543689320388,0.011569822992840512,0.5274655084312724,0.03135078385725742,0.5126469085334696,0.013757933842642426,0.50408788962698,0.011804408032020963,0.5028104241185488,0.013774530144204178,0.5028104241185488,0.013774530144204178,0.48390393459376596,0.04518304788033184,0.5129024016351559,0.006522167262321863,0.5067705671946857,0.020080197468705662,0.48530914665304037,0.03061194056776928,0.522994379151763,0.022983021097648475,0.4916964741951967,0.02829521217871684,0.4924629535002555,0.018510470809075086,0.4956566172713337,0.02487965884722907,0.4964230965763924,0.034810876505367586,0.496934082779765,0.012045264662399729,0.5126894907170839,0.025034847627302775,0.4808380173735309,0.023531270670009298,0.4914409810935105,0.024656077141574324,0.5237608584568216,0.009811289949865227,0.5146908533469596,0.010623721454415863,0.48952478283086354,0.010073904331542323,0.49029126213592233,0.040705004016727254,0.5028104241185488,0.013774530144204178,0.5028104241185488,0.013774530144204178,0.4904190086867654,0.01303682603304131,0.5137966274910577,0.021952592143868795,0.5146908533469596,0.023480821500462247,0.5194174757281553,0.004838655326636623,0.4969340827797649,0.029881408308400886,0.5097087378640777,0.02016723864648753,0.5141798671435871,0.008274979428053917,0.4959121103730199,0.02736043644400111,0.47777210015329585,0.02607198297847306,0.49872253449156867,0.022214680755528078,0.5010219724067451,0.01464728084652951
pl,0.9165586885713606,0.0007663748459515969,0.9196851002115976,0.001847613645612682,0.918683578612016,0.0016509075389224248,0.9187073536054777,0.0010196719318567974,0.9179198069470531,0.0017635312745711272,0.92000309074915,0.0014609696404377735,0.9207282280497373,0.0024807490180799945,0.9170074415729536,0.002288675020246369,0.9170074415729536,0.002288675020246369,0.916543829200447,0.001059188633310595,0.9210373029647416,0.0010263025168805776,0.9213344903830151,0.0008670813237304818,0.9191442191103397,0.003146444335224185,0.9194206034093341,0.0022770581958217297,0.9193017284420246,0.0012109891972150093,0.918457716174128,0.0015535371024475188,0.9200952188488148,0.0018479960252228975,0.9189569910368275,0.000702503116301095,0.9195929721119327,0.001500306954986526,0.9197593970661658,0.0014882968669706633,0.9170014978245882,0.0013831789097939501,0.9199436532654954,0.0017184595316407235,0.9177949882313782,0.0025808624181188284,0.9161366824374123,0.002567284206915812,0.9169093697249233,0.0017495599410848016,0.9187905660825942,0.001472786806096851,0.9170074415729536,0.002288675020246369,0.9170074415729536,0.002288675020246369,0.9175929007869523,0.001595978524893207,0.9199674282589572,0.001459969804593415,0.9195751408668363,0.0009582285902030412,0.9187786785858634,0.0018578627341473595,0.9175096883098357,0.0021055164053840362,0.918760847340767,0.0019789022654415657,0.9174978008131047,0.0025685498978395825,0.9192987565678419,0.0018314044543233817,0.919477069018806,0.0030362937167777745,0.9168083260027103,0.0012938408454629422,0.9191679941038017,0.0026547448941249547
pl_f1,0.7902837022370433,0.0013436086526443533,0.8002392814204498,0.002868741712546458,0.7971633535204867,0.003513036235668809,0.7996018429909264,0.0017684692253577634,0.796134360882262,0.002989645190478077,0.8000827253353342,0.002310270389004282,0.8042682844757989,0.002976221463681134,0.7944421802058349,0.00331206355668581,0.7944421802058349,0.00331206355668581,0.7924737782403279,0.0016618651422537377,0.8035568266031379,0.004008428247553804,0.805251900465451,0.0014473464063343754,0.8012119640960421,0.005387622355108624,0.7992129958280819,0.0061542343459518,0.7985184245878534,0.002984339782532045,0.7980479021886375,0.0034753234681992166,0.8011808133720963,0.004657835118680758,0.7963481462500341,0.0017093165432999211,0.800443808939502,0.0023370773189917704,0.7997421081100491,0.0035937621967906505,0.793084891144273,0.004167119424987538,0.7987035468372128,0.00411210783161333,0.7985235200615831,0.005702746685488484,0.7939257137104929,0.004799986293011832,0.7932204565324877,0.003906324960307346,0.7973074448775077,0.003407473173660521,0.7944421802058349,0.00331206355668581,0.7944421802058349,0.00331206355668581,0.7948052019304042,0.0038227049786158044,0.79986452556482,0.002578578342266417,0.7981647939130189,0.004441828912770181,0.7985084442898984,0.004560604509462586,0.7936525164257276,0.002349248115083468,0.7983288040555304,0.005145038181018656,0.7941066481396652,0.0055491965108722405,0.7985520487975535,0.001727220682214932,0.7975718136584942,0.0053107563216045,0.79627303499247,0.0025192985124492537,0.8006958333931968,0.0031936818103488083
pl_precision,0.7709686341867459,0.0022984402805891198,0.7771016696285006,0.0031014137207295285,0.7738532262405803,0.005468179434345878,0.7761861552188849,0.003548999230093852,0.7715695061464029,0.0050326100470182945,0.7769572620224301,0.0031189833151205144,0.7811940859662633,0.004329269671255211,0.7688342697239372,0.005921008251126582,0.7688342697239372,0.005921008251126582,0.7713231170791044,0.0016985531620851994,0.7798444998248644,0.003864495849920912,0.7836620169336999,0.003454278963649399,0.776114857636281,0.0056625052439456605,0.7787166360622366,0.0069125845402264645,0.7758556464895485,0.003201962330051747,0.7745617768669979,0.00700662241341371,0.778596244036157,0.00546358445741723,0.7740960384518201,0.0024422102332979415,0.7787820831240878,0.0019069893477048384,0.7778730801019962,0.0053824853028502685,0.7726057066782208,0.005050571638111207,0.7781176601499182,0.004070098105861111,0.7719548345763709,0.007273393793565872,0.7690533989276058,0.008536071179953753,0.7726470835504728,0.003873980106756884,0.775049875243565,0.004139690435538423,0.7688342697239372,0.005921008251126582,0.7688342697239372,0.005921008251126582,0.7697112049223243,0.005698674106964578,0.7784712500074517,0.004359843610326353,0.7779935856951283,0.005404872453866588,0.7770202805782112,0.005816202119251752,0.7731228703093342,0.00303473278762507,0.7755327948293029,0.004454104277872763,0.7711522093765667,0.0062028646476126985,0.7770530484626682,0.004161701558152188,0.7769509811955816,0.005999692094244375,0.7728898660260871,0.003947017800400969,0.7776759534147965,0.0046913291186889885
pl_recall,0.8106137673787724,0.004675619166671596,0.8248050186503899,0.003912971501193413,0.8219565954560868,0.0054380930932724555,0.8244828755510343,0.0011198793784560287,0.8223465581553069,0.004879399088513481,0.8246354696507291,0.003059345582704765,0.8287555103424891,0.00252181933172993,0.8218379111563242,0.002581305797108724,0.8218379111563242,0.002581305797108724,0.8148185825703629,0.0020514728331304227,0.8287724652424551,0.005923612741387466,0.8280773143438453,0.0019911723643137704,0.8279925398440149,0.005645039671234482,0.8208206171583587,0.005436013455831323,0.8225500169548999,0.003575621851311521,0.8230417090539166,0.0032209550313791633,0.8251271617497457,0.0050364900638815505,0.819922007460156,0.002069238860927869,0.8233468972533062,0.0031016501449295858,0.8228891149542218,0.0028053059179310095,0.8146829433706341,0.0034110404706095407,0.8204476093591048,0.007763986686631736,0.8270091556459818,0.005704477710382917,0.820498474059003,0.0019399843662784822,0.8149203119701594,0.004055967409855332,0.8208884367582232,0.0035856840947783614,0.8218379111563242,0.002581305797108724,0.8218379111563242,0.002581305797108724,0.8216005425567989,0.0018904523383881616,0.8224821973550356,0.0029729954980915454,0.8194133604611733,0.0035306925376399328,0.821227534757545,0.003848027758848687,0.8153102746693794,0.003162834983368844,0.8225330620549338,0.007997035189063875,0.8184808409630383,0.0058147150164454325,0.8212953543574093,0.002952555183965398,0.819345540861309,0.007095796128075113,0.8211427602577144,0.0050273113002430436,0.8247767604837798,0.002253747789102249
pt,0.8773707946385079,0.0035576723971365762,0.882862709973444,0.008068758895306416,0.8754694448372853,0.00915228960179889,0.8747309040054054,0.002534429536616006,0.8727902701173809,0.0026941590761057925,0.8765340435896227,0.011332486089728925,0.8837505303351718,0.007928376127889639,0.874314492685303,0.0019032102857202875,0.874314492685303,0.0019032102857202875,0.8729631200993102,0.003687864308662749,0.8789853706060748,0.005386658658951644,0.8783096843130784,0.010224424526941688,0.8802738886531843,0.007105104606157922,0.8724838542403244,0.007692997145036543,0.8817745407690253,0.0075251126689180985,0.8785886013293736,0.012773116768480176,0.8830159179119722,0.005298880177089088,0.8783646820346014,0.0058805308162269854,0.8810281431197851,0.004279619787221061,0.8778029195933311,0.00781022446453608,0.8743380631373843,0.0063820961755412095,0.8765890413111457,0.002394405104808594,0.874907682396015,0.0033135624616537534,0.8732931064284479,0.005110910521459795,0.8729316928298685,0.00973639006321539,0.8773157969169849,0.004298658094426123,0.874314492685303,0.0019032102857202875,0.874314492685303,0.0019032102857202875,0.8783489683998806,0.005851106807658774,0.8734266723235752,0.004713985657525441,0.8824070145665394,0.009388056236826998,0.8778107764106916,0.005212112599892353,0.8712581907320982,0.006317571686074788,0.8793114285265324,0.007916402746979832,0.870975345307123,0.006469477266028853,0.8761058470434796,0.009450419951199059,0.8731988246201229,0.006582300101561659,0.8748408994484514,0.0053917539128630135,0.876537971998303,0.0019806245466077437
pt_f1,0.7843242311158651,0.004240202667485077,0.7927745199348012,0.012414036333135002,0.786415294297268,0.010196455079333056,0.7834929704709934,0.005334766201720444,0.7768470235935944,0.005118247858947288,0.784168332989339,0.016167614997455455,0.7922847062630314,0.011399003212092867,0.7764806017409228,0.002701463105913636,0.7764806017409228,0.002701463105913636,0.7724638725431908,0.003208822071864778,0.7870584750890435,0.01076500514733025,0.7833331920483502,0.0181877535119233,0.7900936864745354,0.009853157528427242,0.7781185532882784,0.012456725968576044,0.7916147365443662,0.009115778233817933,0.7861633242095041,0.02151951345352245,0.7935862407276503,0.009057632130430385,0.7860261215820813,0.00803854271160908,0.7872645627089316,0.010454774223161253,0.7808801731035288,0.0098705302006554,0.7789590623374222,0.008785071518904532,0.7776950494095298,0.003872835830075321,0.7764619824667526,0.005398607980781778,0.7771164140817531,0.009203332665060415,0.7796940173730994,0.011371305418508311,0.77947628955555,0.004133707510834733,0.7764806017409228,0.002701463105913636,0.7764806017409228,0.002701463105913636,0.7857461800512456,0.00845496555855712,0.7770798259604496,0.005022446475475429,0.7914852915873252,0.015849987281676428,0.7827530408138823,0.008241401792834417,0.7719766278077945,0.012996682488803575,0.7882308309652093,0.01522587113385058,0.7775557023968536,0.011443650151214818,0.7831901970713078,0.014261094108891112,0.7777340534590564,0.008667861724644982,0.7806395610883806,0.006153613021782924,0.7825782035170532,0.001970952944947963
pt_precision,0.7651385296043214,0.004697670910832662,0.7738773270269251,0.011327351661108053,0.7664520892372522,0.00920773175936781,0.7613885480041019,0.00750273914153317,0.7556398866767474,0.0021166743354017192,0.7613891037417382,0.014549567183349457,0.7716521310359258,0.012484219260984355,0.7555536513746964,0.0068840466673728805,0.7555536513746964,0.0068840466673728805,0.7543161753161088,0.004114618525780818,0.7664826640676328,0.010010041427826204,0.767228910564075,0.016534626005358467,0.7719052141263877,0.011222886535000849,0.7570740625079958,0.011710675049061587,0.7730707212849904,0.010746524524276149,0.767062345682236,0.022212984229337162,0.7748182566251295,0.010709687850547996,0.7658575965121847,0.005876536812961959,0.7694632731615201,0.00941721504913647,0.7618041774724554,0.008621590257833593,0.7585212678695343,0.009426525408569796,0.760171893093055,0.006936911772371856,0.7589216840817448,0.0057565209415415455,0.757677934725433,0.009032089131082156,0.7600964590663167,0.009931192519651577,0.7582164485726837,0.004873630485817086,0.7555536513746964,0.0068840466673728805,0.7555536513746964,0.0068840466673728805,0.7644402905095874,0.011089001678592603,0.7603411709644285,0.004167519897834631,0.7729295885529919,0.016588575854019197,0.7636937189823598,0.00939370831218806,0.7550826186646302,0.013033154327698141,0.7689815912368938,0.014459228279726347,0.7605498158297115,0.010652022665482982,0.7648356882352938,0.013987390176272691,0.7605289175635828,0.008981487112924817,0.7590222474899126,0.0042412431700320575,0.7652846866819007,0.003443550110939321
pt_recall,0.8045479366565255,0.008259771417689799,0.8126218893829472,0.013711139569144095,0.807512286449801,0.014068284812679766,0.8069857243154692,0.008172340780851077,0.7993213199157501,0.00981769942717265,0.8083703877057493,0.018387957224694388,0.8140845619783135,0.011644273018882455,0.798716748576332,0.009154345040086425,0.798716748576332,0.009154345040086425,0.79152039940713,0.004167230025860679,0.808857945237538,0.015082816374635115,0.8001404165691551,0.020209152457148202,0.8091894843591544,0.00973147246045788,0.8004329510882284,0.015752242664717652,0.8110812075824947,0.007565250768852099,0.8062446368671503,0.020766217918673613,0.8133044699274514,0.008027339254833047,0.8072977611358141,0.010610661890888334,0.805913097745534,0.011708832603066958,0.8009400109212887,0.011324395980060844,0.8005304625945862,0.008062041569748726,0.7961034402059444,0.0062359809090948,0.7948357906232936,0.005316467069817815,0.7976246197051252,0.011709763749648851,0.8003354395818707,0.013107481063800717,0.8019931351899524,0.006479422534740004,0.798716748576332,0.009154345040086425,0.798716748576332,0.009154345040086425,0.808292378500663,0.005503013574735276,0.7945822607067634,0.006706788194922088,0.8109641937748655,0.015286138784258862,0.802792729542086,0.007011866124956692,0.7896481784850613,0.013102063437848413,0.8084874015133785,0.016651265375162184,0.7953428504563538,0.01241065734026406,0.8024806927217412,0.01572873998020754,0.7957523987830564,0.00929027624870032,0.8035338169904048,0.00845299721704127,0.8007059833060302,0.00561426961292478
qu,0.7814183123877918,0.01129538365540203,0.7850089766606823,0.01711853350136181,0.7827648114901257,0.018484075657068225,0.760622381807301,0.011953910446102965,0.7769299820466786,0.009982541781934369,0.7670556552962298,0.02578349482288164,0.7755834829443446,0.00950000470759274,0.7989228007181328,0.025516463920200898,0.7989228007181328,0.025516463920200898,0.751346499102334,0.005581914454272213,0.776032315978456,0.006283662477558337,0.7692998204667864,0.02206141064173156,0.7814183123877918,0.012209578553622442,0.7778276481149012,0.018907896203446527,0.7751346499102334,0.015330566675582885,0.7809694793536804,0.019938158287202485,0.776032315978456,0.01461294487980225,0.77737881508079,0.023750011768981987,0.7872531418312387,0.019042372922438437,0.7881508078994615,0.027069258833988332,0.7728904847396768,0.017923374185364344,0.7719928186714542,0.02275661680650097,0.7517953321364452,0.027281763807691584,0.789048473967684,0.03259735207994334,0.7535906642728905,0.020750135784064386,0.7908438061041292,0.021865740163309538,0.7989228007181328,0.025516463920200898,0.7989228007181328,0.025516463920200898,0.7803710353081987,0.014511496891660277,0.7827648114901257,0.008547490638591095,0.7908438061041292,0.017251388755714615,0.774685816876122,0.024984590957687736,0.7666068222621185,0.02083410554820971,0.776032315978456,0.008594498274293838,0.7809694793536804,0.02576786372425014,0.7917414721723519,0.024659961433915644,0.783213644524237,0.012297260675065527,0.7800718132854578,0.015409207886994292,0.7854578096947935,0.012132336883730282
qu_f1,0.627164764210769,0.032950280272315974,0.640983893557423,0.023302910232045945,0.6340566832885755,0.028793106527525272,0.6128589177645746,0.02618279592504382,0.6058214602509358,0.031105816849837035,0.6051842760214963,0.025559634911793718,0.6217188453312906,0.033950736162674494,0.6467661757434484,0.03580122075809003,0.6467661757434484,0.03580122075809003,0.5703611369217495,0.020008103381387206,0.6337036613925858,0.016413235297544636,0.5984784781444761,0.027410520247390883,0.6375917795539545,0.03150940067696221,0.6178307053219096,0.01037125552943922,0.6189783894398345,0.005740565058410114,0.6274090411284164,0.041366210797187074,0.6066370388093629,0.03323304880516892,0.6154490664623311,0.042245049238737564,0.6076133848601168,0.018273178578174277,0.6078721253435934,0.02868330825408758,0.5976154521789045,0.019162585982769563,0.6211454550923847,0.044988050205902456,0.5974642046535638,0.030162705835465965,0.6247299857872081,0.04101805021441048,0.5723628896081052,0.0302765542461035,0.6444856666070684,0.03488622050658292,0.6467661757434484,0.03580122075809003,0.6467661757434484,0.03580122075809003,0.6093895119041666,0.02558477257134436,0.6403790181311707,0.0251789978614543,0.6406540288921241,0.03232398621467632,0.6201028315730235,0.05137798579198236,0.6182611452972175,0.038973972862689193,0.6274295150711111,0.015763633174184926,0.6220632392520767,0.03617779598173468,0.6404135421066538,0.03408822868588248,0.623497411218691,0.028135175362060793,0.6236629414462773,0.016450610611168096,0.6251177868130824,0.023321816589032603
qu_precision,0.5994134274074207,0.03640860227917092,0.6116871479774706,0.024412899682409048,0.6010264699874602,0.024239918946458803,0.5823186921106667,0.030315091378350346,0.571527120326968,0.03537201058795686,0.565344305564635,0.031426687490602914,0.5929923155737705,0.0377574210651528,0.6169704861111112,0.025666422642313384,0.6169704861111112,0.025666422642313384,0.5359215346057451,0.022353063953469973,0.6005131964809385,0.023219838140320265,0.5617853177837311,0.028686543840098628,0.6110976349459265,0.03673783397807723,0.5915280053373053,0.01586301818171054,0.5844573170154566,0.006589782394499622,0.6017820341775674,0.05016790505743824,0.5764665863217141,0.036398995305877306,0.5748840395653816,0.035774009998986264,0.5781162552542898,0.014350231247593973,0.5786261639723955,0.03161004492670623,0.5671775004221036,0.022076958987215047,0.5868371715969886,0.05194026452308547,0.5706703258090703,0.037118066821132126,0.5933425853075736,0.04474146650186783,0.5449687567334627,0.03132567574132741,0.6181642567273066,0.038051758622881855,0.6169704861111112,0.025666422642313384,0.6169704861111112,0.025666422642313384,0.5796349707357145,0.030914719654531995,0.6126365610755462,0.031280006309331435,0.6094724773871115,0.03820798659938207,0.5960631059404194,0.05259589510480406,0.5903467843631778,0.04327271791998551,0.5944360795454545,0.02009153434630975,0.5900770626826788,0.02786414496727786,0.6126989234640877,0.038861484947157916,0.6000685569300164,0.036638074061390136,0.5914212160176805,0.012505995575293633,0.601007778748999,0.017810491018474536
qu_recall,0.6578947368421053,0.031219527052723104,0.6732456140350878,0.021929824561403473,0.6710526315789473,0.035451332318661245,0.6469298245614035,0.021929824561403445,0.6447368421052632,0.027273038166926375,0.6461988304093568,0.018260228065492348,0.6535087719298246,0.02996184434491111,0.6798245614035088,0.04777817145721693,0.6798245614035088,0.04777817145721693,0.6096491228070176,0.018260228065492313,0.6710526315789473,0.011324512708208808,0.6403508771929824,0.025823862182245153,0.6666666666666667,0.025823862182245184,0.6469298245614035,0.01498092217245556,0.6578947368421053,0.008771929824561348,0.6557017543859649,0.03152610914159038,0.6403508771929824,0.03121952705272312,0.6622807017543859,0.05089735434365259,0.6432748538011696,0.028197809242669392,0.6403508771929824,0.025823862182245156,0.631578947368421,0.016015279459215402,0.6695906432748537,0.039554822393183295,0.6257309941520468,0.026798688274595597,0.6600877192982456,0.04011819512869074,0.6030701754385965,0.033879035749287925,0.6732456140350878,0.03152610914159041,0.6798245614035088,0.04777817145721693,0.6798245614035088,0.04777817145721693,0.6425438596491229,0.019450489321125836,0.6710526315789473,0.02088136967410188,0.6754385964912281,0.025823862182245173,0.6461988304093568,0.04987930441295898,0.6491228070175439,0.03434894773237058,0.6608187134502924,0.013399344137297754,0.6578947368421053,0.04641668966779984,0.6710526315789473,0.030806005125300396,0.6491228070175439,0.018949534205870935,0.6600877192982456,0.02898278889122662,0.6513157894736843,0.029854645989272146
ro,0.8321136138688102,0.023457913270170216,0.8731854173540086,0.007022404796327495,0.8193890405206803,0.01563971054110526,0.85760775021745,0.009468426783199651,0.84019300560871,0.010986515655234468,0.8349592093818422,0.02255985845718968,0.8509230377013287,0.025696581032348825,0.8513316937104466,0.02800965627617063,0.8513316937104466,0.02800965627617063,0.8386146186377134,0.02469851483547106,0.8593848414864581,0.029083653229381043,0.8691288503644162,0.017291074548874224,0.8602808853963588,0.03454158157264136,0.8563967787408896,0.020066634168131543,0.8643711946252361,0.018446558087269378,0.858177619147596,0.013480595173114887,0.8655034342101317,0.029727285798606326,0.8668418763684352,0.015121156220552186,0.8601646621277106,0.024658016032696416,0.8540198254401488,0.02217715356415023,0.8413664857082871,0.016848680989304622,0.8169371044659728,0.006086272126234544,0.856310548573828,0.0038118093448843544,0.8526663867310519,0.006352905440624812,0.8418163822320865,0.0347367058362178,0.8276858822470832,0.026318795323364202,0.8513316937104466,0.02800965627617063,0.8513316937104466,0.02800965627617063,0.8276333943193066,0.01664802839490796,0.8302277976065505,0.019982645078135165,0.8414602141507453,0.03408298308423434,0.8212898533337333,0.009393607467099038,0.8385058936444618,0.02693111187605274,0.855399508113134,0.020488776943780977,0.8364588644611739,0.02718741722832672,0.8451831078851864,0.013186761395057608,0.8164234726013017,0.017425128924441462,0.8445007648240904,0.022362607939993364,0.8614018775681593,0.019825511992928358
ro_f1,0.6771187334106894,0.034760153789989236,0.7288845161715564,0.011087118236465961,0.665601228880405,0.02862396527919043,0.7097372520327893,0.016776323928556696,0.6818195697845982,0.00940403731594723,0.6804321214553783,0.03339093698806055,0.7038684559782098,0.03523498171789077,0.700335733720812,0.039410288310168996,0.700335733720812,0.039410288310168996,0.6883217208679789,0.034514039362113204,0.7161199976823589,0.047248011352277956,0.7268474495289007,0.037570391638339064,0.7195650884581285,0.052060055202788245,0.7042339888777367,0.03080722015124093,0.7294910198860303,0.031234617805053003,0.72066797911216,0.011001441102532431,0.73076021358032,0.045146657930564965,0.7322666803479603,0.02506854446029261,0.7153407710101267,0.0407941973671175,0.704373192610847,0.03529375261422623,0.6940819534488627,0.026512824575212635,0.6498945589725222,0.011385129939314963,0.7066611914865635,0.006709764906585129,0.7019770195748231,0.013488442317458738,0.6927474887144764,0.04755709564982287,0.6635030978230565,0.03380221050909515,0.700335733720812,0.039410288310168996,0.700335733720812,0.039410288310168996,0.6731477594379032,0.028220453653480873,0.6742277710662113,0.031929641256884064,0.6910678612378572,0.05592327585826443,0.6561808223039806,0.011818764855508876,0.6840299226342621,0.04355925794759594,0.7098836333357821,0.026160616133475596,0.68266535830812,0.04120520438909736,0.6999291793020516,0.016986712253127284,0.6506640576647591,0.029826462154128198,0.691654362556887,0.03037627625119519,0.7205129214365668,0.03347569686888943
ro_precision,0.6433677973595062,0.03269023247955596,0.6957614263494647,0.01148366032109033,0.6275869095471978,0.029206676742309805,0.6722716961190945,0.011408957787679978,0.6452055657521165,0.010091395268971588,0.6381910108520767,0.03035676013827346,0.6675716716591356,0.03218775466745286,0.6620391994223744,0.03629620222340825,0.6620391994223744,0.03629620222340825,0.6528881620657435,0.035387166826793146,0.6799524146133361,0.040728830666991456,0.6937691488363582,0.03633969849376631,0.6839852943809582,0.04758644332018976,0.6680924542825593,0.02745638118376732,0.6938295189222945,0.03247812459053765,0.684093790231402,0.007977028671798446,0.6939134814586813,0.043082376272073626,0.6964219426147857,0.024312452204350795,0.6812490466033997,0.03831195271448951,0.6708786259533127,0.036658726731429024,0.6560874774943632,0.025157895846866816,0.6192251712321369,0.007298153714363743,0.6703770876114528,0.012368937678320733,0.6669357337009845,0.013954648457985604,0.6555974078786089,0.045784856157245486,0.630148138346557,0.03388787571121511,0.6620391994223744,0.03629620222340825,0.6620391994223744,0.03629620222340825,0.6372293523775138,0.028859050022910237,0.6402355150699648,0.028119236091523125,0.659238172420497,0.05333554165573431,0.6227997313528661,0.014387910182665843,0.649634341985659,0.03825094040766551,0.6730240909596268,0.020338622467657285,0.6502702938064667,0.04005829515335008,0.6668439251724585,0.012308305634287961,0.6200570281680194,0.02871323653519329,0.6513160958167323,0.032932678297830226,0.6860339438701037,0.02604988896022978
ro_recall,0.7147775876817792,0.039224915036004296,0.7653763900769889,0.012924739507669415,0.708639863130881,0.02957329564105946,0.751732249786142,0.024387201917472696,0.7228614200171086,0.009406997289726386,0.7286783575705731,0.03720184305934344,0.7445252352437981,0.041255153499505474,0.7434987168520103,0.04493662235646002,0.7434987168520103,0.04493662235646002,0.7278443113772455,0.03320226064028933,0.7565226689478186,0.05590204441749243,0.7633019674935843,0.039593165630830034,0.7590675791274594,0.057295661618699235,0.7446749358426005,0.036966565939119365,0.7691189050470487,0.030900164487652898,0.7614414029084688,0.01629478197052492,0.7717921300256629,0.04804347419355488,0.7720059880239521,0.025925035259108446,0.7531223267750213,0.0445828635985637,0.7414242942686056,0.03361868592811327,0.736869118905047,0.030186529295877822,0.6838751069289991,0.018309775301836237,0.7473053892215569,0.009968627635214514,0.7409751924721985,0.015139454652183465,0.7343669803250641,0.049490634579323185,0.7007057313943541,0.03496993537364904,0.7434987168520103,0.04493662235646002,0.7434987168520103,0.04493662235646002,0.7133875106929,0.027466117223473537,0.7121043627031651,0.03714207170797207,0.7261762189905903,0.05915673548364284,0.6934131736526946,0.010325599231484309,0.7223481608212148,0.0503988305452596,0.7511120615911036,0.033915586152343864,0.7184987168520103,0.04280553971332462,0.7365269461077845,0.02289225092813978,0.6844525235243798,0.031060889590778993,0.7374037639007699,0.02717325428360614,0.7587681779298546,0.04282505926260522
ru,0.8397048301791501,0.016169899568202906,0.8585422482849567,0.006344859026583236,0.8548035240807509,0.0045535147712268105,0.8446360180132153,0.006162376554571618,0.8529481909625286,0.002266827971657323,0.8462739018812868,0.005635932205736987,0.8424404820358862,0.00781536548033479,0.8582651758533129,0.00409449299625265,0.8582651758533129,0.00409449299625265,0.8406552938370674,0.009391112430021439,0.8478451480759248,0.01449325253578903,0.8582090599177902,0.0042426486359347995,0.8608956103309438,0.005567821925446189,0.8514926838849062,0.007212211106447945,0.855087611004335,0.010704929809673525,0.8633436680181255,0.008119934180593069,0.8609376972825857,0.005210056878152271,0.8545685386007491,0.012556865354865016,0.8551717849076191,0.008877782941695243,0.8530428866037233,0.006705515546133687,0.8462318149296446,0.008663972845699737,0.8491603653147403,0.0067155130545218595,0.8355768016722549,0.011199279487544194,0.8434786268430577,0.006031516853717888,0.8355803089182251,0.0045879281788325284,0.8540751860009447,0.00869101307161044,0.8582651758533129,0.00409449299625265,0.8582651758533129,0.00409449299625265,0.8527237272204374,0.004509701916590048,0.8563607412915082,0.00977213390650872,0.8538846256365651,0.01095414453082359,0.8578828860425639,0.008705029716175691,0.846600075756513,0.009612850437055311,0.8447587716221714,0.01175235020239976,0.8530253503738725,0.004776870728090879,0.8547614371291088,0.006143524411697636,0.8501003072347469,0.008768380536841045,0.851527756344608,0.007475578301391037,0.8599486539189967,0.004692689865570262
ru_f1,0.6321960334410971,0.024573650336772775,0.6641235759604289,0.011447345233753795,0.657227036621601,0.008682628848143947,0.6424520694822864,0.012613352235635852,0.6534575460436624,0.004373466784091051,0.6419710482301226,0.010366758176302936,0.6406098832299484,0.013609954019830988,0.6646347364580228,0.010094581559294007,0.6646347364580228,0.010094581559294007,0.633379594873546,0.019046688466845395,0.6488145567536537,0.01947225997030822,0.6658022353931923,0.007335591879705596,0.6721958106864248,0.005121214299811491,0.652046083483286,0.014234099297564784,0.6555791737114662,0.02196615975953763,0.6702357140807983,0.014024363842584207,0.6649055644468076,0.009959684752055081,0.6551035572664967,0.027317509741456386,0.657528823547923,0.022881062629651755,0.6592287304303995,0.008485329708775243,0.6385381027303147,0.015289685948705257,0.6441652547584565,0.01701607820749032,0.6298662853923384,0.01679354795268784,0.6396361123607688,0.006402333606603908,0.6318475306926543,0.0075533832942594,0.6549248897535971,0.014118027410293395,0.6646347364580228,0.010094581559294007,0.6646347364580228,0.010094581559294007,0.6587442906119957,0.006368228561974036,0.6605082868360324,0.019027224915051117,0.655469462306294,0.020102474071736397,0.6637074268650034,0.016326978502200502,0.6374775699240385,0.018541513301866562,0.6428680240566467,0.014497083445026157,0.6573219963438576,0.00723235828447164,0.6569919536791553,0.005935224530720775,0.6484201051611521,0.016532443702681473,0.6524080853569608,0.017826898787526798,0.6682810247080707,0.010280293835172354
ru_precision,0.6025291379965306,0.03090623299647711,0.6324678039088573,0.011397549027190722,0.6257960659541542,0.008128973721657606,0.6085566539118938,0.01479361807176138,0.6194815191635356,0.0039037803743070592,0.6090575181026324,0.00820850686430917,0.608732007895303,0.013497989105917691,0.6304558206911643,0.008726318975852021,0.6304558206911643,0.008726318975852021,0.5945693611198544,0.02562160093306761,0.6166369807112599,0.021083718010058157,0.633565734694426,0.008400423995671081,0.6405297496575872,0.005418956506047683,0.6219426624155838,0.013382939539173024,0.6248425703157833,0.02412507967705812,0.6410412657779518,0.011509489951238764,0.63457708229456,0.014073718963718711,0.6226784264827865,0.031848046168081894,0.625821126625611,0.02600160679520785,0.6259986166263556,0.011224951725263542,0.6060852509244057,0.017922124847159552,0.6142956071882563,0.018808117390659962,0.5922982313733047,0.017288593547718268,0.606554054575173,0.005871017264015648,0.6000411997711665,0.010329332482550448,0.621764124233028,0.014354555718529562,0.6304558206911643,0.008726318975852021,0.6304558206911643,0.008726318975852021,0.6240117339256204,0.011949795726675544,0.6317248727572966,0.02021099662197509,0.626342220399716,0.023134350160121664,0.628261861186767,0.01677728271196816,0.6053481042141529,0.02135919901560415,0.6047296111410935,0.01617899917023077,0.622718630600042,0.00796312907373127,0.6231537227955988,0.008955164974873031,0.616150767126883,0.023863612315675096,0.6208116666189071,0.019351795513558784,0.6365919300742653,0.010431980999160633
ru_recall,0.6651884700665188,0.019009905619681054,0.6991254003449126,0.011830775570250696,0.6920423749692042,0.01197048948780117,0.6791218417234678,0.012066723677332178,0.6914059292108072,0.007172526356752797,0.6786564835345323,0.013077444978878276,0.6760285784676028,0.014222530950373647,0.7027387698119405,0.011908615132093413,0.7027387698119405,0.011908615132093413,0.6778352632011169,0.010888733378604784,0.6845692699351236,0.017669537201740394,0.7015069393118174,0.006424573104199748,0.707173359612384,0.006182058452862307,0.6852262462018559,0.015603618550135498,0.6895376529522871,0.019500193411044583,0.7022665681202267,0.018040013319198175,0.6983452410281679,0.005466463908365353,0.6912006241274534,0.02164497263033147,0.6926993512359366,0.019325509011337543,0.696230598669623,0.006205876082823666,0.6747556869508089,0.013790715999022011,0.6771372259177137,0.015518022446686723,0.672579453067258,0.01732067705350505,0.6765829021926583,0.00956721688429008,0.6672620514083929,0.005421868462027662,0.6918370698858504,0.014124751005887295,0.7027387698119405,0.011908615132093413,0.7027387698119405,0.011908615132093413,0.6976882647614355,0.0020496262259275303,0.6920629054775397,0.01784189767549647,0.6875051326270838,0.01682097345125198,0.7034162765870083,0.01623920382798805,0.6732569598423257,0.01501649154286922,0.6861706495852837,0.012481378413861554,0.6960458240946046,0.009010344022653887,0.6947524020694752,0.0025079733751709934,0.6845692699351236,0.011932117612585736,0.6874846021187485,0.01787539693809486,0.703293093536996,0.010109574758050834
same,0.9311894278622479,0.00022962455537068135,0.9324523218539907,0.0006282494235946538,0.9320906040687014,0.0005406737131376099,0.9317351227969516,0.0005381259588592696,0.931813079216195,0.0004698403487378992,0.9315948012423134,0.0008278917892925958,0.932177915258254,0.0005106837698259764,0.9316758759183266,0.0014110654552662982,0.9316758759183266,0.0014110654552662982,0.9308682474149651,0.0013694035640330119,0.9323151185561225,0.0007811010175992524,0.9329387699100694,0.0006420479835303573,0.9324055480024447,0.0016681362250137142,0.9324086662592144,0.0010921320591357562,0.9325957616653986,0.001064624800420928,0.9327142554226485,0.00035898345607765514,0.9321747970014842,0.0010708598007945663,0.9320812492983923,0.000988515266467672,0.9327298467064972,0.0006531687341515915,0.9324180210295236,0.0010863892022334389,0.931847380040662,0.0006892217508005788,0.9316789941750964,0.001131980179315163,0.9330323176131615,0.0006852979690764037,0.9319253364599054,0.0013510223061949534,0.9318037244458859,0.0005270745674541581,0.931800606189116,0.0008869819123955414,0.9316758759183266,0.0014110654552662982,0.9316758759183266,0.0014110654552662982,0.9326986641387999,0.00039566242813820346,0.9327267284497275,0.0016317751570676595,0.931919099946366,0.0007804285098355614,0.9323806019482868,0.0009427592663437434,0.9321061953525501,0.000677793595295518,0.932495977448767,0.00030738694887761064,0.932237162136879,0.0011084105294208362,0.9326581268007933,0.0007711115470831871,0.9322870542451948,0.0011611477148073463,0.9319502825140633,0.001057458449363534,0.9325365147867737,0.0004100794174024384
same_f1,0.8440127722026531,0.0010416137231449112,0.8465732861777071,0.0014857770753678907,0.8468031456367187,0.0016128853259713516,0.846718892428107,0.001092500464664177,0.8451505180756238,0.000879113291513663,0.8461172845029709,0.0017572903044157167,0.8475419387771599,0.002384692003612623,0.844539934093844,0.002724980877058333,0.844539934093844,0.002724980877058333,0.8433315078855865,0.0020427534514120865,0.8475228264022058,0.0011760592784358186,0.847463846023952,0.001530197571751927,0.8472647301788446,0.004906714280840231,0.8484215355688137,0.0008758467628232344,0.8471729478646675,0.0014767319310967691,0.8477652671494422,0.0012211418045547057,0.846649461626521,0.0011581603484546084,0.8456765427075719,0.002519558331531011,0.8486636442520403,0.0014690542790462844,0.8466026715926319,0.0034773271211711626,0.8461416154591788,0.0008794019045846945,0.8457944333836056,0.002782391912185691,0.848730340839024,0.0015405522254842363,0.8460199260415483,0.002712106450084122,0.8457862428743939,0.000734015090906936,0.8461778099742674,0.0021294443808183407,0.844539934093844,0.002724980877058333,0.844539934093844,0.002724980877058333,0.8470795731336671,0.0009637878288342853,0.8472403010421656,0.0038428260823205264,0.8467718624823164,0.0009762990109154111,0.8469216698572222,0.0024054565786689433,0.8469456574927627,0.0017236728476742796,0.8461869255898389,0.0007777072389935407,0.8461600674959806,0.0017232595374002723,0.8473882331315274,0.0017344520514416633,0.8465501038400871,0.002194349208685915,0.8457196114080625,0.0023372742395535136,0.8475780432040455,0.0016126087675467037
same_precision,0.8415485831872203,0.0014126038308448195,0.8431391334087251,0.0015779724232781124,0.8430476207368558,0.002219218146081274,0.8435169852609739,0.001424016459895565,0.84229877177461,0.001156949578725487,0.8423411179990151,0.0017977080480587146,0.8447443177969448,0.0030937767724234923,0.8413735608851858,0.0036387469414611807,0.8413735608851858,0.0036387469414611807,0.8396487833307477,0.0034775302625488294,0.8446698106453697,0.0008253209584736434,0.843615220474156,0.0020939854863391695,0.8434673059929594,0.004697685940332473,0.845355433874194,0.0011698947556839415,0.8434445813410717,0.0016949521999845537,0.8438770274416174,0.001385742032738354,0.8426539060881894,0.0012643640884813863,0.8424574234951981,0.003164156806997995,0.8452533809970232,0.0022532910749672006,0.8434990037114485,0.0036454871850601063,0.8430088315356326,0.0004361632841075559,0.843188118635453,0.0027647889115501806,0.8457387045114126,0.0017350135496587379,0.8428202105472851,0.002674790489885842,0.8432244699161109,0.0005903710862767297,0.8430452999039079,0.0021840636968592265,0.8413735608851858,0.0036387469414611807,0.8413735608851858,0.0036387469414611807,0.8434712468472692,0.0013325537546271702,0.8442865895336105,0.004566271704020641,0.8433749130305274,0.0008693937151867905,0.8433530885473058,0.0030626318431147548,0.8444109301576764,0.001644547995399114,0.8431529954337935,0.0013323817715101315,0.8430272335696305,0.001812252226935012,0.844155507685115,0.002595781396724136,0.8434300818860916,0.0015963078939422565,0.842207383317122,0.002324816850766879,0.8444793982793524,0.0022946781430489786
same_recall,0.8464940668824164,0.001769888237927069,0.8500359582883854,0.0015506599295843802,0.8507970753925447,0.0013499132902121743,0.8499460625674218,0.0011484156362941884,0.848022294138799,0.0009673158311091857,0.849928083423229,0.0019094042999550655,0.8503595828838547,0.0018319915709079815,0.8477346278317153,0.00253949710307366,0.8477346278317153,0.00253949710307366,0.8470514203523912,0.0011705329616582257,0.8503955411722401,0.0015836622422434879,0.8513484358144552,0.0010119559352369434,0.851096727795757,0.005137045596423661,0.8515102481121899,0.0006932275555997076,0.8509349154980224,0.0014243295447924165,0.8516900395541173,0.001288324135898078,0.850683207479324,0.0011006995947511215,0.8489212513484359,0.001898538603392475,0.8521035598705502,0.001211248241319376,0.849730312837109,0.003472163309478137,0.8496943545487236,0.0017003366296348846,0.8484178353110392,0.002980491690866023,0.8517439769866955,0.0016086394888943948,0.8492448759439051,0.0029179436502939104,0.848363897878461,0.00101790117442465,0.8493347716648687,0.00235098651706973,0.8477346278317153,0.00253949710307366,0.8477346278317153,0.00253949710307366,0.8507191657677095,0.0005970231046583819,0.8502157497303129,0.003112348597051094,0.8501977705861201,0.0016845476294628239,0.8505213951815893,0.0017394299349079794,0.8494965839626034,0.002073040285789892,0.8492448759439051,0.0013382088504803184,0.849316792520676,0.001799711435633567,0.8506472491909385,0.0009008729437427023,0.8496943545487234,0.0028880274145695302,0.8492628550880978,0.002708751651314996,0.8507011866235168,0.0013299706586772158
sna,0.8668096723868954,0.0016852605744252793,0.7355889235569423,0.04273845704750002,0.4670111804472179,0.10223113725627847,0.568213728549142,0.04998295602510419,0.8668161726469059,0.005057870651124915,0.3034516380655226,0.06864541921798956,0.7627535101404056,0.08850957845211205,0.8703198127925117,0.004342536959736096,0.8703198127925117,0.004342536959736096,0.5128380135205408,0.22964802472880058,0.7094578783151326,0.10811325075261359,0.6760465418616745,0.11292190399169648,0.763117524700988,0.07760508167807123,0.6799466978679147,0.20082362908168516,0.5078848153926157,0.06877279637497798,0.6240119604784191,0.11426159240399827,0.45726079043161727,0.15945415232323404,0.7623309932397295,0.06269465745699741,0.812565002600104,0.031235127609174185,0.8497139885595424,0.006366521594213851,0.5980044201768071,0.10893338253825953,0.8689092563702548,0.0044237122993171975,0.7558827353094124,0.11634012731653917,0.8660816432657306,0.004979793151076546,0.6608879355174208,0.15839137225767888,0.8634295371814873,0.00285968102107431,0.8703198127925117,0.004342536959736096,0.8703198127925117,0.004342536959736096,0.7278016120644826,0.11343885048592432,0.8701573062922516,0.0033806268559863485,0.8670696827873114,0.004580539102934056,0.8716523660946438,0.0029928974111710594,0.6906071242849714,0.1185648706466573,0.7444422776911077,0.10947818599617595,0.8276066042641705,0.05244905571003306,0.8510725429017161,0.009972370598888648,0.8170436817472699,0.0762221083817252,0.870001300052002,0.0020139619684265645,0.8126820072802912,0.02200531348555666
sna_f1,0.22016463316373963,0.004040704246402438,0.14296632460184658,0.024330788050154394,0.09585449087012402,0.013186690680318055,0.11595088836698536,0.014519756573843008,0.22495787987794622,0.014462723983423261,0.08769470185100803,0.009033645627274546,0.1616539734439574,0.032812974314690595,0.22976667717415697,0.01671288764855132,0.22976667717415697,0.01671288764855132,0.09579808596298856,0.02106498303809594,0.13755468914488347,0.02426637441169767,0.14277246783495778,0.035267668244655645,0.17115421474613418,0.0028760959855009286,0.14454436390833453,0.04180839559309034,0.1133887774497483,0.005779922766155681,0.12669948051635369,0.030883286719291803,0.10409093172270577,0.023979067737210324,0.18387201826942892,0.03372091154677336,0.21969902735055277,0.021043026204412958,0.21704421283426317,0.014659394900517594,0.14142308657994812,0.032654158335584924,0.22727735772334023,0.015479453771759149,0.18765609502725172,0.03391651433327466,0.22336707619200227,0.018674552090412178,0.16613999634908838,0.02245755472884041,0.2125169042914869,0.003920247717771064,0.22976667717415697,0.01671288764855132,0.22976667717415697,0.01671288764855132,0.17148439625603373,0.028884848770548036,0.23341388085943865,0.02765206710598868,0.2172825427929409,0.015019224810443219,0.2379742204175521,0.025808927864940698,0.1571359774048475,0.025398236288539794,0.1651148841514242,0.016583447068384643,0.2033206423891623,0.020996883571078366,0.20724820849656478,0.01117026872862445,0.20386019317974532,0.017727190906031764,0.2229363994244536,0.0066873345301326345,0.1802648934723849,0.008816467913355119
sna_precision,0.2547273201542325,0.004125864023771733,0.13641748907244994,0.027846706973802447,0.08111895983160575,0.01343135842039222,0.09833152892270562,0.014338806962628082,0.2591536250638001,0.016741594119236685,0.07464075091621063,0.006652126139157638,0.16762173157464763,0.04754746253068311,0.2717516826236811,0.021617794416305312,0.2717516826236811,0.021617794416305312,0.08500778756736473,0.016742827613214602,0.13554334476013674,0.03545883773371306,0.1292755074605652,0.040934627427189015,0.16847804651596268,0.011386293014231245,0.14017380699686124,0.04938525351492987,0.09829177939171754,0.006352792689162489,0.12098862437497652,0.03660297847073473,0.09044837268278277,0.022503195269914764,0.17266028659344776,0.05359840456916399,0.22500579831362882,0.027743201339078143,0.2363695452316059,0.008857514923685705,0.1177082568690646,0.030184229119653332,0.26696001837526495,0.017174063606565832,0.1855767454769979,0.050766773129089414,0.25792106104347584,0.02076385731925931,0.14385693386856374,0.02537079064434663,0.24766612108183256,0.005251870452239576,0.2717516826236811,0.021617794416305312,0.2717516826236811,0.021617794416305312,0.15496928757616205,0.037304863338168286,0.2770120981075715,0.026390410381127247,0.2582905911208259,0.018382742167655456,0.2832604484822481,0.02457497719687525,0.14072212263078948,0.03352866910892026,0.1628345003358265,0.04195515135478973,0.21716691820490353,0.03769823538230564,0.23220252898673624,0.01808611314776794,0.22757433233208824,0.06100803647667361,0.26475390493894274,0.0056473855876592845,0.18745365285024682,0.01784015109898486
sna_recall,0.19387905604719757,0.004404246034210629,0.1505899705014749,0.021113609247023497,0.11755162241887902,0.01327652117930517,0.1424041297935103,0.020003067089333987,0.19874631268436577,0.012834118631397166,0.10663716814159288,0.014858006205856061,0.15884955752212387,0.02029261265315606,0.19911504424778756,0.01434853865134554,0.19911504424778756,0.01434853865134554,0.11017699115044244,0.02793652050866506,0.14210914454277282,0.015583813294115494,0.16150442477876104,0.027727044454442087,0.17477876106194687,0.008578273882572101,0.15154867256637167,0.03466662432986501,0.13407079646017694,0.005174167990923459,0.13414454277286136,0.0254866516896847,0.1233775811209439,0.02764099947278957,0.20162241887905602,0.016764057909716308,0.21489675516224185,0.015252953019905804,0.20110619469026544,0.020315291058210616,0.17780235988200588,0.03526883512017185,0.19808259587020643,0.015647199671788674,0.1882005899705014,0.02228456895605428,0.1971238938053097,0.018037369193830786,0.19771386430678461,0.01787421578770971,0.18613569321533918,0.004066091077312763,0.19911504424778756,0.01434853865134554,0.19911504424778756,0.01434853865134554,0.19587020648967546,0.016823644446368746,0.2018436578171091,0.027780214127281648,0.1876106194690265,0.013502894136536292,0.20530973451327428,0.025697036429279105,0.18016224188790558,0.012130016851511017,0.17441002949852505,0.023422862944017766,0.19446902654867254,0.02211061548433448,0.18768436578171088,0.012761592900216365,0.19284660766961648,0.020252372026522407,0.19255162241887905,0.007190927282152761,0.17433628318584066,0.006444825804591525
sw,0.8457915658486,0.02522873427086761,0.8005530591081922,0.008261007061083774,0.8077255444175596,0.0023294811175429767,0.8097995160732803,0.007646997421517488,0.8232803318354649,0.021462841905284108,0.7911337711717941,0.004915818407648791,0.814898029726927,0.015782284845291563,0.8412115451088835,0.028390040805120583,0.8412115451088835,0.028390040805120583,0.7883684756308331,0.013045781177575173,0.8180521949533356,0.02408802276022721,0.8142931213273419,0.027713919145992586,0.8271258209471137,0.027997683836050433,0.7976149325959212,0.00417426453110655,0.7932941583131697,0.01738820441812061,0.7888005530591082,0.01248935483245049,0.8092810231593501,0.026432970127613323,0.8212063601797442,0.02502351348975034,0.835378499827169,0.02510296728790409,0.8212495679225718,0.027261084070189043,0.8054355340477013,0.006577234698613188,0.8310145178015901,0.02899798636216975,0.820601451780159,0.024251004033793638,0.8328292430003457,0.025558880360914457,0.8307120636017975,0.019050384788138072,0.8393104044244728,0.027790294035112493,0.8412115451088835,0.028390040805120583,0.8412115451088835,0.028390040805120583,0.8050466643622537,0.011535307518254987,0.8634635326650536,0.010697850876661892,0.8319218804009678,0.016523520656753988,0.822027307293467,0.021083194388777687,0.8393968199101278,0.019446044562648174,0.8333477359142758,0.025569396455668043,0.838057379882475,0.0298889333285026,0.8547787763567232,0.02421047724306014,0.8218112685793294,0.021903896641273242,0.8497234704459039,0.02739847910829764,0.836545108883512,0.0333225926442554
sw_f1,0.7213709617270995,0.026335797984731568,0.6780667709055962,0.009452227194612597,0.687457548197574,0.0059684955198411925,0.6822021034296927,0.006012102411812812,0.6959346029525073,0.02606554074218219,0.6656394789499008,0.0031430634791867547,0.691501748005865,0.016310436396746352,0.7080075837521103,0.034717786987579144,0.7080075837521103,0.034717786987579144,0.6626186818233013,0.01453939600602861,0.6966344336077696,0.02070869636163675,0.6905499455199255,0.024561725260366287,0.6980385135573843,0.027076791717792908,0.671272301703908,0.004431687502863286,0.671976586120717,0.026118395657587862,0.6617147558409111,0.01948094176298254,0.6859902968465796,0.023383521479131003,0.6847139370186083,0.0260098994816934,0.7041174984649319,0.02641129595528644,0.6914435337483439,0.03004682505256514,0.674668128694976,0.019713266259176184,0.7109910989613489,0.03012859437468036,0.6987623194233311,0.019174509954067234,0.7062296683417472,0.023437933109787652,0.7020937705278485,0.02317795492028757,0.7064276707254974,0.03412610975135304,0.7080075837521103,0.034717786987579144,0.7080075837521103,0.034717786987579144,0.6787255259238111,0.023196035831373505,0.7383074483504082,0.006932777049769994,0.6792604822536603,0.04547624162155714,0.6908497780889897,0.025384120448968785,0.7098798907282985,0.025231915082673015,0.6873025257467319,0.03077514075259392,0.7014157252185704,0.032546172368448006,0.7125117514631399,0.045788236538829956,0.7011129577256108,0.02005545404565851,0.7195915727918786,0.038485630508927705,0.7059926067114373,0.04275816382412025
sw_precision,0.7392408670778745,0.05028583388399991,0.6674114278649279,0.009303206270398011,0.6797930668895902,0.00982003851268784,0.6743154053992103,0.009368037174884656,0.6946933405106952,0.041895093788884175,0.6537828556352062,0.005108565214259278,0.6915179447521612,0.030992231869251197,0.7156131228076651,0.07360922627882192,0.7156131228076651,0.07360922627882192,0.6542199676676689,0.015858093030280334,0.6994081959082278,0.045334924578257454,0.6875521834647808,0.0357101065729227,0.7091969481216178,0.04975802394659898,0.6607320328235715,0.005339464342351872,0.66134286779838,0.024499878784406535,0.6524478076281099,0.019583046079548028,0.6833252387227177,0.04071088309672408,0.695743966356243,0.05059833594204913,0.7230953076543558,0.05315499630940908,0.6925890127138895,0.0576706723931036,0.6599023906026459,0.034110041217358784,0.7341083283810286,0.06363793418990091,0.7001693008292713,0.04080709622776674,0.7062570990851796,0.04453591699172504,0.7080747110060457,0.04602413114744378,0.7217358201395723,0.06108052535308381,0.7156131228076651,0.07360922627882192,0.7156131228076651,0.07360922627882192,0.6679684601113173,0.02718391379973455,0.7824905699461013,0.006093822568494337,0.684171648683987,0.041299042865004194,0.698407512418592,0.042749911066980895,0.715158730942424,0.04979454920476044,0.6967114913793906,0.04936930617681989,0.7168127687772528,0.059733165659587396,0.7389097627677814,0.07303631293502558,0.7058484267471244,0.039365135623608875,0.734738561174646,0.06929472939350158,0.7194578954561585,0.0711238670488477
sw_recall,0.7054020100502513,0.009460032872617223,0.6917922948073701,0.00987422623329276,0.6953517587939698,0.004555323526544037,0.6903266331658291,0.005357297895699455,0.6978643216080402,0.015881643761544977,0.6779731993299832,0.005185420329705976,0.692001675041876,0.008820517743148855,0.7039363484087102,0.01481725796729827,0.7039363484087102,0.01481725796729827,0.6712730318257957,0.014221424485706378,0.6962590731434952,0.01155455169546337,0.6938860971524288,0.014927308079614543,0.6882328308207706,0.008385671856993637,0.6831379117811278,0.004215429612099797,0.682998324958124,0.028372888881019895,0.6712730318257957,0.019931121438974346,0.6894891122278057,0.014463916280712334,0.6733668341708543,0.006855404331551494,0.687395309882747,0.006572449674479935,0.6917922948073703,0.0049783792574335465,0.6907453936348409,0.00585765920110476,0.6911641541038526,0.002767200949413589,0.6990508096035734,0.0029412768712598616,0.7070770519262982,0.003830380439422795,0.6974455611390284,0.015143079565556765,0.6932579564489112,0.016587355377167858,0.7039363484087102,0.01481725796729827,0.7039363484087102,0.01481725796729827,0.6899078726968174,0.019466732494421223,0.6989112227805695,0.010736395601914788,0.6748324958123953,0.052679001781445176,0.6842546063651591,0.017340257010909535,0.705820770519263,0.00705293416898928,0.6792294807370185,0.024109355898809717,0.6880234505862647,0.009826753716805133,0.6892797319932998,0.02133076660512903,0.6972361809045227,0.009313694761369206,0.7068676716917923,0.013761873304149881,0.6947236180904522,0.02121536034836772
swa,0.89303718321968,0.004211104307181948,0.8551358955821724,0.012347938943437687,0.8457619336055804,0.040126080034855606,0.8544178276246116,0.029620189906191852,0.8834971374978018,0.01672848977663893,0.8584526856718576,0.025186504976510527,0.8720715527853221,0.02567944709230326,0.8878153148752418,0.014671619579360388,0.8878153148752418,0.014671619579360388,0.8487123624924285,0.046106264051031784,0.8698880400164131,0.01779022549941017,0.8808446823892613,0.014303874653465812,0.8842738232478164,0.010034781889504385,0.8883917231677055,0.004260186946350685,0.8705914535258602,0.01186514475269895,0.8816897555638055,0.009097676667487845,0.8644219308700835,0.045610662343222544,0.8808104886769964,0.010546389095325707,0.8970818108990015,0.010965042937984944,0.9026553859981633,0.014430854463729569,0.8620674495398504,0.014673379202183296,0.896104847691436,0.008625316341906386,0.8690283123937552,0.014445380321662853,0.8657945641767131,0.011299220437829983,0.8704937572051037,0.021826241416793103,0.8895445397526329,0.015713383417491504,0.8878153148752418,0.014671619579360388,0.8878153148752418,0.014671619579360388,0.8474618495867445,0.029027501602838027,0.8905556966724633,0.016977341001028882,0.8974530569178765,0.0055016215140917,0.9014781453330468,0.013348825010416718,0.8289386271713007,0.07475090428856973,0.8692139354031927,0.021185227336320774,0.8451269075206628,0.020219153850572824,0.8708747728560542,0.020506253706949893,0.8926757068328806,0.013072535586781925,0.8924900838234432,0.014633394630200702,0.8672209304597589,0.02592142194054575
swa_f1,0.5422336207262392,0.01092994057371743,0.4886623710593205,0.018700867091855155,0.4689523666385705,0.0404913754190237,0.4830502487766015,0.03256468173027198,0.5203041085536103,0.018838375289960668,0.48946413818892665,0.03123833593191028,0.509601067210528,0.03916326590164074,0.536644936515222,0.018960856551926017,0.536644936515222,0.018960856551926017,0.45711509384892335,0.05897140801098589,0.49796301170640445,0.03924172353962539,0.525051607122326,0.027169573365628148,0.5158633610109784,0.016576819347144566,0.5270364603148088,0.013558252640450637,0.4966240549162078,0.019126508186270777,0.5188431438386453,0.013565389910983498,0.4883713900290918,0.05483699626228743,0.5137975575659322,0.023756787990272588,0.5555072999672644,0.01569552370962152,0.5507347419015889,0.029891770338645575,0.47775493020215654,0.02626947884356429,0.5437115480495964,0.019976336735835147,0.49514349720493356,0.01906089312529021,0.5013517977259312,0.010635597506998884,0.49655566334856127,0.023596021938253067,0.5298434131040262,0.025424821336253574,0.536644936515222,0.018960856551926017,0.536644936515222,0.018960856551926017,0.4740432488706589,0.04192182538263294,0.5335900182068478,0.038437025651655986,0.5448635956656047,0.01663600918809035,0.558991600338205,0.01761972060575706,0.4562212494250872,0.06842312719409371,0.49522210169623515,0.03346117606553195,0.46802747573008996,0.026049837527183557,0.5052594919845516,0.03493833349733402,0.5316215585970608,0.019785310030877464,0.5404668697843118,0.0324654448452967,0.4945257101127735,0.040075880665626264
swa_precision,0.4778951414168041,0.010872280669340621,0.41936801541982915,0.025134946848740954,0.39789778577862883,0.04715779930698562,0.41639736338427585,0.04288491629859362,0.45632615029171447,0.020506024382751568,0.41990554624448784,0.03712872883082029,0.4470593213809936,0.04731281097003191,0.4762046573245915,0.024079928132895386,0.4762046573245915,0.024079928132895386,0.3932993636497069,0.060653891661875285,0.43323770652407756,0.04010028833877632,0.4674935210536016,0.03395607618426365,0.4680510864333714,0.019557623281157278,0.4707066604338679,0.017200939758460647,0.43285251841516015,0.018544696027241292,0.4590368631035182,0.022247690920081845,0.43028733581272605,0.07243163373016127,0.45721826289060197,0.028838567587789746,0.5071393485176985,0.02350292042173392,0.5076477202527591,0.02989934811977849,0.415662272970551,0.027694834982757408,0.49172978040460813,0.02388720433097823,0.433988490653122,0.018818081640087327,0.4333338214802558,0.01826755428839461,0.43012217859121993,0.02015517578355863,0.48264588795896224,0.028293605920428917,0.4762046573245915,0.024079928132895386,0.4762046573245915,0.024079928132895386,0.401670680748008,0.0480780906121631,0.4858965781268666,0.03561836278549891,0.491472641822965,0.023102727155299586,0.5055109879107714,0.025851769324464282,0.387332309855001,0.07610773340318987,0.43174760670792506,0.037224621240550614,0.3970290006559784,0.02829476870229671,0.44318081932789477,0.04291668819348846,0.48073283323402244,0.028509752321766973,0.4788603310924972,0.029163324365948047,0.4299986774197463,0.04598440338777991
swa_recall,0.6268086816720257,0.01703187591446491,0.5862138263665595,0.010171331228380168,0.572615219721329,0.025646133887595134,0.5771704180064309,0.012331654339768306,0.6054394426580922,0.019540971072682135,0.5878215434083601,0.024163716153166516,0.5937165058949625,0.0273595246085142,0.615018756698821,0.011037955085132133,0.615018756698821,0.011037955085132133,0.5468917470525188,0.05297204692845218,0.5956591639871383,0.03648884143740455,0.5994105037513398,0.01449259129472795,0.57489281886388,0.017647632547018517,0.5991425509110396,0.017877361556270385,0.582730439442658,0.023803479128152838,0.5972668810289389,0.008035607403674462,0.570069667738478,0.019432893727356643,0.5872856377277599,0.024764385508439134,0.6145498392282958,0.007047040835146251,0.602424973204716,0.0365284197319046,0.5620310825294749,0.024388615534729274,0.6083869239013934,0.019813417003150043,0.577304394426581,0.03208392611491174,0.5955251875669882,0.011684915118576639,0.587352625937835,0.029703713471670896,0.58741961414791,0.020954500320231825,0.615018756698821,0.011037955085132133,0.615018756698821,0.011037955085132133,0.5808547695605573,0.03197698422260129,0.592443729903537,0.04899801785794229,0.6120042872454448,0.018347759723135768,0.6257368703108254,0.01129938414535142,0.5592845659163987,0.041842632765530026,0.5811897106109325,0.026734479062301135,0.5706055734190782,0.025459280292367704,0.5890273311897106,0.026382471191965455,0.5953242229367631,0.012819566975500072,0.6204448017148982,0.03829288906591177,0.5832663451232583,0.03262016322188007
ta,0.7917473043959082,0.004309036251315464,0.793025988388167,0.003962299556698479,0.7905722974841028,0.005973548862061479,0.7884641968482168,0.015992977689645114,0.7867362455073266,0.009962195216643512,0.7954451202654134,0.008495524505117768,0.7901575891622892,0.009277967043327246,0.7867016864805088,0.012243068745084022,0.7867016864805088,0.012243068745084022,0.7720832181365773,0.007011878072773552,0.7902612662427426,0.009116162088908836,0.7957561515067736,0.019964950493619016,0.7739148465579209,0.002883142606388451,0.7968274813381255,0.01355718511650931,0.7835913740669063,0.006490230627918005,0.7828656345037324,0.00924934546681578,0.8079554879734587,0.009239009652066203,0.786459773292784,0.011523384344469282,0.7927149571468067,0.006856752457983378,0.7878075753386784,0.004913381351973637,0.7928877522808958,0.003976741518521662,0.8050179706939453,0.005019195501707797,0.7874619850705005,0.0076572489089090385,0.7808612109482997,0.014752400806645003,0.7958252695604092,0.010584469521668055,0.7909870058059165,0.006112683329483381,0.7867016864805088,0.012243068745084022,0.7867016864805088,0.012243068745084022,0.7791332596074094,0.00971094305123921,0.794788498755875,0.003322462972234899,0.7900884711086535,0.0072951478031290035,0.7895355266795687,0.003957675045960574,0.7842825546032623,0.0045070059128839235,0.7864943323196019,0.012709956238399787,0.7862524191318773,0.010105034227430401,0.784524467790987,0.010923495568571097,0.7896046447332044,0.014111372221877387,0.7809994470555709,0.006671115656109471,0.7998341166712746,0.010875940427299441
ta_f1,0.5134795786275671,0.011681044847451099,0.5145680564816573,0.010341819087709427,0.5081344458040029,0.011419834297432662,0.5107841237767927,0.02906287152241455,0.5123523516017752,0.012241342034573766,0.5121745255222461,0.007459477980731761,0.5146106399598078,0.013192967134476801,0.5124306053744475,0.021609107812772758,0.5124306053744475,0.021609107812772758,0.4793290662794161,0.016532566669604874,0.5160569632376066,0.012254080972845801,0.523010575777507,0.03729195760745244,0.49385938183174555,0.007933695617131585,0.5231871207917559,0.025204194250567347,0.48540259726182106,0.018136505971541685,0.49453564431389574,0.01146114613719298,0.5530946154523365,0.008809344961127933,0.500405128698222,0.01398599370315991,0.5105858055443954,0.006345780309963339,0.5068671299931846,0.01622661039005246,0.522090132549785,0.01098230448751895,0.5324753005700619,0.010180077906971107,0.5120105892447657,0.004926006170729529,0.5062720265680755,0.01666208221932043,0.5192274729725531,0.02573661993237681,0.4954895927535811,0.01826487061522992,0.5124306053744475,0.021609107812772758,0.5124306053744475,0.021609107812772758,0.5082471700309055,0.013371854696782193,0.5146764729004865,0.009679031855550435,0.5155114284651421,0.02270356970413749,0.5116665957283799,0.0036809244785762523,0.5058735795636463,0.009204058694871621,0.5062529608960896,0.029691530238937294,0.5016611057908584,0.03402893960351967,0.4917462223630019,0.020474397670577783,0.5145718014626035,0.02198727748532615,0.4997228096908348,0.012396953133398912,0.5251498213650885,0.015349920827577922
ta_precision,0.5067115075103227,0.007882353519706805,0.5128034933095045,0.010833506202997067,0.5055137622427203,0.007651193315496272,0.5023779891041011,0.03182738507351471,0.4983839731399615,0.007885503586119003,0.5049540344744111,0.010813048827934884,0.5074896288881072,0.013906781133008268,0.5080232680026395,0.02449422968789487,0.5080232680026395,0.02449422968789487,0.4769342039316271,0.012288004910447,0.5038676342103354,0.01579492328659468,0.5199146550810243,0.03480667898847334,0.4922701769107236,0.003262952698024295,0.5137032532612791,0.01705024327360809,0.4948468261977957,0.018699776880821705,0.49629976904775125,0.006624601995181401,0.545480386368805,0.014793366817873212,0.5014394932324416,0.01656894030447918,0.5115401955426643,0.006302826926594671,0.5033269175656973,0.014730149459637248,0.5095062290175313,0.004400442601850372,0.529204638981922,0.013889793222636877,0.5041129620102507,0.01012312146392985,0.4968064608089895,0.016388071441605163,0.5052079666422107,0.020503058729817437,0.4911503166659652,0.014493255459722616,0.5080232680026395,0.02449422968789487,0.5080232680026395,0.02449422968789487,0.4905762956194559,0.014511248723311882,0.5057344406045174,0.008903235194978676,0.5143227285867682,0.024139146594062487,0.5087277180850495,0.0060854268237989055,0.49438156742415473,0.01039769676381929,0.5031552236849789,0.019049664803024877,0.49258682542055154,0.02483042166430746,0.4924061344273063,0.018185448903934007,0.506900849055468,0.01878072992304874,0.4959437665442258,0.008485245052762415,0.5277875685125284,0.013203765035663971
ta_recall,0.5207493956486704,0.0208096130137943,0.5165189363416599,0.014608514252900467,0.5112812248186946,0.023396021178014516,0.5195406929895245,0.02641895388836527,0.5271958098307816,0.017299733969169857,0.5199435938759065,0.014878266557812374,0.5219580983078163,0.013032665639493018,0.5171232876712328,0.021705603614595167,0.5171232876712328,0.021705603614595167,0.48186946011281223,0.021741720488689848,0.5290088638195004,0.01231761427644168,0.5261885576148267,0.04015556375967243,0.49556809024979853,0.013722309722744946,0.5332393231265109,0.034119940934796304,0.4764302981466559,0.019488356550277468,0.49294923448831585,0.018142473763673103,0.5610394842868655,0.0028960325883491626,0.499395648670427,0.011478551266635318,0.5096696212731668,0.008044576487709872,0.5108783239323127,0.024129244890116263,0.5354552780016116,0.018615009281760634,0.5358581788879936,0.007756932086056207,0.5203464947622884,0.008094866057437316,0.5161160354552781,0.017163136391722796,0.5342465753424658,0.03300837896577609,0.5,0.02285315957174944,0.5171232876712328,0.021705603614595167,0.5171232876712328,0.021705603614595167,0.5273972602739726,0.015906507944660656,0.523972602739726,0.011459679817347154,0.5169218372280419,0.024348017614404752,0.5147058823529411,0.005861711749340591,0.5181305398871877,0.014248495524979737,0.5098710717163577,0.041368197175170235,0.5114826752618855,0.044712318040137644,0.49133763094278804,0.02599777612908323,0.5227639000805802,0.02871923188911643,0.5036261079774376,0.016812766429791924,0.5227639000805802,0.021231768132563063
te,0.8216431637032495,0.00677177034276825,0.8369711833231146,0.0062786282641103175,0.8396995708154507,0.0064432158979632476,0.8362354383813612,0.00799756468898744,0.826364193746168,0.0050151131479122864,0.836480686695279,0.010711438286018693,0.831023911710607,0.006057186528622191,0.8281729000613121,0.003956252627368754,0.8281729000613121,0.003956252627368754,0.8232679337829553,0.005440216266556233,0.8268853464132434,0.008980562732542056,0.8366952789699571,0.004503691095477883,0.8285407725321888,0.004334696016148297,0.8322501532801962,0.003401208920942547,0.8429797670141017,0.0026725315411040653,0.8388105456774985,0.0065229443600126474,0.846259963212753,0.00874988736959021,0.8419374616799509,0.010058171259060665,0.8396995708154507,0.0035713956785311377,0.8368792152053954,0.0043795597190846485,0.8339975475168608,0.006368098879578875,0.8392090741876149,0.004140722012238634,0.8340588595953402,0.009288392043860996,0.8308399754751686,0.0032249609315469613,0.8316676885346413,0.004761202998281209,0.8431637032495402,0.0030827235045926497,0.8281729000613121,0.003956252627368754,0.8281729000613121,0.003956252627368754,0.8378295524218271,0.010029476699289013,0.8408951563458001,0.004807429989923367,0.8370631514408339,0.0017864870980176713,0.833966891477621,0.008032272297284532,0.8320049049662783,0.005993131530110207,0.828755364806867,0.0038380904059873364,0.8282648681790312,0.012160005631104854,0.8289086450030656,0.007573882485662541,0.8322808093194359,0.011591875009344636,0.827161250766401,0.008482956841415474,0.8362047823421215,0.005108563194595541
te_f1,0.44631232655385666,0.017090612170660702,0.4710564317749022,0.011172181123608845,0.47069826725003494,0.021971710664805248,0.4728013448740682,0.014683759309990519,0.4621183050486313,0.009698962503226834,0.46537322770396605,0.022284261614228716,0.46643432879830843,0.016485816722420287,0.45133950510088183,0.01155822678459767,0.45133950510088183,0.01155822678459767,0.43542225628825026,0.016719031602205038,0.4571449738584411,0.014399384817017526,0.46601356608280275,0.015232723175161078,0.44678331696724444,0.015682576983962446,0.4734533917336386,0.017610988551290434,0.46940263325518206,0.016430418413825268,0.46483563847117493,0.01169201278254532,0.49044863729526256,0.014699514352052358,0.4918014583369891,0.028814488160790307,0.46130801291102147,0.011301367707460219,0.4594747415942979,0.00936414964972369,0.47469094686545044,0.012142198110006906,0.4811391589025432,0.014441390487635484,0.472406861850256,0.009853499315548868,0.46697144081349395,0.019685936253445765,0.46901406291617337,0.005616344548896562,0.47970137686911013,0.01849564493107597,0.45133950510088183,0.01155822678459767,0.45133950510088183,0.01155822678459767,0.4908616188601192,0.024175417543756225,0.4935906996781127,0.01210421631741643,0.46952418243410754,0.014647816906339413,0.45553017655780254,0.029947922837971538,0.4576002622191656,0.012555824546682297,0.4466633301181415,0.026022342590526874,0.46443854702252474,0.034462731073105844,0.4403371527047727,0.012349293270318827,0.46174882831125114,0.017902108043769422,0.44159258942450147,0.023518823493201963,0.4624353834776151,0.014270299868586338
te_precision,0.4283179725032351,0.013792267079365813,0.4609540956751612,0.021477134221547685,0.4554101883090329,0.02033615426382015,0.45048355191570727,0.022080717496815713,0.4297321598158466,0.0064292314252810045,0.44836943519968886,0.03089216479682764,0.4447058235990498,0.016472860970382506,0.44532849929728846,0.015828135009804387,0.44532849929728846,0.015828135009804387,0.4253029286565506,0.009589287308216125,0.4292660996623121,0.017922545315902923,0.45500988489398725,0.018470923887856542,0.43970860327103667,0.011494360870435259,0.4530222454683149,0.009015849213725642,0.4714487046761853,0.020477098709067804,0.4666399225594993,0.019927822653996122,0.4808262162903889,0.02759029264998124,0.47871347921062385,0.026802600557053954,0.4599028871587632,0.01586201193431612,0.4545810624624533,0.023833788941630248,0.4520157116818164,0.012337012299170612,0.46139007565694334,0.019958332726161956,0.45524635511165185,0.020515102066320942,0.4434058050049337,0.01399763513757166,0.4431145866099969,0.014311339669044368,0.4656328065288511,0.015721744668699838,0.44532849929728846,0.015828135009804387,0.44532849929728846,0.015828135009804387,0.45981454782048925,0.025300692557779145,0.47376968113245527,0.010947543646770953,0.45942882238804283,0.004980027014338584,0.45473030358070177,0.029436614880958577,0.44106408429795296,0.01982932464631545,0.43580280570398383,0.007913201934285768,0.43768512757398437,0.032173931243085985,0.44061913342991255,0.0239073977458763,0.44427203883000466,0.02337120392751518,0.43008757597828395,0.026934883715777087,0.4580316230786823,0.013497317105773015
te_recall,0.4671221178479932,0.03415172143333071,0.48228010247651576,0.012958147656271131,0.4886848847139197,0.04077282859466662,0.4980785653287788,0.015829206666993455,0.5,0.01761886493076439,0.48462852263023054,0.023193868178235346,0.4906063193851409,0.02002132453584484,0.4579419299743809,0.01646156867250326,0.4579419299743809,0.01646156867250326,0.4468403074295474,0.03048389282425539,0.4897523484201537,0.024989900658911064,0.47801024765157984,0.02016498934393958,0.4549530315969257,0.029560843604903457,0.4961571306575576,0.04101728423065011,0.46883005977796754,0.033125561984726,0.46391972672929116,0.020794090707714343,0.5009962994591518,0.001304462196116133,0.5059777967549103,0.03478294082735498,0.463065755764304,0.01478093575212949,0.46648163962425276,0.02915511570785166,0.5002134927412468,0.02082913203133372,0.503202391118702,0.01795878808267564,0.49146029035012806,0.005333046967035343,0.493595217762596,0.030353032194856373,0.49850555081127246,0.0060935879956184385,0.49487617421007685,0.02437933804204986,0.4579419299743809,0.01646156867250326,0.4579419299743809,0.01646156867250326,0.5266865926558497,0.026046114432109302,0.5151579846285226,0.013758830086418403,0.4807856532877882,0.029689055217836418,0.4568744662681469,0.03619735692345424,0.4763023057216055,0.021061250990842932,0.46071733561058925,0.05377757422433821,0.4950896669513236,0.04016615009434303,0.44150298889837747,0.024779877247731667,0.4816396242527754,0.025265612929711904,0.4538855678906917,0.021200735760165564,0.46733561058923995,0.021619412480329506
th,0.5933045664521696,0.03238842331247509,0.4072335487291944,0.02754397151474848,0.4661313225725276,0.1712112082032171,0.5367485485494482,0.1412866041778148,0.5582804579933134,0.08620244017599527,0.4331046437430348,0.14817150845759408,0.3221984308156882,0.06714879009170671,0.33186652946040185,0.0851524458989,0.33186652946040185,0.0851524458989,0.3390153727936154,0.1209831881735399,0.4281942022863716,0.11213863637687774,0.3690627583851601,0.1221014634253717,0.30692786785059495,0.0801788127858276,0.28413099453571555,0.067406006492827,0.4374848339145127,0.08589536800617567,0.46321269367652873,0.0403780156285917,0.5356447945500953,0.02889293762146304,0.3814096370924255,0.11522212139246321,0.3989899387065463,0.07664702364584383,0.32590794298450587,0.08020126912556078,0.32652919078261494,0.15282311529729659,0.3769626038034295,0.11220071364653057,0.35620753496063556,0.1665343037207666,0.4962101637487867,0.11579463389682744,0.40751889581910344,0.15955829857997464,0.2676173742675342,0.07891911562556034,0.33186652946040185,0.0851524458989,0.33186652946040185,0.0851524458989,0.4872492540532768,0.11414646927524727,0.40347966171765465,0.11933114850799638,0.3729216845813711,0.1597541217420196,0.3576876325628212,0.08079458077119038,0.4709434653269583,0.18025492554388048,0.45411360409102347,0.15965173198695676,0.2931008915411439,0.03257630912312061,0.34264456088003736,0.07014143654327859,0.44891107506201244,0.13112219337772837,0.32838900222885287,0.06401919284694572,0.40992749487723334,0.05851255660750968
th_f1,0.00325688806155865,0.0023586003263520077,0.018904957434119823,0.008123319438613967,0.00507784770150955,0.004804891756015502,0.005777196117667525,0.003160325445465873,0.004148428882730125,0.0038681397976070794,0.011649456997497275,0.014735292084092065,0.01390494512092995,0.01530056028357428,0.0121436689257422,0.007195568443457192,0.0121436689257422,0.007195568443457192,0.021927404663168327,0.018885404295702148,0.012660891676964974,0.0058528561176777304,0.029119294897950176,0.018576278832563953,0.025386343836251626,0.004664393582580404,0.024161925909554897,0.01435256434098906,0.0147480568460498,0.0034457321889546054,0.011475556159086676,0.003922977459228124,0.0031111905409238003,0.001144840809811679,0.012622116936135474,0.0019081109459533315,0.009086436277667,0.006701070638752346,0.020107513394151975,0.016097646671664703,0.0148856176428872,0.007101213072935779,0.008223382319544375,0.004844710447651091,0.015433644442955176,0.010858354320581465,0.008732307164742926,0.006287224245994128,0.0131249118620839,0.007333889352487378,0.0245620383801911,0.010582268389573561,0.0121436689257422,0.007195568443457192,0.0121436689257422,0.007195568443457192,0.0101055530427077,0.0024957590839390286,0.007532363978073725,0.005483424509297913,0.018255529216841874,0.010061524714396166,0.0178488498673261,0.005400169875105867,0.013233466889904875,0.010357577559857747,0.015004492981367074,0.01209361787706343,0.026715739627512825,0.007484724732622678,0.011356818353705625,0.007613478037535405,0.01651904814651425,0.014773008782165904,0.014756088272416,0.011826603083660545,0.008896407110269575,0.004786468858289927
th_precision,0.0084618727340588,0.00878661760047657,0.0146999892365539,0.006468953612363165,0.005168486123147425,0.002474485328458333,0.010288692677297576,0.008351327906124808,0.0044876874648268,0.002342246918618074,0.0108598613442863,0.012374332119704816,0.011484322953252574,0.011989886071317984,0.009540823561465225,0.00600414694043874,0.009540823561465225,0.00600414694043874,0.018333748980545427,0.015367725902616598,0.009988449075509824,0.0042530667704562715,0.02287781360251135,0.014422415135617338,0.019569931564113477,0.0029628320331939887,0.018935840277307027,0.01281905196959048,0.01098791745684915,0.0022290538015272664,0.0091299320265197,0.0030686891361833466,0.0024277046404391498,0.0008600520654312697,0.010322642046727875,0.0015661783803846503,0.006920761061015475,0.005010738218991392,0.015340066520676002,0.012115537478411481,0.012940701357586374,0.006293426376071489,0.007488837252798075,0.004792784362570737,0.01364671458591085,0.010603346299808743,0.009208954598038775,0.0042962688171659415,0.0134086395575174,0.0048391708716980855,0.022377769825191473,0.01221198947092022,0.009540823561465225,0.00600414694043874,0.009540823561465225,0.00600414694043874,0.009520116793017551,0.0042766120422558515,0.0059947676831362,0.003907303009465623,0.0164701458308437,0.008425602709063128,0.0133126900698883,0.0038564004848400104,0.014102362991685,0.007100990917650452,0.01409909850981745,0.00616792371676517,0.021298853858021476,0.00613666712968265,0.008383327851321676,0.005396427507066575,0.014421957003238051,0.012086370477021508,0.010338447055782799,0.008091548024551186,0.0064120492371938995,0.003278184300868685
th_recall,0.0024367995830075,0.0020443330903350053,0.02683085744070885,0.011216274349720765,0.007140995569455249,0.007746693855891311,0.004886630179827925,0.0032401924390770354,0.004769351055512076,0.005084433748975444,0.01372165754495695,0.017769506321921574,0.018139171227521452,0.021693336296169683,0.017005473025801375,0.008873996027443737,0.017005473025801375,0.008873996027443737,0.027391191034662428,0.024599259293861097,0.018321605420901724,0.009038427411896503,0.04050039093041435,0.02601785849739156,0.03642168360698458,0.008817892327617333,0.03562679176439923,0.019531688694055808,0.023286421683606923,0.007414620140937206,0.015806619755016925,0.006037903059694687,0.0044435757101902,0.002020717705528967,0.0166666666666666,0.003681394016260698,0.0134349752410737,0.010096235750641305,0.02924159499609065,0.02410195122429921,0.01763096168881935,0.008162187125929718,0.009238988793328075,0.004922228658728099,0.019416210581183178,0.013943192898785232,0.011454261141516774,0.01089474844972111,0.017135783163930125,0.011412460422196489,0.028277299973937926,0.007578091943273027,0.017005473025801375,0.008873996027443737,0.017005473025801375,0.008873996027443737,0.0121449048735991,0.004035492697596228,0.010659369298931425,0.009645955104278195,0.0208365910867865,0.012499805993630252,0.02733906697941095,0.009518457633963884,0.014568673442793799,0.013407437803696465,0.020497784727651777,0.02220229318915364,0.03586135001303097,0.009677964731372059,0.017839457909825326,0.012752927125175265,0.019663799843627802,0.018521791208844625,0.02590565545999475,0.021770265478719197,0.014764138649986925,0.008433405286938945
tl,0.8166198400691593,0.0109158040191696,0.8082450832072617,0.012725422251282426,0.8277501620920683,0.0023377250543314605,0.8303976658742165,0.00894997889203743,0.842392478928031,0.003939426439066,0.8311540955262589,0.009406306988236699,0.8258050572725308,0.0035336786884030674,0.840933650313378,0.00431885160646118,0.840933650313378,0.00431885160646118,0.8140263669764427,0.017121960896290284,0.8285065917441107,0.009667719579142,0.8135941214609899,0.01293430456378181,0.8501728982061811,0.0067041613871822135,0.8092716663064621,0.019308444751988924,0.8333153231035229,0.00850395679081446,0.8238059217635617,0.013499601363686844,0.8240760752107197,0.011855930597029433,0.836232980332829,0.010738749608729505,0.8399070672141776,0.01248954574424453,0.8447698292630214,0.003432543802521831,0.8283444996758158,0.007668298181878773,0.841744110654852,0.006807866868381254,0.84709314890858,0.008781607803721678,0.8311540955262589,0.0025776659697160707,0.847903609250054,0.010046609222297503,0.8216987248757294,0.009996310316675038,0.840933650313378,0.00431885160646118,0.840933650313378,0.00431885160646118,0.8216987248757295,0.010101668016606313,0.8347201210287443,0.007650002792663702,0.823643829695267,0.0034534586309939944,0.8232115841798141,0.014699525457645978,0.8303436351847849,0.012082273780411611,0.83288307758807,0.010354926771754473,0.8382861465312297,0.007216418386122018,0.837583747568619,0.0035402816440618353,0.8229414307326561,0.008656384216221308,0.8395828830775881,0.007939631638000025,0.8353684893019235,0.02067665372697208
tl_f1,0.7484271306191885,0.01744579039316922,0.7326112520671411,0.02434589248385283,0.7625380767444987,0.010166119347561205,0.768225871246478,0.00876941901295736,0.7799270579074092,0.003759959170922538,0.7687755451182727,0.0028591033240650517,0.7625762310968933,0.010645152856300676,0.7793958636991304,0.010197718222958929,0.7793958636991304,0.010197718222958929,0.7369229133217259,0.030180130078272267,0.7676804910295684,0.01476784394447228,0.7286993894279122,0.029161993009669696,0.77513657125167,0.017690071938492088,0.7496963816221781,0.016573411122527255,0.7678486436439484,0.015658781506683934,0.7571627460311899,0.011561569226606599,0.7572272302320248,0.017248209575762046,0.7678392849648201,0.011089780770405,0.7774528180062182,0.013625280261983147,0.7846810185341835,0.007103862347527777,0.7563366718244644,0.008791327555097088,0.776696744179604,0.013028710099361199,0.7851917439573903,0.01613508648761408,0.7691099336629115,0.008342353657946007,0.7862257652567846,0.011023434349163171,0.7590606653456263,0.01014211265863899,0.7793958636991304,0.010197718222958929,0.7793958636991304,0.010197718222958929,0.7533512187281047,0.009480482239723228,0.7699900222293586,0.007876299289711489,0.7637479409043415,0.0038960307102220374,0.7600689769414151,0.020302791829457757,0.762772419837779,0.010042729217486368,0.7604404058427016,0.027030890726371475,0.7767772017457475,0.01369167829189915,0.7762701458292444,0.006610559742780169,0.7396649723671591,0.0258637411846825,0.7820068071249625,0.01043167947714513,0.7771047327630856,0.021236476183342033
tl_precision,0.7301603803694936,0.01498905351720652,0.7102463685053588,0.02979047358551726,0.7448295333206318,0.015623749992448699,0.7503377568761617,0.00796592497483235,0.7621232752032809,0.004053691151203874,0.7524944452097534,0.0032004262463487163,0.7470546891382425,0.01298735306175347,0.7637507205406731,0.009995308316108802,0.7637507205406731,0.009995308316108802,0.7128256416707865,0.03505428270995029,0.7508391304395153,0.015353917174781274,0.7059084260293678,0.034833899358224236,0.7524206345122877,0.021588472293945893,0.733010071629288,0.017452551334201986,0.7494034184747298,0.016257520224206495,0.7391231339053013,0.011263849428029257,0.7379390329973223,0.016217364813917515,0.7480987518544147,0.014220507931324462,0.7609241596516483,0.014658208660872614,0.7678921466058433,0.007800023100889275,0.7366870244783303,0.010161036674780816,0.7588655829338609,0.01511541308858239,0.7664634147131675,0.018779930978156317,0.7522793073993711,0.011439140438551083,0.767754214269404,0.01129709524339236,0.7409819159714253,0.010745098301310388,0.7637507205406731,0.009995308316108802,0.7637507205406731,0.009995308316108802,0.7312508331068692,0.010294129254593864,0.7528264048421349,0.007336433122921762,0.7470785364290642,0.0059391551816890585,0.7409547631891458,0.02267090141576957,0.7415431600301986,0.008124908252053363,0.7386934564800756,0.03219834785021768,0.7603136450710969,0.01709110308133049,0.7582283528449429,0.008757905805538752,0.7166814407354895,0.030890696118478927,0.7652228790080488,0.012709884689029427,0.7598261376015145,0.022048735457035815
tl_recall,0.7676499032882012,0.02033824066229506,0.7565280464216635,0.01821976026554216,0.7811895551257253,0.004827523898088927,0.7898130238555771,0.009878499965212482,0.7985976789168279,0.00526020917862047,0.7857833655705996,0.0035752857854317514,0.7778852353320439,0.009687285107231996,0.7956963249516441,0.010457254405743781,0.7956963249516441,0.010457254405743781,0.7628143133462282,0.024775026029882977,0.7852998065764023,0.014235591338375032,0.7531431334622825,0.02312167219054549,0.7993230174081238,0.013642878123468009,0.7671663442940039,0.015681533133402478,0.7872340425531915,0.01520970485117404,0.7761121856866537,0.012194893822938566,0.7775628626692457,0.018669803011696025,0.7886847195357833,0.008072201177014102,0.7947292069632496,0.012887852680619328,0.8022243713733075,0.006535504491525886,0.7770793036750483,0.007955488510156691,0.7954545454545454,0.013082929650356583,0.8048839458413927,0.013362920442915927,0.7867504835589942,0.006390789039844919,0.8056092843326885,0.010740381205001754,0.778046421663443,0.00952500754525734,0.7956963249516441,0.010457254405743781,0.7956963249516441,0.010457254405743781,0.7768375241779497,0.00887696312895835,0.7879593810444874,0.008735347456376044,0.7811089619600259,0.002433860230583794,0.7802224371373307,0.01790909985711485,0.7852998065764023,0.013790618720958997,0.7836073500967118,0.021398965260076962,0.7940038684719536,0.010235014742996465,0.7936814958091554,0.005326470548632603,0.7642649903288201,0.02039946598435126,0.7995647969052224,0.008407995716147653,0.7952127659574468,0.020912645354557623
tr,0.8730605696478324,0.003024819251683795,0.8918342554568143,0.006752053235129078,0.883571456867069,0.003939901356907237,0.8900549312698895,0.0083416312012316,0.8783490248379131,0.007131172787518782,0.8833205688555545,0.00636192340619916,0.895287266773184,0.005299857513911397,0.8832842561170459,0.0038154608948578824,0.8832842561170459,0.0038154608948578824,0.8860143138212885,0.006630052482435364,0.8915503558648374,0.006432386433191308,0.895178328557658,0.008250295154142637,0.8881204526547913,0.010828170772003348,0.8802339860823176,0.008880904605586356,0.8979645059486867,0.00817852162319058,0.887912479697878,0.00519099938841879,0.900892633135704,0.01109219756724395,0.8878893715915542,0.010825363178288661,0.8931976337299125,0.011013504332550276,0.8896752980945716,0.009376410867956469,0.8769856465648149,0.006684700769251299,0.8813233682375777,0.004727485770840227,0.876767770133763,0.010452034277720798,0.8810988894904332,0.0029350048961370484,0.8847301633413001,0.009817561888732894,0.8826834453526298,0.005621374921696531,0.8832842561170459,0.0038154608948578824,0.8832842561170459,0.0038154608948578824,0.8853606845281324,0.010717104735402036,0.8813167659214853,0.007792485949299945,0.8872654527208145,0.00928519151773773,0.8802901057691038,0.004585239206933555,0.8741928668576937,0.004462963828000084,0.8891735220715427,0.00937637367618675,0.880468368303601,0.012166473103103119,0.8885760124651728,0.007913562802297857,0.8770846813062022,0.01344920796429899,0.8806268238898205,0.003594529116685628,0.8958088497444904,0.00438086766137132
tr_f1,0.6974327705381389,0.0050579562251589815,0.7319288066758961,0.012002905717644128,0.7134765522637313,0.009798528699579676,0.7276405474490644,0.015713607552090284,0.7021245968069594,0.014220309632051339,0.7165052226511618,0.012286718249463622,0.738714419930508,0.009999926947271294,0.7112294129023465,0.00989834885270588,0.7112294129023465,0.00989834885270588,0.7195571422472907,0.013797435388002844,0.7346836226655359,0.008884522046148658,0.738721667607878,0.018142572314345705,0.7226053252398903,0.022073979438583486,0.7062901692102795,0.01449268489354643,0.741434259437993,0.018296423090704356,0.7212790227607777,0.010846489661688805,0.7538835651845256,0.020192268096262636,0.7232751600812478,0.022945758692047763,0.7319950111543705,0.023748256512211827,0.7259489823868268,0.021859221075637567,0.7025032067244228,0.011542676813458807,0.7071878817143264,0.008106620670579653,0.7009138267062247,0.01985863007702985,0.7063142972950368,0.006655401892185044,0.7218420944630823,0.021068118542379985,0.712439535616132,0.01245387506550082,0.7112294129023465,0.00989834885270588,0.7112294129023465,0.00989834885270588,0.7201134657492148,0.023750039843930745,0.7117776971465315,0.019886121934196786,0.721074124928709,0.01911847411576887,0.7059715587678397,0.009720579946473537,0.6976622902494656,0.007699548488707784,0.7270998098481922,0.019497429939270866,0.7064779148292958,0.024793810344077256,0.7246714990974502,0.0172033715967656,0.7021749767228523,0.02605316858436177,0.7048348584507367,0.007039304828745638,0.7368801442677873,0.010376011898945237
tr_precision,0.6679003732737017,0.009265034423297458,0.7075812271119425,0.012661391759497116,0.6813097183755794,0.012245537877298311,0.6995873867185307,0.013936228641972316,0.6707358341996335,0.01263651968561745,0.6857298680192683,0.015367071716442809,0.7155020215162874,0.010262189712740542,0.6826298637375103,0.0067002316375459866,0.6826298637375103,0.0067002316375459866,0.6933724535292081,0.01268160568527766,0.7086196313511395,0.010728572522162248,0.713779256985193,0.021897503444631556,0.6978648250533395,0.024326456637716952,0.676822583964708,0.014430433580774582,0.7151177844460496,0.022316015298406384,0.6937826437553061,0.00921367536281979,0.727802434113173,0.0245321578096168,0.6952496603696863,0.02248201085589154,0.7086549639138408,0.020634223083756436,0.7003934923122055,0.020880504747220505,0.6739552924693464,0.014087741587015135,0.6796348615845316,0.007861665887902968,0.6720220883901764,0.021994249383966588,0.6789018476520075,0.007608893393866553,0.69254369590313,0.02425672552980688,0.6845665063786819,0.01807981888477883,0.6826298637375103,0.0067002316375459866,0.6826298637375103,0.0067002316375459866,0.6918000629016464,0.02455061750274126,0.6874509571935177,0.019252385260764268,0.6958425762417905,0.018727208700704538,0.6781186354024124,0.008863393880895628,0.6687813736635437,0.010014884898902182,0.6985171666139657,0.016625501829348605,0.6778003732289188,0.023699553858993708,0.698268376747647,0.019425299457074753,0.6760179401314359,0.025598732337138424,0.674312030037832,0.006395231593581432,0.711526838729075,0.010652711414667575
tr_recall,0.7298152645911533,0.007839209924825194,0.7580223743284021,0.01156841822337187,0.7488960035327887,0.00934366813191234,0.7580591742106425,0.01826177857249632,0.7366048428645028,0.016273746762634406,0.7502207992934422,0.009144431361971636,0.7634871568410981,0.009826142821708577,0.7424376241996026,0.016490453861940133,0.7424376241996026,0.016490453861940133,0.7478104070066977,0.015451335263469907,0.7627695591374107,0.008052898423422524,0.765529550305439,0.014105240128927787,0.7491904025907117,0.019464633204241646,0.7384632369176418,0.015231358194886845,0.7698351365275631,0.014425725945493822,0.7510671965849709,0.013436392435607293,0.7819790976668874,0.015385622507382611,0.7536615882829175,0.023538197343932157,0.7569551777434312,0.027557149801601847,0.7534959888128359,0.024151444318236518,0.7336240524030323,0.009778779651300366,0.7371384411569883,0.011759160384156914,0.7324648561124605,0.018322252023657257,0.7361080444542577,0.00995648227088597,0.753808787811879,0.018216003661544848,0.7428056230220064,0.007349788095497394,0.7424376241996026,0.016490453861940133,0.7424376241996026,0.016490453861940133,0.7508647972326489,0.0229965994502586,0.7379112386840362,0.02109588890822868,0.7482520055935822,0.020674286071717743,0.736236844042099,0.011805575820216048,0.7291712666519468,0.005142994748574744,0.7581695738573637,0.023556782867221005,0.7377272392728343,0.026722864008672523,0.7531831898137926,0.014962610678427012,0.7304408625892397,0.026546330790719597,0.7382608375653198,0.008299794457201798,0.7641127548391845,0.010270442120031005
tsn,0.8877082943269051,0.009079152195462204,0.6988485302377831,0.1438972616597774,0.595141359296012,0.09953438531299307,0.671784310054297,0.06313287488790968,0.8618985208762404,0.0124034848364084,0.449662984459839,0.13213128751572734,0.7459745366036323,0.13809730046518387,0.8765118891593335,0.02817046318576214,0.8765118891593335,0.02817046318576214,0.5651656993072458,0.27397835036952656,0.7798258753042502,0.1086033752295025,0.7256412656805842,0.10482236071302227,0.8712319790301442,0.018657474129384722,0.735723647257068,0.15636376982506955,0.5124789365287399,0.12470339019998994,0.4857704549709792,0.09953608580752717,0.5374648942145666,0.14037575850801734,0.7404886725332335,0.09993428460037665,0.8657835611308744,0.008986528462903787,0.8898988953379516,0.010206829605471892,0.6721774948511514,0.09091813908440292,0.7201834862385321,0.09260466889961466,0.8595394120951133,0.04466061520595128,0.8695749859576858,0.019018403679221328,0.6850589777195282,0.11020037045908393,0.7877363789552518,0.06626267247194909,0.8765118891593335,0.02817046318576214,0.8765118891593335,0.02817046318576214,0.7979872683018161,0.0820429194882979,0.8423984272608126,0.026675280985371884,0.8124414903576109,0.044094096142130626,0.8766897584721962,0.02456896908096753,0.7007021157086688,0.07338733937452181,0.8462741059726643,0.06321172768987247,0.8649784684516009,0.009400772823125346,0.8551301254446733,0.01770715298298377,0.7756880733944954,0.23744940111733923,0.8827466766523123,0.03129119072901796,0.8131061598951507,0.06325741245586881
tsn_f1,0.39223438048470016,0.026455807380295234,0.23046501536109681,0.023368127380296606,0.19503453541568555,0.024129352755281476,0.206894524584354,0.022082260307132173,0.3193758633066963,0.028231087048181645,0.1588305084542063,0.019916640658430955,0.2580712096106163,0.07699264120354223,0.3929749948167739,0.033056915770108296,0.3929749948167739,0.033056915770108296,0.18049578002956623,0.06529538506739714,0.26143186124373835,0.05663446397265417,0.24915811169624294,0.05539842851219382,0.33958133612151264,0.036586762949675423,0.2515521572132534,0.07023591116986758,0.1958268339089254,0.03634287768792279,0.19855128280781487,0.01988444237158324,0.18599826279168774,0.05741725247860307,0.2584376084208224,0.040894794908920166,0.3565844051631974,0.013500927609776479,0.37483071951214886,0.02377190478515265,0.2019221140565712,0.02626938214197832,0.277052097922572,0.03196197535244629,0.3424799362315315,0.02945551396601318,0.35192821533714913,0.024148901348847472,0.22885437411887766,0.037902648704290054,0.2840634182540621,0.025058124034081284,0.3929749948167739,0.033056915770108296,0.3929749948167739,0.033056915770108296,0.28749704709114643,0.052884016954643086,0.3417713844086068,0.052603195090321526,0.3138423824854911,0.026182427179376112,0.3614430262479246,0.02208522699598736,0.21405803891656625,0.012238713295448614,0.34948625797333466,0.07721197230701245,0.3655138707502651,0.019487776903463698,0.3251909828608951,0.03540811135845957,0.35165365969569257,0.10703107545501216,0.37609319747737013,0.05166387483145023,0.27678015861366567,0.04095947720123174
tsn_precision,0.3356201837450711,0.02531990268518788,0.1847848680622923,0.02509314375336685,0.14687043103353903,0.022320703701197687,0.15935203355776228,0.024011760122641616,0.26468428204528455,0.0328290790209648,0.1160072382357729,0.01386775952466712,0.21792719513414438,0.08230792658773183,0.3533393540244646,0.038923895319843554,0.3533393540244646,0.038923895319843554,0.14370519067612353,0.04758853553656234,0.2189071417659142,0.05921269999074929,0.19697183729374979,0.05451705373244029,0.30255100286115816,0.0318449191329103,0.20541872084909546,0.06948478806976258,0.15172072492671532,0.03257121351713363,0.15845165019174232,0.016216483550972473,0.1412384516938036,0.04687856468177377,0.20369166407714975,0.04875408793334051,0.3081616352254608,0.011825656043588232,0.3382085653072442,0.02538251022672266,0.14809920399819262,0.02119921269764214,0.21834401602205217,0.036538188429912105,0.2998288077332303,0.038688527857709896,0.30189175535343193,0.03222661227751305,0.16661175099890857,0.030834999288824914,0.2327111226265795,0.0341537647465387,0.3533393540244646,0.038923895319843554,0.3533393540244646,0.038923895319843554,0.23111237907234916,0.0623518644158362,0.2846034082200769,0.048305378479608134,0.25626344138482215,0.02743531051035918,0.31245149379778164,0.030083974603531374,0.16037567859979307,0.010751872779295757,0.3006271423108417,0.08132811850743969,0.3171681692339567,0.020736928115794383,0.2839491851970979,0.04371120572336456,0.3280903176337203,0.12573205709179183,0.3368622666528859,0.05776191768636961,0.23672502779438717,0.04638602587878082
tsn_recall,0.4726827430293896,0.03364136792132144,0.30802562170308967,0.02216237045698128,0.29125847776940467,0.021653666967762174,0.297852298417483,0.015859521811353805,0.4044837980406933,0.023058178267964153,0.25207234363225317,0.03609061051307441,0.3219668425018839,0.05748441896007134,0.44366993217784473,0.024905204023603248,0.44366993217784473,0.024905204023603248,0.24378296910324035,0.0984654788562889,0.3295026375282592,0.049286538367215416,0.34363225320271285,0.04788640501979576,0.38752825923134887,0.045906023857139405,0.33345892991710624,0.0727259532499253,0.27750565184626974,0.04020366068676428,0.26601356443104746,0.026953857932652484,0.2744913338357196,0.07798334264319935,0.3611529766390354,0.023928374241608777,0.4235116804822908,0.0224814376641692,0.42106254709871893,0.026963512679449617,0.3180105501130369,0.03559682830032551,0.38281838733986434,0.01638349546256756,0.40241145440844006,0.02349428374999231,0.42370007535795023,0.013749814716472011,0.3662396382818387,0.04677861581305116,0.36831198191409187,0.005784264727289357,0.44366993217784473,0.024905204023603248,0.44366993217784473,0.024905204023603248,0.39223813112283346,0.028579777922056813,0.42822155237377546,0.05676534873947256,0.40580256217030897,0.023562668934220037,0.4314242652599849,0.02862610386318399,0.323474001507159,0.028744061711626214,0.42256970610399397,0.06213071440557772,0.43330821401657876,0.03799416025909735,0.3839487565938206,0.03835860314280155,0.396948003014318,0.0995492974567947,0.4272795779954785,0.039321159365686024,0.33722682743029386,0.03605387705774135
twi,0.893355980135191,0.05359382381812514,0.6688853634984135,0.217807554547686,0.5438422541040143,0.1101263518301016,0.747042695544213,0.09170941921514296,0.9401210511794731,0.007978644043795865,0.43198199751689886,0.1419559046997469,0.7416798868809491,0.22719229515793463,0.9241533314939991,0.014746236153499171,0.9241533314939991,0.014746236153499171,0.47788488067319623,0.2339237517396087,0.8865188301834737,0.026186215575016176,0.6902762449993103,0.09380182574446744,0.8942698992964546,0.021377945929741887,0.7165212443095599,0.1799183338968356,0.5822354807559663,0.06390243174232504,0.5187180990481446,0.14390971307436523,0.5848651538143191,0.13847179233433216,0.735937715546972,0.1167502169587905,0.8504879983445992,0.015687419575473954,0.9368016278107325,0.003011624473087992,0.6053852255483515,0.12244709173199529,0.9253862601738171,0.034262295133171264,0.923101462270658,0.019271957250269527,0.9303524624086081,0.013095253726165091,0.7809266795420058,0.03737717383678544,0.7301179473030763,0.145044014907904,0.9241533314939991,0.014746236153499171,0.9241533314939991,0.014746236153499171,0.7789264036418817,0.10555899469771653,0.8442285142778314,0.03653506296840681,0.939508897779004,0.004953492649819245,0.9301972685887709,0.0231487198846536,0.8042919713063871,0.06609656513976199,0.7047868671540902,0.08968661257103744,0.8777590012415506,0.0484500579840555,0.8986929231618154,0.04317243287232424,0.6418816388467374,0.33284926022326117,0.938508759828942,0.008232625778100874,0.8114653745344186,0.13958823894632028
twi_f1,0.306949102260652,0.0609758387091851,0.17094683483555576,0.06355175269434275,0.11464682645892743,0.007177343802910211,0.15986167037375143,0.03831093738654888,0.37330415247510945,0.030671998548137437,0.08964353219653258,0.015953043474231526,0.20414365259166078,0.08319339689589826,0.347565864522349,0.023729338300388012,0.347565864522349,0.023729338300388012,0.09771966803978245,0.04179258466536873,0.25927782915994285,0.03427638932936039,0.1516332406841506,0.03534936936828944,0.27202994067884206,0.017898380305635144,0.16345662733304975,0.06715262257800553,0.1337306261121517,0.023564050216964463,0.1266268558995909,0.02522003961137503,0.13435980549761134,0.046020881879768154,0.1903877521022052,0.05364259775109316,0.26685661155367557,0.02832359908788243,0.34105035661791894,0.011752146822336662,0.11930679950791045,0.03790748087655787,0.38123119700539865,0.04111681232098813,0.3100810449832325,0.019960860871807644,0.3310842131577451,0.03861144982122088,0.18372000291592325,0.029883282955345505,0.1913054740372964,0.06875748520964269,0.347565864522349,0.023729338300388012,0.347565864522349,0.023729338300388012,0.20202929886752488,0.06596558221640529,0.23664680280013756,0.024750441821248793,0.3849106580615267,0.027689851223600927,0.37526491649678156,0.03214466993550551,0.2044117767678917,0.054236974627660174,0.1617057650973981,0.029014405002460584,0.2688160652725557,0.04001851646529492,0.2752960040235102,0.05173927939363499,0.17941808447565596,0.11471810547261732,0.36680681732722076,0.012000875414444917,0.23045853206177538,0.07869653097703541
twi_precision,0.21976058960541162,0.059928018755456766,0.11489873572943565,0.04856950289594242,0.07113778443595803,0.0045353756280854035,0.10697871805092007,0.032280553966439585,0.2828812607038149,0.03515470634254558,0.05483812692006687,0.00858726059833237,0.1459427889166014,0.06774713796248243,0.26312363223072444,0.025876447304859482,0.26312363223072444,0.025876447304859482,0.06135899391366005,0.026113169956452714,0.18926470754564434,0.03324838571368423,0.09698012280405247,0.026833316349226907,0.19760073018228452,0.020430354314457843,0.10914336871981398,0.052942031127693676,0.08458440559171185,0.016206361648845716,0.08021175562411205,0.017186366686174726,0.08450508322140918,0.03052305052290965,0.12454788070895435,0.04297225932783918,0.18793460866638428,0.022788218276119272,0.2586532395643484,0.020997896153907757,0.0735571731848916,0.025590566562524147,0.29399284630377764,0.04992840510594578,0.23221225011490454,0.02263363118686621,0.24508676042020128,0.04302737741169085,0.11517950671143559,0.021702019769240716,0.1271319382631132,0.05386455986350742,0.26312363223072444,0.025876447304859482,0.26312363223072444,0.025876447304859482,0.13438319577437152,0.052794716990431055,0.15818525132039532,0.021198993063531714,0.3033108829078035,0.029546296665480053,0.29123736542635753,0.04886020604133883,0.13605950373547052,0.043854751762800626,0.10473880384473992,0.024669271290037428,0.18770748794846914,0.038776795329840505,0.19756833259299306,0.044825232886668315,0.1296921416943645,0.09697766971755555,0.2830237871342542,0.017450868227247927,0.16893871387970139,0.068396271266663
twi_recall,0.5311514195583596,0.014070897677258316,0.3446372239747634,0.07847960829069094,0.2953470031545741,0.018767948736699836,0.3332018927444795,0.03742249988925962,0.5504731861198738,0.011041009463722357,0.2480283911671924,0.06626326700485598,0.35212933753943215,0.08280757097791801,0.5231335436382755,0.028926487283867392,0.5231335436382755,0.028926487283867392,0.24211356466876968,0.10718204324252152,0.415615141955836,0.021181111544146886,0.35607255520504727,0.027178659345069033,0.4416403785488958,0.032196237418285686,0.3541009463722397,0.0903745574181501,0.32018927444794953,0.038051539690267595,0.30165615141955837,0.044302303467811666,0.3065194532071503,0.09545302079113144,0.42034700315457413,0.036186050068495824,0.4609621451104101,0.03296932441382296,0.5051261829652997,0.027990365210256857,0.32097791798107256,0.05972206777700031,0.5520504731861199,0.03458061756552119,0.4692429022082018,0.01436976905227807,0.5201104100946372,0.026623777153573544,0.45780757097791797,0.030703126093636905,0.40417981072555204,0.060861960493374195,0.5231335436382755,0.028926487283867392,0.5231335436382755,0.028926487283867392,0.4282334384858044,0.04186006161800852,0.474763406940063,0.024401264744210904,0.5291798107255521,0.030161534194034664,0.5394321766561514,0.030230192453133683,0.42705047318611983,0.054690026648535686,0.36790220820189273,0.04753499421425756,0.48541009463722395,0.02537994903856424,0.4629337539432177,0.06600150142873089,0.3225552050473186,0.16194419380926856,0.5228706624605678,0.01442736354785726,0.3777602523659306,0.05955520719169598
uk,0.8822779349632693,0.0066807307683818505,0.8823572325767284,0.005090474951959103,0.8834356801197711,0.014199322504408465,0.8806729512668587,0.0056320735702774976,0.889601862542345,0.0070940342891649645,0.8792107032746742,0.004721344123176675,0.8843238133905122,0.009473131028205448,0.8846410038443483,0.00407797725781405,0.8846410038443483,0.00407797725781405,0.8747636931118921,0.010283142317230471,0.8884980397629952,0.006184224787155808,0.8828235025438674,0.008199811069593853,0.8771806843701232,0.015059026487672381,0.887774845528249,0.004407206600766249,0.868911529238616,0.0263522022486815,0.867715721227654,0.02123815915712497,0.8739516855500717,0.020985538724822214,0.8696378953779007,0.014635787150481503,0.8823635763858051,0.006254325517547572,0.8702215258129591,0.01951500409696597,0.8755059187738686,0.013812950992407706,0.8881681616910058,0.00879098058973052,0.8820083230775086,0.009920832441130489,0.882785439689407,0.007564874623473044,0.8853229633200959,0.002846676676658294,0.8743703769491353,0.005904296175516459,0.8846410038443483,0.00407797725781405,0.8846410038443483,0.00407797725781405,0.8844982681401221,0.00536715241664364,0.8856274661557786,0.013081430653954312,0.8812787850336856,0.002749973551995331,0.8875432964969486,0.006193104419119545,0.8761085806361572,0.0028907242110260516,0.8884409454813048,0.007003299932597862,0.8828425339710976,0.006758996388817975,0.8721500437722827,0.018237797947363594,0.8845172995673523,0.00722702143886274,0.8796864889554283,0.022391709567786793,0.8747668650164304,0.015222863128856491
uk_f1,0.7037060206671998,0.01682762511811151,0.7033981389912157,0.02355273377898542,0.7191062789506908,0.030283455887908595,0.7119238621297463,0.013918530208099755,0.7210730151286975,0.016949899527952624,0.7032393466967033,0.017869828948259538,0.7162745236491195,0.016671576192387003,0.708933371003737,0.017550678191390126,0.708933371003737,0.017550678191390126,0.6956473900929223,0.019790064392729134,0.7192407964236134,0.019019201506439064,0.7095671146737162,0.022413828665407184,0.7050308234313207,0.02781137507310628,0.7237861658439447,0.009634275277852105,0.6797386972547546,0.06116574716325749,0.6821842436819707,0.04735762359026912,0.694497332149559,0.052907778711744326,0.701048751829684,0.018265136267279686,0.7075150555963982,0.013665434297828606,0.6843680363692806,0.033866532456027845,0.697059550678847,0.029146098383666306,0.7208462513032559,0.022874826565471088,0.7186021074212591,0.017028549334728364,0.7043981651001605,0.026741399155966294,0.7197894992153039,0.010530170660023394,0.6983507130600631,0.01983300388674147,0.708933371003737,0.017550678191390126,0.708933371003737,0.017550678191390126,0.7193181074138667,0.02063977141418134,0.7140214351163756,0.04628399400029313,0.6898663439133564,0.013439418542002346,0.7235168628461955,0.011014892158944394,0.6922378855233593,0.008654519453750198,0.7243292391735481,0.01971343675394704,0.7087627859219603,0.01229447437103249,0.6801245849873578,0.03582396139034173,0.7138642018232431,0.023758411493047644,0.7049630758986112,0.04156994607586924,0.6936961114294188,0.03539204856654513
uk_precision,0.6876167804724769,0.026292924042896366,0.6793002734365503,0.025592830713104746,0.6941682592412375,0.03215901540141726,0.6804668355252008,0.006792308776823625,0.6919463832890029,0.020103703023649066,0.6741912782562369,0.015184828728872503,0.6892472136623747,0.0173907110706363,0.6681389674332973,0.021128852704143244,0.6681389674332973,0.021128852704143244,0.6738332579635917,0.026402271287973685,0.6895804499487029,0.016044119557430778,0.6841301192652124,0.015081774583375259,0.6853861476777194,0.02078629337000011,0.704088267071545,0.005103193598042547,0.650615885353924,0.05627497015071603,0.6515550696702719,0.04192927815990918,0.6647559771112704,0.055082767347657685,0.6657760953593694,0.014014157959329723,0.6846596972921083,0.013393844249806214,0.6622859150929515,0.031415800033281496,0.6626430520190386,0.03725634422438116,0.6834181071903713,0.033685494964226737,0.6872304374562617,0.01628418970400004,0.67117097468097,0.03228426065731287,0.6904970889112199,0.013417292393416925,0.6708136753392722,0.019157860451486156,0.6681389674332973,0.021128852704143244,0.6681389674332973,0.021128852704143244,0.6843661326783768,0.01513484303116424,0.6796225958814105,0.0490337654010816,0.6708093173742179,0.011310395687838714,0.6993860967550126,0.010910313849993596,0.6596369335335668,0.013266669102369745,0.6899282939627527,0.03271478475312546,0.6783267879618459,0.01935811046396811,0.6485509840087633,0.028080320020067866,0.693125959040131,0.017069399670009523,0.672052073904949,0.04338868212937916,0.6714670536920064,0.044785682574894334
uk_recall,0.7215887920113272,0.02863857941959149,0.72973023325136,0.029637421531009258,0.7461435278336687,0.031572637538796654,0.7468701095461658,0.02835701440987093,0.7532789328563977,0.025415435394362147,0.7349280870407631,0.021317840031440733,0.7460131157314256,0.027815506315716398,0.755402787092928,0.021772979397162526,0.755402787092928,0.021772979397162526,0.7190923317683882,0.013702515172261483,0.7516767270288397,0.024444875667932447,0.7371264624785752,0.03159444075620695,0.7263208882927192,0.040957315945465145,0.7448207765109174,0.01943507357474787,0.7116588419405321,0.06709240982250099,0.7159251807139131,0.05426825379051136,0.7271778821074596,0.05112179755213592,0.7405916983381772,0.029088734676515626,0.7321335419926969,0.019376515477307725,0.7081936060809301,0.03918834553703567,0.7356732990535807,0.022016191377796007,0.7633579253297563,0.02169241213864709,0.7536142782621656,0.03098668704124407,0.7414114315522766,0.024117790260895618,0.7520493330352485,0.020006999625208233,0.7293389969446308,0.03819636252339363,0.755402787092928,0.021772979397162526,0.755402787092928,0.021772979397162526,0.7594828228631045,0.04520698324732544,0.7522915269394143,0.04382400017508877,0.7100566361129741,0.01615149979668453,0.749664654594232,0.02021813661478356,0.7299848473557393,0.013668564355228254,0.7629107981220657,0.006240974497546684,0.7422497950666964,0.007306973841003467,0.7152731202026976,0.047357402560226504,0.7363253595647962,0.03643349456822663,0.7414114315522766,0.04054081202714092,0.7179372531485207,0.02763105726046136
ur,0.5682315496319873,0.07017364319144237,0.5722100656455142,0.022483896072125146,0.621245275512234,0.019664497085748796,0.6304455937935151,0.04222864910316694,0.6051322856574498,0.07159634070696945,0.589814999005371,0.01931868948539815,0.6252237915257609,0.05294117842329815,0.6296498905908097,0.04295457867005682,0.6296498905908097,0.04295457867005682,0.5906604336582455,0.0681750527728935,0.6214939327630794,0.029529762914436125,0.5889198329023274,0.027347535015261118,0.6220409787149394,0.062009780740812884,0.6152277700417744,0.033492621005094446,0.6423314103839268,0.03652406270386114,0.6360984019627346,0.01977019577331391,0.7638253431470062,0.019315531351424404,0.6658543863139049,0.03392540388483324,0.7068331012532325,0.0665682288699759,0.6151283071414362,0.05265872552757323,0.6148796498905909,0.01921462604502603,0.5975731052317486,0.014672941098951207,0.6405410781778397,0.03754378657119906,0.6471553610503282,0.020267259183278853,0.6578476228366819,0.08898189211672551,0.6628704993037597,0.057904694642650974,0.6296498905908097,0.04295457867005682,0.6296498905908097,0.04295457867005682,0.5717624825939924,0.04738983621216025,0.6908693057489557,0.048374293956747465,0.6189576288044559,0.08703505815940404,0.6396956435249652,0.0678188936521155,0.5942908295205889,0.0271052980064664,0.606972349313706,0.0285384581459821,0.6329818977521384,0.04765618980592822,0.6174159538492142,0.03106232375691644,0.5904615078575691,0.035263724680157066,0.6085140242689477,0.04961620490719226,0.6009051123930774,0.024109377564128495
ur_f1,0.2958721953344801,0.06336822360811041,0.2770764118545415,0.05937023279209196,0.3492405533128332,0.022766288373331965,0.36961283561916203,0.06375223492471596,0.3390014028859888,0.09882039625762402,0.28702561893877343,0.045221388677646655,0.33125044977201,0.08515045365630236,0.36366649716263666,0.05542910758992544,0.36366649716263666,0.05542910758992544,0.32989115650682843,0.09438681384079978,0.31926028296180353,0.05648590158821074,0.3066587580516563,0.06054071839017199,0.34174291533066126,0.09359795009736847,0.325092120491676,0.05831528898935269,0.3697041359603487,0.04837546995581515,0.3815719670301078,0.025175433826326032,0.5451802970823624,0.02101689650826371,0.406410361477604,0.056366584073519695,0.4661920948631992,0.08957616316397166,0.3410775197555738,0.07889261508437864,0.34160684421319654,0.014753093177280562,0.3155504905681279,0.014436555589830194,0.39173917232742794,0.04809999986735167,0.38862457294979796,0.02407313284764138,0.40724812553091727,0.13575920107367487,0.4073496748719461,0.06837959458839772,0.36366649716263666,0.05542910758992544,0.36366649716263666,0.05542910758992544,0.288539674902925,0.04561357548668071,0.4333060682781757,0.05705555942468107,0.3718314896489692,0.08977035856057061,0.3882499210392627,0.05847859398631093,0.31607296721870193,0.021213168431337776,0.34585886106954944,0.041502968213643535,0.36558103585941254,0.08841070984336431,0.3604182561385164,0.04487090585026633,0.3021692862097737,0.05285767360868025,0.36367656729244613,0.05953800737387647,0.32858157034646795,0.049141310366871555
ur_precision,0.270760860509669,0.0612118075051453,0.24668766556229862,0.04135297739381433,0.3107563472887572,0.02714831281652928,0.3253887266828904,0.06784067844640217,0.30469835789827915,0.08648905294615002,0.2560893640200176,0.03893202590717021,0.2989256989323186,0.07755130046176602,0.3201151204597018,0.055236844152748085,0.3201151204597018,0.055236844152748085,0.30183041380993164,0.08672945378314129,0.28975463450482686,0.050240893976963824,0.2714911601749175,0.044500376634280296,0.30908103981914725,0.08927447032240739,0.29764943582451936,0.05397542666486378,0.3327512163977452,0.045826519798821026,0.35306627905524446,0.032382874216571954,0.5108950006274275,0.021604966187602683,0.3666375486988482,0.057025738810336915,0.4250202415018697,0.09044989294856079,0.3122457775049378,0.07625356194482394,0.3019998026236356,0.017448672903290236,0.272952017205213,0.016330476747481344,0.3454110036319824,0.04808886011920438,0.3325471289951819,0.025504187984947062,0.3723656311407431,0.13626307914590322,0.36444234113364776,0.06971187451040979,0.3201151204597018,0.055236844152748085,0.3201151204597018,0.055236844152748085,0.25906627349679423,0.03756142430492959,0.39433844887115743,0.06024244316292085,0.32644902169463286,0.08968104614402794,0.33462622263116176,0.06623345262330468,0.28306453327581504,0.020833980670025877,0.2971191937935011,0.030006160615176254,0.3222954607845919,0.07344101121106412,0.30874352408141587,0.03202032415866545,0.2720020424796873,0.053131889669617315,0.3177484727521931,0.062172092355591554,0.296346062460509,0.044054809117833625
ur_recall,0.3262254901960784,0.06532862834081213,0.3176470588235294,0.08678916608061367,0.3995098039215686,0.021427045709523532,0.43063725490196075,0.0662297050467385,0.3825980392156863,0.115731615685399,0.3267156862745098,0.054500016754315664,0.37156862745098035,0.09479265027522008,0.42254901960784313,0.05970472862360186,0.42254901960784313,0.05970472862360186,0.36470588235294116,0.10643465251350659,0.35612745098039217,0.06764646679668948,0.3531862745098039,0.08544001870379042,0.38284313725490193,0.09962604691875106,0.3605392156862745,0.07338493431132848,0.417156862745098,0.05762671376347291,0.4156862745098039,0.01572707113139345,0.5845588235294118,0.02254724346514356,0.4566176470588235,0.056116211735388444,0.5166666666666666,0.08623365045528655,0.3762254901960784,0.08178443281723428,0.3936274509803921,0.014986430703004067,0.37426470588235294,0.013617102385621345,0.4526960784313725,0.04586848988937299,0.4683823529411764,0.028055607896380994,0.45024509803921564,0.13302389843477982,0.46348039215686276,0.07115051562274188,0.42254901960784313,0.05970472862360186,0.42254901960784313,0.05970472862360186,0.325735294117647,0.056785923992262434,0.4813725490196078,0.050328919401829375,0.4330882352941176,0.08767204027602946,0.4644607843137255,0.04177417886369522,0.3578431372549019,0.021284522206449375,0.41446078431372546,0.06162384081889769,0.42303921568627445,0.1100793115215901,0.4343137254901961,0.07218154593452109,0.3404411764705882,0.05294949704645708,0.4281862745098039,0.06594367186103572,0.3696078431372549,0.06013249500076725
vi,0.8516746963843183,0.014464087601368799,0.8692374590176551,0.006660511256666399,0.8632690442840211,0.007937072862017176,0.8622954730863361,0.006481064555685511,0.8581087321255407,0.009446801128954394,0.8629227146089553,0.010447257757001945,0.862626410331399,0.010797987124746906,0.8688757369125863,0.007550844617807682,0.8688757369125863,0.007550844617807682,0.8661820616620746,0.007311111249262822,0.8673518863422969,0.0067780704318177645,0.8632959810365263,0.009317022962163208,0.8671248479997538,0.008824624789896643,0.8672364431172749,0.007056567440984735,0.8598865577908784,0.008290233575698278,0.8681792294549541,0.006957321604342614,0.8618529407237521,0.002085622199331244,0.853310142072129,0.01450615465549433,0.8606176982160174,0.0009062272738999718,0.8637962350116213,0.00313130038786659,0.8439361522003479,0.012597385141692221,0.8533717117921407,0.007619372051151629,0.8635691966690782,0.0056175762325724275,0.8602713685409515,0.004061237064823946,0.8507588467991442,0.017872780426772945,0.8567811350377884,0.006594687797150458,0.8688757369125863,0.007550844617807682,0.8688757369125863,0.007550844617807682,0.855168777994982,0.007497049699437934,0.859936583188388,0.0038951770033161023,0.8632805886065233,0.004720089350583983,0.8649237305093355,0.004352357584944997,0.8504048209090769,0.008084620184000304,0.8633113734665292,0.0038742754471210116,0.8689296104175966,0.006069438661497437,0.861868333153755,0.005289325129143045,0.8662397832745856,0.00959469975765453,0.8657241368694876,0.006121641206958691,0.8711268798005141,0.003967755261730416
vi_f1,0.7064502023128874,0.023779428031588813,0.7278561659544632,0.015184147738326378,0.7205448537693387,0.010289117219636086,0.7296984892554178,0.01215634839280011,0.717473367259103,0.018717505113378084,0.7255364699472213,0.01580302505606069,0.7271549130346462,0.009446630702399731,0.7349536953785788,0.007753004314659838,0.7349536953785788,0.007753004314659838,0.7318367091445422,0.00808683223263738,0.7282767032663509,0.011062136307473498,0.7244308985240706,0.022589734780590322,0.7331292941575253,0.015354027355671585,0.7327837307853656,0.007380473251208617,0.7200195597784915,0.01568008879459877,0.7279586896178153,0.012031106271227929,0.7236700400585424,0.008936864187543043,0.7119257246918872,0.02444356170932647,0.7129972300378364,0.01189184238665078,0.722893435032594,0.005785240986339042,0.7142305031664864,0.023243761011466024,0.7051521836889847,0.014041333730610485,0.7285925606688046,0.0133190126950888,0.722550868444868,0.0049891438431963085,0.7046498139751185,0.02488694162421385,0.7171115299891933,0.013558220645669073,0.7349536953785788,0.007753004314659838,0.7349536953785788,0.007753004314659838,0.7078326476568692,0.014687166611441633,0.7183187459393388,0.0025785200685481736,0.727567329007141,0.0055334766152456165,0.7240674930428745,0.0018074061670509908,0.7075957704966002,0.01194371372447945,0.7207302272356224,0.011001351151509084,0.7275526224099678,0.01583911094187296,0.7213017444021605,0.012841107958563313,0.7268020976334343,0.024349181339182988,0.7302470063965666,0.002858937203716857,0.7333747804268752,0.00576704485263363
vi_precision,0.676385286517049,0.027031716182292175,0.6944485087515562,0.020069259570064984,0.6866247565956944,0.011244821868451474,0.7019585095151418,0.014171659300118551,0.6914120746866855,0.022177005461659467,0.6972565121961463,0.01717612820244185,0.6974887603388314,0.009935472187785978,0.7056793734949169,0.007114025274054503,0.7056793734949169,0.007114025274054503,0.701019679093188,0.011040296694600275,0.6974122100492505,0.013856723958969884,0.6921519212776244,0.028391133803886033,0.7047922933908599,0.01600377034812606,0.7008847429342213,0.00427397370246101,0.689841375353031,0.01916482675705181,0.6970277950229364,0.011563732016669137,0.6891469137471222,0.014379173978205786,0.673274862427824,0.036772435195117324,0.6761767735760023,0.018070857304013758,0.6897846908135218,0.007248142503192909,0.6865523287965087,0.02931598755831118,0.673450752618699,0.011758094444825822,0.701974409738001,0.01563954090277343,0.6931934271285973,0.008212417087504344,0.6738045224890142,0.028576812534829125,0.6814378348964212,0.013282406932797693,0.7056793734949169,0.007114025274054503,0.7056793734949169,0.007114025274054503,0.6751262268327705,0.014759803406146186,0.685304978210753,0.005677699648327189,0.6977715843346988,0.008115625590792977,0.6929812002617903,0.004383065429460447,0.6787989324046013,0.014327316582432463,0.6892560499834606,0.011722209417092707,0.6977307657735877,0.018639414824144652,0.6943483457776575,0.016027559735207815,0.6958133718328257,0.029122638162913876,0.699819092494718,0.006969184529007657,0.6997185133843385,0.01181071625908147
vi_recall,0.7393631136665193,0.01979534333926344,0.764750110570544,0.010324423522878311,0.7580053073861124,0.00954848192349752,0.7597523219814242,0.010478510136487176,0.7456214064573198,0.014652005918369761,0.7562361786819991,0.01477820443061499,0.75953118089341,0.012287168804517747,0.7668067226890757,0.010788633399962192,0.7668067226890757,0.010788633399962192,0.7655462184873949,0.007062310674533167,0.76203007518797,0.00783538794613691,0.7599955771782397,0.01576732339052378,0.7638655462184873,0.01524353607196258,0.7677576293675366,0.011578561054906714,0.7530075187969925,0.01142364432893403,0.7617647058823529,0.01263438987262286,0.7619416187527643,0.0039037091982979852,0.7558823529411764,0.009016881542485136,0.7542237947810704,0.0067665800326246585,0.7593542680229987,0.004566442989523348,0.7444714727996462,0.01886776315875789,0.7400265369305618,0.01762555975553807,0.7573418841220698,0.011100577763780761,0.7545555064130915,0.004552069915544017,0.7385227775320655,0.02043732926600041,0.7567669172932331,0.01521268533233473,0.7668067226890757,0.010788633399962192,0.7668067226890757,0.010788633399962192,0.7438965059708094,0.015368080541987754,0.7547103051747015,0.002921295256140541,0.760061919504644,0.005109332316500081,0.7581379920389208,0.006851568094266643,0.7389871738168952,0.010154237546012034,0.7552410437859354,0.011058351685654402,0.7601282618310482,0.014605828974470611,0.7504865103936311,0.010007019084039394,0.7608137992038921,0.019565075807235932,0.7635117204776647,0.005174260418623297,0.7705440070765148,0.002775709753386325
wol,0.8753049020379259,0.029200926508810114,0.6007815983423821,0.25501333519024855,0.5286870196973273,0.16868757181564198,0.6008340546069714,0.12910947777402698,0.8375363915335589,0.036088749671792986,0.40699504288299626,0.13345455944820964,0.7493836388910746,0.19309127051454456,0.9338985495842841,0.0037167139055808607,0.9338985495842841,0.0037167139055808607,0.5283001547459806,0.25646370650931216,0.8363889107456658,0.09374757346932774,0.6433760851889737,0.1962990251084155,0.9182403546043486,0.011587262624131858,0.7411217772182442,0.1603830986757242,0.5815891625357358,0.1007551107618743,0.5614066147349648,0.17912357270229878,0.5625278673905632,0.16908184796031903,0.673636792823983,0.1845597482990281,0.8403952579536811,0.048021145483414185,0.8893631809478847,0.02749612731800787,0.5798187636058436,0.18731032955436056,0.6214034673590894,0.1812228562083909,0.9115325097699792,0.025508940865057138,0.9155257429118473,0.03211194956395901,0.5366079156503265,0.12863180334023874,0.685937786870197,0.19520415502298102,0.9338985495842841,0.0037167139055808607,0.9338985495842841,0.0037167139055808607,0.7156477037270176,0.11699079602848408,0.7413053741443072,0.03980188210230021,0.7216211608571353,0.1466266017392733,0.7879258792981352,0.12528294772148624,0.749213156031159,0.05038914289230756,0.6302095627770347,0.06656593878034747,0.8027841162430824,0.08850290984514034,0.8925302279224696,0.014601156726054219,0.6093516405696751,0.3258775459117447,0.9335510268313794,0.01881972213781614,0.9328363102263487,0.02346927293741032
wol_f1,0.33078098371956116,0.05327495345516662,0.1673463112799274,0.05611349428917471,0.1089610401790532,0.019712948995007997,0.11394122272111623,0.023055956066695946,0.2457494798759389,0.04744574403104366,0.09196248922163623,0.01115617738761148,0.1943717389745389,0.08266188930300815,0.4181025126502348,0.023450201046318838,0.4181025126502348,0.023450201046318838,0.11948429569501087,0.04909090235088589,0.22720614847993076,0.06776270685687619,0.15476241868154528,0.06285452088710794,0.3555707472788968,0.021333474333631558,0.15853257918859817,0.058329454465331505,0.1280239045976712,0.024212301631680574,0.1382685236177425,0.0291157254159991,0.13688677874661753,0.04720666760835048,0.18609872392953175,0.0842290471813876,0.2736825450767312,0.06897874051221918,0.2951265217055962,0.04891599699157199,0.1352689333610381,0.06420751506264999,0.17976701818092816,0.06045313684030953,0.35138499346024726,0.03542820732722131,0.37491417268484417,0.048352130945805136,0.14447053867548798,0.024939981902042285,0.18760606908887867,0.07369307291978394,0.4181025126502348,0.023450201046318838,0.4181025126502348,0.023450201046318838,0.16104074867357554,0.05239471787845475,0.18611898207461897,0.005850683195333866,0.21672491868910107,0.08000994471217492,0.2488243387969108,0.055909247660979114,0.18962787145541735,0.009370880093060472,0.1581242665633782,0.024519468008270633,0.24153260097056028,0.06343418311916514,0.31484128994504257,0.03212468370808202,0.18286918140782274,0.08365634580593372,0.40543255516763843,0.05732326691245979,0.34618731304782446,0.07458429056986501
wol_precision,0.2515734051371814,0.06123641173314598,0.12321716951080702,0.04972571081832521,0.07497906934281842,0.014588902462942132,0.07975164132627716,0.021627101212402963,0.17710854570195678,0.04001819936953469,0.06118729373067015,0.006788339551490634,0.160576003186332,0.08802381681042469,0.3724216020853557,0.023566006274551833,0.3724216020853557,0.023566006274551833,0.08312371721080472,0.032740765591808885,0.18614854571324682,0.06856760150266762,0.11207588220247613,0.05607031382968178,0.30825009275181336,0.03169776486354255,0.12047434336397983,0.052155504089697234,0.08974003770528473,0.01935300070566827,0.09969679316887264,0.023033642685226282,0.0964745016919296,0.035027679478926134,0.13899836357367648,0.08293087703311981,0.2160773468162175,0.0647877017250496,0.23797037661805548,0.047882219911816314,0.09112704116605053,0.04841532240939013,0.1292995190667283,0.05980412125510291,0.29982336063054965,0.050923814299987276,0.3091772484923498,0.06302265472149331,0.09308475872568012,0.017624659741496667,0.13891707169598894,0.06528447398131255,0.3724216020853557,0.023566006274551833,0.3724216020853557,0.023566006274551833,0.11432913950633594,0.045619013826105975,0.13142293323191917,0.00811094302023494,0.15704462330590513,0.07084692746932059,0.18504748231602058,0.052202429404139404,0.13616429249146392,0.01058412372085541,0.10765050203327847,0.019372015181761373,0.1863945328550745,0.07427573013311142,0.24950666863599597,0.031643562801515236,0.15611243304001557,0.10411858806930772,0.3589106395421513,0.06422153902209679,0.3288056541224349,0.08395999546489145
wol_recall,0.49907680945347116,0.014223926836943243,0.2671713441654357,0.061869288968486855,0.19977843426883304,0.02963120485517576,0.2066100443131462,0.011929774825394764,0.40472673559822747,0.0479661237256411,0.1862998522895125,0.033884321135983116,0.25960118168389956,0.06237890427007035,0.4772895125553914,0.030632124530857483,0.4772895125553914,0.030632124530857483,0.21399556868537664,0.09547129408450548,0.2983751846381093,0.048057011772518254,0.26144756277695713,0.05524517042733729,0.4248522895125554,0.038297463168241855,0.24852289512555384,0.07749406109459941,0.22507385524372228,0.02980785803178515,0.22655096011816833,0.04052571664186692,0.23744460856720825,0.0762714083222681,0.3052067946824224,0.05140372714085754,0.37610782865583453,0.0648368141753497,0.3945716395864106,0.052851241060841436,0.26809453471196454,0.08473098963587528,0.3185007385524372,0.022630537017460997,0.4273756770064008,0.007096767752535476,0.4859675036927622,0.012975562730777402,0.3238552437223043,0.03648927423053363,0.3002215657311669,0.061350254827056,0.4772895125553914,0.030632124530857483,0.4772895125553914,0.030632124530857483,0.28341949778434267,0.04840148724350283,0.3223781388478582,0.02917360032366037,0.3613367799113737,0.06748600774407652,0.3906942392909897,0.05076529596628401,0.31702363367799113,0.03586037790772982,0.30132939438700146,0.03746531241702964,0.36576809453471193,0.048296190873978635,0.43482274741506644,0.06839855563978142,0.2645864106351551,0.10381566744609144,0.46971935007385524,0.05783703429208637,0.36761447562776955,0.06192510051423535
xho,0.8388570234748918,0.006718444624532134,0.7228500341867355,0.05212930080581193,0.6068715338448681,0.09630738689656114,0.616500797690496,0.057817020681731134,0.8365304261946365,0.0026046000282060034,0.4239630023550862,0.06391008995780498,0.7644533920838714,0.04566269807849726,0.8418578591506496,0.005728128348059285,0.8418578591506496,0.005728128348059285,0.5805572437894096,0.20022160417025986,0.7550710324394135,0.062040860230835736,0.6562048925017093,0.09203691935968485,0.7788782952214541,0.04890169714739827,0.70235698548963,0.14507629334563718,0.5402738737369901,0.03816015317074237,0.613262554128998,0.0657323247024453,0.5026969535820102,0.11570307809648064,0.7465243485527615,0.05883959136895538,0.7744150269695358,0.02652412982345179,0.8243086682367241,0.011744077076822155,0.6438311934969232,0.07371383977270576,0.7931037757350148,0.04310330743726555,0.7874629643698245,0.031060307565935582,0.837622502469042,0.011187175493039544,0.6920249943022108,0.09188207092601364,0.7927998936412672,0.01473378969246097,0.8418578591506496,0.005728128348059285,0.8418578591506496,0.005728128348059285,0.7610347185292107,0.041742478641829964,0.808867659348173,0.009708306402402701,0.8158664438197979,0.008510648537710047,0.8454474663830434,0.003973940429859756,0.7272563245460761,0.08155373694121971,0.7972536655777558,0.05053577549219798,0.8194655473676213,0.03669286331328447,0.832931322646813,0.007308610149098149,0.8333586568411456,0.009997174374206413,0.8444218643166451,0.0020074471104191745,0.7969972650611563,0.032331168769942464
xho_f1,0.15254757289490214,0.017484847736266268,0.10087511527685179,0.01152987834150037,0.0790193065327237,0.00871236622589479,0.08068159250141163,0.006478154193681877,0.13176654293372397,0.01419724188527156,0.07243820785779215,0.004707379839303921,0.09094285808819524,0.007399917530699568,0.14907871588776994,0.0219740285022759,0.14907871588776994,0.0219740285022759,0.08824640943546475,0.020961104284832426,0.0879915071123928,0.01164471098151877,0.088850768696275,0.02075583868257133,0.12046082222873895,0.022219705951371814,0.08805670289482428,0.015344562386137088,0.08694500690989918,0.005454212724302944,0.0921187950949708,0.018733666869162644,0.09116742498438075,0.017251225099491296,0.13823328934804874,0.012079142720850346,0.14564302999903148,0.004939184142400592,0.15459582510049183,0.00839562247370589,0.1309961307291624,0.024341383925880058,0.14460154618160123,0.01736203613211589,0.12670584269492635,0.02133331474664878,0.14590501206254122,0.015363518047816695,0.1387858782643682,0.010958100218739011,0.11775470927374826,0.010194728802179453,0.14907871588776994,0.0219740285022759,0.14907871588776994,0.0219740285022759,0.1546763269766923,0.017374638184346248,0.13638813837641947,0.033460808142336054,0.1362421094507658,0.016461610944448386,0.1659116833163803,0.01376571927433225,0.13766176117490558,0.025723838321623702,0.12825615749817887,0.02551322560189365,0.14375370550738711,0.020336779397009876,0.1336235500607354,0.01704206541877697,0.1396211315016469,0.014636211542958832,0.14223679952855223,0.017948619140493314,0.12010688470439992,0.005687479542671381
xho_precision,0.17615563432954123,0.022414716934218502,0.10072709884776493,0.016398065479354584,0.07258794528586855,0.015255588484576069,0.0720900894923745,0.009421002159021266,0.1519854559843302,0.017242440223731254,0.0614526768088984,0.004222475970072588,0.10106829671661524,0.016415127759215505,0.17593898527969995,0.026676536863859124,0.17593898527969995,0.026676536863859124,0.0809757345335385,0.01948438073749852,0.09933556691209303,0.02582452626138755,0.08165991093588425,0.022458278263988444,0.12583365509993807,0.018967622320928117,0.09162963538266045,0.02917056017127634,0.07697358061917647,0.005990680474201449,0.08768954184076128,0.019873967185113008,0.0796056233717801,0.01457770149339321,0.13121235317459956,0.02530214817902455,0.14712673378764932,0.009194896400008586,0.17086195705366813,0.01175515288432141,0.11210641605924015,0.023616341654302358,0.146814964738311,0.022219298543610974,0.13089579626541317,0.021444416767500432,0.1675236008388907,0.021655581079585796,0.12187657557224138,0.013116530813917913,0.12168532947291744,0.013312415085212156,0.17593898527969995,0.026676536863859124,0.17593898527969995,0.026676536863859124,0.1457065958248046,0.017095690818548736,0.1440093785351148,0.03455532609222974,0.14680091261398315,0.020528083635135263,0.19518252890263563,0.010559548512921834,0.1300073537943618,0.032798313261027126,0.13888658313730573,0.033084951110220966,0.16222885470071607,0.03573484421975272,0.154306537893738,0.023650118290438102,0.16837368831823732,0.017888912017465074,0.16976396741519356,0.019562627377470602,0.1306285020283799,0.00818984729706561
xho_recall,0.13454759106933017,0.01413185188394265,0.10164512338425377,0.008614345059776289,0.08842538190364273,0.006470892936936606,0.09263611437524477,0.007928015659099247,0.11633372502937714,0.012224431284235992,0.08832745789267525,0.006336119889568309,0.0834312573443008,0.004534209519306775,0.12935761848805324,0.018799709959253896,0.12935761848805324,0.018799709959253896,0.09714061887974927,0.023346749082539763,0.08059146102624357,0.0035234505205676272,0.09841363102232663,0.0207497259111017,0.11613787700744217,0.026140147861458105,0.08803368585977278,0.0075775723157669415,0.09998041519780645,0.004875265335226184,0.09723854289071678,0.01801340506468095,0.10742264003133563,0.02375796074602096,0.14913826870348604,0.011717648965067821,0.14443791617704654,0.003934872219851094,0.14189189189189186,0.01298862742744154,0.15814727771249504,0.02565808416014138,0.1442420681551116,0.019759955770727984,0.1241676459067763,0.02708467920551357,0.1320015667841755,0.013178694744426716,0.16255385820603205,0.015794629967611395,0.11189450319885097,0.008275206620964018,0.12935761848805324,0.018799709959253896,0.12935761848805324,0.018799709959253896,0.16745005875440655,0.02819576751764686,0.1296513905209557,0.03283867752340346,0.12625669147408272,0.016199050718169652,0.14453584018801405,0.01590433862414672,0.14796318057187618,0.01745100023558633,0.1217195456325891,0.029940843509572275,0.13082647865256558,0.011833283781561219,0.11799843321582448,0.013539979117545519,0.1206423815119467,0.0183833042504745,0.12240501370936151,0.01640921274238421,0.11212299255777512,0.01308669320194918
yo,0.6660039761431411,0.031266073193069406,0.5780318091451292,0.027850746970421263,0.5904572564612326,0.01807578753742326,0.6050364479787939,0.07180030871189852,0.5760437375745526,0.02274728057565923,0.6491053677932406,0.052611951826597204,0.5656063618290259,0.01659374953684411,0.5437375745526839,0.01789264413518889,0.5437375745526839,0.01789264413518889,0.6570576540755467,0.054142261889887945,0.5745526838966203,0.037825641332883624,0.5576540755467196,0.011069114041411613,0.5695825049701789,0.014010851233840918,0.5397614314115309,0.029286122987388155,0.562624254473161,0.01717890178504401,0.5909542743538767,0.052282250573392544,0.5690854870775348,0.026985828947312576,0.5914512922465209,0.02644957195954286,0.5745526838966203,0.029420772538665495,0.5889662027833003,0.024423090406057463,0.6192842942345924,0.07187366792256548,0.5521868787276343,0.012508009336101262,0.5646123260437376,0.021473627231305033,0.5591451292246521,0.015516725611621124,0.5636182902584492,0.020045703727308392,0.5506958250497018,0.012255296228566559,0.5437375745526839,0.01789264413518889,0.5437375745526839,0.01789264413518889,0.6207753479125249,0.05258377272102949,0.5616302186878728,0.01544225340984898,0.5661033797216699,0.016820464077530958,0.5561630218687873,0.037242087198885526,0.5566600397614314,0.013581114335267808,0.5889662027833001,0.03594599801446278,0.5541749502982107,0.01380958647062606,0.5561630218687873,0.02055676258349383,0.5830019880715706,0.031112949563445732,0.5352882703777335,0.025530792094228906,0.5506958250497018,0.020977060028289536
yo_f1,0.5066349902505871,0.05316973868986908,0.4121161115445667,0.03186291750527507,0.4269829189920514,0.010883313078248535,0.4411411217368829,0.06566156403894412,0.4235530706345684,0.03141881995464321,0.48986199984580986,0.056680756576572795,0.4037597241052181,0.017174415391612276,0.3861243558191232,0.020201772418059673,0.3861243558191232,0.020201772418059673,0.4749193650465774,0.06295324081964082,0.41416724704412655,0.03840305717232433,0.39070932309829465,0.01676802556563147,0.39454960463929073,0.011731971028265696,0.36636781402014845,0.027312086383654968,0.3915939244163327,0.024133004159869405,0.4150296029707794,0.06876763033132532,0.3894298927258254,0.03712338096573008,0.4271624987378412,0.027297298729193436,0.40838094966001937,0.03265427496677643,0.42857023139102784,0.01849911868085287,0.4622059596289048,0.08177601730870075,0.37771185798753293,0.021494057429511673,0.38942837110237993,0.027460188400492223,0.39375243672839955,0.027743484293380423,0.37815406518350314,0.03141475933699265,0.3820352949996913,0.013135799471537602,0.3861243558191232,0.020201772418059673,0.3861243558191232,0.020201772418059673,0.4651010101010101,0.0574818479219873,0.3778562105290292,0.018560787989737235,0.3966064354434473,0.014489751676584938,0.3928596053452408,0.05941146898090522,0.38791960058541397,0.025663854228734694,0.41596807820099824,0.04136809945951987,0.3755649795859817,0.025404916392146627,0.40080202810465965,0.0341107399266692,0.40840254893298716,0.044201215312913274,0.3737444201553487,0.03867218909154538,0.3836043413309817,0.02098144641136939
yo_precision,0.5139347268060139,0.06005605792304665,0.4167947171918702,0.03724289394076882,0.43703703703703695,0.007989242788646326,0.4504086303125725,0.06477341768159534,0.42156364895017384,0.0361736654729809,0.4980530930892419,0.05993409407512892,0.41395708933076547,0.02045265574732336,0.38961299171780617,0.026232403615453998,0.38961299171780617,0.026232403615453998,0.4724770260586788,0.059157755646555926,0.41633255545219144,0.033946427644184964,0.39194821781028677,0.022681051947738607,0.39497490199898455,0.010098660284411117,0.3730359790566212,0.034264126946313825,0.3915987607164077,0.028131266519215208,0.41344492648637965,0.07043362564967068,0.3852819047047682,0.03889375416443392,0.43099636333581287,0.025210697749443175,0.40963028571973525,0.044072806373082814,0.4228799700072834,0.024328121186411394,0.46526259108932605,0.08846870465212532,0.3810436818583152,0.03779195729398379,0.3848725086247772,0.029307958676390897,0.39338869095506257,0.028818257710764406,0.3697973810083902,0.028234431688320714,0.3837346140098434,0.01879361980446547,0.38961299171780617,0.026232403615453998,0.38961299171780617,0.026232403615453998,0.46410751649766613,0.05658471037364756,0.38018965063093824,0.00916469539325198,0.39483943497551777,0.02198491963030627,0.3874247404425827,0.05806490981142514,0.3916604896675651,0.03321238393613593,0.4153324303251874,0.03859616087282362,0.3802951318867468,0.03089652741916288,0.3986115427010125,0.03939324562448118,0.40574673953218227,0.03742400455000122,0.369497527539082,0.044596657297945735,0.3800563043880032,0.0239996289914346
yo_recall,0.49999999999999994,0.04961775267825322,0.40765765765765766,0.02690161091166499,0.4174174174174174,0.013761488573440957,0.4324324324324324,0.06701475556883305,0.42567567567567566,0.026901610911665052,0.4864864864864864,0.064964887846198,0.3941441441441441,0.015385811960900293,0.38288288288288286,0.019110994086122945,0.38288288288288286,0.019110994086122945,0.4774774774774775,0.067014755568833,0.4234234234234234,0.045045045045045015,0.3903903903903904,0.013761488573440941,0.3903903903903904,0.013761488573440941,0.35735735735735735,0.02895991219517405,0.39339339339339335,0.027522977146881945,0.41666666666666663,0.06716597371274789,0.3941441441441441,0.03848650335728616,0.4234234234234234,0.03603603603603607,0.4024024024024024,0.022672175481293508,0.43468468468468463,0.015385811960900268,0.4804804804804805,0.07767277571397939,0.37387387387387383,0.006370331362041001,0.38738738738738737,0.02702702702702707,0.3941441441441441,0.026901610911665062,0.3873873873873873,0.03822198817224581,0.38138138138138133,0.013761488573441002,0.38288288288288286,0.019110994086122945,0.38288288288288286,0.019110994086122945,0.46621621621621623,0.05901875077187255,0.3761261261261261,0.029766107509908445,0.39639639639639634,0.009009009009009028,0.39864864864864863,0.06170787563974332,0.38513513513513514,0.026901610911665073,0.41141141141141135,0.05278797546921002,0.37837837837837834,0.027027027027027035,0.41141141141141135,0.028959912195174013,0.39639639639639634,0.06370331362040967,0.37837837837837834,0.03370862510607154,0.38738738738738737,0.019461683779002585
yor,0.827537540282952,0.04303552707795572,0.8930816172605307,0.03188997440951805,0.8912531712111169,0.032821582762319126,0.9195140904623683,0.010759782619845289,0.8981955523049848,0.020332167073229945,0.7691358306858959,0.22919788433832564,0.884116517724499,0.08519815583068122,0.9024809727332983,0.006552880601968333,0.9024809727332983,0.006552880601968333,0.7927170708294289,0.18490311290631373,0.9273306973236121,0.0066552908851447564,0.9022809864466437,0.0031281538323745615,0.8329657394921491,0.07025899454605444,0.9158514844696364,0.00886720489089282,0.9134230795602587,0.012838094350205172,0.9154743674719448,0.004579045794811072,0.9064806984663909,0.03396275667990621,0.8826709025666812,0.03393430614346515,0.912320298036706,0.007580437365365426,0.8997211619774643,0.03501813570493749,0.8057904600827372,0.1140586693375905,0.8263604781386419,0.06625819249976458,0.7783066304024867,0.15075007325292003,0.8403995154617969,0.03504491948584045,0.8444563801339336,0.06916007677504485,0.9088519644367244,0.01096284864367704,0.9024809727332983,0.006552880601968333,0.9024809727332983,0.006552880601968333,0.8739115032112084,0.03217615032831044,0.8916702854661395,0.027343104809590617,0.9150858226864443,0.035249069694231666,0.8936244371814503,0.009154133585895813,0.8405080794459809,0.07653116461136357,0.8342285100450255,0.01074362792995655,0.8834422782437776,0.01790271441313181,0.8845679153429479,0.03778175514402235,0.7434404497977282,0.19134626425099155,0.9031666400018283,0.008481346068376437,0.9100004571115123,0.025204925788571003
yor_f1,0.22074300673896052,0.01671586182806952,0.21964908457441912,0.013298509839097866,0.18588046604183578,0.029136199712110428,0.21207426989146066,0.011789030956697876,0.21330181831880402,0.029235743784214705,0.16180262756494984,0.05784096993441185,0.2407994354629574,0.08662917422470909,0.24827257146246182,0.013568210428205647,0.24827257146246182,0.013568210428205647,0.17640947002495094,0.06742214952151446,0.26937076947840743,0.03456072646203228,0.22218841203285555,0.012850396868275608,0.17080140092448257,0.040320570521417326,0.23565199901124387,0.02380451610888152,0.2289288512086755,0.019165919956634112,0.24209193345380486,0.02634049430702074,0.22950688681830816,0.053024548217899876,0.21197234602802123,0.025767349864771773,0.26230288329942897,0.05643989690949602,0.23989446528106756,0.04925295379743146,0.1630169986894751,0.03945292249019114,0.19196893087305944,0.04183048116109739,0.15697535748152444,0.021267822357625213,0.17621117790865404,0.03989873348093847,0.2180425409348089,0.05964872944268717,0.24155452728187543,0.015443786121470801,0.24827257146246182,0.013568210428205647,0.24827257146246182,0.013568210428205647,0.2181021985734391,0.03578227461447159,0.21724965056924106,0.04566987322758827,0.2681087697788797,0.058930862078802236,0.23872735097121345,0.017165635551603112,0.18372703609681001,0.03723891805936009,0.15178456606831542,0.030747614731598524,0.21434809457217746,0.026448778060591042,0.2061202816902287,0.053974675010048476,0.1502404058912995,0.0729072088320432,0.26313472997245974,0.01846844628975722,0.2187173699332933,0.057885458536432885
yor_precision,0.17072376062085864,0.022371417100199804,0.2044430604950675,0.03442653589860407,0.17075184332681798,0.034900351823126494,0.23902588376051723,0.04185900985129432,0.18060990837430302,0.03455287706296841,0.1432714266776562,0.06926147688047801,0.2424306657523403,0.10349967250996843,0.22059497328843786,0.011141104966774652,0.22059497328843786,0.011141104966774652,0.14502116080521765,0.06536589455196005,0.27714745674898145,0.039388038758414394,0.20803074109896538,0.022282620237542333,0.13946682682590525,0.043350124494541446,0.2434898836588878,0.03868861715085062,0.22792464573509247,0.03920334924379031,0.22948406850913217,0.02536233932051507,0.2275184460188639,0.07493534368205533,0.18205824076599944,0.0391680995760985,0.25327258852676193,0.04856488378357842,0.21645686301786654,0.06256445797537556,0.1280297050560058,0.04568693591099679,0.1591562118068485,0.04700450346644775,0.12458472800095771,0.027003800904753277,0.13423030742212722,0.031870546886850704,0.16630546589533618,0.05989539118970756,0.22664778773994948,0.027969502853158492,0.22059497328843786,0.011141104966774652,0.22059497328843786,0.011141104966774652,0.186496497738152,0.047914645254163064,0.1849139293723862,0.04252158157331512,0.26214062180717923,0.07924440390636174,0.20039365128245482,0.009009987166872385,0.1607851559899023,0.06856984468545937,0.11984555147893469,0.0263755687169424,0.17965798095121666,0.024389588662882898,0.1805386397692402,0.06367490270662692,0.13850588086341897,0.10188753053903878,0.22906791633785362,0.012755241562381335,0.21993442257962456,0.09274814891977241
yor_recall,0.3170916818457802,0.01582029712970049,0.24438372799028532,0.029061561490648032,0.2071948998178506,0.02722722859537426,0.196114146933819,0.02687117560138069,0.26290224650880384,0.01631454625688454,0.1999089253187613,0.030488991799118147,0.24620522161505765,0.06629410138896702,0.2849119611414693,0.02516805052454477,0.2849119611414693,0.02516805052454477,0.23406193078324222,0.04980353279205262,0.2622950819672131,0.031459483353839794,0.23952641165755917,0.00566325382701203,0.2279902853673345,0.03581927748145561,0.23178506375227684,0.024893129160438458,0.2337583485124468,0.013050507140379293,0.25652701882210077,0.029015012181350285,0.23800850030358225,0.029876773264109986,0.26017000607164537,0.006548751138378242,0.27398299939283544,0.07249177640411518,0.27990285367334544,0.039780476769883666,0.23846387370977534,0.020237047078962518,0.24787492410443226,0.04182059274085105,0.22085610200364297,0.015323137814699541,0.2585003035822707,0.05813871299117287,0.32984213721918637,0.02748774993519752,0.26199149969641766,0.023465685484073354,0.2849119611414693,0.02516805052454477,0.2849119611414693,0.02516805052454477,0.2686703096539162,0.01746763599864257,0.26897389192471155,0.06568611213745489,0.28415300546448086,0.040784105947168615,0.29675166970248934,0.036873687975565256,0.24028536733454764,0.024937517360027295,0.20734669095324826,0.03713974762902768,0.2666970248937462,0.0331387084324633,0.2577413479052823,0.06484543834421003,0.18852459016393436,0.0354953327783353,0.310261080752884,0.0345212778535241,0.2240437158469945,0.028021811194206013
zh,0.7192128957304676,0.025383084955212486,0.7248493319779262,0.014675299153482516,0.7277317331231069,0.010164276435983624,0.7357176569436953,0.011948209591140188,0.7313869237790963,0.016184475028425585,0.7326952201153479,0.007383675074169388,0.7452543462926849,0.008797703765182014,0.7061506783950874,0.024557691557888024,0.7061506783950874,0.024557691557888024,0.7154085930044396,0.014399324916372214,0.7428504003983237,0.004561532962197651,0.7314789842745114,0.016128160396971427,0.717799572631841,0.018274318157010888,0.7332242438073109,0.021952078316502286,0.7315723413966225,0.00914914791568661,0.7232583710219492,0.01813291931106918,0.7334848657732045,0.0044547401120207985,0.7250191900751006,0.020226334917970174,0.7228317808389694,0.008664738464193926,0.713048732417742,0.009947796177440767,0.7110960126135846,0.011349970661000734,0.7086700240653915,0.020737715552431864,0.7168984170781295,0.012888566669975425,0.7193451516534584,0.018195000341269186,0.7187201775859923,0.013346074885695306,0.7091030973818514,0.011867330766450601,0.7061506783950874,0.024557691557888024,0.7061506783950874,0.024557691557888024,0.7204330214513921,0.015272588659897637,0.7260214825110991,0.010970498180866067,0.7233802539313721,0.0061015874267425965,0.713887649890046,0.005534888756550562,0.7262043068752334,0.012558673969631671,0.7070894361229825,0.02208728927662949,0.7082680697896353,0.018318135671439573,0.7188044583212314,0.01228079046118036,0.7218255985228829,0.009893661376413433,0.7122539002531015,0.00418053976241071,0.7327820941039791,0.005868631739661965
zh_f1,0.3887776956513158,0.02379999484876214,0.37925837928066725,0.024663215647692804,0.3982648142515669,0.032702922185271516,0.39913241669372035,0.02040572786671941,0.406383190257254,0.030661447664511492,0.4099899224506126,0.02284280055968445,0.3730469517704134,0.019346102282288974,0.37191776875318133,0.03820843547713828,0.37191776875318133,0.03820843547713828,0.38714864354570744,0.04397942636727129,0.40056202280218567,0.013525307663507298,0.38496272243669827,0.049342655483201686,0.41373873159759256,0.02560078372256811,0.3895720109024595,0.026203927263603266,0.4114847108407564,0.022074149724053284,0.4096534931757481,0.027780141587849007,0.3738128057699022,0.03500571688105921,0.38971381364495844,0.019762655045731183,0.39334973002915,0.02937669202690001,0.4196558472962765,0.022374728824330573,0.40346174935662865,0.01493799481412256,0.40107217984634697,0.009850863690073897,0.41201746971132536,0.024502005701105105,0.39160176908428934,0.026106489626604223,0.42933680099528576,0.010647586697865304,0.36460982234823797,0.03485846805007166,0.37191776875318133,0.03820843547713828,0.37191776875318133,0.03820843547713828,0.39104688504685314,0.027212840709121767,0.40718715675817235,0.013136674272749019,0.38809706561778157,0.037390623955239594,0.4130760949513896,0.031378495739615576,0.40562956061425853,0.018641703004755615,0.3945860265739871,0.03387229113728367,0.38223533098781975,0.03198637472730711,0.3596691489958007,0.03963941541811245,0.38935029288032535,0.03720968504744144,0.3768031773500981,0.04267215344287154,0.37143225545895214,0.014068440528281248
zh_precision,0.30991473314973095,0.02185436461666876,0.29743055250131495,0.023114466319292495,0.3064636051162212,0.0256003562651673,0.31237567766605306,0.018112910917916406,0.317823753365741,0.029044343138956142,0.3219416916501991,0.02014144596516609,0.2907769786044155,0.01425300570345666,0.28932422675078434,0.03359282825458275,0.28932422675078434,0.03359282825458275,0.3083441396444509,0.034619261082018085,0.31469851786416375,0.011349440049257562,0.301078796099701,0.03940083282716823,0.3243277628782486,0.02533551946842718,0.3007085194631588,0.020759939433929914,0.3234326741970293,0.021288868695148153,0.3237272318822261,0.024821980020505348,0.28652340999637904,0.02991123894935946,0.303177630716899,0.01686621674901778,0.3067829209008396,0.024153942584709685,0.3260847774435764,0.021951765764400374,0.31338202712928426,0.014090330945701153,0.31407253942996144,0.009267982569807157,0.31908008960353007,0.021715102138371585,0.30144625820676163,0.022504108935049463,0.33963755192787304,0.010861001725264628,0.2808685943436957,0.03009112564042341,0.28932422675078434,0.03359282825458275,0.28932422675078434,0.03359282825458275,0.30201386989154927,0.02515999772645132,0.317009126843916,0.007782513647762672,0.30111374410242053,0.03428410951663745,0.3195643120022249,0.027550239813160755,0.3177073152205191,0.016260284072792563,0.3070700179518503,0.027768451066915556,0.29755855705369383,0.031135931394482914,0.27681549939718264,0.029840116489193262,0.30167013402537257,0.03274937896796484,0.2891865911558169,0.03379015654445159,0.2864298348565729,0.011832058593809494
zh_recall,0.5218360787464845,0.026485111750756653,0.5235235034150261,0.022487070918238476,0.5686420249096023,0.04556825391675268,0.5527721976697468,0.022648052705609212,0.5639413419043793,0.02731740230898498,0.5644435516271595,0.02499959981628943,0.5203093611892327,0.03032268057825124,0.5212535154680594,0.04259784433053134,0.5212535154680594,0.04259784433053134,0.5200683005222981,0.060256929931287756,0.5509441542788268,0.01801120961671526,0.5337484933708316,0.06641043537368904,0.5718561671353958,0.019760263809803138,0.5534953796705504,0.040863891378577585,0.5657091201285657,0.018563975723065416,0.5578344716753716,0.029708827864876164,0.5379469666532743,0.0398826990050333,0.5454600241060668,0.023264389708508377,0.5482322217758135,0.03870814487160187,0.5890518280433908,0.019162076808436606,0.5663921253515468,0.013488451913471283,0.5550020088388912,0.015553066736525959,0.5815588589795099,0.026112597893320145,0.5588790678987545,0.02924916334795287,0.583587786259542,0.010089918691508562,0.519867416633186,0.03868929136826413,0.5212535154680594,0.04259784433053134,0.5212535154680594,0.04259784433053134,0.5551225391723583,0.027859594793551,0.5692647649658498,0.02732103607567818,0.546444355162716,0.03554870725828286,0.5842908798714344,0.034664124059808954,0.5609079951787866,0.02087239354503961,0.552209722780233,0.04494392928936139,0.53521494576135,0.02566893674789111,0.5134592205705102,0.05970209703017392,0.5493370831659301,0.0392319326669906,0.5406990759341102,0.057926870276193,0.5282643631980715,0.017973514627902653
zul,0.9022751667561144,0.006989925575596843,0.7982730200107337,0.041185051562678265,0.6900253009277006,0.09725010262204632,0.6653664801042705,0.07095055906914238,0.8995725676608142,0.006275462333703986,0.4581097140228475,0.053706101632056864,0.8313750670857931,0.04415800720500913,0.9066261596258529,0.005033919545389191,0.9066261596258529,0.005033919545389191,0.6220003066779115,0.22730114757956707,0.8284232921873802,0.046918769837741174,0.7304109484014414,0.08872484300578254,0.8303687801886069,0.060335745336728426,0.7693973779038565,0.14589263722217688,0.6432760867898489,0.02446916726455142,0.7066434102583762,0.06760147977507172,0.5666066089089934,0.1325825387480183,0.7751380050601856,0.08292262379918028,0.8176224794909146,0.03737428657173289,0.8777409338342406,0.016245560267873535,0.6799049298474278,0.0833731190648182,0.8340584988116231,0.05142547123943839,0.840949168136165,0.027925921078802048,0.900895116154259,0.009776204012478357,0.7133424058882158,0.10489529404660002,0.8350072836003987,0.020795315066813515,0.9066261596258529,0.005033919545389191,0.9066261596258529,0.005033919545389191,0.7958962661964273,0.06485574243554341,0.8571839300774362,0.005594727179621791,0.8706202560760561,0.01591628938560931,0.9068178333205551,0.005441226507392104,0.7655830713792839,0.09383856543920087,0.8610749060798896,0.05009235214101508,0.8784405428199034,0.035742822149819886,0.8919343709269341,0.012004058970451627,0.8972437322701833,0.012435492305099162,0.9074407728283371,0.0032338558060725628,0.8539542283217052,0.03632726260061647
zul_f1,0.2802218870096199,0.019188179911368185,0.12882882585089622,0.025081288953909483,0.10029132157671755,0.023147603553765213,0.1016306291989501,0.017985915462448397,0.25287859117364525,0.02975645424529289,0.07696775411138801,0.010612419712721739,0.1565482867661761,0.020845519354117537,0.285380608871472,0.017947262419904592,0.285380608871472,0.017947262419904592,0.08468872875110436,0.03155557973036254,0.15631012929404722,0.03697222283919279,0.13297269417177696,0.04573778269069506,0.15759219395315724,0.015300091531393532,0.14661687601704532,0.048741226861650964,0.1002553330540224,0.008590580132619844,0.10341637665534607,0.026730570411960176,0.08136519305377793,0.02282075171691207,0.13642927461855064,0.030524256416391907,0.16288448637931027,0.025577314741653465,0.199299615906564,0.022619575999464195,0.09641239618177327,0.02624620164325049,0.17061157595892712,0.03162083900407904,0.1558193725386258,0.009411494687369923,0.25600547062848333,0.028661622956520104,0.11598968213902335,0.018826462248403127,0.13565375954424116,0.022291923474231996,0.285380608871472,0.017947262419904592,0.285380608871472,0.017947262419904592,0.14206056915349377,0.032720969833507176,0.18415884539209637,0.03125764010128864,0.18737246457416748,0.02160587907840667,0.28257954757756776,0.017177003673996934,0.1108806044232076,0.011570205367857696,0.20800153945849534,0.05567454470791122,0.21994324252164194,0.05828180930818493,0.22143623504302756,0.04575531177968367,0.24948300283557928,0.043998450656288206,0.27196210454463926,0.015437943620364526,0.14807386944045978,0.028708351160817006
zul_precision,0.3145844148522048,0.02914778221684747,0.12037040333403817,0.027418436171202286,0.08406977701215926,0.02899363936558568,0.08158368935231652,0.02052480330679172,0.28287265449115645,0.043214335308267356,0.05741977516833757,0.008407574047643257,0.16301196619950103,0.040082286427632896,0.334609887624708,0.027023930178851296,0.334609887624708,0.027023930178851296,0.07024812801282555,0.02774235916595955,0.1647868329307292,0.057736185608063866,0.11304667251066966,0.04850689264620552,0.15648978903439872,0.023913233484176444,0.14190401319266166,0.06173686366455224,0.08077936654993922,0.006744198406579637,0.09086211449889663,0.02797329207737215,0.06438662747542825,0.020767104770598194,0.11814633533317576,0.045070213513733935,0.1525272414824687,0.0311396150660865,0.21489808136337907,0.043567805631867434,0.0744089592681335,0.024330810527217556,0.16006433741828135,0.045431998640843664,0.15012541223829096,0.018827372953598622,0.28605025069874096,0.03625904926630075,0.09101073142871843,0.020233264439120584,0.12663713571488444,0.025859283078116573,0.334609887624708,0.027023930178851296,0.334609887624708,0.027023930178851296,0.12310189165087787,0.03848284348916792,0.17554922168135895,0.03169949897556025,0.19320497562972133,0.03095136542847696,0.32879301741222317,0.017108152358679917,0.09589958094256593,0.02038519884744058,0.22236804023404985,0.09623262633936963,0.2385757840733207,0.08554237543619209,0.252232266696898,0.06411402690110682,0.3031799005081284,0.07376698451972483,0.3194129693257126,0.015250669902664564,0.1545722622480475,0.04305226173516725
zul_recall,0.25281602002503123,0.012712264484933332,0.13939299123904877,0.023809211457146727,0.12984981226533163,0.02510679059693869,0.13798498122653313,0.01133915554854143,0.22903629536921147,0.020603351230480973,0.11702127659574464,0.015319953297437251,0.15378598247809758,0.01328835950203321,0.2489048811013767,0.013070462186611674,0.2489048811013767,0.013070462186611674,0.10700876095118897,0.0360753187290788,0.15237797246558193,0.02338394483689187,0.1653629536921151,0.0401391862711206,0.1608260325406758,0.02029053238098817,0.16098247809762198,0.04040174325353697,0.13235294117647056,0.013686378558468293,0.12093241551939922,0.025457238416120215,0.11889862327909884,0.026733428489729483,0.16974342928660824,0.00788874555584094,0.17600125156445554,0.020209149142136545,0.18867334167709635,0.01688839267658425,0.13892365456821024,0.027643240787831487,0.18695244055068833,0.010525736440961797,0.1636420525657071,0.009966781239382834,0.23200876095118894,0.02441018643026633,0.16223404255319146,0.01205206316471908,0.14674593241551934,0.017510724129703677,0.2489048811013767,0.013070462186611674,0.2489048811013767,0.013070462186611674,0.17318523153942425,0.01969889165474377,0.19399249061326657,0.031900575125333175,0.18288485607008756,0.015134574767768619,0.24827909887359198,0.021081679760810147,0.1355861493533583,0.008768397812675742,0.20353566958698371,0.02056768264023131,0.20948060075093866,0.03919473805614009,0.19821652065081347,0.036558306293067146,0.2169899874843554,0.04326919464910183,0.2368585732165206,0.015476780810637972,0.144712140175219,0.01564351268947063
