method,afri_only,afri_only,least_family_en_20,least_family_en_20,least_family_en_5,least_family_en_5,least_same_script_10,least_same_script_10,least_same_script_20,least_same_script_20,least_same_script_5,least_same_script_5,least_uriel_10,least_uriel_10,least_uriel_20,least_uriel_20,least_uriel_40,least_uriel_40,least_uriel_5,least_uriel_5,least_uriel_en_10,least_uriel_en_10,least_uriel_en_20,least_uriel_en_20,least_uriel_en_40,least_uriel_en_40,least_uriel_en_5,least_uriel_en_5,most_distinct_script_10,most_distinct_script_10,most_distinct_script_18,most_distinct_script_18,most_distinct_script_5,most_distinct_script_5,most_family_en_10,most_family_en_10,most_family_en_20,most_family_en_20,most_family_en_25,most_family_en_25,most_family_en_5,most_family_en_5,most_same_script_10,most_same_script_10,most_same_script_20,most_same_script_20,most_same_script_41,most_same_script_41,most_same_script_5,most_same_script_5,most_uriel_10,most_uriel_10,most_uriel_20,most_uriel_20,most_uriel_40,most_uriel_40,most_uriel_5,most_uriel_5,most_uriel_en_10,most_uriel_en_10,most_uriel_en_20,most_uriel_en_20,most_uriel_en_40,most_uriel_en_40,most_uriel_en_5,most_uriel_en_5,random_langs_with_seed_10,random_langs_with_seed_10,random_langs_with_seed_20,random_langs_with_seed_20,random_langs_with_seed_40,random_langs_with_seed_40,random_langs_with_seed_5,random_langs_with_seed_5,xt_afri,xt_afri,xt_only,xt_only
,mean,std,mean,std,mean,std,mean,std,mean,std,mean,std,mean,std,mean,std,mean,std,mean,std,mean,std,mean,std,mean,std,mean,std,mean,std,mean,std,mean,std,mean,std,mean,std,mean,std,mean,std,mean,std,mean,std,mean,std,mean,std,mean,std,mean,std,mean,std,mean,std,mean,std,mean,std,mean,std,mean,std,mean,std,mean,std,mean,std,mean,std,mean,std,mean,std
language,,,,,,,,,,,,,,,,,,,,,,,,,,,,,,,,,,,,,,,,,,,,,,,,,,,,,,,,,,,,,,,,,,,,,,,,,,,,,,
af,0.9129005371365068,0.0012442145621917049,0.9200777921837378,0.00320408295832676,0.9167747113663024,0.002839864328482339,0.9163425325677593,0.0021165598217474687,0.9188121257022906,0.0024577958016129913,0.9158486139408533,0.004043487433928467,0.9112489967277891,0.0014416613482540867,0.9135951102055936,0.0042931383539541144,0.9135951102055936,0.0042931383539541144,0.9142125084892264,0.002895196416050738,0.91578687411249,0.0016208909789250788,0.9182255973328394,0.0052477946162277885,0.9142433784034081,0.0018591276069536413,0.9111563869852443,0.004209755448314753,0.9128542322652343,0.0036799993491953473,0.9082237451379885,0.0057507592873717655,0.9108785577576096,0.005397911463701732,0.9099524603321604,0.0024612828629100698,0.9122059640674199,0.00397575253448159,0.9147681669444959,0.0029870530369596384,0.9113107365561524,0.004956424047352702,0.9160647033401247,0.0028474044718405154,0.9166512317095759,0.005696063832073198,0.9161881829968513,0.0009668740978801114,0.9138266345619558,0.0011132446082766977,0.9179786380193864,0.005060030003003617,0.9135951102055936,0.0042931383539541144,0.9135951102055936,0.0042931383539541144,0.9068345989998147,0.003637806879311433,0.9177316787059332,0.0009322509644095813,0.9177008087917516,0.0006950873772424984,0.9156633944557635,0.0023689516630178323,0.9114342162128789,0.00473790332603562,0.9164042723961227,0.0015616027498847607,0.9195530036426499,0.0031135793940240877,0.9162807927393962,0.000654849769574565,0.9153855652281288,0.0037117140655049227,0.9151694758288573,0.005228146018252422,0.9170216706797555,0.005880536346133522
af_f1,0.7432496202531645,0.000364828309704177,0.769167180850606,0.005493931957026787,0.7598534965670548,0.007079067786751495,0.7597713960613288,0.005510042202794013,0.7638494573880932,0.005705728808777418,0.7569556795965343,0.00919864115160489,0.7468851503552926,0.004138585096985312,0.7514414720178051,0.007709907427467638,0.7514414720178051,0.007709907427467638,0.7453986442585224,0.005361661360864222,0.7569113236687758,0.001623926365176353,0.7650520199617202,0.012111396900557023,0.7537090563165236,0.0017534393680759353,0.743569695187776,0.014001507805373478,0.7477617172013855,0.007332671831355146,0.7399586976950484,0.009504766728856561,0.7427014786697136,0.0129112880492212,0.7410225603493764,0.004231038643537546,0.7482146536834074,0.009401979700828443,0.7516378318055669,0.0034532851440233327,0.7405325732047428,0.009044898584463912,0.752994271272239,0.010357691054618118,0.758767228842591,0.009734631919270592,0.7584620345259935,0.005341214524152907,0.7455125071276366,0.0034092000104886107,0.7619277151822836,0.01202364224074451,0.7514414720178051,0.007709907427467638,0.7514414720178051,0.007709907427467638,0.7347512012283621,0.006552346491269731,0.7602047898602814,0.0022992778485255395,0.7569907944860045,0.0034813799726876216,0.7548660990702428,0.0075597396532063,0.7368427738563207,0.007225569834994357,0.7555540031183124,0.005077594127621509,0.7652630285754856,0.007213430799925887,0.7560738046943852,0.0013928776560981435,0.7504534164713026,0.011514269083537722,0.7579726266275402,0.010516786313384438,0.7591557316734274,0.011616821461601935
af_precision,0.7034382963232617,0.003898628310604955,0.723958382381074,0.008292258221289102,0.7123929021809947,0.011110959073079718,0.711531509696948,0.0034223536586037214,0.7190775749505196,0.007534266019585816,0.710012784943998,0.009844322857758839,0.6990535121663953,0.005179074405361763,0.7065209459360055,0.006989900604060313,0.7065209459360055,0.006989900604060313,0.6984621158766259,0.005958747607595649,0.711181789067176,0.005940506610475859,0.7206713174583018,0.012821437813747517,0.7098406427862215,0.0014178476691983927,0.6980311217162374,0.016524748831110176,0.7005632414344639,0.008619556028471805,0.6909944139367409,0.010975178675391413,0.6980596625115839,0.016120390412719572,0.696275223874605,0.004458697114717372,0.7034224303641126,0.009000422789490297,0.7044808800279277,0.00746168391572861,0.6966790981973808,0.013490309632569095,0.7066736203209301,0.008166752687150032,0.7106368435084143,0.012157153958604875,0.7142676074603819,0.004311274034263959,0.7033619182516492,0.002453228172688027,0.7145016533280907,0.016234660807394975,0.7065209459360055,0.006989900604060313,0.7065209459360055,0.006989900604060313,0.6879011097047045,0.012270748020706383,0.7152266685449867,0.003348858818312714,0.7128674742759945,0.0005754845427425825,0.7105084185767359,0.010427720858612587,0.695400713942751,0.011577396193293614,0.7092734714307934,0.0039340939031743466,0.7196434853994503,0.006057478446782684,0.7108955984628474,0.0043058494146573124,0.7072241517185162,0.009303464683184357,0.7139302962584915,0.014288437032059296,0.7142628567938982,0.011857096691113862
af_recall,0.787878787878788,0.005259427391182909,0.8212121212121213,0.0033331632783204345,0.8141414141414142,0.0017816507145215934,0.8150392817059484,0.008419752787210334,0.8145903479236812,0.005054244780784663,0.8105499438832773,0.008311339430560602,0.8017957351290684,0.008090155461701474,0.8024691358024691,0.009042979608746917,0.8024691358024691,0.009042979608746917,0.7991021324354658,0.004777507666395696,0.8089786756453424,0.004329360610995739,0.815263748597082,0.011153542759869711,0.8033670033670033,0.004096136384039244,0.7955106621773288,0.01147418892851367,0.8017957351290684,0.006400259227557019,0.7964085297418632,0.007804865836459603,0.7934904601571269,0.009042979608746888,0.791919191919192,0.004205385857507304,0.7991021324354657,0.009995710023888766,0.805611672278339,0.0028035905716715936,0.7903479236812571,0.0038291183185705717,0.8058361391694725,0.013822495459789582,0.8139169472502806,0.006643613282580839,0.8085297418630751,0.009766244632012235,0.7930415263748597,0.004963713667226911,0.8161616161616161,0.00649404091649362,0.8024691358024691,0.009042979608746917,0.8024691358024691,0.009042979608746917,0.7882154882154883,0.0014284985478516202,0.8112233445566779,0.0010286365196309128,0.8069584736251403,0.007448107754449818,0.8063973063973064,0.005237828008789209,0.7836139169472504,0.004729810887924912,0.8083052749719416,0.0072004556374166235,0.8170594837261503,0.008658721221991475,0.8074074074074075,0.0024279806568780907,0.7993265993265993,0.014614501289030841,0.8078563411896745,0.0056474727835731115,0.8101010101010101,0.012616157572521982
ar,0.7608228303831828,0.01394920009456504,0.7514932061064749,0.029887636493640606,0.7618277982397522,0.0053893514903709,0.7597297983329966,0.028046822397916074,0.7654954128915619,0.014452239308594681,0.756481783662538,0.010504670477467963,0.7638791759263576,0.009694237575171814,0.7704736299542585,0.023184713005090438,0.7704736299542585,0.023184713005090438,0.7433084163467863,0.03049021249098603,0.760273724234748,0.004265369318244131,0.7220590444516968,0.02267737640113781,0.746255976709611,0.01871745424120873,0.7564610626758045,0.019802708353546136,0.7279645256707125,0.025787470391072875,0.7331654933407928,0.026447842154434686,0.7429665200656855,0.013832867919689601,0.7648789635362436,0.011782754345918588,0.7718930175454956,0.0020589574538272103,0.78737677488202,0.001603208935832403,0.7678524251324849,0.01866291477817106,0.771333550903694,0.022708520535152512,0.7741775063328515,0.006923168583154683,0.7608124698898161,0.01754695455100043,0.7705409731611419,0.0397263752522351,0.787200646494786,0.02585669525110814,0.7704736299542585,0.023184713005090438,0.7704736299542585,0.023184713005090438,0.7855015255826482,0.007221719084776702,0.7859314860573661,0.01431159849426559,0.769168207790055,0.022972769242910855,0.7661118622468802,0.02553817430050876,0.7721934718531296,0.03220236466748627,0.7620712698338695,0.01897531996821962,0.7904797426453447,0.015440990268265904,0.7638170129661574,0.008127113675740084,0.7641433685072082,0.02600652806720784,0.7648427018094601,0.032171510286224544,0.7581135613677924,0.03193141579407373
ar_f1,0.5016557608594593,0.018616092289275202,0.492974806633989,0.0463319449804439,0.4959675542297153,0.005697530326181253,0.5128020164134853,0.03681863525957518,0.5005305135626869,0.0415032985236532,0.4882001363354525,0.019403861022405464,0.5029794780717661,0.021901131239577747,0.5256212976622647,0.04584427829799589,0.5256212976622647,0.04584427829799589,0.4902875637242062,0.04312626151171326,0.49748213274163694,0.014955768059114121,0.48607118754550543,0.027495981448176315,0.49074664783555044,0.023795750308307575,0.4861193908866217,0.03963454146261433,0.46071146401082785,0.02465286102434599,0.4888746013950747,0.022750518049619285,0.4751856228893064,0.02505541283924784,0.5176277663136949,0.030798558335853054,0.5227598262720765,0.029084814565715725,0.5472713862694727,0.004554516874108907,0.5093886109773723,0.03234237074333595,0.5227027953274784,0.03940136744583739,0.525863630938847,0.017113017872473133,0.5000674824590097,0.03248082795545962,0.5226273706770228,0.06409199286517883,0.555089235455753,0.052746584176293076,0.5256212976622647,0.04584427829799589,0.5256212976622647,0.04584427829799589,0.5334039391644799,0.00912125103562203,0.5390833810561461,0.03178477674657259,0.5280655373571942,0.030341658950563583,0.5255812354969702,0.03251849605152424,0.5185259235880099,0.06582134608980342,0.5111789169300106,0.03631475870118964,0.563148107165862,0.04346444068815505,0.5124853627436577,0.010523829021722652,0.5080752771702401,0.040909352486445574,0.5319326344435653,0.04192213773981335,0.5210809610451419,0.04035705398769858
ar_precision,0.4729867944338811,0.019501972982232295,0.4706460581980872,0.04911463948182251,0.47885499069632337,0.003183266125827044,0.4907486182662937,0.034578531136543106,0.47976036597166266,0.03494813486384682,0.47121289543632244,0.019722516428255572,0.48914190909919864,0.023433180981872595,0.49659739230827515,0.047982725757899414,0.49659739230827515,0.047982725757899414,0.4545368855059903,0.052758710013169514,0.4811018379385265,0.018507644012270962,0.4570681833050627,0.02537750948735238,0.46173400307069995,0.018026278094953163,0.47402932410935844,0.040619314200117954,0.438595743792961,0.020669087618232412,0.4549404439289389,0.03013794821281811,0.458242215999016,0.025586911731392974,0.49330967968477984,0.031579792049979634,0.4955033326057883,0.0205493030307335,0.518462438726581,0.006203207867860732,0.48554590982073714,0.034342394331258394,0.5021711471565364,0.03811877007715499,0.505810575005783,0.01577914466159275,0.4782738070652619,0.03622948840835443,0.5000351202008625,0.0648367789099832,0.5287355077689585,0.057698704443058475,0.49659739230827515,0.047982725757899414,0.49659739230827515,0.047982725757899414,0.5104313627891991,0.006342011929146275,0.5152950210560914,0.03226266509665087,0.49902951003846807,0.0303493148581682,0.4971187913516723,0.03495342889283024,0.4996428394793074,0.06672995417883047,0.4885758708220518,0.03547117107015467,0.5421634892765629,0.04410128691234216,0.48465012562935383,0.013431188929133057,0.48547593166291253,0.040731995061670655,0.502458653597237,0.049534917344007084,0.4925364256253819,0.033493252713161406
ar_recall,0.5342096693015957,0.02096370594885362,0.5177783698966753,0.04396781853527187,0.5143736862361962,0.00890676535211918,0.5369334162299789,0.03934743684056659,0.5233146815880628,0.04941170113471156,0.5064688989549101,0.019134901867942016,0.5176599461171804,0.020582052024492998,0.5583385143736862,0.04301620515181979,0.5583385143736862,0.04301620515181979,0.532966219616899,0.028868711151592334,0.5150842289131657,0.011424519451892877,0.5191698493057406,0.03223810083961969,0.5237291648162951,0.030999120852119224,0.4988601711223613,0.03855362485934662,0.485271042425319,0.030280282494490985,0.5286437516653344,0.012245592866777516,0.4935014951002161,0.0253728993050519,0.5445717500074015,0.03094079041098109,0.5533647156348995,0.03955190246706943,0.5795067649584037,0.00518526804871281,0.5357491784350298,0.02995453072481653,0.5449862332356338,0.04078073560606872,0.5476507682742695,0.020324152318007105,0.5240844361547798,0.028665236605648816,0.5474139207152796,0.06292831856898579,0.5843917458625691,0.04643281661047632,0.5583385143736862,0.04301620515181979,0.5583385143736862,0.04301620515181979,0.558812209491666,0.01924589092972942,0.5652366995292655,0.031809807089543195,0.5607365959084585,0.03067268763304691,0.5577167895313379,0.031238929870615526,0.5390058323711401,0.06498239182682176,0.5360748438286408,0.03824371922581719,0.5858424371613821,0.042605073739653616,0.5439500251650532,0.014487474840261428,0.532966219616899,0.04167481332293906,0.5655327589780028,0.03298961888661469,0.5532166859105309,0.04871416004759804
avg,0.8199383171853073,0.014187334140150533,0.7800096476266954,0.006276503249545735,0.7861697464318905,0.036712883823967854,0.7959284246984794,0.041181448423554715,0.8405431781104419,0.0017190565603650194,0.7267220747300742,0.02075898192440055,0.8110003047751971,0.038251435379527,0.8438374766945498,0.0034425413356291863,0.8438374766945498,0.0034425413356291863,0.6970063805002497,0.02694346577239922,0.7846255346928407,0.04425565943668327,0.8200528120817202,0.013374489746412236,0.8386891564377477,0.001063984920209129,0.7906163191253706,0.008115957686071828,0.7604190363931883,0.04792111603401513,0.7453434965672354,0.048867236326089546,0.7256042988156807,0.05493260429294555,0.8203328535126717,0.012075427876117328,0.829300473153869,0.011467535630634592,0.8249303865107072,0.006828115232765163,0.7682854213296583,0.012851313491938438,0.8387153753620691,0.0020823961869237185,0.8247936495093228,0.006976979417534767,0.8429834370644532,0.0008755144536125491,0.8121129954986425,0.01120481533405277,0.8306072953147877,0.01652467648736781,0.8438374766945498,0.0034425413356291863,0.8438374766945498,0.0034425413356291863,0.7793233140599418,0.02764648971098515,0.8363724185344689,0.005092848368434373,0.8386139045458055,0.005481582203984439,0.8375705100023313,0.008937204281433122,0.8031008319714469,0.01224364518520198,0.8145100002034028,0.030361551299739477,0.8437351324970056,0.0018517566848103783,0.8391383086789941,0.005959057594011215,0.8063967663250576,0.025383330186604047,0.8436443005265449,0.005012748852934447,0.8471835268146775,0.004342586840817946
avg_f1,0.5300946790605777,0.013807007379740823,0.5061657402338198,0.0050016176570716435,0.5141173062912738,0.009412501377669887,0.5187066385915383,0.012310074852673318,0.5547990995710022,0.0020399378369781885,0.495073406941487,0.004779232815545639,0.532638299383053,0.023342277950516254,0.5631095301295235,0.006418425145637921,0.5631095301295235,0.006418425145637921,0.4842359143929693,0.005377626892771873,0.5158585937604169,0.017224777723464226,0.5319281334981586,0.012334522871865792,0.5530602623138456,0.002097988874053769,0.5156193091761451,0.005245821654512345,0.5017120505478618,0.023902188295838546,0.4987913038495928,0.019002385687011063,0.4892878631733646,0.015096495592873564,0.5294021242611816,0.011396609293281942,0.5422865662656183,0.007449523762805523,0.5367244272696187,0.00638249795217054,0.5052149654716251,0.007608042606231299,0.5527503525626901,0.004185820953930599,0.5390943225754578,0.012939561399873427,0.5578033764696512,0.0034173858896439178,0.5272234079069977,0.00893880873190804,0.5446257025322198,0.022739535123983256,0.5631095301295235,0.006418425145637921,0.5631095301295235,0.006418425145637921,0.5051315418146989,0.009139619997958351,0.5490569158265025,0.007285079152531415,0.5559956653473066,0.012464574013698463,0.552818915920659,0.011951294584164949,0.5205601139763301,0.014921439099092574,0.5317991311421929,0.018383534539107814,0.5608058744015518,0.004149583315480941,0.5505909946812348,0.006197563606832476,0.5251677536629242,0.012809307267980243,0.5616473276691557,0.009601667598970647,0.5648476404188695,0.007381773947539787
avg_precision,0.49203933861563076,0.012449312571590872,0.4683298800161637,0.005490883007661953,0.482182537232859,0.013229067500350068,0.4881003292655255,0.017220637808335895,0.5240832914209174,0.001782863936922828,0.4627289538380497,0.0041161387006581245,0.5033042246269406,0.025865699069028268,0.5325617097277918,0.008070454668593708,0.5325617097277918,0.008070454668593708,0.4482133195362888,0.006089973968222039,0.48664852793289454,0.020176189377608556,0.4974105909076571,0.014769462566293686,0.5209722522011206,0.0023844556330157064,0.4841253374314662,0.004874100851513997,0.4648426491357103,0.022839756611767778,0.46331162484863714,0.018454023888473406,0.458211242028188,0.0154016138489543,0.4936291379325763,0.01357492273120356,0.505741363693235,0.008098094065527884,0.4963675007335246,0.004525385045092485,0.4675913307865704,0.00917531249570926,0.5191089084678139,0.0028968816176634053,0.5005464801531185,0.013022979962493172,0.5311611588267259,0.0062384548607521805,0.49095950533453037,0.00868467865038372,0.5094963805999034,0.031251010865998505,0.5325617097277918,0.008070454668593708,0.5325617097277918,0.008070454668593708,0.4671341547082541,0.01108445274275295,0.5148819658459837,0.0074033363655105445,0.5211137982405787,0.014635099124424582,0.5170066501824039,0.015448408234484533,0.48461154507162646,0.015438386023390732,0.4976307215839851,0.019135226805191002,0.5276061340101147,0.003694353097226372,0.5174408866196448,0.009258022348536508,0.4905549230136561,0.012415642616245396,0.5315687351451803,0.013425334240212928,0.535737157021642,0.009445615631082857
avg_recall,0.5905675134259587,0.010075976390200192,0.577032319293696,0.0057844136228738866,0.5665956231312214,0.00824071774991097,0.5654846624488841,0.00658515724335725,0.5975997453533203,0.0021525239807338916,0.5497014567196336,0.013898603879697173,0.5744609818300566,0.017358766826369165,0.6052094668795599,0.005637180777875392,0.6052094668795599,0.005637180777875392,0.5469196305299265,0.011585325177247547,0.5583022180332075,0.012079934744508554,0.5846854401559385,0.0076580092963379875,0.5973873490301672,0.0052188378599186905,0.5669563925767452,0.01067059340685517,0.5630700985173923,0.024128176177107042,0.5571274610294009,0.02441593820941681,0.5365624697189614,0.0167827560254991,0.5852729986898181,0.00783473939852001,0.5977247818570118,0.004428381517524621,0.6021879442842649,0.008951831336899032,0.573498471518323,0.006889987721320848,0.6002730141040407,0.007150171601847666,0.5967680193034487,0.010559064815962915,0.5938434193243213,0.004861932128396129,0.5840453285834021,0.009417835779223322,0.5988857214650803,0.008119316162744295,0.6052094668795599,0.005637180777875392,0.6052094668795599,0.005637180777875392,0.570634771545797,0.004604781491261878,0.599438875874032,0.007068667432390098,0.6067598106502783,0.00786727205878438,0.6038968964376574,0.005617638085604533,0.5794744333417722,0.01672982531639373,0.5863941091164682,0.010704433966629213,0.607280338388962,0.00634426101651036,0.5983268568664686,0.007632787871806654,0.5833546453398557,0.009237508723274189,0.6029817112392237,0.004745422367564179,0.6042149890850045,0.0055643356299125675
az,0.8596611460118028,0.0025292371871680733,0.8562345326480107,0.0029351172849355037,0.8549781077479536,0.006463639370017628,0.8556253569388921,0.004059247434361408,0.8557776508661717,0.002725380570062578,0.854330858557015,0.008189959054101578,0.8479725870930896,0.005714447858982921,0.8654102417666096,0.0073068358370056725,0.8654102417666096,0.0073068358370056725,0.8577574719208072,0.004929155940916694,0.8479345136112698,0.003797436174313069,0.8631258328574147,0.010191468194619418,0.8638873024938131,0.0024238787804906725,0.8485817628022083,0.00309099463084633,0.8601561012754616,0.006657526897207507,0.8596230725299829,0.0092377440299694,0.8526936988387588,0.005996664037098179,0.8604987626118409,0.007292537897493223,0.8595849990481629,0.0112635104996542,0.8601561012754617,0.007196190228109942,0.8576432514753475,0.005621611155180127,0.855206548638873,0.011047150493056703,0.8533409480296973,0.006529574381704819,0.8574148105844279,0.0028032530187244564,0.8611079383209596,0.001795115207938484,0.8552826956025128,0.00840355144576416,0.8654102417666096,0.0073068358370056725,0.8654102417666096,0.0073068358370056725,0.8519322292023607,0.00472924141761052,0.8600799543118218,0.0036065456091026794,0.8627070245573957,0.009949643285154753,0.8551684751570531,0.004151406475245242,0.8552826956025129,0.006513570498861549,0.8593946316390634,0.007662991715691456,0.8598515134209025,0.009766349040825007,0.8597753664572626,0.010821646306148408,0.8560441652389111,0.0034196261015392096,0.8650675804302304,0.012752002141507738,0.8616028935846183,0.003303189983132508
az_f1,0.6227833135996456,0.007973887284506325,0.6261887960353294,0.0038337820973082942,0.6188543565096022,0.008351454545669415,0.6209641114550544,0.0033000242038679173,0.6198103141081129,0.006465112194235803,0.6145787738117704,0.0181158289424136,0.6041701978769942,0.013757470856832961,0.6416219731039584,0.010792334228376005,0.6416219731039584,0.010792334228376005,0.6297236918708486,0.006046198059733035,0.6051311130956125,0.006423762807152939,0.636011741790279,0.023531088859138037,0.6424731006470532,0.005430393909597726,0.6044728085214776,0.01091829126889056,0.6372298309291419,0.01686802514182212,0.632810781254899,0.02013793594819946,0.6155061465437736,0.013914386134523974,0.633894513533868,0.014430351946228347,0.6297509443829105,0.030734097652460993,0.6317739826726058,0.010086164594859568,0.6230945724514556,0.012196750576556647,0.6179366806326133,0.02744874846550271,0.6152117323675301,0.008501479069650526,0.6197532845941698,0.005954560938812105,0.6358651209736856,0.002616290749483371,0.620551907252051,0.016424847240177527,0.6416219731039584,0.010792334228376005,0.6416219731039584,0.010792334228376005,0.6104222152142755,0.012000561254109181,0.623608212138775,0.007487223750979316,0.6366228158657427,0.02277685500404152,0.6199685739802332,0.009006296857801152,0.6126148376759073,0.014192866776434618,0.6214483812949657,0.01586995141578203,0.6275279091773182,0.019120060601312112,0.6339506258728995,0.022193359063361656,0.6173670304109321,0.009689155058360141,0.642312248329089,0.024669853633937627,0.633366402174985,0.014972001117321578
az_precision,0.5784286506582893,0.005734285595343645,0.5793734229373381,0.007313193839527261,0.5759690898919086,0.01078301114372005,0.5756798561923894,0.008486057193765805,0.5737974143753274,0.004037630572479189,0.5715787121093786,0.019777996691785357,0.5574561067692474,0.014819577474977202,0.5992387465177388,0.01635837949927641,0.5992387465177388,0.01635837949927641,0.5850668465567469,0.008840542623539421,0.5607706064813222,0.004444396159694134,0.5932323956378706,0.024957648472470076,0.5988602936576735,0.006260709347920938,0.5632465596877917,0.007673115242447701,0.5899026980075887,0.020071389687831724,0.5899281789521559,0.026705041130328573,0.5722390897095327,0.014815475269665493,0.5884903511839039,0.018846158547665092,0.582497711217377,0.03251194405654825,0.5842148927289502,0.017709824755748897,0.5757350240784049,0.01588662135764308,0.5746160337160187,0.03162534910465251,0.5650524084314386,0.01003357942348779,0.5785263758329707,0.011594170933156314,0.5925850926822002,0.0036878218184515977,0.5725703831304947,0.02593315872873916,0.5992387465177388,0.01635837949927641,0.5992387465177388,0.01635837949927641,0.5631397197352165,0.01107735236720398,0.5802486561953902,0.013975319512249848,0.5903637909425642,0.024908204099357078,0.5737375996819059,0.011612587262811367,0.5680956271173904,0.0198021617297642,0.5769699029034268,0.016103177259787278,0.5818834718154388,0.02431705611220531,0.5855109942924951,0.029042805860809113,0.569992260553222,0.008216226822132586,0.6002460552506426,0.03424837911422741,0.5936878814571861,0.015876389437174725
az_recall,0.6746522411128284,0.01596907134449137,0.6813498196805771,0.008335234254180039,0.6687274600721277,0.008956897810774722,0.6741370427614631,0.008335234254179995,0.6738794435857806,0.01073604635969842,0.6646058732612056,0.015628862763645026,0.6594538897475528,0.012324444836584956,0.690623390005152,0.0069694741156459405,0.690623390005152,0.0069694741156459405,0.6818650180319423,0.0087886255070747,0.6571354971664091,0.009785378626080704,0.6854714064914992,0.021346564632045005,0.6929417825862957,0.004256236898984663,0.652241112828439,0.01539788164232708,0.6929417825862957,0.014361009649424375,0.6826378155589902,0.011980438901837668,0.6658938691396187,0.013613817889462938,0.6870170015455951,0.009496294998025127,0.6854714064914993,0.02895671405748871,0.6880473982483256,0.006294070954595829,0.6790314270994333,0.007740844513815913,0.6684698608964451,0.02176217595104901,0.6751674394641937,0.006572566111371981,0.6674394641937146,0.0038896622541323344,0.6859866048428644,0.00425623689898463,0.6777434312210201,0.0030911901081916715,0.690623390005152,0.0069694741156459405,0.690623390005152,0.0069694741156459405,0.666409067490984,0.014381787585994683,0.6741370427614631,0.002484196486603027,0.6908809891808346,0.021541514474136565,0.6743946419371457,0.008956897810774748,0.6630602782071098,0.007650305206036791,0.6733642452344153,0.015346080379810929,0.6810922205048944,0.011728544500599934,0.6913961875322,0.012492896087565347,0.6733642452344153,0.012869650692217167,0.6911385883565173,0.011471120081510704,0.6787738279237506,0.014851659253374071
bam,0.8304893350062735,0.08511574088463973,0.7384044332915098,0.04254475469575668,0.7379130071099959,0.14188398591004114,0.769719782517775,0.1919339142960403,0.9337829360100377,0.002648847193669367,0.4665411961522375,0.0678749265935466,0.7879025512337933,0.19757966627626047,0.9387390213299875,0.0043614541645966886,0.9387390213299875,0.0043614541645966886,0.3724069427017984,0.1454157804623649,0.7114282726892514,0.27836330734695236,0.8972082810539522,0.023417127031022666,0.9198766206608114,0.018313385831620604,0.721758678377248,0.07001437633742731,0.6814617314930992,0.1907844593063082,0.6176913425345044,0.2596278155179899,0.5454621497281472,0.34593943094074137,0.8857486407360936,0.02735074350515249,0.903042659974906,0.03154512204332701,0.8598076118778754,0.022487687544583617,0.7327164366373902,0.03491696141349902,0.9346716854872438,0.010346389331697355,0.9065872020075282,0.032250727688250866,0.9303952321204516,0.014273511879545026,0.8654015056461731,0.013444350049174998,0.9169489753241322,0.020818663047399596,0.9387390213299875,0.0043614541645966886,0.9387390213299875,0.0043614541645966886,0.7691656210790464,0.09335266085785565,0.9132057716436637,0.01186791233359597,0.9211940610623169,0.0219865671526058,0.9361145964031784,0.008005221216249041,0.8244144709326641,0.0578007295699061,0.8745608531994981,0.09613834294991812,0.9402237557507318,0.00760736672387158,0.9295483061480553,0.007628011372254924,0.8195629443747386,0.1797762024593266,0.9335738184859892,0.009360508931558476,0.944939355918026,0.002437071631115012
bam_f1,0.2012081014580629,0.07755463312626636,0.16452284771118436,0.00777902411232248,0.13534329474583442,0.03750305084055628,0.16390805295477326,0.0816172239144999,0.33582434259954197,0.022040598301934514,0.06506543417360414,0.021521735861655032,0.25276795815962666,0.11943185781445036,0.3641169759650933,0.02510229084072066,0.3641169759650933,0.02510229084072066,0.0870766783619384,0.015145037290914732,0.17356841091819622,0.07855588324025084,0.2912483075624758,0.04357878935284252,0.3050836780036125,0.05259490429085221,0.13510306908537173,0.04320994647015096,0.15554277899287214,0.08703916545165367,0.12927980134827086,0.0656585982966329,0.10390437284931353,0.06080652598014568,0.26423662182936786,0.0426313743958257,0.3007254831305837,0.031409826679429875,0.21135091570555822,0.026343963695474457,0.15529235266046434,0.01759184087206222,0.3641529982596616,0.03314012587699263,0.2998529833407326,0.07777518681579322,0.3278197205811439,0.03966162568476412,0.22602525901270673,0.006048145874839025,0.31961983604901056,0.058891816511340074,0.3641169759650933,0.02510229084072066,0.3641169759650933,0.02510229084072066,0.17280838268301046,0.04317988079693384,0.32461604250370996,0.023139737086703197,0.3163755153852957,0.06873370608688069,0.3625188708549743,0.048126741094007025,0.2064688507475981,0.04667257581001149,0.2830669349407954,0.1255585233442672,0.37422686242786124,0.031141995573793775,0.30731978730963533,0.01981266657731486,0.27177859690360967,0.15177754162199267,0.3274077020421904,0.03800605730642582,0.3779082791208375,0.022140313872028267
bam_precision,0.14235928935149833,0.06577301472085656,0.10729485827842687,0.008189247819546467,0.0959869152840271,0.03668175685858038,0.13493682746312205,0.08193563062043437,0.2810307843745199,0.018293090097581764,0.04095690646905093,0.012951928292768623,0.20368216781797155,0.11063535646809915,0.3099030286789062,0.01630656755259268,0.3099030286789062,0.01630656755259268,0.054376786670011897,0.008772661833016334,0.14318136931591197,0.07731329171597692,0.2306925707289674,0.04716586171510364,0.24418095176440477,0.05059035035735354,0.0918335998820976,0.028352586271215355,0.10729861214439736,0.06885369931652287,0.08605142533489456,0.044070112037793055,0.07507244599132507,0.048272984924793164,0.20214836810544753,0.042832464920978364,0.23865117926371612,0.04212148781979056,0.14718271938246216,0.022386837051139755,0.10195179829625937,0.013560953697593003,0.29683631039549296,0.03527713059084157,0.23420625005397097,0.0741393808351324,0.2788744503983706,0.050297090263177184,0.16248758494266746,0.005506798247539032,0.2607874756216562,0.06287674273003528,0.3099030286789062,0.01630656755259268,0.3099030286789062,0.01630656755259268,0.1189816654555671,0.038787818372974486,0.2519650820144067,0.02509726793480051,0.2590525218010488,0.06802281410864605,0.3040543137117911,0.048321769084241184,0.14236767062112912,0.03631420560571571,0.22559899711510278,0.11771865294024221,0.31906171262512245,0.022070660165706735,0.2555548443506203,0.008036861486261645,0.21294586432737242,0.13109342244080388,0.278234786326569,0.03907956101847097,0.3341516907335202,0.0216775230660961
bam_recall,0.3560334528076463,0.06422508359428054,0.3557347670250896,0.020196106934739496,0.24551971326164868,0.04441589151037175,0.23028673835125446,0.07482481263189669,0.4172640382317801,0.028790272846119288,0.1586021505376344,0.061109534450277815,0.3452807646356033,0.10228538124668403,0.4426523297491039,0.04972109103586053,0.4426523297491039,0.04972109103586053,0.21893667861409793,0.04935099056707976,0.22909199522102744,0.060650132121849734,0.39994026284348866,0.020771013919610205,0.4083034647550776,0.04863811609154582,0.25597371565113497,0.09053875063045742,0.2974910394265233,0.09392373783787678,0.2598566308243727,0.12851161887777102,0.17741935483870963,0.09488058417167777,0.3859020310633214,0.04098748232188293,0.41547192353643964,0.032756176772166246,0.37664277180406214,0.02122981558413004,0.3273596176821983,0.023303234288876398,0.47371565113500597,0.038948442802157805,0.42144563918757466,0.06962390577937139,0.4014336917562724,0.011751681943193537,0.3712664277180406,0.004420145933975154,0.42025089605734767,0.07174616530855189,0.4426523297491039,0.04972109103586053,0.4426523297491039,0.04972109103586053,0.32676224611708476,0.02696125232113917,0.45788530465949817,0.022293647499327468,0.40890083632019114,0.059128470008419726,0.4495221027479092,0.04284553592298213,0.37903225806451607,0.06363899965793798,0.3966547192353644,0.09585021757680634,0.4540023894862604,0.055939628953928164,0.38888888888888884,0.05768271304455582,0.3933691756272401,0.14552865149024188,0.39844683393070485,0.03381750979177827,0.4348864994026284,0.021954928872087283
bbj,0.677162722289076,0.014343697268978075,0.5783972901903106,0.07214486360145034,0.5131702099211125,0.09421252814340678,0.522841734634755,0.23583210004287045,0.7476044034407452,0.005462959734739787,0.27563845433881534,0.08892208938576694,0.7201720372598833,0.21331060138049765,0.7528635735615278,0.07127299537636654,0.7528635735615278,0.07127299537636654,0.22460667647189905,0.018049839949786373,0.6309221375406694,0.21253430466758716,0.621852297544235,0.03443748125257952,0.657619111289388,0.043013500349774046,0.6008379016802603,0.05637101774468698,0.5892498997192138,0.17297653702599877,0.5412488300574944,0.20089145887689222,0.42888978027365515,0.2331355850557069,0.5059499933146142,0.10498480391488774,0.5803137674377145,0.14039893170283035,0.4903507599055132,0.06720117474006213,0.42454427953826274,0.06139970274247021,0.8095110754557204,0.06105731484894039,0.5787315594776485,0.08047117299057484,0.7382002941569729,0.040991228863840254,0.7484066497303562,0.0189362100705896,0.5710433658688773,0.18769694447876034,0.7528635735615278,0.07127299537636654,0.7528635735615278,0.07127299537636654,0.392966974194411,0.1514885250162632,0.7575879128225699,0.05057895292112756,0.6471007710478228,0.06939966031137312,0.7629807906582876,0.06950494121510441,0.7535321121362036,0.1021110624920833,0.5383518295672327,0.1012702959654904,0.783259794090119,0.0667126801911241,0.6674689129562775,0.020548291941165853,0.5523020011588001,0.0969308620835737,0.7120381512679949,0.061969679432618135,0.8453893122966528,0.013675059633437507
bbj_f1,0.23665890545073018,0.020814317845525405,0.20420038439718957,0.030545504550612702,0.1635106054472795,0.01169625678683612,0.14402371021224522,0.03918226709845406,0.28032103521049706,0.0265246246967288,0.11596720282019816,0.030800611848309744,0.25740665307534455,0.10225580971942404,0.27096412999964975,0.0493863862905644,0.27096412999964975,0.0493863862905644,0.11559320203641499,0.008802554700272056,0.20736919602702517,0.06255803350260984,0.2250523983306676,0.024047897650364542,0.2224554070029562,0.017438247656849547,0.22518550400954063,0.018964862026311834,0.19338491495424684,0.055587256835661444,0.1696748197332537,0.045008679075852334,0.1364259451120762,0.037674487239696526,0.1659008661777234,0.04378145914049405,0.19909678783922288,0.04775911760300476,0.1666819206081196,0.026336963899936363,0.1456394838530678,0.008893311237956189,0.2911844949223261,0.025586121732892493,0.20399957495896473,0.05339854439380646,0.27239063001526415,0.0025272563986587625,0.21881754594693262,0.005632708071190016,0.2071503913986351,0.08049565548611456,0.27096412999964975,0.0493863862905644,0.27096412999964975,0.0493863862905644,0.1331158744100935,0.03446279365836093,0.24979345221043628,0.02710929507771235,0.22344838265025904,0.030998892427005185,0.28790876475494714,0.028299924903373838,0.2612473038282414,0.049699077116125374,0.1919921939464265,0.04831143540296738,0.2944381870728452,0.03933515590716081,0.2198509376088554,0.02948920476422442,0.1935239726544257,0.04075824867435825,0.2614042807667114,0.02902764518307421,0.31442276409241404,0.014430254343530076
bbj_precision,0.19202709152186673,0.023030167229803108,0.15931948435707594,0.0288763612829827,0.13857249434229746,0.013923764362699893,0.12983342186731384,0.040689718951908815,0.23943176858658366,0.023447296375243232,0.09375344388650803,0.018991881687219183,0.26327691977903517,0.11860434789774173,0.23646315955296374,0.04197837872384953,0.23646315955296374,0.04197837872384953,0.0899648907417248,0.006778180460270338,0.2077537412320821,0.08232048620745454,0.1842860657721129,0.020085743413393437,0.18651960294185196,0.011308425538687668,0.2049513055513359,0.012541165095763453,0.15754498585767565,0.047177499695285736,0.13623885815844425,0.03778464058078406,0.11726542262740959,0.040439750135224176,0.13958826760031576,0.03852464011470065,0.16272648006078702,0.040388882246339505,0.1317180153961767,0.021236153190313363,0.11595354567654415,0.009741960061568725,0.2514233077166017,0.02727320739089549,0.1744985576231167,0.041974068399876004,0.23935566906522096,0.010571713632730772,0.18147077998345126,0.0025983368456840143,0.17457015266979284,0.0780425511691801,0.23646315955296374,0.04197837872384953,0.23646315955296374,0.04197837872384953,0.10732204981330111,0.028454795516816362,0.21733416961879018,0.028585839020494115,0.19149704856186353,0.029669319945247886,0.2496257930621327,0.0272761916058966,0.21640686417926516,0.04511688270480871,0.1545310284218645,0.04654381152147043,0.25516786413072645,0.04021385670108941,0.18208816919208895,0.025970052961147034,0.15306837488675076,0.036369655767830605,0.22820962550997395,0.032086104883972365,0.28934860946044005,0.015147294581245923
bbj_recall,0.30925076452599387,0.013291543310943184,0.2855504587155963,0.025974201038775496,0.19992354740061158,0.009340054833998926,0.16322629969418956,0.03793659333000946,0.338302752293578,0.032658327674078336,0.15366972477064217,0.05725911804045841,0.25267584097859325,0.08734688568554792,0.31727828746177367,0.05987878669709539,0.31727828746177367,0.05987878669709539,0.161697247706422,0.01302501914174372,0.209480122324159,0.0435830111374165,0.2889908256880733,0.029992423923445005,0.27599388379204887,0.03090661931299257,0.2519113149847095,0.039030156453864935,0.2511467889908257,0.06815439430322764,0.2266819571865443,0.062416653177123235,0.16475535168195718,0.031076359459789978,0.20451070336391433,0.05037176272180165,0.2564984709480122,0.05827599074946105,0.22706422018348618,0.035327802295296716,0.19610091743119265,0.00499873732057417,0.3463302752293578,0.02123882933194049,0.24579510703363913,0.0713071636255594,0.3168960244648318,0.013825031590233254,0.275611620795107,0.011936158253819551,0.2568807339449541,0.07830981947329836,0.31727828746177367,0.05987878669709539,0.31727828746177367,0.05987878669709539,0.17545871559633022,0.04425179215957509,0.293960244648318,0.02297397431393991,0.26834862385321095,0.031174947750156414,0.34021406727828746,0.028677369011484755,0.32989296636085624,0.054231520829417436,0.25573394495412843,0.04805579550402972,0.349006116207951,0.040126691392622794,0.2775229357798165,0.03419277870613662,0.2664373088685015,0.057354738022969566,0.3065749235474006,0.022128372535789417,0.3444189602446483,0.01548519044382956
bg,0.8953862017697417,0.0030957505716896626,0.8938754466319753,0.002763950261334468,0.8974684859675627,0.0028707846609512676,0.8979281072396345,0.0016991739014405444,0.8951503960736353,0.0014077715063245848,0.8990311982926068,0.0019872154701921544,0.8989192905046242,0.0032853877296525023,0.8949905278050886,0.0028866821209571924,0.8949905278050886,0.0028866821209571924,0.8963254278474538,0.0038359453270173155,0.8958698032820956,0.0018912997253602319,0.897428518900426,0.0021817186937780437,0.8949225837909562,0.00048576020093005147,0.8979241105329209,0.0038971087692469893,0.8962934541937444,0.0038812508449786527,0.8957019416001214,0.004692862156162843,0.8976403443562505,0.0011741138040103933,0.8980440117343309,0.001826923448804064,0.8966531577979744,0.0034860196075984363,0.8967890458262392,0.0015794679513109553,0.8970648185894823,0.003308512828446375,0.8946667945612815,0.0015785119532704206,0.8929602007945453,0.0015529095801802657,0.8959697209499372,0.0017865413127267499,0.894466959225598,0.003249086581719296,0.8984117087519884,0.0002927979809819388,0.8949905278050886,0.0028866821209571924,0.8949905278050886,0.0028866821209571924,0.892048951663829,0.0026710083962626346,0.8970168581089183,0.0029786701957636706,0.9000103914374554,0.0009952762732297546,0.8954981095577245,0.002305140226011379,0.89839172521842,0.00558911104725694,0.895466135904015,0.0013900440228913813,0.8969449173880722,0.0047182608165665055,0.896177549699048,0.0006555208236174933,0.8931200690630919,0.0038829666696852325,0.8935677002150229,0.00676844494481913,0.8958378296283862,0.001448788267322408
bg_f1,0.7562240897864947,0.005648295642077206,0.764404500565997,0.0031314059917412172,0.7708675495745726,0.008052940955144075,0.7716861887442145,0.006026436297988283,0.761528798702777,0.0016980655321446254,0.7718760549499234,0.002235045292219398,0.7752283303268085,0.009127482770159233,0.7648274544614485,0.0053012950455366805,0.7648274544614485,0.0053012950455366805,0.7633528164346814,0.007150863748186088,0.7695839030045936,0.0029211360509936,0.7716774879548308,0.006348253245881205,0.767678850765924,0.001092749786871653,0.7711901306070176,0.00918722588634647,0.7689471759148211,0.007437871775127065,0.7681756870468743,0.01002533420123284,0.7702293486140218,0.005064944034655275,0.7694374006303676,0.0027118086041565785,0.7677303908229431,0.0055745100582515845,0.7675976074849187,0.002724453387923197,0.7634139500001914,0.006948361556776307,0.7612599118535268,0.0014937433869875775,0.7605240464004703,0.0026245248759433517,0.7651801173193654,0.004760758881297867,0.7566674497402671,0.0039034280446490635,0.7711308526344464,0.0032238505448984934,0.7648274544614485,0.0053012950455366805,0.7648274544614485,0.0053012950455366805,0.7611164970591906,0.0031451205369027865,0.7658878132551133,0.0049504109177764075,0.7730952433347152,0.002095157158326246,0.7626363867532095,0.004109664283955171,0.7655323364462755,0.009576607105303721,0.7644094444401089,0.0036064250661037565,0.7686435498683335,0.006587942540276862,0.7656054703585804,0.004140353951870356,0.755752907997438,0.008302631567973152,0.7634972936391565,0.011897994562484493,0.7693785139153976,0.002115850835102451
bg_precision,0.723473723670706,0.008092390447925271,0.730654440001429,0.004613469238676989,0.7411940657076657,0.008979858003875515,0.741435464680397,0.0041117107129120525,0.7300322412361454,0.000804788814179419,0.7409811352400416,0.0022250735961880357,0.7443083863557528,0.010389305860139973,0.7312237848443423,0.007930951842859439,0.7312237848443423,0.007930951842859439,0.7282170565464302,0.011078371017756019,0.7387422301648817,0.003870068474770619,0.7400357752915648,0.00500010032169749,0.7360121798327919,0.003753972953252482,0.7412666284358318,0.009333491495927129,0.7382046028258492,0.009808585492178687,0.7359628300258972,0.014814367643748213,0.741493987037305,0.005023910358542115,0.7382593622064851,0.003524794183862344,0.735202969242518,0.007050513023050201,0.7330202632886381,0.000475824418098326,0.7316522110718959,0.009725328670538748,0.7298366722691109,0.004618196783104598,0.7280059945998749,0.0018850820784393346,0.7332825160245596,0.0037116169391637906,0.7241561502485617,0.00504631121292722,0.7400256927120376,0.0003512290652610593,0.7312237848443423,0.007930951842859439,0.7312237848443423,0.007930951842859439,0.7262409663852188,0.00478216352080548,0.7347519760628217,0.006418936239396004,0.741206615199871,0.003559727883258733,0.7295611425029006,0.007433517395059091,0.7345917004278736,0.012541199576706047,0.7337645466123975,0.004138515899052957,0.7376795971078979,0.006307692391302928,0.733019523410443,0.002458866765932108,0.7248137290471717,0.00874334657258424,0.7288911001998007,0.018577072419926278,0.73768892006033,0.004144870033838436
bg_recall,0.7920970767732897,0.002783238315427854,0.8014295552231009,0.0013541903473565321,0.8030205884448244,0.0070304461000324165,0.8045166346085346,0.008267558068763432,0.7958728123293201,0.003775287477282605,0.8054665051886681,0.0036951216982175935,0.8088385457481418,0.007917721131411901,0.801714516397141,0.00610190199422566,0.801714516397141,0.00610190199422566,0.8020944646291942,0.002519732020207602,0.8031155755028377,0.0018041290791690901,0.8061551613592647,0.008406354634181046,0.802213198451711,0.0029736600806168595,0.8036380043219111,0.009398950191399833,0.8023794258032343,0.004828074054244427,0.8034005366768778,0.004348771118733338,0.8012870746360808,0.005687783869459126,0.8033767899123744,0.0038673703920039507,0.803281802854361,0.004651032832814961,0.8056089857756881,0.005432198898311811,0.7980812614281304,0.0038498331952304984,0.7955403576262734,0.0035620146755004356,0.7960865332098502,0.003932008168600591,0.7999810025883973,0.006028264789250886,0.7922395573603097,0.0026042525666266094,0.8049915698986014,0.0073899000182095905,0.801714516397141,0.00610190199422566,0.801714516397141,0.00610190199422566,0.7995298140628339,0.00394918046634897,0.7997910284723706,0.004118609151896039,0.807864928403505,0.0032113493394841383,0.7988886514212439,0.002994635542777525,0.7992211061242905,0.006168082088805109,0.7977488067250839,0.00592965791741391,0.8023319322742276,0.00781578858582287,0.8012395811070742,0.007137907690022295,0.7894611859134194,0.00838771892936866,0.8016907696326375,0.005460155275812537,0.8039229654959512,0.00029659699358357467
bn,0.7508948290305385,0.011471985413236211,0.7597288858426624,0.005699476732028809,0.768182164343919,0.00646740499445955,0.7719899474525932,0.0034497758443092635,0.7459447109892622,0.0036768281789881004,0.7674967633843576,0.007261992469265927,0.7784631787373391,0.007889006176882221,0.768486786992613,0.007080019521667207,0.768486786992613,0.007080019521667207,0.7586627065722337,0.006011475400766358,0.7792247353590739,0.006874287774820974,0.775264640926053,0.0017449454325473026,0.7483055365166399,0.008855367822801266,0.7773208438047369,0.009258787297873706,0.7739699946691037,0.017172046415430887,0.761556621734826,0.00947885637499139,0.7649074708704592,0.010106920886723682,0.785850277968167,0.003497361207282,0.7763308201964816,0.012695859254694788,0.7804432259538497,0.00879820402740219,0.7803670702916762,0.007902227984221006,0.7444977534079659,0.010197752183823395,0.7664305841139288,0.018334861187424747,0.7442692864214454,0.0044672939992574665,0.7394714797045161,0.005211518425382956,0.785545655319473,0.0035565591131934207,0.768486786992613,0.007080019521667207,0.768486786992613,0.007080019521667207,0.7675729190465311,0.0055321729110239274,0.7829563628055746,0.0020562028786839937,0.7898103724011881,0.012286341932601077,0.778310867412992,0.007557849984868284,0.768182164343919,0.01022841706080818,0.7667352067626227,0.007427812751660427,0.7588911735587541,0.014654573738651401,0.766430584113929,0.01085238226750807,0.750666362044018,0.008790290192630125,0.7729038153986748,0.006057607303432828,0.7729038153986748,0.011687599325957119
bn_f1,0.6669514234695667,0.017235424841243983,0.6838692626407811,0.004606942841812641,0.6937744226333225,0.0068186194027756945,0.6969809579783973,0.00456665347020472,0.6665837941502671,0.006712248217264744,0.6977136164704443,0.008032457623806999,0.7057457118085061,0.008587458456945897,0.6992759315079736,0.014427336500375356,0.6992759315079736,0.014427336500375356,0.6798852927058238,0.009120018137157408,0.7112106667254281,0.007087089312347677,0.7014775999130641,0.005076533605999085,0.6730154611042116,0.009599564806290551,0.7062452331029836,0.016492052800501866,0.6979376358442483,0.02045726460200767,0.6886071743650692,0.012494156861673524,0.6912843911123225,0.018474581075712645,0.7133773562554087,0.003485875241862607,0.7076213784331569,0.016369953617970553,0.7098783220644652,0.01399274260766202,0.702938124632082,0.013663953043122354,0.6674671357711227,0.006931905330494038,0.6923691331535164,0.02186556918830702,0.6633194368850069,0.002910472189274212,0.6519492262464119,0.0018598526209346823,0.7165987651655645,0.0040098381354852115,0.6992759315079736,0.014427336500375356,0.6992759315079736,0.014427336500375356,0.6933060140579711,0.009143992610508533,0.7116431121737072,0.008195065112007115,0.717231660692318,0.010154344003736732,0.7052578994425974,0.007854235579805162,0.6897056953061265,0.006945310083975768,0.6882554988823645,0.010339220848264614,0.6802867492766191,0.018405581350119785,0.6938991756871831,0.006069535248113269,0.6626812249217733,0.019837419961288034,0.6978047057157744,0.008001175915887442,0.6971637425813649,0.015535633496728849
bn_precision,0.6585775905022285,0.016047625188850802,0.6785110147523906,0.0034619368955962084,0.6882331118539455,0.004365348018067009,0.6901101309591876,0.007263634905383703,0.6599186261070527,0.009273899635371721,0.6912582108305568,0.01062286265709326,0.6987505470327395,0.007082640340134626,0.6916555556722255,0.015515010950943948,0.6916555556722255,0.015515010950943948,0.6733442674506666,0.007111873895000539,0.7056791163597298,0.008856918846461047,0.6977649098421043,0.0054455497814300015,0.6651659920071363,0.009160468683792248,0.7024104411090374,0.016826964481074395,0.6931643118677275,0.01828452262821469,0.6819125360596336,0.01384185150893056,0.6851144553086382,0.021027148372975882,0.7054835074597011,0.0038411510528926483,0.7009784805953956,0.018165577265677683,0.699249043242269,0.014394155322373235,0.6961906296575413,0.013492748593202378,0.6625341018263717,0.005685063765613411,0.6854773422159871,0.019156631028529703,0.6582246995601523,0.0008430031221716635,0.6441587454761608,0.001475893335167565,0.7056742971577293,0.006691836235966655,0.6916555556722255,0.015515010950943948,0.6916555556722255,0.015515010950943948,0.6858326145179268,0.008830802428146165,0.7032711365613974,0.01015110385573583,0.7066122612114389,0.011967354687152867,0.6966249812803982,0.0075985494389123,0.6834813993625349,0.0051437454472741525,0.6827272161948895,0.013794018730357403,0.6726857615746012,0.018768148193277108,0.6861298234565307,0.006328230867577229,0.6549166921648361,0.021909761591171147,0.6914219177903974,0.008602251549761056,0.6901558306191222,0.015164435581377818
bn_recall,0.6755433119069482,0.01848750397372693,0.6893174165901438,0.005974662165883989,0.6994184266911541,0.009424428722583839,0.7040097949188858,0.0028053723262662215,0.6734006734006733,0.004140725209203761,0.7024793388429753,0.007791810261008749,0.7128864401591675,0.010156510574249744,0.7070707070707071,0.013338695175696932,0.7070707070707071,0.013338695175696932,0.6865625956535047,0.011221489305064813,0.716865625956535,0.0077010992503269895,0.7052341597796143,0.005112731278999128,0.6810529537802266,0.010073145192472871,0.7148760330578512,0.020128843174272736,0.7027854300581572,0.02268588180433147,0.6954392408937863,0.011108201598790382,0.6975818794000612,0.015834119567037154,0.7214569941842669,0.004140725209203772,0.7144168962350781,0.0151166920414641,0.7208448117539027,0.01389600179102072,0.7098255280073462,0.014136643083875734,0.6724823997551269,0.008532206834873862,0.6994184266911541,0.024799056137776655,0.6685032139577594,0.005112731278999122,0.6606978879706152,0.0032465876087536686,0.7272727272727273,0.002597270087002903,0.7070707070707071,0.013338695175696932,0.7070707070707071,0.013338695175696932,0.7009488827670646,0.009732545513060763,0.7202326293235384,0.006768700455309511,0.7281910009182736,0.00875977228114729,0.7141108050198959,0.008332205441577117,0.6960514233241506,0.008855510340673004,0.6939087848178757,0.007422317510243113,0.6880930517294154,0.018871212294825072,0.699724517906336,0.009090445304510239,0.6706458524640343,0.0177189539496863,0.7066115702479339,0.009739762826261005,0.704315886134068,0.01593145231671033
de,0.911691211109518,0.004134110236775483,0.9173135612313867,0.002884349249660167,0.9226389201810621,0.0020256628702832067,0.9197919013579666,0.004053305667883715,0.9102950112310455,0.003679045878443191,0.9205633956673426,0.0014994113480727319,0.907113450627778,0.0007966345155805333,0.9136165331913237,0.0038723588391854197,0.9136165331913237,0.0038723588391854197,0.9072841352094981,0.0020193450417929013,0.9202117854289987,0.0009506564279218493,0.9181396746069135,0.0016619700674436065,0.9159719804190648,0.0004081039437389492,0.9056694590664236,0.0021420500190753628,0.910038984358465,0.0014013942179106815,0.9090592548593901,0.0038791780450843556,0.9099502283759703,0.001423951403716966,0.9079361503116701,0.003027451821231011,0.9091889751414975,0.001337483336819164,0.9106944131522711,0.000514131880074282,0.9071714833855627,0.002290760054099387,0.9106397940861206,0.004161171083499902,0.9181942936730639,0.002489402880484904,0.9163304180406776,0.0018502932951575163,0.9116980384927867,0.0020408366513852924,0.9102813564645079,0.006278558503205571,0.9136165331913237,0.0038723588391854197,0.9136165331913237,0.0038723588391854197,0.9071373464692187,0.0007201109479024612,0.9113498419460774,0.004151544488473868,0.915169762884979,0.002615172993458464,0.9106022434781421,0.0017131801162996332,0.9119745475151739,0.0026294113546034064,0.913660911182571,0.005996237539792393,0.914306098901474,0.005587248655341864,0.9162928674326992,0.0018947464704433114,0.9110528507738839,0.006624165483750985,0.913517536133926,0.0025599478186803986,0.9153984802244844,0.0029751336108104604
de_f1,0.7264825306768824,0.009046984406877403,0.7401668017781095,0.004398461861259808,0.7512277860522746,0.005227143678384616,0.7458131847955047,0.008940022600567494,0.7276927551240834,0.005515459463305417,0.7465134606429119,0.003849401691967987,0.7208010100824446,0.0022590562173553873,0.7321900949887684,0.008953084129352841,0.7321900949887684,0.008953084129352841,0.7193213117904738,0.0064934653263091155,0.7475772907933805,0.0013144132900623257,0.7428419447358044,0.0013522479213021468,0.7371522986720209,0.0015547259536675068,0.7173861778790696,0.005818786665932338,0.7259309859816447,0.004468425996566658,0.7229335819777104,0.011075025040305391,0.7257256665640925,0.004550487677160239,0.7225077720507155,0.004891361654760942,0.7252717406719462,0.002335553599012193,0.7285460573352931,0.0014002409701769805,0.7199032434969296,0.00394490742805763,0.7270594072930888,0.007536862091299685,0.7414284136921555,0.004502158831013693,0.7385299243180338,0.0036393424313955302,0.7279620534503618,0.0038732404751020922,0.7284408556372105,0.012901582482406214,0.7321900949887684,0.008953084129352841,0.7321900949887684,0.008953084129352841,0.7197080531505412,0.004946651029963944,0.7283314521798613,0.008804157656762615,0.7365008486940852,0.006061773212014428,0.7266244900170421,0.004411147043011233,0.7276104945528004,0.007016108584697794,0.7335453178858891,0.01121891034004947,0.7335844542224255,0.010290908264927174,0.7378712375643612,0.003141122809587196,0.7280056130775455,0.014673618209107469,0.7344909241851975,0.005225926525434011,0.7367024144767895,0.005922570823188171
de_precision,0.6784288629685991,0.013840958414189163,0.6982104143973905,0.004990366021206222,0.7148900792571827,0.008133707655002926,0.7061801076576283,0.01526140384910781,0.6800127463681038,0.010373304041646818,0.707232379092579,0.0059889067151712334,0.669329051439703,0.004116598357526749,0.6861499379912863,0.011243275291695668,0.6861499379912863,0.011243275291695668,0.6673907600695914,0.008969822670321669,0.7102432095091168,0.0017212630675698323,0.7021759647068256,0.003945603149105477,0.6936074880818909,0.0009363647553285517,0.6666264143245297,0.008172833610491707,0.6764030029818541,0.006972727326590904,0.6725479348041873,0.016208632402251167,0.6778892984876311,0.007840073623137744,0.6731458678451055,0.008589222061319107,0.6739758972648348,0.002819976722035688,0.6792272359721534,0.0025264819621117324,0.6689561749125416,0.0064859401091992026,0.6781095473898412,0.012854046001956974,0.6988806965237556,0.006815599484972934,0.6963773115137988,0.007125247617698257,0.681483244288207,0.006688386393610851,0.6799683721509573,0.020916991116831846,0.6861499379912863,0.011243275291695668,0.6861499379912863,0.011243275291695668,0.6686231779515744,0.00770931699053739,0.678994425305561,0.01346404120939916,0.6898213727700288,0.008090319591099902,0.6767922623971362,0.008834335247106626,0.6797944273924514,0.009157542742319355,0.6886133400667136,0.016575105739872188,0.6870390052070569,0.014615726837517825,0.6933058961959283,0.006455867762767189,0.679097141037082,0.0191134863468733,0.6901093394463124,0.008874087173191533,0.6930016929752902,0.009251164507571252
de_recall,0.7819440438419383,0.002840743525179153,0.7874963945774445,0.0045496947084936136,0.7914863955388904,0.002957618758261936,0.7902845880203827,0.0032129419885601317,0.7826410922026729,0.001801749575224463,0.7904288049226036,0.0014099614821711892,0.7808624170752813,0.001390777438850983,0.7849004903374676,0.007930618451033999,0.7849004903374676,0.007930618451033999,0.7800451879626958,0.0036890597140562934,0.7890587443515047,0.0023502635834861466,0.7885299490433613,0.0029364464289180258,0.7865349485626382,0.003068071250082304,0.776535910008653,0.002578822431821114,0.7833141044130372,0.002937036610097567,0.7815835015863858,0.004007050472872752,0.7808624170752813,0.00014421690222092554,0.7797327180078839,0.0023302672797070227,0.7850206710893183,0.0017988613827582367,0.785597538698202,0.0025700703659518437,0.779276031150851,0.0017230751579677297,0.7837227189693299,0.000355702542711005,0.7895154312085376,0.0029669801862476173,0.7861503701567157,0.0010357879735801634,0.7812710316315737,0.0003629379115119371,0.7845880203826555,0.004543595408278764,0.7849004903374676,0.007930618451033999,0.7849004903374676,0.007930618451033999,0.7792760311508508,0.0022353619844245405,0.7854773579463513,0.0025299689634913267,0.7899721180655707,0.0033484522892282516,0.7844438034804346,0.0020207527696359893,0.7826891645034131,0.005135586634969915,0.7848524180367272,0.004512591193889402,0.786967599269301,0.0049541882054778,0.7886020574944718,0.0036013340918502014,0.7845880203826555,0.008708818389547276,0.7850206710893183,0.00244141510695573,0.786342659359677,0.005253534929358815
el,0.9133138433816904,0.0028598620954939534,0.9131924908525934,0.002157585832445385,0.9160240498648574,0.0008125610823904082,0.9139941530145071,0.0023571178372913874,0.9116001985768659,0.002070295439090994,0.9144501443359626,0.005643152312080886,0.9124864397742108,0.0011259356788541485,0.9113391067718388,0.012013370209265161,0.9113391067718388,0.012013370209265161,0.9091069557063269,0.004296426847940787,0.9125416000147094,0.004370032702546599,0.9139537021714749,0.004081117290466468,0.9106955706326879,0.00476079852069289,0.9095077867872837,0.003999788179149015,0.9144317575891298,0.004546841370663367,0.9135749351867175,0.0038383125626495025,0.912092963391987,0.0041053649001798285,0.9131005571184291,0.008007557226338575,0.9101807417213671,0.00567603252511067,0.9139132513284425,0.0023533283394028596,0.913648482174049,0.004087821678708454,0.9112361409895747,0.007847819384932422,0.9124092154375126,0.003297795162934778,0.9059922407928366,0.00580294468928093,0.9116516814679979,0.0068360460890517704,0.9103977053339953,0.006766441747742649,0.9113391067718388,0.012013370209265161,0.9113391067718388,0.012013370209265161,0.9050434846562597,0.0027058520370954265,0.9147663963814883,0.00021730614599376342,0.9132035229006933,0.001152906208665975,0.9083052935444131,0.005529294350462283,0.9133800356702887,0.006541198309182901,0.914976005295383,0.0016014339289866571,0.9123871513413131,0.003052696154565257,0.9126261790501408,0.004850828055181297,0.913674223619615,0.0018758375029472912,0.9143802746979978,0.01077966591929867,0.914707558791623,0.0023979504318450543
el_f1,0.7359226604668964,0.0077474576430096335,0.7410946673025179,0.005182567198228688,0.7485226332562305,0.0023071144650243882,0.7411254460841029,0.007399210350742778,0.7362477300102809,0.0072491888491761644,0.7442291397739034,0.015736728138879292,0.7398712714241263,0.007509203241937558,0.7378525611164847,0.028883012492060624,0.7378525611164847,0.028883012492060624,0.7310276555863574,0.009242041917720567,0.7403427976989269,0.013165856544508596,0.7442517070503386,0.00994674125484325,0.7365041021583453,0.00938921348403986,0.7322256738743947,0.0075534220149003324,0.747462282049519,0.011945670607273775,0.7462252662462164,0.0077509701936846745,0.7392078453098846,0.011091702345276485,0.7426528319075215,0.018638520979871967,0.7345223460298412,0.013943062427373032,0.7441657311497235,0.004719042647744223,0.7412768681130065,0.009901079610870521,0.7378047904174682,0.019230064926993855,0.7415776287810977,0.006085405012708346,0.7260675606901991,0.013189481211910119,0.7379308376234205,0.016318696226946754,0.7325226544704716,0.017845437930233445,0.7378525611164847,0.028883012492060624,0.7378525611164847,0.028883012492060624,0.724550264356581,0.004766701866864526,0.7466200623942889,0.0024078779390918365,0.740627155399736,0.0036587809606087453,0.7302886760962478,0.015164706234403438,0.7415203143919475,0.01929989217054679,0.7447728226596887,0.0034748402344981187,0.7393262687078677,0.009182368823160706,0.7392197026358452,0.010367285398621865,0.7394216824875324,0.0077812243821765254,0.7453488887044072,0.02657237165535764,0.747852130291934,0.008945231355957014
el_precision,0.7003508541516344,0.004759044464932235,0.7051486830584613,0.008631060729966653,0.7110185840789143,0.0019254090096559402,0.7014739952000085,0.00935170624433402,0.6975417742826142,0.006001034888995146,0.7059379108043261,0.020638464817481363,0.7029590767659686,0.006537348895014746,0.6981268402699357,0.03779531364316935,0.6981268402699357,0.03779531364316935,0.6901684017453912,0.010537264587369505,0.7020023262465837,0.015139611983015087,0.7065663834244212,0.013638137338140276,0.697759190296471,0.010913882258995339,0.6941192895111299,0.008837760651010858,0.7107712402640202,0.014322821567422908,0.7062427626066681,0.013736873413931395,0.7019173663805557,0.014170628417256513,0.7060255785976794,0.024470272516617493,0.693282846116531,0.017819961004036468,0.7045808474463146,0.010575663886945063,0.7019730769150162,0.013898776243568079,0.696177878242651,0.028529124390031576,0.6999274265703209,0.008975406162279972,0.6846398024651631,0.017010483762654613,0.7018100185456405,0.01722226967774212,0.6907485133505876,0.02737358309092645,0.6981268402699357,0.03779531364316935,0.6981268402699357,0.03779531364316935,0.6805340423219087,0.003832459747863379,0.7113846823264912,0.00352911790442451,0.7022509301072227,0.0061958008343594405,0.6870016050764515,0.019722760302517323,0.7092623999380354,0.025264746696364415,0.7087195550152153,0.006680519129915128,0.6998907374642988,0.011126379364420281,0.7020506901679928,0.013499929423746579,0.701040105791932,0.00882908841978248,0.7077784648295298,0.03618735073740993,0.7120383509433287,0.012952459043312332
el_recall,0.7753474220869995,0.012771895939711467,0.7809390675108955,0.002054106734116731,0.7902036564975469,0.002773157880643985,0.7855439519776334,0.005147760620307412,0.7795411561549215,0.011018830688265785,0.786996683386783,0.009568533670864977,0.78088424745772,0.009214295370179142,0.7826933092125099,0.018161929948434626,0.7826933092125099,0.018161929948434626,0.7770468437354384,0.008214918038964295,0.7831318696379136,0.010674824209401452,0.7862292026423265,0.005480703186635827,0.7798152564207986,0.007423665534910632,0.7747718115286572,0.006442872369031821,0.7881753145300551,0.009361597544087448,0.7911081873749417,0.0007640468089119104,0.7807197872981937,0.00746544669044407,0.7834059699037907,0.011381070817726179,0.7810487076172464,0.009776161695935861,0.7885590549022833,0.0028772695415151877,0.7852972617383438,0.005076333963999859,0.7850231614724666,0.007643564948567542,0.7885316448756955,0.003633353854984766,0.7729079297206919,0.009422194147709824,0.777978784639421,0.015107301660481246,0.7799797165803252,0.007446401766968573,0.7826933092125099,0.018161929948434626,0.7826933092125099,0.018161929948434626,0.7746621714223063,0.00658166051685096,0.7855439519776334,0.003958163488712662,0.7834607899569663,0.0015652541222234328,0.779486336101746,0.009738046058790199,0.7769646136556753,0.011984828430979845,0.7847216511800017,0.002015895184957067,0.7835156100101418,0.008851231932989917,0.7806101471918429,0.008863700792642905,0.7822547487871064,0.006434996314945791,0.7874626538387742,0.015216860856438842,0.7875174738919496,0.005384029778758604
es,0.8386144885441933,0.004590452760036197,0.8465761325773377,0.003561850512653761,0.8549549131995406,0.00680533229885307,0.8647550481252028,0.011963732652594344,0.8584413511105619,0.005918477328828124,0.8427961541036456,0.010491001491717425,0.8524366441618901,0.0022618269816303315,0.8557428378677626,0.017728036321552162,0.8557428378677626,0.017728036321552162,0.8690191110355802,0.019931008952341584,0.8605270340558552,0.014461439321081525,0.8633130944840124,0.01830987983164281,0.8613922062405693,0.010902636138957795,0.8570457459792667,0.010634343263051418,0.8597082103810362,0.011633469144655517,0.8701417749419357,0.015334099652698814,0.862628166504447,0.011868621093496215,0.8475752004573053,0.013727985619883266,0.8643688105427411,0.01843883170393359,0.8732883237803906,0.008217514171386294,0.8586215953157105,0.027563368732032616,0.8642349148474877,0.006965693162183118,0.863148299782162,0.009418610740875088,0.848280727774602,0.002550073006030873,0.8680251929900454,0.01703524987091118,0.8494651896941514,0.02060308904410342,0.8557428378677626,0.017728036321552162,0.8557428378677626,0.017728036321552162,0.8294168842471715,0.024002007099137808,0.8511388858848189,0.0031678766055821305,0.8635242376957581,0.006971926803479361,0.8589511847194112,0.00901497161703439,0.8562990199865075,0.026805241436826242,0.8527404843934266,0.027934275638066382,0.8467769761202177,0.019197662044814167,0.8667119852096755,0.013975391597971412,0.8502685638656717,0.01678484786959382,0.8648168461383966,0.012396366060246826,0.8704044164980096,0.0067252795779260055
es_f1,0.716999162510508,0.0036461107407945634,0.7210292286968963,0.023479287497359495,0.732022692301426,0.010465682200471177,0.7570182412019578,0.02185355400295589,0.7387742512025253,0.01631600712357042,0.7180534392362595,0.00959614285760652,0.728547329975692,0.01075708877256489,0.7391403416191045,0.031290036967206,0.7391403416191045,0.031290036967206,0.766633696390283,0.03306884308808286,0.7474613376275802,0.03220388254430788,0.7478673500564287,0.022537500320165438,0.7437940433046624,0.019470525229727732,0.7323046641025251,0.012069596475128551,0.7471548602259204,0.013035609141888907,0.7636543438044284,0.022687371182526166,0.7482005544201806,0.0213237966890565,0.7282373680953453,0.02502299429110712,0.7561309207315542,0.02464265137967404,0.7748636650451258,0.016278506992352126,0.74554648448244,0.04255953066554452,0.7538238331248772,0.010228750231874986,0.7446719327054381,0.01519659168255515,0.7199319239541179,0.00708351848195853,0.7632492737543574,0.02826731923688063,0.7331186297120637,0.03956549142633371,0.7391403416191045,0.031290036967206,0.7391403416191045,0.031290036967206,0.7063516465821981,0.021070103140479312,0.7319277474740958,0.011354442272088101,0.7505371907583586,0.011622909133272723,0.7463825587584342,0.01767858476261977,0.7451488841792498,0.03670071306120764,0.7452846341755025,0.03202994856893388,0.7315416752632012,0.019302295066562027,0.758072981683176,0.027386332669734906,0.7279462617202744,0.026516984943232194,0.756406192377011,0.024921348822639782,0.759154710268433,0.011037034382656841
es_precision,0.6820508307799319,0.0026926621521016474,0.6891171731105671,0.026714427217760094,0.6937554346526701,0.008595857606035444,0.7166166509044363,0.027249331171391854,0.7068044127479629,0.0219441820228823,0.6848151693697618,0.010744790681021715,0.6853961542567788,0.009386015401992005,0.7087909621816539,0.023790736625658056,0.7087909621816539,0.023790736625658056,0.7311295211658481,0.041226993483807865,0.7114296819042817,0.028999156678748295,0.7181046262141005,0.02656019309634625,0.7161313048124459,0.023300963063069727,0.6957323606267029,0.012627513411736917,0.7095180179316408,0.024592278186234676,0.732779417159375,0.03062238649710974,0.7132797864335177,0.02034175684807587,0.6913265251336792,0.026809318382585347,0.7218288306424755,0.0258289487090925,0.738530932011836,0.029897453014156864,0.7170509859447257,0.0429682668695345,0.718556687682795,0.011165320689071155,0.7111486832288231,0.019228119555396186,0.6792116013239701,0.00790621550250029,0.7325057279144443,0.03350186641155376,0.6991072227731113,0.03857795963273226,0.7087909621816539,0.023790736625658056,0.7087909621816539,0.023790736625658056,0.6718109164600622,0.025856818640113067,0.6932989635889494,0.017437127356546116,0.7207026652505933,0.01034171944922033,0.708081293333414,0.016294219763232403,0.7234524907357661,0.04428437488416878,0.7135738877317027,0.026514796413444675,0.6879936015093966,0.01565506584561933,0.7326681372086187,0.03219456733419519,0.6924716964885803,0.01916898669262799,0.7234782743218376,0.02378402779023674,0.7347696658216196,0.015466494503348444
es_recall,0.7558183795541055,0.011419637995414348,0.7560902664491572,0.019664415868870556,0.7748504622077216,0.016332438373054183,0.8023654159869494,0.015173919679260637,0.7738716693855356,0.00951297239412554,0.7547036432843935,0.009113647099894597,0.7775693311582382,0.015465967641393772,0.7722947253942359,0.040109307300927974,0.7722947253942359,0.040109307300927974,0.8061446438281674,0.027488168479782145,0.7873844480696031,0.036570020456640234,0.7802610114192495,0.017665786930942888,0.7737901033170201,0.017271281967574235,0.7730016313213702,0.014230649434346451,0.7893964110929853,0.006175903489783345,0.797553017944535,0.01796547051040021,0.786731919521479,0.022789555650790192,0.7693583469276781,0.02317242097851339,0.7939097335508429,0.024204287036111643,0.8154431756389342,0.0010614040943960402,0.7764545948885263,0.04256907510763304,0.7927406199021206,0.009328890654099854,0.7815660685154976,0.010367557484786679,0.7658781946710169,0.008246782659292153,0.7967917346383905,0.022162317862247528,0.7706634040239261,0.04135780405115722,0.7722947253942359,0.040109307300927974,0.7722947253942359,0.040109307300927974,0.7448341489940185,0.0189553529801413,0.7752582925502991,0.00666466824240478,0.7830070690592713,0.015498697762592124,0.7890973355084285,0.020258347102756587,0.768352365415987,0.028011265294461674,0.779989124524198,0.03848901603951643,0.7810222947253943,0.024566466746498067,0.7853724850462207,0.021850624670752435,0.7673463839042958,0.035351183263467756,0.7924959216965742,0.026684573365925616,0.7852637302882002,0.006043783324300395
et,0.889061528899938,0.003089343983776797,0.8868779780401906,0.007950495133814649,0.8922519163041226,0.006080029310974149,0.8981686347627926,0.003557530238547012,0.8926703956909053,0.002924170452815436,0.8899233478350942,0.00510923699991165,0.8902589600165735,0.005852183597502209,0.8917920033146882,0.0039718014639022374,0.8917920033146882,0.0039718014639022374,0.8800248601615911,0.007775181965758511,0.8863849181686346,0.005149330064378695,0.8994903666873834,0.0015841892930196705,0.895102548166563,0.002473773459364924,0.8900932256059665,0.005981387942936832,0.8873006007872384,0.00651414905336323,0.884756577584421,0.008961806661558887,0.8856059664387819,0.0058717759774734,0.8913693805676403,0.00537601114156748,0.8911829293557075,0.00482316500572184,0.8936730888750777,0.003300344456931079,0.8899316345556246,0.004931171440920071,0.8924093639941993,0.005617204718759632,0.8949782473586078,0.005009862299295532,0.8938678268075408,0.0029103736422917952,0.8899026310337684,0.001889426798031548,0.8924673710379117,0.007356896396146476,0.8917920033146882,0.0039718014639022374,0.8917920033146882,0.0039718014639022374,0.8822995649471722,0.0049668556021659266,0.8921317588564325,0.00587887632632877,0.8955790345970582,0.0017721622177912458,0.891406670810027,0.005343812062608759,0.888452454940957,0.006830937301702168,0.8920240314895379,0.0034450464696748934,0.8946550652579242,0.0052555581086708575,0.8936233685518955,0.010886629226502577,0.8919701678060908,0.006273940909634519,0.8949782473586079,0.008646754106841278,0.8965237207375182,0.004454971708512084
et_f1,0.7044446461109738,0.0053620198165381305,0.7059108817582965,0.015237218068461312,0.7136098976199299,0.012647567678552506,0.7236790735031126,0.006721533425065308,0.7122793270713202,0.004267334897821908,0.7088668742534541,0.012094482126867995,0.7104801918400251,0.012514435383846759,0.712812727455919,0.00896926527254731,0.712812727455919,0.00896926527254731,0.690658872288037,0.015506911579623082,0.7047197833017145,0.010932396938642255,0.7320015681590754,0.001959432622862428,0.7207931096543093,0.005538236609993869,0.7086408628704369,0.008041034910318929,0.7042899139614462,0.017708816436953722,0.6994802491784174,0.020267266892638,0.6978270655872767,0.011989237248343535,0.7093237057309193,0.010943739543179083,0.7114643546867132,0.008822359615398194,0.7177267722949076,0.005550022802355656,0.7039310100040623,0.01182073663124673,0.7116884093604922,0.01054165404741857,0.7209388426921336,0.009503816071866702,0.7170177739304738,0.00661515079150513,0.7084636955444058,0.00443115570808022,0.71004427752424,0.018260266190324906,0.712812727455919,0.00896926527254731,0.712812727455919,0.00896926527254731,0.6899844379694243,0.007559071180918228,0.7106687945085061,0.010877747938595084,0.7189125795539492,0.0045080256355519615,0.7091865303760159,0.010668947314769722,0.7032176018402579,0.017445574554953748,0.7131102424454184,0.007093526419945987,0.7200215883298187,0.015763337959563938,0.7172990013040157,0.022806178601505047,0.7109377464685581,0.014682881955128615,0.7202560233806313,0.01587853905832731,0.7254340929410364,0.01092831509935814
et_precision,0.6830731408362044,0.010193927696605539,0.6797019331254889,0.01784042907970601,0.6931931503108597,0.01430835719948744,0.7014042376886805,0.009217948266688382,0.6911130497454555,0.006276019148082531,0.6884220434767342,0.016706697127125664,0.6863541641803632,0.015020382194105366,0.6887767267073173,0.013914861609741688,0.6887767267073173,0.013914861609741688,0.6621890306235299,0.019051780988597992,0.6834214863795802,0.014248188879319505,0.7070014980102516,0.007267898797969992,0.6956120231682537,0.009329108268258716,0.6870077696050706,0.012085947660947118,0.6786957354433207,0.020269400353486764,0.673332012599951,0.023648735912195396,0.6764736698086252,0.014479988591890711,0.6885082928680655,0.015124733638022123,0.687745197937533,0.012354482029755781,0.692081069391262,0.009648453030288485,0.6829414366279537,0.011803512260844166,0.6908454818607921,0.0160599633719943,0.6931486041078262,0.013093038567753922,0.6932300809803608,0.0038550730162075996,0.6877670367864178,0.0033885177882467857,0.6886221666792957,0.025156626083610138,0.6887767267073173,0.013914861609741688,0.6887767267073173,0.013914861609741688,0.6651908574487361,0.015234057297138602,0.6928202414874064,0.01275612740416048,0.6980471385262702,0.007487955180207041,0.6876285886698632,0.015038340506570984,0.6814450466702904,0.022879059930978628,0.6914493030661598,0.011025282839723512,0.6969703299901351,0.014970578207859173,0.6935557924053238,0.02663458145368876,0.68904528575038,0.012281211540238295,0.696946544181093,0.024381360802818667,0.7003739027636974,0.013805308702253457
et_recall,0.7272552552552553,0.0016121176283298566,0.7342462462462462,0.012141595334064467,0.7353033033033033,0.012161686121258628,0.7474594594594595,0.006851397255089686,0.7347987987987988,0.0031845200886824842,0.7306186186186187,0.0068919645131505294,0.7363843843843844,0.009588655833800573,0.7386906906906906,0.007507036621869221,0.7386906906906906,0.007507036621869221,0.7217297297297297,0.011267011144697142,0.7274234234234234,0.007478497705283351,0.7589189189189188,0.006268198891577339,0.7479159159159159,0.004018193077159822,0.7317237237237237,0.0036780302180193275,0.7319159159159159,0.014697284522472036,0.7277837837837838,0.01621493488431242,0.7206006006006006,0.009695591316545049,0.7314834834834835,0.00618911269300678,0.7369129129129129,0.004880366804073694,0.7454174174174174,0.005766816721035371,0.7262942942942944,0.013674967439237063,0.7339099099099099,0.0047112207554318025,0.751087087087087,0.00530713474416336,0.7460900900900901,0.014983019363520299,0.7304504504504505,0.0059698128691542205,0.732972972972973,0.010724217765623845,0.7386906906906906,0.007507036621869221,0.7386906906906906,0.007507036621869221,0.716876876876877,0.00556139292384694,0.7294894894894896,0.009857376454882742,0.7410930930930931,0.0031102529919081498,0.7322042042042042,0.006801302608812247,0.7265105105105105,0.011191921056493078,0.7362162162162162,0.0034323260251649043,0.7446966966966967,0.018153913947649016,0.7427747747747748,0.018317652722609688,0.7343183183183184,0.018730467104841032,0.7454174174174174,0.009399351427983036,0.7523843843843844,0.007971162482550196
eu,0.8393871126450557,0.006504497382078691,0.8536809123764922,0.00809734851247159,0.8577500582627707,0.005872870084997441,0.8533701775997219,0.011144262544033043,0.8499927865141107,0.010938098569087864,0.8498189230080606,0.01060622867355951,0.8466708837814942,0.011445703683621413,0.8557006884254995,0.020605252534677817,0.8557006884254995,0.020605252534677817,0.8319923648026278,0.010926371069190137,0.8416103459883771,0.005919900833641797,0.8593333259348862,0.009316342994502444,0.8659512368353882,0.015718184489351947,0.8405264734932137,0.0010720028122139873,0.8444291543205081,0.018043980845689592,0.8558190635785549,0.017169904086741603,0.8417731118238282,0.013795530941406314,0.8467596651462858,0.012326576613492615,0.8624924628320515,0.022625323597796447,0.8577278629215727,0.021395644080283428,0.8428236913071947,0.008969444680233796,0.8360874052536372,0.007334981015139382,0.8591224701935064,0.013987090950541597,0.8574430227095333,0.008320310313247068,0.8475549982058767,0.0190314610694308,0.840482082810818,0.00823590727647725,0.8557006884254995,0.020605252534677817,0.8557006884254995,0.020605252534677817,0.8370048126898165,0.012533600955148027,0.8514169875743081,0.004365749891820352,0.850137056231897,0.019930183626347363,0.8527265127049831,0.007269036366405726,0.8409333880818416,0.010999948921280084,0.8628734828559486,0.01683787770620107,0.8583678285927784,0.014998050524305659,0.861464078689883,0.011392235002005473,0.8517869099276062,0.01821442636726262,0.8581902658631954,0.01945894921781711,0.8584603091811029,0.009743584148211108
eu_f1,0.5665758103865883,0.006635469144433139,0.5907474854255234,0.009617867097410597,0.6061930667738648,0.0009314719324447645,0.6057261742324586,0.010048616377864698,0.5852199001124386,0.00860230966541319,0.5908953200087853,0.01915220754756489,0.5883593140676087,0.02058835955139297,0.5883242355597024,0.019444951839175273,0.5883242355597024,0.019444951839175273,0.5646902091562693,0.03777613195544128,0.5866301351683255,0.01734308837508964,0.609207500604178,0.018971723038017082,0.6031057728049776,0.012506008598057146,0.5790496984799222,0.00567470728410272,0.5729559740405752,0.023445132233920547,0.5842553866223829,0.025768910489950732,0.5695709819839446,0.024791428160840834,0.5840585888198571,0.016770898292154786,0.5915215282074135,0.02484899540510452,0.58874715391679,0.03574932726614763,0.5736581968608768,0.020127830373930688,0.5596734121236427,0.015482032714014575,0.5982684630534306,0.012351810649209854,0.5974898947173822,0.010448558559512107,0.5790131006752532,0.026540984162338667,0.5669458630539205,0.009250956845208163,0.5883242355597024,0.019444951839175273,0.5883242355597024,0.019444951839175273,0.5586304226491654,0.005073302772502671,0.5838427431011103,0.008208399380536552,0.5856669290761897,0.030755308979446363,0.5918226744850491,0.0030078422371249366,0.5752174602586823,0.007824796929472307,0.6030469886413101,0.02793912870272167,0.6016060389013747,0.019748101854362862,0.6060034103319918,0.015185463029572643,0.5891786396508627,0.02144404837848834,0.5989244721138998,0.013734373055689876,0.6025660204078634,0.02024427856508719
eu_precision,0.5177813177224102,0.01190879519506874,0.5441556437072684,0.012214460820539695,0.5624906780350091,0.007653988084661544,0.5547554439863035,0.02156525903476716,0.5357089873189924,0.017609697586475653,0.542913403810087,0.02852527419787685,0.5324208024279331,0.024800944348173985,0.5452435612393473,0.03720725498618823,0.5452435612393473,0.03720725498618823,0.5033270111869228,0.03437963354104128,0.5290924560027667,0.022408085979808815,0.5644825848262439,0.02593365320006186,0.5592107084015752,0.03004472899118208,0.5220312911890436,0.004973936480916983,0.5215506480655047,0.03301384477024002,0.5399343859283973,0.03145959081931348,0.5200068010456813,0.03699622489488494,0.5351009644359898,0.02727174588773257,0.5478762267601544,0.043923321683205674,0.5461120184250966,0.05120930095870009,0.5204483136077688,0.01969041096314318,0.5023964957029626,0.017563213478238214,0.5574453272135512,0.025891967287108866,0.5572129259281507,0.01770921566809174,0.5321056414515305,0.03953354904859594,0.512353031680903,0.015858979954411948,0.5452435612393473,0.03720725498618823,0.5452435612393473,0.03720725498618823,0.5061836421683783,0.020800797308777784,0.5360262651166758,0.011687610061962164,0.5348612928138109,0.045429126711088286,0.5410074470027711,0.01021130816902399,0.5175434512774335,0.002383669676009684,0.5611375340468462,0.040590390161185166,0.5525745912145464,0.027924318571700666,0.5603079023976969,0.024590968002166206,0.5427386592811514,0.028980169867370516,0.555076672093007,0.032655117160859386,0.5538595762419992,0.026203956851464295
eu_recall,0.6257027515664859,0.005760185720339801,0.6461104093914852,0.005984242109655425,0.6574535007553806,0.01006763559720088,0.6680288282933353,0.021303818574469526,0.646085642816455,0.029353689098858823,0.6487604329197315,0.011802747729469867,0.6576516333556232,0.015310852125074464,0.6401664313842038,0.005928633883884205,0.6401664313842038,0.005928633883884205,0.6431136538128143,0.04207912525075243,0.6584441637565942,0.010398511310454116,0.6618867176858112,0.009760827401212877,0.6556703073531961,0.01244744013660417,0.6501473611214306,0.011788239313752226,0.6363276122545013,0.014877085985347264,0.6368229437551082,0.019636645655014804,0.6305570002724323,0.014090004699491605,0.6434356192882086,0.004458602626845186,0.6445253485895436,0.013160562743967886,0.6400921316591129,0.018220710506116365,0.6392500681080814,0.0253131359649225,0.6318200955989796,0.014219292887384296,0.6467048071922133,0.021894100586032327,0.6443024494142705,0.006668098499013516,0.6359561136290462,0.011836842464998951,0.6348168511776507,0.002529466458213707,0.6401664313842038,0.005928633883884205,0.6401664313842038,0.005928633883884205,0.6244396562399386,0.020774226165870234,0.6413304604106298,0.015252691833576389,0.6482898679941551,0.00990065327300527,0.653391782450405,0.007493229496713541,0.6474725710181538,0.016583048394011052,0.6527478514996161,0.01806099830827142,0.6605740892092032,0.007912949790889951,0.6602025905837482,0.0022686777550397362,0.6448225474899076,0.017818668650669084,0.6517819550734328,0.014164250884115374,0.6608960546845977,0.011677827508483072
ewe,0.8930337298673324,0.023171095223114165,0.8082929456112008,0.0219886696085439,0.8224735236043799,0.07387085803799137,0.8200747376837846,0.12707063427004903,0.9219986619017314,0.0037135811530347408,0.625218256882231,0.09512771226660735,0.8901780323428143,0.04049366184403531,0.9186697345017216,0.006217518443009253,0.9186697345017216,0.006217518443009253,0.477798991530817,0.13169426595252282,0.8181491816386809,0.13903182315766158,0.8886604330869274,0.009577685565933643,0.9113754671105236,0.00251597903065654,0.8689479610319676,0.028066141530426046,0.622656288245949,0.19972767068595937,0.5952579102821429,0.14831821018099856,0.5212871852613371,0.18797358851984886,0.8620126956152804,0.013014463548611301,0.8790652894045463,0.02920696651542922,0.8718199768280543,0.01498963597541636,0.787617695533689,0.05107996444832453,0.912305608589938,0.011688451121796997,0.8973417535614628,0.025951547082959433,0.9215907051125144,0.0031194372605552337,0.8713141104094254,0.009607166712213249,0.8853804605016237,0.02508934651690449,0.9186697345017216,0.006217518443009253,0.9186697345017216,0.006217518443009253,0.796021605391557,0.047734341765287513,0.8969011602291085,0.013441373267277687,0.8984677142997013,0.02394160726523882,0.9147370310536708,0.005016933104615898,0.8605277329025309,0.029559831663664604,0.8770907785447366,0.0408265055444691,0.9226024379497724,0.005899207519117335,0.9093683197075766,0.012198920343327035,0.881039800264356,0.028939542546888655,0.9144433021654347,0.003793392736179811,0.9163688582105384,0.007817048237685338
ewe_f1,0.5291403005565726,0.04467130260555618,0.44311525143102326,0.0179811873238362,0.4771045824081333,0.05090086782315557,0.4654890348504009,0.08309564086432683,0.594149987047119,0.018040613467229082,0.35667164768836646,0.031276159163593976,0.539031879577453,0.07979546410332983,0.5823687934135937,0.035400178088714915,0.5823687934135937,0.035400178088714915,0.26922543303932917,0.04226849513509424,0.4868741131318117,0.11390454817340737,0.5361870997464502,0.0074078497531923256,0.5577498880266343,0.013505730072586106,0.48836077137773204,0.04694370202934224,0.3141497622326676,0.11764200042961369,0.28974232873464684,0.0734313294455393,0.26918720345005925,0.06343293220376776,0.4495382193921659,0.02730356170446225,0.4969209537864628,0.03134742290308715,0.4761557612207577,0.020854139309076366,0.39533539580392146,0.04728972368558246,0.5780495561506779,0.028175577457896003,0.535817265480863,0.06347432076602041,0.5925276234675946,0.012080004427406903,0.48698849470291666,0.00898946388885555,0.48800641739994627,0.06933622913782735,0.5823687934135937,0.035400178088714915,0.5823687934135937,0.035400178088714915,0.40785748490016277,0.035597370171456415,0.5309445811954837,0.041215348823116185,0.5390410734047716,0.04858708297144132,0.5708506820862017,0.012387206718361578,0.4840097436981868,0.04832262716448218,0.5015823467898217,0.050346859380567856,0.5997746059758684,0.02695600464344785,0.5533586609255771,0.041655534227358376,0.5095421212552237,0.04686654841144821,0.5630492905544336,0.008621944145444505,0.5688872627874001,0.03761134008612378
ewe_precision,0.5053987649463697,0.06121459764127207,0.39498318635654545,0.021761823308918998,0.45737953412688154,0.07592007756241981,0.47411075720085244,0.13061697083330603,0.6004705032793999,0.016064647483659697,0.31274311667426274,0.02014354184009835,0.5579150411945685,0.07916823060054633,0.5956676360765004,0.030466285692302985,0.5956676360765004,0.030466285692302985,0.2274691396444232,0.03166557239861492,0.5037714214581154,0.14100947651188833,0.5254245517991859,0.013747427876174287,0.5584822604931301,0.009041593638153909,0.49561125250034094,0.05284480177622604,0.277885546694445,0.1164631347788451,0.2533909115777057,0.06209472928161668,0.24387175571240008,0.04886547395706793,0.4381509615629869,0.03476793149735203,0.48648777770102397,0.04544708557092963,0.4472920787496118,0.02478185884726403,0.354910998611984,0.05191747080053305,0.5692255143712045,0.037864078265345394,0.5265025733581867,0.06426619156224352,0.6089286020183281,0.009500556321033282,0.46155745525750413,0.00962516149713291,0.4833664629723859,0.08433085239025824,0.5956676360765004,0.030466285692302985,0.5956676360765004,0.030466285692302985,0.36974685859546,0.04086139125511138,0.5244464120827742,0.04575109048013336,0.5387655660823104,0.06275783937179547,0.5771186838027775,0.015712348115979897,0.45219103084855267,0.04340415511227133,0.484851430702079,0.06391048989868849,0.6050000342913661,0.018848822108157377,0.5567364842084161,0.04608185938765697,0.4916995875060745,0.0528382445430755,0.5731561912697364,0.002938723728097422,0.5799541121706268,0.04191427574709774
ewe_recall,0.5566069057104913,0.027711507095201992,0.5053120849933599,0.022317944322292064,0.50132802124834,0.027319417765166918,0.4644754316069057,0.03988522571319002,0.5879814077025233,0.0201698350565326,0.41650066401062413,0.056987287747352074,0.521746347941567,0.0821793629605232,0.5697211155378485,0.0399990625038945,0.5697211155378485,0.0399990625038945,0.3300132802124834,0.06042405469007897,0.472941567065073,0.08892103920003759,0.547808764940239,0.015341555578435633,0.5572709163346613,0.022249310661044554,0.4832337317397078,0.055548169820287846,0.3628818061088978,0.11589613072825684,0.3388114209827357,0.09022377981713194,0.30112881806108893,0.08310965706291217,0.46181938911022574,0.020438560893706423,0.5091301460823373,0.02522366522340314,0.5091301460823373,0.016201212895039143,0.44687915006640105,0.03860873486556447,0.5874833997343958,0.019063581965412458,0.5454847277556442,0.06264285695174103,0.5773572377158035,0.022495044359483338,0.5154382470119522,0.010108457734155588,0.4935258964143426,0.055339419852944584,0.5697211155378485,0.0399990625038945,0.5697211155378485,0.0399990625038945,0.4553452855245683,0.029619265510877766,0.5376826029216467,0.036576755667326113,0.5398406374501992,0.03472154982779553,0.5647410358565738,0.009223236642157486,0.5207503320053121,0.05506611121256947,0.5204183266932271,0.03425773609944192,0.5947875166002656,0.03491861036162584,0.5502988047808764,0.03987797055611076,0.5292164674634794,0.04221137786376252,0.553452855245684,0.016231800485949067,0.5582669322709163,0.033699356913779246
fa,0.7148700363640438,0.01776143943949495,0.7010135986956011,0.020911246208133887,0.7465498983039452,0.006459374382174559,0.7545399023941997,0.01877953303168301,0.7428910815641582,0.024697955523354895,0.7287881080051325,0.02031936589553367,0.7095190869207108,0.026245093450803218,0.7164108856801868,0.02835084286306503,0.7164108856801868,0.02835084286306503,0.7040504726205085,0.028910887289962585,0.7147299591534854,0.022746631656556767,0.7084713093857333,0.06129341406093106,0.7072666453749307,0.009953001450507305,0.7528365635138088,0.01246611876260939,0.7062020585746863,0.05534235672302672,0.7288609481546228,0.0017352937621599538,0.7396300841023572,0.02515176340196626,0.7524387442358228,0.022509823885267184,0.7749463504283561,0.03259183607309612,0.7660822645442167,0.020176496568299507,0.742375597429303,0.040595897589656454,0.7466059291881685,0.042321672070407323,0.7210782583359947,0.016197481044330192,0.7041065035047319,0.0060804714526579645,0.7740106346618255,0.029247891321848362,0.7434681996716591,0.02751751339770273,0.7164108856801868,0.02835084286306503,0.7164108856801868,0.02835084286306503,0.7007558566281734,0.015413118580736893,0.7140407792775377,0.06828620591395433,0.7564393493693724,0.04466294007349876,0.7442694413160534,0.027081371398126382,0.7551394328553899,0.03824871392926809,0.7343295624548251,0.031815867549168646,0.7675782891529811,0.008931463548578074,0.7545903301900007,0.003777873798955956,0.7293372106705216,0.009734132166857161,0.7211454953970629,0.025008799405939523,0.7355622419077396,0.03973958576964193
fa_f1,0.4593945010075971,0.016501372769952595,0.4243525798997039,0.03338504670509996,0.4888719127748075,0.022053125247224355,0.514115925471343,0.03561589285288234,0.487431972290886,0.04139384708139396,0.47047267981718033,0.03221647377116871,0.4444689337695902,0.04948513478713707,0.4630353305327268,0.03345354313622264,0.4630353305327268,0.03345354313622264,0.41839365615064955,0.03930761502275886,0.45393634140026906,0.04022142473649577,0.46834947345402717,0.06276290482936243,0.4426131841348124,0.012219268166372215,0.5161232215001799,0.013748993155726096,0.4722243152115679,0.06714533989808606,0.48463554385700985,0.023421995448344925,0.4861694064835664,0.038930141980118134,0.506310445710552,0.02865052295012078,0.5472615669687749,0.052953058769589355,0.5175454165824395,0.0340571209462748,0.49864118321895007,0.06484938173940903,0.5073706204583176,0.06850339305156036,0.4689408060719887,0.02646320422805969,0.436649829534192,0.015272311262570457,0.5557570845804115,0.05066599942503579,0.4889335964753488,0.05137207280716508,0.4630353305327268,0.03345354313622264,0.4630353305327268,0.03345354313622264,0.43090663458395156,0.019707664670222773,0.4623194829945183,0.09274733669137293,0.5235158198219004,0.05922541659459487,0.4927395296872638,0.04554674514735034,0.5264277580488882,0.08337017885867067,0.49066054418175736,0.03992656839826119,0.5415732020689629,0.023434395184661345,0.5082675013126713,0.01204293107221452,0.4697120975293439,0.01629888648928999,0.46183107663957584,0.03198548127236963,0.500934899279454,0.04371524256503088
fa_precision,0.42385198133383645,0.02920389122035661,0.40086496957424816,0.03780604707049565,0.46646562132420494,0.021770371064077726,0.48632808414760137,0.04112993158314082,0.46019744786357136,0.03714834576899657,0.45237353749228504,0.034557634530070463,0.42776552927484807,0.049499761690028996,0.4304515829388395,0.030977553651140678,0.4304515829388395,0.030977553651140678,0.3968930914519342,0.044305631811885085,0.4348324984306398,0.03980737497141531,0.4424382390540557,0.06128160188875811,0.4108779165151131,0.013865938259800483,0.49597473291690347,0.014450957812783598,0.44778519688035007,0.06229180926433169,0.4539021594347821,0.02832146977159424,0.4637884557140572,0.03378382781759101,0.4697871990970912,0.02642329613233834,0.5157157331052202,0.05087986559130018,0.4772654140607839,0.03785250457575512,0.4658398896208957,0.06219930687978956,0.4816328556968317,0.06974993484205097,0.4439964859296621,0.020109722723871667,0.40461829021606216,0.014746691174852038,0.5311355345629406,0.05466191027881051,0.45661607778464003,0.05504485681159716,0.4304515829388395,0.030977553651140678,0.4304515829388395,0.030977553651140678,0.39944286825972286,0.018916756314849993,0.43260561949550563,0.08851791331075495,0.48636727743823904,0.05836485291729135,0.45245621118278795,0.04165123033025572,0.5046267151765091,0.08352968018316682,0.4661360798540695,0.03530413282409262,0.505862532088955,0.02728311484761752,0.47309811157704323,0.014794948070395803,0.4456271705057229,0.014597608326774864,0.42557530752905626,0.03513711396753188,0.47186751871378635,0.03989846066646714
fa_recall,0.5023893750387886,0.0035440430795678755,0.4510022962825048,0.02862808591290088,0.5136225408055607,0.023737196693086524,0.5454912182709614,0.028944493383537356,0.5182461366598399,0.04740933231009199,0.4901632222429095,0.029879706508671056,0.46254577049587287,0.04931359700927689,0.5009929870291069,0.036699520236274326,0.5009929870291069,0.036699520236274326,0.44299633836033014,0.036728553955523754,0.47486501582573076,0.04111582233492142,0.4975175324272327,0.06423387093147012,0.4797989201266058,0.013285840830319346,0.5381369080866382,0.016927830609909236,0.49950350648544656,0.07280076225573356,0.5200148948054366,0.01736194476941178,0.510860795630857,0.04498636705271676,0.5489977037174952,0.03136711916083618,0.5830695711537267,0.05624147771997124,0.5655371439210576,0.029569594562896734,0.536554335008999,0.06858445682479494,0.5361199031837647,0.06677408775724393,0.497114131446658,0.036108384745039517,0.47427542977719855,0.017470751357762448,0.5829144169304289,0.045690260778824925,0.5264072488053125,0.04576275328525607,0.5009929870291069,0.036699520236274326,0.5009929870291069,0.036699520236274326,0.46775895239868426,0.020612026883934136,0.4964624837088065,0.09736798191098087,0.5670576553093775,0.0611946116471493,0.5409296841060013,0.0505184914854324,0.5508595543970707,0.08618460004680516,0.5179358282132439,0.045378035023591064,0.5828213243964501,0.018226732063624056,0.5491528579407932,0.008778384087973426,0.4965866070874449,0.019035621200023563,0.5049959659901943,0.026968624847522226,0.5339477440575933,0.04915658972836525
fi,0.9080683719818312,0.0027964481178455137,0.9056060243844132,0.005256611531415042,0.9084867320105188,0.0036702964136525918,0.910514782054347,0.003200259365753332,0.9091760299625468,0.0030004612910464355,0.9070443860068531,0.004276642599713939,0.9055621961909316,0.004246888756256444,0.9087337636465058,0.005635806893767702,0.9087337636465058,0.005635806893767702,0.9047055542274284,0.0028847057655208034,0.9064427444417883,0.003972312185488497,0.9079966531197705,0.0023912561930572907,0.9080882938879592,0.003135378928774063,0.9054546178978405,0.005676199613172366,0.9070523547693042,0.004202154817994714,0.9067375886524823,0.004866358553187333,0.905645868196669,0.0028232033194435114,0.9085903259223843,0.004250285330663863,0.9083831380986532,0.004502661062327206,0.9062156347119292,0.0033838798742996537,0.9085903259223843,0.004412318592796092,0.9080922782691848,0.003617144519070871,0.9059964937445214,0.004047058615887147,0.9087616543150848,0.0012013355399715575,0.9091082954817118,0.001351339766627909,0.9084588413419397,0.006722114027301662,0.9087337636465058,0.005635806893767702,0.9087337636465058,0.005635806893767702,0.9036496932026457,0.004262772144862186,0.911451111642362,0.0025459634844916734,0.9105705633915053,0.002661939422753927,0.9094350147422104,0.0034636558520815012,0.9087457167901825,0.002396905855762173,0.9094868116981432,0.004320120350379029,0.9097896246712885,0.0032124393306872993,0.9079129811140328,0.006366067468932489,0.90739102717348,0.00214838707635217,0.9079368874013866,0.00778136800410027,0.9084986851541954,0.005061658863034692
fi_f1,0.7457408466214143,0.006068160235058053,0.7414239990115176,0.013537298394554108,0.749963153744182,0.007355660292996711,0.7562812863013835,0.007157729696445947,0.749476001815914,0.005840613637395937,0.747712224842329,0.012082049351111818,0.7462833723641688,0.00905350208311282,0.7506498287005189,0.01297468717184715,0.7506498287005189,0.01297468717184715,0.742276069500718,0.00618899056701587,0.7462144061090982,0.011682134505500015,0.751799441361258,0.006474893017820975,0.7478011132164499,0.008702050378194232,0.7448032858351604,0.012669401719893962,0.7457746026143138,0.012151743016923155,0.743774467560959,0.009696041765741755,0.7411374565225946,0.005154153849372775,0.7479517986399125,0.01007237368036875,0.7473129786418569,0.011808804771117221,0.7433819859456698,0.007632025026099813,0.7475273023591681,0.00840410823708736,0.7477479818323979,0.00980191939839937,0.7462725479726656,0.008987607084594207,0.7494590528778251,0.0023574380681771184,0.7494805889427179,0.001744910385682052,0.7497249181014848,0.015599648922880256,0.7506498287005189,0.01297468717184715,0.7506498287005189,0.01297468717184715,0.7384989752121753,0.010377821679075623,0.7536733092201416,0.007006940501016099,0.7535837550133561,0.007890977749853504,0.7508624509272241,0.00760681462986368,0.7487821224422685,0.00556365341275917,0.7524849663769849,0.007443198186430145,0.7520285902391258,0.007373846576927813,0.7474242175430866,0.01624791837355214,0.7463265427070266,0.003949517826158999,0.7466335518235178,0.016959755565102062,0.7480503078414952,0.013666211249835934
fi_precision,0.7183326732449,0.010095694051369546,0.7095328232689861,0.014322010725034695,0.721948944788525,0.010158694582726047,0.7251073873977282,0.010821945928205913,0.721048722580683,0.009198941738204118,0.718199952511597,0.015141177614205418,0.7145572153539352,0.01340246021802924,0.7182107516832966,0.017435160655732737,0.7182107516832966,0.017435160655732737,0.7069165155757268,0.007565094601308493,0.717898934970755,0.01643503253875654,0.7186290406931789,0.009426108390962498,0.7153708116532712,0.011501304272704375,0.7148818908898459,0.01632644580905948,0.7130025698118838,0.01470647469332463,0.7116245146088468,0.013034882142525014,0.710485956647635,0.009897855565227449,0.7193445825550248,0.013421956418729833,0.7161037737825215,0.014263730846324542,0.7078129601768355,0.012698580728753791,0.7178429501477256,0.011341496692043485,0.7195191328295726,0.01452040776240324,0.7097153144069349,0.011007576532831855,0.7193649424774646,0.003658799602467845,0.7222309714302956,0.0010097458972405748,0.7225529465006416,0.02363916520080127,0.7182107516832966,0.017435160655732737,0.7182107516832966,0.017435160655732737,0.7069550805749044,0.016755872326287315,0.728428118778443,0.009327324961728183,0.7264938273658702,0.00990029040817059,0.7228992741619935,0.011412089114934255,0.7214727379292379,0.009219483887140362,0.7232231686455105,0.01112422602902047,0.7214792154738277,0.010429936711936882,0.7156893587096365,0.019679551179305806,0.7165556025578459,0.006656177672579725,0.7159988493507502,0.024641277036534705,0.7150283088961386,0.014419354456940408
fi_recall,0.7753653062159315,0.001953497561865288,0.7763272410791991,0.012825409634403526,0.7802665933763914,0.004891431010184858,0.7902981998076131,0.003918256817200267,0.7802665933763914,0.0022401869433696683,0.7797856259447574,0.008613952170737151,0.7810223993403875,0.005252580693587016,0.7862214282442398,0.00793866394792359,0.7862214282442398,0.00793866394792359,0.7813659475058404,0.004478793043213554,0.7769227245659841,0.006496725018454601,0.7882369108148962,0.00686236923025909,0.7833356236544363,0.005322816619191559,0.7773807887865879,0.00844318106874021,0.7817323988823234,0.009329678605345887,0.7790069167697311,0.006255721865628198,0.7746095002519353,0.0004574912820172907,0.7789611103476708,0.006136735787117365,0.7813888507168705,0.009014937778437197,0.7827859465897119,0.001521469807177154,0.7798085291557877,0.006187047161944073,0.7783427236498556,0.004462953810376528,0.7868169117310247,0.006639047927411873,0.7821904631029271,0.00254411276371765,0.7788694975035501,0.0028942446231360512,0.7791901424579727,0.006647575626555749,0.7862214282442398,0.00793866394792359,0.7862214282442398,0.00793866394792359,0.7730978883239429,0.00296753503490368,0.7807475608080253,0.0046035454170674376,0.7827859465897119,0.005752491508069878,0.7811140121845082,0.0031187917293194526,0.7782740140167652,0.0013252234108826085,0.7842517520956438,0.0033499029114330285,0.7853052998030323,0.003801036112734335,0.7821446566808667,0.01205738234095114,0.7787091750263387,0.003784855238268132,0.7801749805322706,0.007715493189374001,0.7842746553066741,0.012702241423455336
fon,0.8450855599480379,0.1306295068683442,0.7590489808506463,0.03371501997326701,0.6556293866412464,0.1857084648257235,0.6784889860842421,0.36725448422363116,0.9599723367071334,0.00470842805654124,0.33980990831861374,0.09172299940389725,0.8077307688713189,0.28397627506288164,0.9656919094214073,0.008034204906088067,0.9656919094214073,0.008034204906088067,0.2390258034971635,0.06534481210606964,0.7290212241007094,0.2722417615804058,0.8820758684498277,0.05813195360692725,0.9517387687965533,0.012215704293841324,0.7678059083559967,0.04573558627892932,0.7631424005383128,0.2794373785888363,0.7143297726189476,0.32906324408118726,0.5288361791011299,0.360045112045114,0.8010766254520986,0.08726043982210273,0.8451603256044335,0.12693325449462894,0.7614975560976065,0.09758729259403716,0.5346865917140962,0.04058014049761026,0.9520284857150868,0.03697512746721594,0.8455621910075606,0.08699164798751445,0.9648601414940048,0.01174381711456518,0.9631592228110017,0.005616668859121573,0.8800385043130438,0.08328832250989779,0.9656919094214073,0.008034204906088067,0.9656919094214073,0.008034204906088067,0.551060270464762,0.2167240744364892,0.9533181932879131,0.009256624434971125,0.9309912991467368,0.049962624511854015,0.9405893402865394,0.02127005110579883,0.9569069447949085,0.018145606612565094,0.8375996486014149,0.16237807173121555,0.9625610975598359,0.008656042101083172,0.9125428734310894,0.07174770152138113,0.7140774385286118,0.22376010096123758,0.959196643022028,0.012582275723862316,0.9733927720301679,0.004509795121613775
fon_f1,0.34276098191885124,0.10478570224676234,0.2239628272573075,0.018999266758658023,0.19205009264242615,0.02519703040005554,0.2338938727503257,0.09597093968672525,0.5123284898603612,0.01591980949271347,0.1430791805131696,0.011374829883418284,0.4444435828481684,0.2123533714373009,0.541772823919305,0.029938441747496453,0.541772823919305,0.029938441747496453,0.13408080463177183,0.010688717050388754,0.31145558370144094,0.15230782030321724,0.3328642528508104,0.07027679167654458,0.47686107455692445,0.053144279067167295,0.2517131099965969,0.013492665673559638,0.3196725334880564,0.15068873605139202,0.29068069309790695,0.13054664180961426,0.20381209406764692,0.09325141666561362,0.27744190888362935,0.06942230385369308,0.339627033848906,0.08640042862451817,0.24392936416390745,0.04625162562958941,0.16461760401954106,0.015408053683299224,0.5291048015010498,0.10967174936463543,0.333490335589925,0.09317064587645844,0.5340420588740681,0.05297210782840402,0.519203328472989,0.026967052393898672,0.37804325104166114,0.15926718738400564,0.541772823919305,0.029938441747496453,0.541772823919305,0.029938441747496453,0.18791059756766204,0.05481240689334905,0.5000677061662538,0.031732829605634665,0.45734536967436856,0.09924426106566075,0.463749755917181,0.040338044939187113,0.5103788625572888,0.06602539288596135,0.34274566480750895,0.1543150321853237,0.5040020337121306,0.037304049164052944,0.40167301627321894,0.08591671262016143,0.27440623314066875,0.10134441010898843,0.4916287352904638,0.047273153158710515,0.5867455282922481,0.04146702108370433
fon_precision,0.25405162476253074,0.09676664354209938,0.1440344027579451,0.016343822625076297,0.1308564831758679,0.02552790571054759,0.19097376380596795,0.111389944030284,0.4452029556508805,0.027184090936483753,0.0917755059794463,0.008107697257741913,0.44900459102439855,0.2702200271706571,0.5038666074958483,0.04597938770467213,0.5038666074958483,0.04597938770467213,0.08410296607730124,0.008459314089923283,0.2778168566342219,0.19059792027671893,0.2541109061443838,0.07184849811718723,0.4142179297260992,0.0724246746137351,0.17548479682045423,0.0061792528581016545,0.24228086563848086,0.13350399361662266,0.21122775114949466,0.10681529552747249,0.14994762624121963,0.08687932088776817,0.19282154197091775,0.06329854017881244,0.24754410985861916,0.08285625538943188,0.1594920745002695,0.035619825408268656,0.10285829669011654,0.010796186742899888,0.4648413891659348,0.1372639014251232,0.2475820021995702,0.08139203489853772,0.5050550711453016,0.09624400956555826,0.45773162435112386,0.03962266620306499,0.31973608671513204,0.2132067237568457,0.5038666074958483,0.04597938770467213,0.5038666074958483,0.04597938770467213,0.12142002632012583,0.04019286289124154,0.4250453159051431,0.0404084526666361,0.38625591350294647,0.11453901869130087,0.38843244903169644,0.057292561907048616,0.43156624244609104,0.07037769339716678,0.27003714745658497,0.14666575605455828,0.4515911629686575,0.05673288782311239,0.3318533678992132,0.11846651239810652,0.1910454617504339,0.0805207237146985,0.4524547559401418,0.07892538433288847,0.561667396854321,0.04998825963186623
fon_recall,0.5451276519237684,0.06268201139823378,0.5107874865156419,0.012967438274186931,0.37108953613807977,0.030871818816082388,0.34627831715210355,0.08377509521188316,0.6058971592952175,0.03756049343781258,0.3311758360302049,0.05766009930913814,0.47752606975907946,0.09888267787722278,0.5875584322186264,0.01900353867202272,0.5875584322186264,0.01900353867202272,0.33261416756562384,0.005097967234360954,0.38798993167925205,0.0740286759148955,0.49514563106796117,0.022959866940445273,0.5670622078389068,0.02731883482664152,0.44804027328299173,0.06049975342120993,0.5077310320028766,0.1074551345311752,0.48220064724919093,0.1411924984864716,0.34160373966199203,0.08119569428375562,0.5109672779575692,0.03119679428514058,0.564185544768069,0.025505049444524017,0.5249910104279035,0.03724938515233415,0.41280115066522827,0.01945738836169531,0.6289104638619202,0.037322209044242084,0.5167206040992448,0.09431496437710632,0.5749730312837108,0.009588127742519444,0.5981661272923409,0.012967438274186931,0.5393743257820928,0.014023732470334404,0.5875584322186264,0.01900353867202272,0.5875584322186264,0.01900353867202272,0.4221503056454512,0.07244769717330958,0.6087738223660554,0.010252842451911734,0.5728155339805826,0.0479406387125976,0.5792880258899676,0.0030511619468675875,0.626393383674937,0.04834350830546114,0.5037756202804746,0.09551038552345442,0.5742538655160014,0.030172839548073625,0.5472851492268967,0.037684217605225306,0.498022294138799,0.10642134744963136,0.5454872348076232,0.018569940789177012,0.614527148507731,0.03149379545436539
fr,0.8659334371105324,0.0094425063872225,0.8637997003069672,0.002702561674437799,0.8663941302840295,0.005442552177865352,0.8669518114940522,0.002854947098483024,0.8624564160010862,0.002779976433525595,0.8700505792610481,0.00842068850191542,0.8658122020648754,0.00629445445308586,0.8609288544258066,0.0014264909279554274,0.8609288544258066,0.0014264909279554274,0.8625340064303068,0.006137825650134843,0.8696723259185979,0.006688763256300201,0.8714860022016285,0.006562294336645504,0.8627619283161422,0.0037822629674234523,0.8794729670095194,0.009151380182439921,0.8673203660328498,0.0031083833504704536,0.8647889782795293,0.003070050551243515,0.8662728952383724,0.0024172358911069463,0.8588484610423305,0.0027662383970297974,0.8633584047407753,0.004232136070564181,0.8692407291560587,0.0010007642767022105,0.8668645222611792,0.004841762851197976,0.8608415651929334,0.0016936219119491325,0.8672282273981504,0.0014070704652038037,0.8607348783527552,0.0009915574179171574,0.8661856060054992,0.00046622402371244005,0.8615592766632236,0.003178608114112164,0.8609288544258066,0.0014264909279554274,0.8609288544258066,0.0014264909279554274,0.8637512062887044,0.012501982694162223,0.8643525321151636,0.002321020173203293,0.8638869895398402,0.003296669586726864,0.8593140036176538,0.0029228620492898843,0.8691388917177066,0.01315810994860868,0.8646095504119566,0.0022960522185839047,0.8601238537226433,0.001158966455003163,0.8643428333115111,0.005113551087131333,0.8661710578000203,0.005244703741391851,0.8640664174074129,0.0033597326418404933,0.8679798846812247,0.003525481775406645
fr_f1,0.7609807228608124,0.009241695695463762,0.7652528564267048,0.002979552279783117,0.7683613358750448,0.007507680532487675,0.7715497067047193,0.005100515996971002,0.762369212986696,0.0038058536467187477,0.7718154711511981,0.00827688342325283,0.7689756087378598,0.0057469458600871125,0.7618085582302632,0.0037367239053282104,0.7618085582302632,0.0037367239053282104,0.7625791626576154,0.011561810718353958,0.7727722769427,0.0057449900126499845,0.7760049831271276,0.011495607038233335,0.7635617923561958,0.005548935778945037,0.7825348624280991,0.008122032750766499,0.771303476282028,0.004372745527831907,0.7668524533787019,0.004080993810204422,0.7688843023753854,0.004346267738884265,0.7568749836833856,0.0031376136597968357,0.7638596158415668,0.0070417010512905664,0.7744845640907593,0.0028179263194034873,0.7695931344527537,0.007248213074047657,0.7588919456979458,0.0021441359113484842,0.769990616571966,0.0019687924750551792,0.7594195761470801,0.0014852958575743425,0.767517196470532,0.0015030101433740337,0.7608936651520258,0.007071532245672632,0.7618085582302632,0.0037367239053282104,0.7618085582302632,0.0037367239053282104,0.7619113198994336,0.011724573501071393,0.7643389760296634,0.0038193174563870324,0.7650718337850703,0.005139228549555295,0.7562778649152812,0.0034529931804206083,0.7712155613240425,0.01618475066378949,0.766271730790813,0.0032689234875910634,0.7587023908741779,0.0015027950065576148,0.7667619173531581,0.0070965814201677975,0.7639924431749637,0.006783283741942911,0.7667137629921683,0.007995804388448139,0.7734477360743918,0.005994551503419128
fr_precision,0.7542567838085859,0.00747548025102249,0.7588911591505149,0.0044199044859479794,0.7591502148909933,0.007055699076472711,0.7613362435820935,0.005937908511956931,0.7548070933396714,0.002246660618962658,0.762685667807625,0.007066620468882206,0.7577730514174572,0.005973907719874378,0.7535551218951206,0.00343721983698091,0.7535551218951206,0.00343721983698091,0.7548589933203104,0.01274290266915646,0.7632536762655393,0.00801232614637387,0.7691022034115346,0.009523985087481765,0.7563034407015575,0.007558559240711182,0.7743637614478708,0.005748735212942532,0.7612461123636259,0.006796016653133386,0.7570287900175511,0.006297276680736534,0.7607333480841234,0.006513768462825887,0.7481098307007766,0.004831758985207649,0.7543531803276577,0.005707282731821567,0.7653624347663989,0.0068733897601475046,0.7614856661718759,0.008311155610852359,0.7502734981652345,0.001425625706234738,0.7604604986901711,0.003720813274508264,0.7501018124168471,0.002472929089733283,0.761524468238948,0.0030875912311448903,0.7537768579827034,0.007452496775477814,0.7535551218951206,0.00343721983698091,0.7535551218951206,0.00343721983698091,0.7523101706529268,0.013141865198652783,0.754784030980905,0.006018278663928561,0.7568175232892367,0.003607592765840689,0.7462406405310751,0.0009640911340684984,0.766670110096217,0.02048336499890772,0.7585523878777324,0.0018010318631960813,0.7495868701703235,0.0022812510561598374,0.760346298194491,0.007725467145070656,0.7554664666759,0.0059452917035719205,0.7589795003938823,0.006760612725932257,0.7647307873697433,0.006451664797807123
fr_recall,0.7678513530365382,0.012074550817050044,0.7717421124828533,0.004554541657029947,0.7778027185434593,0.008248910817216452,0.7820426487093153,0.004243816210246824,0.7700960219478739,0.006161075906106209,0.7811697219104626,0.00960128780761153,0.7805212620027434,0.006180128487213892,0.7702456665419627,0.004155389046259666,0.7702456665419627,0.004155389046259666,0.7704701334330964,0.010768780310979865,0.7825414640229456,0.0033714343652910023,0.7830402793365755,0.013583149488651037,0.7709689487467265,0.003487072262695435,0.7908966205262501,0.010988777956696902,0.7816435964584113,0.0023865067891568714,0.776954732510288,0.003954271683269335,0.7772290809327846,0.003741364251569761,0.7658560917820177,0.002180570444633458,0.7711560044893379,0.010422748663954316,0.7838633246040653,0.0029650154565123636,0.7778775408405038,0.006138317156521904,0.7677266492081308,0.005078187334401172,0.7797730390322983,0.0022907519647247477,0.7689736874922061,0.0004810400678883942,0.7736126699089662,0.0018785215171617878,0.7681506422247163,0.00702785460780954,0.7702456665419627,0.004155389046259666,0.7702456665419627,0.004155389046259666,0.7717919940142162,0.011623493935404943,0.7741613667539594,0.004154041570988995,0.7735129068462402,0.006798543474209092,0.7666043147524629,0.006446162718973494,0.7758573388203018,0.012128907445654535,0.7741613667539594,0.005665946953826229,0.7680508791619903,0.0029891484258043697,0.7732884399551067,0.006518993268973621,0.772714802344432,0.007707907217279664,0.7746103005362265,0.009312996789921134,0.7823668786631749,0.005585339555452297
gu,0.8901670775130102,0.00547109952216875,0.8874281018898932,0.004574991259515214,0.9033141605039715,0.006221756610024906,0.8964667214461791,0.006573541495480728,0.8983840043823611,0.005829580020211673,0.8937277458230621,0.009013685385869285,0.8912626677622569,0.0073647382414399765,0.8868803067652697,0.004952928326492754,0.8868803067652697,0.004952928326492754,0.8909887701999452,0.009629359535057228,0.8918104628868804,0.0031108783050125335,0.8923582580115038,0.0037654689358716607,0.8866064092029581,0.013675691846420117,0.8915365653245687,0.008339269979533511,0.8893453848260751,0.006056791122294173,0.8866064092029581,0.015676897311700033,0.8972884141331142,0.00947622234566211,0.8824979457682827,0.016495365570981694,0.8860586140783346,0.018689369607485035,0.8882497945768283,0.010869972518753464,0.8846891262667763,0.009051060882968144,0.882224048205971,0.008230610354049114,0.8886606409202958,0.01336356283261346,0.8959189263215558,0.0012551563119572718,0.8870172555464256,0.0017430734129496226,0.8775677896466721,0.013576591324452157,0.8868803067652697,0.004952928326492754,0.8868803067652697,0.004952928326492754,0.8819501506436592,0.013384597888655841,0.8904409750753217,0.004525530441484069,0.8833196384552178,0.014255835310515554,0.8816762530813476,0.007924117305663912,0.8800328677074774,0.005751848808545623,0.88852369213914,0.002067881247677542,0.8929060531361271,0.004525530441484094,0.8887975897014516,0.009452442578327778,0.8981101068200494,0.015106636245563198,0.8882497945768283,0.018021127526262382,0.8887975897014516,0.0031108783050124954
gu_f1,0.5820070198052111,0.04615678653969684,0.5563815928604661,0.04098513248712987,0.6060678136408063,0.025763191325744565,0.5963796046614158,0.05797291324350203,0.6202612817673638,0.007623146461201354,0.6013597863614849,0.024768187900022283,0.6032249853960635,0.024637975145227874,0.5769126269126269,0.035230028316282316,0.5769126269126269,0.035230028316282316,0.5923885749222362,0.03609227200373224,0.6110433124350898,0.01299684508801526,0.5684633061260512,0.01074447911492821,0.5662716278718435,0.060268588728691126,0.5665677073948702,0.01548574428304789,0.5721717878605777,0.026146545056454338,0.5735185246571861,0.034989236699204986,0.6167494630626362,0.02913027831619884,0.5743872795250308,0.019077465202256106,0.5907873818090535,0.019505028052831937,0.6004301871426911,0.011404292472061938,0.5709017916619565,0.013878988356228928,0.5676687624811246,0.00990041868477197,0.6012694514711626,0.029261449958656958,0.5839508981312057,0.02616287254637782,0.5583744400036683,0.021447632382734654,0.5652043818499329,0.023401526018954316,0.5769126269126269,0.035230028316282316,0.5769126269126269,0.035230028316282316,0.5674213104418255,0.013127368105089738,0.5897407116399147,0.006914793577359174,0.5826583512513932,0.007332070347524241,0.5932252233640154,0.0008949595094594539,0.5458626096820471,0.04052217578686381,0.5729787061308801,0.030874647533400242,0.6069557930023046,0.04058964052105417,0.5867404385837388,0.008124214130968074,0.5988589719686382,0.05975748244230454,0.581857359031674,0.035141381546831954,0.5779612283801671,0.040528475875471
gu_precision,0.5368254304048676,0.027053294612457795,0.512230650999058,0.03217623621975108,0.5766062884483937,0.02647816435612516,0.5632271874266949,0.04584877101597605,0.5726920964737687,0.007128216308194711,0.5644789992616079,0.03824566538078259,0.5615592312826073,0.030047672978341412,0.5181433735761544,0.017958740034232958,0.5181433735761544,0.017958740034232958,0.539580253757083,0.029249862036697438,0.573495018197005,0.0207684747791878,0.5447073881708535,0.016977410563597726,0.5084541990522223,0.056214926084627005,0.5401485345929791,0.021176286327199024,0.5212215320910972,0.018783899908513497,0.5224129451701512,0.0386257684570658,0.5711308309533524,0.03867292078273189,0.5091854369461944,0.023321059494871014,0.5285126396237507,0.03667129964432853,0.5390019937121386,0.012923088373252331,0.5066605399566293,0.003145335757576865,0.515387916887576,0.013423167440821485,0.5446823239663187,0.02787516984932602,0.5437723275148927,0.011379291039054438,0.5084285836794198,0.02272293039445782,0.49600999181512434,0.020033436498778832,0.5181433735761544,0.017958740034232958,0.5181433735761544,0.017958740034232958,0.510989010989011,0.023949994195278417,0.5369220151828847,0.011772755078835033,0.5182530142126492,0.01963628340506143,0.5284806446442789,0.010384644552967441,0.49309646228225,0.024735771588450646,0.5260809149698038,0.02812063148282317,0.5520070969172766,0.03754353191437356,0.5376199189179492,0.010361533656776358,0.5558147905305081,0.058783107485713845,0.5275770225704023,0.053025611417660067,0.5245238095238095,0.02428921543390311
gu_recall,0.63681592039801,0.07362511734800367,0.609452736318408,0.05601159327959055,0.6492537313432836,0.042215330220092356,0.6343283582089553,0.07573799675441954,0.6766169154228856,0.015534820891538285,0.6442786069651741,0.015534820891538308,0.6567164179104478,0.021107665110046255,0.6517412935323383,0.06346940707548795,0.6517412935323383,0.06346940707548795,0.6567164179104478,0.04539375022610607,0.654228855721393,0.01139944202725338,0.5932835820895522,0.0052769162775114856,0.6393034825870647,0.06730223511675966,0.5970149253731344,0.03419832608175998,0.6343283582089553,0.03731343283582092,0.63681592039801,0.04110127274094102,0.6716417910447762,0.03252909659358709,0.6592039800995025,0.01878068267480287,0.6716417910447762,0.014925373134328387,0.6791044776119403,0.039488825538277456,0.654228855721393,0.031069641783076595,0.6305970149253732,0.005276916277511525,0.6716417910447762,0.03948882553827745,0.6318407960199005,0.05241618782513799,0.6194029850746269,0.02238805970149256,0.6592039800995025,0.05500831937188059,0.6517412935323383,0.06346940707548795,0.6517412935323383,0.06346940707548795,0.6393034825870647,0.02825327535224015,0.6529850746268657,0.005276916277511525,0.6666666666666666,0.02620809391256902,0.6766169154228856,0.01878068267480287,0.6119402985074627,0.06376122197998155,0.6293532338308457,0.03829553313020064,0.6741293532338308,0.04498293860702761,0.6467661691542289,0.03106964178307665,0.6492537313432836,0.06108472217815263,0.6517412935323383,0.0352672807929299,0.6442786069651741,0.06520070856756793
hau,0.9049827565703413,0.004089658691312679,0.8754459507670354,0.001506363338749021,0.8807156023308359,0.004434090367837366,0.8874271613747177,0.002922622426356433,0.9064543941015578,0.006146090386533612,0.8729411939588537,0.009632958078562693,0.881384528481389,0.007027239397885846,0.9066030443572363,0.004316306615758799,0.9066030443572363,0.004316306615758799,0.8452996789154478,0.008572004349283313,0.8740783684147937,0.010714525955386288,0.886059579022476,0.004862243975480479,0.906350338922583,0.006883116822729132,0.881778451658937,0.010171955173226017,0.867188429064098,0.011345927348413175,0.8627512189320966,0.017589837264963076,0.8666235580925199,0.008659065596483185,0.8959373885123082,0.009081669942417563,0.9032509810916874,0.0022227190132452796,0.8961083363063383,0.006253707599549066,0.8829304911404448,0.007107856963356016,0.9016604233559282,0.0072159096880188515,0.9015192056130337,0.008033315494534577,0.9075544059935784,0.005692994287399223,0.8860372814841241,0.005525607141161831,0.8927785705791415,0.015498574993498698,0.9066030443572363,0.004316306615758799,0.9066030443572363,0.004316306615758799,0.8816520989416102,0.012304288646950727,0.9042320727791653,0.00297076522531684,0.907205077892734,0.007699928996435243,0.9035854441669641,0.008599539345224873,0.8854352479486266,0.004624361088213457,0.9005901415150435,0.013223499301921578,0.905874658104412,0.006289263024782961,0.9040090973956475,0.015147169293697235,0.9038901771911049,0.005246527540738672,0.9054287073373767,0.011934690141997599,0.9075544059935784,0.008535647960947695
hau_f1,0.548563175506391,0.01926680974952904,0.49021477843674627,0.005203134516892047,0.5081417630076536,0.009783356436491494,0.5177411914888175,0.003074244585482722,0.5449468258265654,0.010694794404425147,0.4983993027565868,0.007973398522532161,0.5082578637546363,0.007484454014450369,0.5438994930660249,0.006430034509162257,0.5438994930660249,0.006430034509162257,0.4649036070558048,0.013895729733144154,0.50953777193105,0.016269969611861567,0.5134719529709678,0.0071697621101492765,0.5451977167863907,0.016534500720167027,0.5149789635240869,0.011559924298673044,0.4880612352810821,0.010104307473832268,0.484671212208456,0.014837919757960092,0.48655092612826584,0.004625063875786563,0.5236551781179276,0.007847887141200001,0.537487350043144,0.010447809718989315,0.5247432753149074,0.010816456711774286,0.5010158481083277,0.00793227871491182,0.5446968778284811,0.02331010533994542,0.5410181163656552,0.01334546724502869,0.545459172487912,0.013925841898064414,0.509681953964353,0.011830356943744867,0.5106889182307492,0.030041785000284912,0.5438994930660249,0.006430034509162257,0.5438994930660249,0.006430034509162257,0.499693323308724,0.020941369931451136,0.5405913903851913,0.007968577894418854,0.5472142975253201,0.021177221062864755,0.5379174109929833,0.009471638231002446,0.49867481973671884,0.012567430894735733,0.5192939142089256,0.011057343115887594,0.5449152535077265,0.01584160307062727,0.5339711619158636,0.023463690842751725,0.5297783555645195,0.015279343484191394,0.5503637292476514,0.02447999808844551,0.5488925585185461,0.02030687692177972
hau_precision,0.4749007072166988,0.026558052054879863,0.40491506394127397,0.0041540273786853325,0.42704577624699686,0.01465338502142487,0.43744744148038833,0.007445276292939969,0.4731580065015432,0.01441909907463659,0.4185555848316709,0.0093845591009572,0.4293959947869776,0.01001090123535929,0.47329838273077285,0.008743581961652536,0.47329838273077285,0.008743581961652536,0.37425295558809885,0.01630435975585629,0.4324884515545006,0.01740403803034952,0.43288186491869923,0.0062495034751087475,0.47985591288534407,0.0195902376549791,0.43594394116205537,0.0162902707141284,0.4078386594590655,0.013087631876649809,0.40352869060957625,0.017338975490706798,0.41128996743595375,0.014300433041549022,0.4503987544992227,0.015561775859439419,0.4630734406159369,0.011674616357613691,0.4464562834874566,0.01823201763411671,0.4168633931861563,0.01317244369134962,0.4695830436568144,0.02719366025806907,0.46116248682701944,0.012585668640656505,0.47432922344310285,0.019619202278331332,0.42925806400360683,0.013376395943884067,0.4348078890584611,0.04423888341162276,0.47329838273077285,0.008743581961652536,0.47329838273077285,0.008743581961652536,0.4177403751820587,0.02022843301451673,0.4692708476792875,0.011395485868008568,0.4723432155525273,0.021104149759765062,0.4625873398322787,0.01760971956105549,0.4188396760914704,0.01576042998069113,0.4418848636025765,0.008135832754984555,0.46894652083111615,0.022369749888397832,0.4616397669506272,0.03082630994379407,0.45556377888349514,0.019069180133242963,0.47868456186279396,0.033106914773000665,0.48183818235701165,0.025792661074087002
hau_recall,0.6498607796340493,0.005535865417548466,0.6211217183770883,0.010887999755903727,0.6277844073190136,0.013131011010536257,0.6320107398568019,0.00991468338775885,0.6428003182179793,0.01539024830720214,0.6159506762132061,0.004557056180345891,0.6221658711217184,0.00232045781415635,0.6394192521877486,0.009958720666980439,0.6394192521877486,0.009958720666980439,0.6138623707239459,0.0061163581203984895,0.6201272871917264,0.013766318600375674,0.6309665871121718,0.010037353127243829,0.631563245823389,0.019583226052835696,0.6293754972155927,0.006188686508552759,0.6079952267303103,0.014925414977743483,0.6069013524264121,0.007087022992281972,0.5965592680986476,0.01932090481654221,0.6259944311853619,0.012416858187688546,0.640612569610183,0.014658671258546311,0.6372315035799523,0.017364716242070706,0.6281821797931583,0.007984607464656204,0.6487669053301511,0.014667775710017704,0.6544351630867143,0.01692170109101496,0.6423031026252983,0.01690503766886303,0.6272871917263325,0.007654536753351561,0.6211217183770883,0.005823156711200153,0.6394192521877486,0.009958720666980439,0.6394192521877486,0.009958720666980439,0.6217183770883055,0.02013888882068939,0.637629276054097,0.005272361233815245,0.6504574383452665,0.022217693617988393,0.6431980906921241,0.00956981797872637,0.616447891805887,0.010214604288917782,0.6299721559268098,0.024942784401148103,0.6510540970564836,0.016201600520617636,0.6339498806682577,0.00761762848138648,0.6332537788385043,0.012630059046506385,0.648170246618934,0.011632294765719595,0.638126491646778,0.014065841568169812
he,0.8092283437526828,0.009158469061214832,0.8158194603791551,0.008055804379155554,0.8165726193542344,0.001782831666675339,0.8177628446775466,0.0027868226100835683,0.8105434451754899,0.002531774378405197,0.8188828271948926,0.0034571017679440406,0.8143833852349621,0.005682182802464388,0.8169550524089381,0.007873501165481352,0.8169550524089381,0.007873501165481352,0.8084244538621835,0.004557685277942213,0.8105434451754899,0.008195169634494858,0.8173882163790614,0.004658856030158821,0.8201042715430784,0.00581579907956688,0.8177862589462018,0.0009759378761597673,0.8231637359807067,0.004775262455439842,0.8237764093438541,0.010968543626135748,0.8166194478915451,0.0029302234579479335,0.8214037634534486,0.008178540137237462,0.8201198810555153,0.005530515185496924,0.82224667712504,0.00611889403249565,0.817380411622843,0.009060240432060286,0.8070195977428645,0.005896108496219159,0.8151794703692431,0.00806889126711798,0.8073044713448375,0.0049376680882631495,0.8086507917925183,0.0028819848349896536,0.8163228671552444,0.008180199023327641,0.8169550524089381,0.007873501165481352,0.8169550524089381,0.007873501165481352,0.8144770423095835,0.0048095096443775435,0.8144107018817267,0.004406337889130654,0.8261412504780413,0.00538075397702197,0.8175521162596486,0.007332268358029351,0.8086468894144092,0.006393542489650077,0.811308311284897,0.004076039072242816,0.8158818984289026,0.008523276213736618,0.8167131049661664,0.009493294941995923,0.8061142460215255,0.006253279345842227,0.8170643189959961,0.004015547074387174,0.8223559437120982,0.0044750664530862645
he_f1,0.49886873689868017,0.019416885711044662,0.5117492695750894,0.01415019166020321,0.5110611627565244,0.005139549411884038,0.5160685322073633,0.0031031178679954844,0.501338492099425,0.0029255502184492408,0.5162624730341312,0.00460651511335457,0.5073905914397527,0.011139997552383058,0.5148565813773299,0.016250519430499807,0.5148565813773299,0.016250519430499807,0.5018553700921065,0.014308351356470858,0.5004791589124385,0.014963112669737624,0.515160042516973,0.005678706552565132,0.5170224240862574,0.011632247955324231,0.5123295712401603,0.005179561098556656,0.5277302038735528,0.012223085806646534,0.5317480690456621,0.022817949087777702,0.5104560270162987,0.007292843391499565,0.5236154889454813,0.017499052394347014,0.5162321079271913,0.009897515469492255,0.5233962606854338,0.01250879320679144,0.5157807223760441,0.015471467627112215,0.4992226726118432,0.005235719436067168,0.5137649947284642,0.014505583531120926,0.4971758464393239,0.00738940778410885,0.49559548507476703,0.00931967758577759,0.513276442846973,0.009788207483648698,0.5148565813773299,0.016250519430499807,0.5148565813773299,0.016250519430499807,0.5100684590669008,0.011315157823193445,0.5088632243932492,0.004134943336605734,0.529222145616286,0.011860677157279082,0.517961331172999,0.01376526664955298,0.4998574306524512,0.005386003652428917,0.4996035264896319,0.005724936816405609,0.5094465497054611,0.019769161797455217,0.511078427288861,0.014771203332270728,0.4929174766433662,0.010478749276754483,0.5146606988192538,0.007953169283230574,0.518807657949531,0.01277084466560817
he_precision,0.4956034110355896,0.02223938510198436,0.5059858128188809,0.016729037469434244,0.5110455935319305,0.0028944216634475993,0.5114536457398277,0.005347546493022258,0.495930537122608,0.004412591612387464,0.5143308016501501,0.007850433445735324,0.5058190148198113,0.012645889627168061,0.501714915766854,0.020734494619279502,0.501714915766854,0.020734494619279502,0.4954896108443017,0.01121320822499007,0.4984036643657365,0.015306287629537669,0.5109535425963828,0.006399582706699412,0.5075958253709077,0.0068786224006896594,0.515959767798844,0.004248951233404956,0.5208894945519552,0.014847670751001072,0.5227931652614459,0.026663241875876258,0.5077126243911293,0.0033701700798356308,0.5174740620120469,0.02039585391348445,0.508913299890373,0.013611926655849758,0.5131238685274097,0.016101838375831203,0.5085556222095639,0.01927954697285373,0.4931973950371542,0.009200950094772188,0.5063548741101903,0.01602765289192444,0.49105268800276014,0.01053235392652333,0.49590715268410723,0.007847414230167375,0.5036459575070741,0.019726604902828446,0.501714915766854,0.020734494619279502,0.501714915766854,0.020734494619279502,0.5018687258489577,0.0071324748603666345,0.5017632902015653,0.0034880930181421885,0.516203431039458,0.010950376074139742,0.5043946548055755,0.017883543509675855,0.49572968146435353,0.009741816376613428,0.4957170010758476,0.005184962385867741,0.5004974393285297,0.021332032238456106,0.5006433999426724,0.0179381164892279,0.4922370690576036,0.010976697151802162,0.5042002005650542,0.011613409381785414,0.5115003842035789,0.016490825546962004
he_recall,0.5023361074609433,0.019410246209342914,0.517666812673383,0.011433593818813146,0.5110965104394802,0.007704189346809117,0.5208059570740254,0.00445499965028248,0.5070083223828296,0.01022594392768792,0.5182751739913369,0.005647900136619163,0.5089794130530004,0.00965743652746603,0.5288606609237358,0.01368911921927164,0.5288606609237358,0.01368911921927164,0.5084440550932009,0.018273359348178413,0.5025794519881247,0.014783195047540637,0.5194675621745267,0.006854674536234785,0.5268652358008469,0.01677505342545754,0.5087847374312552,0.007880418611577521,0.5347982673869665,0.01037170230718732,0.5410765561882513,0.018896638754278924,0.5132866111841144,0.011821360547936035,0.5299313768433348,0.01443603336351374,0.5238477636637952,0.008291694723660653,0.5341655716162944,0.010112743910622227,0.5232637367985594,0.01152258820300237,0.5054509174088674,0.002504912489892983,0.5214629872974157,0.014488545959084479,0.5036014990022875,0.01026997514943412,0.49532778507811354,0.012044226688564443,0.5236044191366136,0.0051834097955201835,0.5288606609237358,0.01368911921927164,0.5288606609237358,0.01368911921927164,0.518591521876673,0.01592483102011053,0.5162067455102934,0.00727144231115536,0.5429746435002677,0.014632454335568866,0.5323404876624326,0.009118408753661988,0.5042341947729595,0.00977072974637462,0.5036258334550056,0.009796151227473371,0.518737528592982,0.01821493523861473,0.5220470141626515,0.012907563531725272,0.49364870784056064,0.011685783243060981,0.5257458509758116,0.011010042389196496,0.52642721565192,0.010962421120171307
hi,0.8123785734110465,0.00499676187198126,0.8172633916180961,0.001972728908566926,0.8206494587843464,0.0033430241298725728,0.8209270052733832,0.006023462229866893,0.8130446849847349,0.004918449563148136,0.8174299195115182,0.003072127472000371,0.8215376075492644,0.006793712182674921,0.8155426033860671,0.0021477149178076712,0.8155426033860671,0.0021477149178076712,0.8149320011101859,0.005633304961695654,0.8237024701637524,0.006180256745919177,0.8203719122953094,0.00507932824140302,0.8122120455176242,0.007301319220334914,0.8196502914238134,0.0014801322926420188,0.8123785734110464,0.006341922091406948,0.8134332500693867,0.004506520898094917,0.811157368859284,0.003441128779312593,0.8280321953927282,0.002505308708608759,0.8199278379128504,0.0064330941593882815,0.8175964474049403,0.0027931713850478275,0.8183180682764363,0.012760861988787989,0.8116569525395504,0.007654850913945858,0.81187898973078,0.008028532938890809,0.8045517624202053,0.0075990991994611,0.8057729669719679,0.009408948785730935,0.8233139050791007,0.0023313905079100916,0.8155426033860671,0.0021477149178076712,0.8155426033860671,0.0021477149178076712,0.8079933388842631,0.004477711793421699,0.8277546489036913,0.004032359838726407,0.8255620316402997,0.004827873110515979,0.8155426033860672,0.012457726024437258,0.813488759367194,0.0038409867092992125,0.8188731612545102,0.0012274962191227425,0.8196502914238134,0.0020799327221976017,0.8160421870663336,0.008283542240128722,0.8118789897307798,0.0072708704931823106,0.8185401054676659,0.002933602056447119,0.8144324174299196,0.008059560090850614
hi_f1,0.6707052970204712,0.005920014060384465,0.6744648955887618,0.005647710693035002,0.6825142279024347,0.003719903848668485,0.6807217789916123,0.008750638946926534,0.671996943623038,0.004721021571338736,0.6750831330057792,0.0043587043792626505,0.6814507358514436,0.007147476189902271,0.6680709981370986,0.0034069484098797932,0.6680709981370986,0.0034069484098797932,0.6737617126455477,0.008884264234713543,0.6840900866330203,0.01321107308483227,0.6765053623227172,0.008222148194546357,0.6671889394508584,0.013742031484799523,0.6769338312120908,0.0038133602238776083,0.667708218682003,0.009746225158130341,0.6706780101816238,0.009673457677429574,0.6642797333282452,0.007561710308825393,0.6912275706537961,0.00605784031321008,0.6782883024348333,0.006890627883414103,0.6708926488586645,0.007814493432114092,0.6809644403752718,0.021829340298916325,0.6659273778734184,0.011720182353512871,0.6693729943062873,0.014254396447881627,0.6537651395471301,0.009522454618233377,0.6611236917923488,0.01409064408851521,0.6863030646512097,0.0036903237021913412,0.6680709981370986,0.0034069484098797932,0.6680709981370986,0.0034069484098797932,0.6570898138088848,0.01157752658365738,0.6907772592704099,0.0037731119570409274,0.688613925818221,0.007748746138733105,0.6695555256421426,0.01863964559226759,0.669473063322016,0.012192930901927985,0.6788193749289397,0.0018529583021715367,0.6761746672157259,0.00616232275014807,0.6735294495844076,0.01182391859573668,0.665850307161013,0.013347225837085093,0.6809356300725854,0.004524057544606195,0.6714738794585458,0.013244432994225492
hi_precision,0.6496089685744858,0.008620828869708509,0.6533018361668536,0.007187556960325664,0.6646120922392109,0.0037828582210719356,0.6617060863883978,0.008018945660259114,0.6510526539720223,0.0029983022846951177,0.6544448648030102,0.0051706067301119825,0.6636236687527449,0.007964715447390192,0.6437261731480477,0.006353849118116621,0.6437261731480477,0.006353849118116621,0.6543621464513959,0.006888599080218523,0.6664175672868445,0.012389842206236635,0.6533353106330567,0.005965847660413235,0.6390888448054852,0.0134766123327332,0.662367044894843,0.005549127142864803,0.6407410012932481,0.009927362922985891,0.6459869590478587,0.010212729918222122,0.6416098785139699,0.004263948841502178,0.6638614013875938,0.007519355308364443,0.6517302034008138,0.0056813900590155725,0.6406602563587342,0.007798538792882324,0.6569483186701062,0.024807576337450832,0.6432601243723978,0.014922448626846663,0.6473350947866772,0.014122138039342586,0.6347137014314929,0.009244959775063975,0.6401899489282431,0.01202052548429025,0.6569016122514272,0.008093663535192764,0.6437261731480477,0.006353849118116621,0.6437261731480477,0.006353849118116621,0.6296647274762694,0.013258873237591904,0.6655715025157377,0.0027766098671247134,0.6575708124731717,0.014040694568516542,0.641905268557749,0.023496269932997294,0.647286152079359,0.01302277708154307,0.6569591328961287,0.0033621949400250745,0.6524583874139686,0.0066209762290396915,0.6473190337809228,0.011722197404239696,0.6464407563369782,0.011398418407597623,0.6546124602863124,0.010229857650618684,0.646333038635584,0.00853256747029605
hi_recall,0.6932681867535287,0.006219565275455787,0.6970684039087948,0.005700325732899053,0.7014115092290988,0.004178828533751559,0.7008686210640608,0.009850840017168329,0.6943539630836048,0.007696768120932591,0.6970684039087948,0.0035495919735673126,0.7003257328990228,0.010203553816076308,0.6946254071661238,0.0011516397087728792,0.6946254071661238,0.0011516397087728792,0.6943539630836048,0.011115958322173334,0.7027687296416939,0.015600361612921844,0.7014115092290988,0.011866174264057732,0.6978827361563518,0.014314654585705957,0.6921824104234527,0.004885993485342022,0.6970684039087948,0.010648775920701995,0.6973398479913137,0.009367770861420986,0.6886536373507056,0.012224028500757555,0.7209554831704669,0.004484992302350216,0.7071118349619979,0.008707391385638136,0.7041259500542888,0.00819743152580972,0.7068403908794788,0.0183541167257079,0.6902823018458197,0.00803401117641083,0.6885179153094463,0.019002055194752548,0.6739956568946797,0.00981712340935132,0.6834961997828447,0.016932106594734746,0.7185124864277959,0.0016951677520082521,0.6946254071661238,0.0011516397087728792,0.6946254071661238,0.0011516397087728792,0.6870249728555917,0.009543103057137325,0.717969598262758,0.004975652220364649,0.7228555917480999,0.003083012131270496,0.6997828447339848,0.012986833565587039,0.6932681867535287,0.012465757332470183,0.7022258414766558,0.006112014250378778,0.7016829533116177,0.005777360655209795,0.7019543973941368,0.011995863080338927,0.6864820846905536,0.016019800955135187,0.7095548317046688,0.0028598408666809572,0.6986970684039088,0.018782675235620196
hu,0.9194477090124251,0.0038666456499261022,0.9150054327338847,0.003157598271689952,0.9172598325091839,0.0014906563100212696,0.9198616315941193,0.0016658512984584247,0.9154267467902523,0.0009518873553399024,0.9171415689144142,0.002886602721382058,0.915918279856014,0.003666672488979162,0.9190226992187212,0.007006857763266257,0.9190226992187212,0.007006857763266257,0.9144880295067669,0.002860765690641614,0.9141332387224574,0.0008653945996832636,0.9191187883894716,0.002858329703306044,0.9186087766370269,0.0002336220536366227,0.9152678300847802,0.0022042741955724397,0.9218388510691767,0.0032586848301270183,0.9187492146558159,0.0043291599617737665,0.9166426443739791,0.005213752851658998,0.9199429378155236,0.0035202611080679303,0.9185385576276324,0.0011321087703836058,0.9178991950684082,0.0017583982691688816,0.9183981196088432,0.005834939610989496,0.9117014435550036,0.008969472286430894,0.9166685145353349,0.0021435053532233676,0.9157002313531573,0.0013687356693200226,0.9206783895454982,0.001360854597373577,0.9187529103931528,0.0061164743218922795,0.9190226992187212,0.007006857763266257,0.9190226992187212,0.007006857763266257,0.9121412362980538,0.008044315448355441,0.9214840602848674,0.002536630375126574,0.9197507594740227,0.00328389294911009,0.9201905522170728,0.00043879780591300055,0.9196879319393011,0.0046471997667978816,0.9158628437959658,0.0034576165855009907,0.9173522259425977,0.005988504174616108,0.9192666178829337,0.0022565223104294703,0.9141775875704963,0.005389996927942702,0.9188379123518932,0.006605804584216963,0.9201868564797363,0.005437498542301347
hu_f1,0.7679844455553603,0.011698071320316668,0.7586929573598864,0.009697111548280452,0.764195474469827,0.004784732334214349,0.7730249159084894,0.0035057027432132425,0.75972842750416,0.00531831357313096,0.7648912825579689,0.007515213980408714,0.7649468037252246,0.009961278250065101,0.7706901670831443,0.015764966890923743,0.7706901670831443,0.015764966890923743,0.7583691225296504,0.007878770679396008,0.7570410599542962,0.002250667226410706,0.770059572112073,0.00496156870918179,0.7687727750136909,0.0019985985624677593,0.7606495673319144,0.0025659245358451203,0.7739878831690543,0.006694773824291659,0.7692951795774544,0.008104418568824883,0.7616565412706927,0.008474325844868852,0.7686410339169445,0.005747574964233939,0.7674172393922669,0.0017255553276834933,0.7670602075871598,0.0038138750139864834,0.764886234122311,0.014074730897489495,0.7531388012961949,0.02074008940798687,0.765217020041219,0.005475952441131831,0.7605192408559481,0.005196054183846067,0.7678462279093549,0.0025795657885021,0.7664488438431071,0.012303484622262096,0.7706901670831443,0.015764966890923743,0.7706901670831443,0.015764966890923743,0.7505703230478987,0.021971305352012877,0.7757290503359577,0.003983114237922765,0.7697989808141575,0.004101928965434557,0.7714482419748757,0.003573510320882956,0.7675554245332158,0.010384791092690348,0.7615877694886205,0.006463049223980754,0.7642009333219689,0.011778340257025795,0.7698996073738403,0.002979607408176456,0.7565278795283487,0.014759918948940867,0.7686775619436291,0.012746614207799167,0.7707161425678578,0.010644309911599882
hu_precision,0.7440770851655016,0.01598014679224366,0.7310804368896789,0.009370637380387752,0.7391084883080049,0.003955678989644121,0.74880155940179,0.004833413178592418,0.7326803788156412,0.004982755775690125,0.7409641972688709,0.008269090427838218,0.7388709063444137,0.013187376543854133,0.7453560752379706,0.022074850127961683,0.7453560752379706,0.022074850127961683,0.7279059666679061,0.008512068126102511,0.7317577656306679,0.004462665151791643,0.744785246633028,0.00770370717962831,0.7420712591565474,0.0024115218039969556,0.735066538584845,0.004878962626531637,0.7489142374484484,0.009600220456565644,0.74406590939371,0.011929735019440679,0.7359273190048964,0.011683309262575917,0.7427553767141375,0.009520486344372529,0.7401014370294433,0.0030202569039394504,0.7364905790552524,0.006494467040609444,0.7364373482128718,0.019704489217096395,0.7238177861310068,0.026180272974853452,0.7353610629347113,0.0071576520842449075,0.7321599351525073,0.0043751774084029825,0.7429900696666798,0.0027020593013758346,0.7385222944083196,0.019164841676045406,0.7453560752379706,0.022074850127961683,0.7453560752379706,0.022074850127961683,0.7202526961059751,0.027772879116929446,0.7503047076647693,0.005983572554385714,0.7441336931505728,0.009932358514928385,0.7459088484189637,0.004531652000677985,0.7439383301251281,0.013532073197745964,0.7329746802572705,0.01201053501665746,0.7363842076881815,0.017328053130777166,0.7431676100986936,0.00575682678971812,0.7305521407766546,0.015704049825714834,0.7431285529222486,0.0217575804772049,0.74674438086649,0.012439016874762784
hu_recall,0.7935259951834537,0.0070133978152636155,0.7884733437219625,0.010057167347704522,0.7910468904944042,0.005785685750577167,0.7988855834159702,0.00445976427749796,0.7888511120555318,0.005793917905806766,0.7881427964300892,0.00971658277023589,0.7929593426830995,0.006292059837778404,0.7979411625820466,0.01064886840449481,0.7979411625820466,0.01064886840449481,0.7914954903905179,0.0071023727618553505,0.784152618406762,0.0029181686840403145,0.7971384048732114,0.004051045252253532,0.7974689521650848,0.001828405807862252,0.7880955753883931,0.0025747378533721465,0.8008216461255135,0.0037232077067435396,0.7963356471643764,0.0043180150611404665,0.7892761014307976,0.004785195000440462,0.7964300892477688,0.001463661872770297,0.7968314681021863,0.0010075359254545474,0.8003258251877036,0.0061026231576291065,0.7957217736223261,0.008867534549515372,0.7850262076781412,0.01421933694566139,0.7976106152901733,0.003938854817164398,0.7911649430986447,0.006144952736199003,0.7944231949756811,0.0024499257605139404,0.7966898049770977,0.004958378021808325,0.7979411625820466,0.01064886840449481,0.7979411625820466,0.01064886840449481,0.7836567974689522,0.015274729704666302,0.8029465930018417,0.001770789063606809,0.7973745100816925,0.0028809673249895946,0.7988147518534259,0.004754340549164387,0.7927468479954668,0.006870296445945386,0.7926051848703782,0.0026663167905820197,0.7942815318505927,0.005670212947312039,0.7986494782074892,0.0025146036045840896,0.7844359446569391,0.014156097275518881,0.7962412050809841,0.0024190127995643027,0.7962884261226802,0.00865508366103538
ibo,0.9104786980756842,0.053715359158563084,0.8171246370316424,0.04519878629736467,0.8673659934829091,0.0688912978879722,0.8168912168660075,0.21034224006844493,0.9456831274567472,0.0018932605888874142,0.5345181740940963,0.2506242118267526,0.9295351203981214,0.033381230102924354,0.9500667581673716,0.001550999279793199,0.9500667581673716,0.001550999279793199,0.2851133955164655,0.13533614332929703,0.8205885922896651,0.2197841523847244,0.9359868537762716,0.00904043985713988,0.9497072911122938,0.0014676096849329937,0.9282232990672531,0.006731000643987373,0.6995742416178818,0.24859872501339889,0.6187548434684369,0.2955650149269334,0.5812022072210862,0.3826607179578127,0.9208799006563776,0.023400272299255967,0.9365657357870462,0.012105463249341303,0.9281019205811228,0.005163676144541721,0.6578200423891021,0.06731260913755142,0.9477652353342111,0.002690033480155981,0.9243438559144002,0.027940962453301226,0.9504682408522637,0.003706391778168631,0.9326676190209425,0.009139688123477248,0.9341288292578173,0.014708440128871278,0.9500667581673716,0.001550999279793199,0.9500667581673716,0.001550999279793199,0.786252485924764,0.1416202029876416,0.9360708850359,0.009216070199727356,0.9413181703593736,0.009159161027222543,0.9492964716207762,0.003705015577051372,0.9202263241925998,0.0012539943076718312,0.9146849294604259,0.0445398316957259,0.9501274474104368,0.0018916886367220276,0.9421724881655975,0.0028796291943790943,0.8739531105571272,0.08393937723348223,0.9488716469193207,0.0014785504718354586,0.9495719074162254,0.0018606032533972573
ibo_f1,0.40004458110484276,0.08646864823557532,0.28354452921526596,0.030760225648097998,0.32961529488584296,0.078720375721199,0.3302705786516517,0.11525578491777018,0.4407085229629464,0.010169009075020512,0.18710857259417168,0.03609174943746992,0.4106643854942216,0.07064974918183642,0.4690356632005544,0.01851039677961109,0.4690356632005544,0.01851039677961109,0.11968342527453184,0.01844420108476277,0.381905297429546,0.12702689843127316,0.4309977985264781,0.02216535460646962,0.46558623890605344,0.008030783309198167,0.3981616832588604,0.0058917136893159305,0.23542104206232606,0.13489229454776902,0.19626090280867847,0.07162536021590173,0.19423773259230445,0.08019822374955703,0.38421785482805954,0.049873006230776604,0.4292714849091821,0.04252419308639398,0.402677548799961,0.016231868595479565,0.19230150019125394,0.025061217716361318,0.46947057491533245,0.019297144542959596,0.39409643532209127,0.07679279682035285,0.46428445304494725,0.017094326748940077,0.411339007886526,0.025730503617828037,0.4205177645559736,0.036147523928633324,0.4690356632005544,0.01851039677961109,0.4690356632005544,0.01851039677961109,0.2789728934051205,0.10012612131152576,0.42020109561455077,0.03399630415333315,0.4464957474370596,0.03911008844210884,0.4737289856504971,0.023529319008452353,0.37537062769388935,0.014885658538949938,0.3984692078952144,0.07570323904240292,0.4733369993616723,0.027782563309871573,0.4318757690976151,0.02225488988005475,0.35802289685877775,0.10905660492288116,0.4651362144579143,0.007872503349682921,0.45954351806352084,0.024508229758050948
ibo_precision,0.34383769373439166,0.1037326285049551,0.20479120020280364,0.031001189219033443,0.29053732558043943,0.11951331127130659,0.3179376702932006,0.15081332051858512,0.41823654826779944,0.005013963587179217,0.13214333093762645,0.020799377485532553,0.39888924878205617,0.09393238796606317,0.44526183622208465,0.017235287492312415,0.44526183622208465,0.017235287492312415,0.07753121062518233,0.009438356954719219,0.3794839261372225,0.17222519986068754,0.3932257240532601,0.034489416936192126,0.4397861165900559,0.013364316585854769,0.3615415472782037,0.02218060644599473,0.1805058593611473,0.12589367812968316,0.1403460989507421,0.050136475236966564,0.16353996457845368,0.08202401201304933,0.33433219596049674,0.06569737966963435,0.38662752465241484,0.05363228188021591,0.33728532392150123,0.02331257974846756,0.12947011140987466,0.019311551584575797,0.43784035036431385,0.01872942555099245,0.3443032386852143,0.08979923899331503,0.4506284421817479,0.024614985070396923,0.36768621746034696,0.030702972221468176,0.37620967259522614,0.05234541852993893,0.44526183622208465,0.017235287492312415,0.44526183622208465,0.017235287492312415,0.21409017215049278,0.10735273034476961,0.3875619912051505,0.03309319709994443,0.40977744956262846,0.04989890462295334,0.4438956152138842,0.026407216138803282,0.32214436005731856,0.012576894576302327,0.34943423491181447,0.1014800873031771,0.44459398549214707,0.02739529483299753,0.39529624970234584,0.02107010262779158,0.30097620268429953,0.12667089193558248,0.44101907806119817,0.0025150162304068864,0.4325170639118494,0.023884127497647633
ibo_recall,0.4893839192481726,0.03441653796862687,0.46490312101171827,0.01069613889685188,0.4049193641953823,0.013823757752506275,0.3647754959972154,0.05186566890846744,0.46629539389720387,0.024390452715489765,0.3250957187608771,0.10024546059388766,0.4266156166608655,0.04320020700641272,0.49553312449240056,0.020710302915416295,0.49553312449240056,0.020710302915416295,0.2655760529063696,0.07363267843885753,0.40201879568395404,0.05695889450389908,0.478129713423831,0.009603992150632254,0.495069033530572,0.01554401648113583,0.4451792551340063,0.024332433409810738,0.36686390532544383,0.11179385591095775,0.3271841280891054,0.1275958472719826,0.24979696020419997,0.09126713374687499,0.45573732451560506,0.025138944659740765,0.48427891866805894,0.02853381107818207,0.5006381250725142,0.005971509099643895,0.37475345167652857,0.027697862693620772,0.5060911938739993,0.021060284730116077,0.46548323471400394,0.05304510970015636,0.47917391808794524,0.01323269746317038,0.4672235758208609,0.017236700069547566,0.47917391808794524,0.011988579861229568,0.49553312449240056,0.020710302915416295,0.49553312449240056,0.020710302915416295,0.4312565262791506,0.05124883492129583,0.45886993850794755,0.034755153668390944,0.49147232857640094,0.023398366791866767,0.5079475577213134,0.019647621243966504,0.452140619561434,0.0435196644291849,0.4785938043856596,0.010141874197238717,0.5060911938739993,0.028471469890073226,0.4774335769810883,0.04126089038471889,0.4688478941872607,0.03140146414555251,0.49216846501914374,0.015167948882353574,0.49019607843137253,0.025421691801284393
id,0.7071729684855149,0.024912460122139952,0.718951817231081,0.02831198702222377,0.7117874739894988,0.018145366532601938,0.7041756962189086,0.003217074891396372,0.6980517730267058,0.014885938687549546,0.7006663000937995,0.012078826958597163,0.7019654774611594,0.011597223785458285,0.6849036668068269,0.0015342705729809445,0.6849036668068269,0.0015342705729809445,0.7012485040592554,0.015080238174532532,0.7057498032366228,0.0025288033054622176,0.7149788142445903,0.020432914761439498,0.6992053994027018,0.008778840953094768,0.708175653092689,0.009153659177054893,0.697329408847344,0.015458925461253261,0.6955935785058921,0.004941073225634326,0.6979870836972109,0.009292976431669894,0.697534258390745,0.009200228432736072,0.6895073907558947,0.0036020761909819547,0.6884777522614312,0.006451733720671842,0.6995827538247567,0.02418367237387868,0.700779506420416,0.003819650194228901,0.7028873004064646,0.016245019990691726,0.7006878632036312,0.01761968252050985,0.6829306422572263,0.00687969447818922,0.6900195146143977,0.0071344429549821675,0.6849036668068269,0.0015342705729809445,0.6849036668068269,0.0015342705729809445,0.7021002468976075,0.01855105634893332,0.6959547605955732,0.012383301090101578,0.6919871483865402,0.005583305011834989,0.6934534398550959,0.009693974463401244,0.6856637664283943,0.010924674866882894,0.6994210305010188,0.014943103843859938,0.6953509935202855,0.007498528813692867,0.6944722967946437,0.004113975622663107,0.7011730331748445,0.017459239376085057,0.6914103351985424,0.004462342830537778,0.7087632478356028,0.017298245534064546
id_f1,0.4855128598785112,0.009633261743939829,0.49581816073288515,0.012396098131829719,0.4883760519114815,0.007358993983354129,0.48681446841334775,0.005749938407747364,0.4854164988342629,0.00788848963125279,0.4840652001374779,0.015746624286834817,0.4821544178323333,0.021962202082866547,0.48516094040210134,0.00814034247190079,0.48516094040210134,0.00814034247190079,0.4838356650496634,0.02263492175330717,0.48216199681102717,0.006880706651143035,0.487166991269083,0.020370249527602715,0.4853838660940209,0.010080563452534231,0.47999159695696586,0.009957389048878756,0.4878872482334414,0.010830232419887491,0.4889389089160117,0.01882648266611198,0.47622599660806203,0.014014355824894622,0.4865613037331202,0.008363914372977331,0.474382495459583,0.005114431397328506,0.47141084860072974,0.010114645453286155,0.4863115981763278,0.007609082352985203,0.49287974890956515,0.009713584660086042,0.4844274733267235,0.0065427240985842725,0.4775124669348078,0.016510806869002363,0.4697601583919404,0.012890514804951661,0.48943074958855864,0.007848935246717573,0.48516094040210134,0.00814034247190079,0.48516094040210134,0.00814034247190079,0.4921283654832756,0.009631246661209155,0.493394690503515,0.005543521035362148,0.48749781650197493,0.007850699230194448,0.4914187886568971,0.009675306802988013,0.47325213525011595,0.004075488336255457,0.49030454779869714,0.003998281340087684,0.4877880252296977,0.013151607463072035,0.4922891583942064,0.01863236344166696,0.48518233272344286,0.008219878987208277,0.48735109587257414,0.01469330807211098,0.49594548653264114,0.01902767811691709
id_precision,0.46724055668746883,0.009858828406753811,0.47209022546934865,0.01734344892223196,0.4571589444026922,0.00879678285770003,0.44852920711636,0.009308622464140241,0.45851251968986073,0.01728581687813848,0.4526779534122037,0.030469319872266053,0.448050261230829,0.030346210920109994,0.4612766422732539,0.018013165502547453,0.4612766422732539,0.018013165502547453,0.4529208599371597,0.03533509765130279,0.4465843499979277,0.017065806842265857,0.4521768209164731,0.024113572156772956,0.45644221309295707,0.016761949190482277,0.44844797172517836,0.017398635663934868,0.4583288732488435,0.016694037359773383,0.4621603985042486,0.02996096865720374,0.4435653611184185,0.024554655931448125,0.46362943234623266,0.016577126141218188,0.4394072651993041,0.016126926759918357,0.43398433234986084,0.01950442825118859,0.4650509194994441,0.00929710178350169,0.47016749577069844,0.015638883353798455,0.44975129081000564,0.011529899467182745,0.44851104337642345,0.028197587411657513,0.4490876272968363,0.021970030557823875,0.47033354996346355,0.004517547895099112,0.4612766422732539,0.018013165502547453,0.4612766422732539,0.018013165502547453,0.47328927386381814,0.010627722126740765,0.4767910538439731,0.005301733409925714,0.46545433866936053,0.013928780315955977,0.4692103535023831,0.01439149810694778,0.45281794743062004,0.012135769549059854,0.46488256370430125,0.009312830063580453,0.4646359480332654,0.024238199081264532,0.4635031338310713,0.03011513604736333,0.46626813103159054,0.015372839191623832,0.4618708556903784,0.021933166890538324,0.4655095017478988,0.029141577669281216
id_recall,0.5052852275705425,0.009792019756583953,0.5222037797385051,0.007899764920271285,0.524329518651175,0.012006399791447724,0.5324539180571328,0.010326130413758804,0.5160595206895547,0.004358628401518381,0.5212137095600012,0.007540430980581476,0.5222911388719024,0.010657933616892615,0.512070120264407,0.004850071249783137,0.512070120264407,0.004850071249783137,0.5202818788037623,0.010190109957105283,0.5244751172068373,0.010512296382530298,0.5281733205206605,0.015687472444808767,0.5185638158469468,0.00959400578302906,0.5165982353455054,6.177223562389114e-05,0.5218543432049154,0.01127485733964362,0.519641245158848,0.005715406347507607,0.514632654844064,0.0006988730671791954,0.5121865991089368,0.004688996907598362,0.5160595206895547,0.012499481245888597,0.5164380769342768,0.005403099429180962,0.5096240645292799,0.005548737842329191,0.5180687807576949,0.0045311805082449644,0.5251739902740165,0.010671172328054883,0.5112256486415655,0.0035560640232458925,0.49279287149471473,0.0016871851066504971,0.5101773390407968,0.011799628901827933,0.512070120264407,0.004850071249783137,0.512070120264407,0.004850071249783137,0.5125360356425265,0.008446774439932124,0.5111965289304331,0.005811407261101439,0.5118954019976122,0.0026299790780549164,0.5159721615561573,0.006731378837545365,0.4958795608747561,0.006186071246524867,0.5188550129582715,0.008033874463057913,0.5139046620657522,0.0024056829506796788,0.5255525465187385,0.00355820946176573,0.5059258612154568,0.004589750545667541,0.5160595206895547,0.005439699218466862,0.5311726507673044,0.006026091868779337
it,0.9029483168667797,0.0014971975547610763,0.9067980693532499,0.002412747830191754,0.9076471582314222,0.002546346068314825,0.9100790147271581,0.002176410858291909,0.9054049041065401,0.002222088659469189,0.9087064584338019,0.000586671423094822,0.9084096895055088,0.00023849465843127192,0.9048525841566611,0.0008886163909008555,0.9048525841566611,0.0008886163909008555,0.9022517342434248,0.0014245960434565374,0.907284440652397,0.0015590669806757132,0.9097369061014867,0.0018767006753706947,0.9061138521019071,0.00224360239367785,0.9099100213096579,0.0008326527261874311,0.9037891621636103,0.001348128032136185,0.9017076578748872,0.0002509896394280652,0.9034594189099513,0.00039594943250442115,0.9037108481408663,0.0014972315962911735,0.907284440652397,0.0007407879611109157,0.90657549265703,0.0012673953377322366,0.9046341292511119,0.0010486778380793705,0.9051287441316006,0.0010499892626731238,0.9073874854191654,0.0019911448830542073,0.9062910891007488,0.000325360485577674,0.9029194643320845,0.000600198394950654,0.9041147836265987,0.002288640740328759,0.9048525841566611,0.0008886163909008555,0.9048525841566611,0.0008886163909008555,0.9044074307642213,0.0013856023295958134,0.9064477171462371,0.0017946978994000642,0.905578019314711,0.0032342717266119307,0.9055244360359915,0.0020507638009079013,0.9034511753286099,0.0016429201162973552,0.9043703346481845,0.0015516119518449163,0.9057882306389188,0.0023186638750459098,0.9056686987094674,0.0015569733502643068,0.9052647632237351,0.0014185368801979928,0.9056975512441624,0.002843345527183087,0.9059737112191021,0.0010246857823149685
it_f1,0.7666760901599634,0.003195019308314792,0.7764940691304566,0.0065256669362225815,0.779135215051772,0.0044969653344383844,0.7843200063951205,0.003715456697077013,0.7736478429782241,0.004812123414826183,0.7812883215365654,0.0035957568541538703,0.7801620582712175,0.001872127365832727,0.7731455649523603,0.0025686677013234504,0.7731455649523603,0.0025686677013234504,0.7663260055026647,0.0036538486968151125,0.7790567369496658,0.0035938600538774857,0.7829031249730214,0.0031485761131397096,0.7762429793465374,0.0065081073754661755,0.7830136447973786,0.001364031339028261,0.7719921547003848,0.00432619057575237,0.7697379028294784,0.0003509429186598402,0.7708806454442086,0.0010903405185252908,0.7696779632688688,0.003753118715934584,0.7773164663414348,0.0003974524781949582,0.7781537257728358,0.0029594063983687086,0.7720034753196497,0.00369253193831828,0.7741229854623729,0.002013553050941182,0.7771351633049468,0.0031273324207046894,0.7751990454636588,0.001111688650703889,0.76813377342487,0.0007308885663253237,0.7703463926481303,0.006734998057244416,0.7731455649523603,0.0025686677013234504,0.7731455649523603,0.0025686677013234504,0.7688737396086042,0.0019602561404197623,0.7730423804014713,0.004993298819872058,0.7739547363749105,0.005266057561076509,0.7744897065847871,0.004434300838918812,0.7706532768336594,0.0040262460874517245,0.7727909588891091,0.0023854862364733895,0.7756277264523964,0.0031651885302479378,0.7731309929613333,0.0038377869470964674,0.7727607503809325,0.004764188394331843,0.7760824808477503,0.004510641533943406,0.7755909375393393,0.0022677428475674564
it_precision,0.757970035829934,0.0008785506297210792,0.7660903962783717,0.006845146440771889,0.7700211951137111,0.0038105738242270805,0.7717522436160295,0.00417794651995785,0.7631446650343608,0.004124707512165464,0.7713375300118895,0.002902251927748857,0.7705254225580016,0.0019219762719537635,0.7629080390764015,0.0036598479847994116,0.7629080390764015,0.0036598479847994116,0.7555981428538718,0.0025386381791558514,0.768741567665214,0.0022032977292677125,0.7727629069490615,0.001825315309993492,0.7662453562072326,0.006983785498975032,0.7740383645886332,0.000821559414793121,0.7597028085233927,0.005208992230871354,0.7580517233844674,0.0027058431838665902,0.7598295052945062,0.0016588807034362157,0.7600560712611101,0.004218559323577257,0.7674708089825244,0.0022592060132553,0.7668224815092456,0.004558758867503384,0.7623143896243233,0.0019490695482269138,0.7637068247323588,0.0010342220191377621,0.7654609813673229,0.0038341101714164244,0.765570128410876,0.0015521465532808852,0.7603820434269123,0.003080363858075957,0.76033560945221,0.008313820422147046,0.7629080390764015,0.0036598479847994116,0.7629080390764015,0.0036598479847994116,0.7598525841849232,0.0034332523001045687,0.7632574723842948,0.0053809550884453515,0.7645343006007271,0.0069117885450372145,0.7630685136656523,0.004581770908703637,0.7624492874087316,0.0050772764880456026,0.7629720722806033,0.0033105220075204974,0.765874636061641,0.0027224110019569803,0.7632577757763824,0.006627105369390517,0.7644415925677968,0.004461861231693825,0.7655229857846955,0.006012264928878601,0.7650228841030984,0.003305726397226252
it_recall,0.7755958009067326,0.005779531569349714,0.787184522510728,0.0061869722359842744,0.788469464445899,0.005346874024983852,0.79731859286736,0.005217684853156396,0.7844449293281935,0.005539783571008608,0.7914999878779062,0.0043258044327473795,0.7900453366305428,0.0025156776410601867,0.7836691153295997,0.002836880738247144,0.7836691153295997,0.002836880738247144,0.7773656265910248,0.0049050011782929,0.7896574296312459,0.005238259533065973,0.7933183019371106,0.004831289311916321,0.7865056852619584,0.006019837115575605,0.792203069314132,0.0027145912584947444,0.7846873712027541,0.003381347176107071,0.7818023128954833,0.002572512791305156,0.7822629524571484,0.0023003888737594385,0.77954760346207,0.0033551713127269564,0.7874269643852886,0.002319853315665374,0.7898513831308943,0.005209567622826265,0.7819477780202196,0.0055672488859581076,0.7848328363274905,0.0037330538233079345,0.7891725458821247,0.0025009145597019167,0.785075278202051,0.0015325701873376508,0.7760564404683977,0.002024788843854095,0.7806385918975925,0.006047309085104577,0.7836691153295997,0.002836880738247144,0.7836691153295997,0.002836880738247144,0.7781171964021626,0.001319917335933874,0.7830872548306543,0.005235902610771969,0.7836206269546876,0.004292453757998231,0.7862632433873978,0.004940641819887493,0.7790384755254928,0.003031299146726975,0.7828690571435498,0.0019330083899704255,0.7856328945135403,0.003657900785519857,0.7832812083303028,0.0021787419146760585,0.78126894077145,0.0057086181527843186,0.7869420806361674,0.0029564988889546166,0.7864571968870463,0.0011705198152179063
ja,0.6629470823228951,0.010558297618429293,0.6668365374477209,0.010440968570217011,0.6980634730959828,0.013837293714450988,0.69974021485725,0.00388714011630378,0.6601544652584964,0.008367619847716034,0.6830108717299875,0.002805560132416214,0.6984720416124838,0.016544572254669224,0.6590854508604834,0.01844062086409298,0.6590854508604834,0.01844062086409298,0.649509717780199,0.010563199715849587,0.6943146006865123,0.013588508665454727,0.6837445377757471,0.011773853501071947,0.648146358321911,0.01658409914619874,0.6873586850830025,0.0021964350500742525,0.6683580524607833,0.01646773036989177,0.6673417565810285,0.015721821936709676,0.6636207078339719,0.01888033086316026,0.6684649539005846,0.021022695487561544,0.6645579259363394,0.015058886773065215,0.6524429175599527,0.01747839870437189,0.6482444733420026,0.013324314344081366,0.6608266263662883,0.011776589638304868,0.6701373024519969,0.01096686800013144,0.673490785974531,0.007824011151863512,0.6653648121463466,0.003833900652557444,0.6460039363160299,0.031793881594982996,0.6590854508604834,0.01844062086409298,0.6590854508604834,0.01844062086409298,0.6501115875303132,0.022326567812664205,0.675956841106386,0.013489377149867863,0.6589961222601014,0.01618241359613558,0.6467624972176338,0.010784692518136983,0.6616569430288547,0.017703136182514494,0.6693187010157101,0.019789211718665413,0.6543656790730913,0.017899079067694258,0.6638184022774399,0.011727592861974332,0.6618604950854626,0.023183990855223574,0.6641127473377147,0.025508448470840373,0.6706923112969928,0.0053446613395614715
ja_f1,0.22706657791057142,0.01123662586252832,0.20894038238207788,0.01669429317140308,0.22998402498958523,0.0194412228265213,0.251452802899963,0.002914493876902873,0.22523102238565387,0.016478426114865528,0.2421090501666235,0.02349702145692023,0.25489866218785745,0.03504814295616955,0.21279260356381227,0.013582490591289997,0.21279260356381227,0.013582490591289997,0.20553541768034309,0.009732736351252836,0.23314924047356533,0.009413643285058818,0.25097065547570946,0.010046383614946273,0.21352801669985189,0.023812798694249127,0.2562189950241357,0.006989550415412671,0.21994047694384375,0.017035210828563453,0.21813274722528364,0.014859457956127142,0.20871332247454344,0.012062524233588624,0.20220056965927216,0.015139183498676625,0.22550923022518554,0.007674749011905704,0.2091968369859011,0.00993490875425221,0.20939163056325039,0.016494703728553228,0.20067930294550296,0.007671728187130361,0.21807726393460433,0.02147993971039135,0.2227776471235988,0.015488464244036857,0.21354048396144384,0.023188453882961865,0.20107792726518373,0.03518705749697532,0.21279260356381227,0.013582490591289997,0.21279260356381227,0.013582490591289997,0.20997541197521788,0.00605105623945884,0.21647399516056356,0.025867553314553714,0.21020494618772048,0.015393194846854849,0.20196108857857917,0.024297975843326006,0.20152004598652964,0.006989676446137059,0.2104239279662463,0.016383796018610324,0.2050976622683264,0.010247794472877245,0.2107299728514164,0.027806582605852573,0.2235476338501012,0.009528867077355693,0.22605831880284843,0.03622687455870841,0.22407444461010326,0.004023112299584761
ja_precision,0.17159787935373413,0.011553334125195247,0.15224503805971815,0.012442339547776892,0.18945183266486412,0.023631069944748322,0.20088891785073915,0.007335217889585989,0.1707143464651656,0.017090854161133852,0.186986790465172,0.02008808468920622,0.2049678218437195,0.031384395403050595,0.15378624818933506,0.013308093347680827,0.15378624818933506,0.013308093347680827,0.15397971270381702,0.008088499150106431,0.1816874266174985,0.008273937980227837,0.193315103735331,0.009035139467575266,0.15494126345685055,0.019278409276318926,0.2029005179643211,0.008725172318628627,0.16203976668892364,0.014297483233897948,0.1589832778068303,0.012427797579042442,0.15555623540825725,0.010656602191996266,0.14598456271534885,0.013409406098919491,0.16497032629090394,0.0074683419924242555,0.1519123349237726,0.010648132651292412,0.15429432808983948,0.014513764079406355,0.1503488757226311,0.0050693560767214796,0.16213587627888285,0.0201254433657397,0.17154295195282843,0.01628765076935408,0.16249923389074628,0.01703164267799821,0.14438733246219848,0.02918607118945733,0.15378624818933506,0.013308093347680827,0.15378624818933506,0.013308093347680827,0.1539025261125484,0.006915872226880577,0.15954210176779018,0.02192507622642532,0.15220533527183286,0.013752910448089899,0.14439379001995653,0.019408666335089666,0.15157526675718147,0.0019718756279797464,0.15900332759281996,0.01664711819707577,0.15011650433249607,0.009988214129015585,0.1532970471850296,0.021729150633818466,0.17071309322575967,0.0058923434107205335,0.166162169273662,0.03164329170630041,0.16239122407487414,0.0028887485405206153
ja_recall,0.3359678835779701,0.004822948827708634,0.3329820599673817,0.025818080332062576,0.2940659892108895,0.0070372412407819825,0.3366704303098733,0.010430476159143966,0.33187805796010533,0.006308117517664496,0.34422280767783214,0.034261310485227556,0.3372726132229331,0.03746383709688315,0.34615481119056574,0.007957710110763568,0.34615481119056574,0.007957710110763568,0.30917074394680716,0.014243554000563829,0.3254296825994229,0.01249446409152262,0.3578221051311002,0.012801109034479006,0.3436958976289048,0.028730874258048877,0.34786099611090204,0.005002295739151191,0.34246644084807426,0.0191575477711289,0.34806172374858857,0.022663133132206154,0.31722494040898247,0.011409820256624955,0.329318780579601,0.011708015911305528,0.3565424664408481,0.007573188358426561,0.3366202484004516,0.001499801192711444,0.3260318655124827,0.015651386802258138,0.30169363944298083,0.01437278130911818,0.3342616986576339,0.018171395326988915,0.31875548864634295,0.013050094756034851,0.31190565801028725,0.03947897277698792,0.3326056956467193,0.03565283403596276,0.34615481119056574,0.007957710110763568,0.34615481119056574,0.007957710110763568,0.330774055952829,0.005313183694190762,0.3374984318153305,0.029753862964742386,0.3401078911052566,0.01201217500848658,0.3362438840797892,0.030034816043021627,0.30164345753355915,0.027441510421492125,0.312959478108142,0.023118002876777073,0.32420022581859237,0.009108016560030123,0.3372475222682223,0.03834089177150697,0.32382386149792997,0.018856866593269836,0.35513737297704173,0.0326610510110916,0.3615355664283026,0.012594884520295056
jv,0.788102261553589,0.007275638439994517,0.7999016715830874,0.0022529870673332836,0.7885939036381514,0.012281215336083383,0.7927728613569323,0.003128791067197157,0.8171091445427728,0.0014749262536873503,0.7964601769911505,0.005317922235197607,0.7772861356932154,0.011706864208250387,0.8092428711897739,0.005179770773280622,0.8092428711897739,0.005179770773280622,0.795968534906588,0.01116796134867309,0.7974434611602753,0.0022529870673332016,0.7905604719764012,0.012072791698926878,0.7999016715830876,0.009596470646973027,0.7876106194690266,0.002085860711464693,0.7984267453294002,0.02286532144392034,0.7954768928220256,0.012716339386801924,0.7846607669616519,0.0208586071146474,0.7989183874139627,0.008123260394227293,0.7974434611602753,0.009820542947609716,0.8112094395280236,0.002085860711464693,0.7940019665683383,0.007568733686499841,0.8180924287118977,0.0037118163398577784,0.8102261553588987,0.009820542947609787,0.8033431661750247,0.009820542947609727,0.7949852507374632,0.016424083666165247,0.7871189773844641,0.013940459074491415,0.8092428711897739,0.005179770773280622,0.8092428711897739,0.005179770773280622,0.7910521140609635,0.011921686974417084,0.8043264503441495,0.006650810844871512,0.8092428711897739,0.008123260394227292,0.8045722713864307,0.003128791067197157,0.7935103244837758,0.007804576138833532,0.7984267453294002,0.005179770773280586,0.8053097345132744,0.00642905448899803,0.8131760078662733,0.0022529870673332984,0.7900688298918387,0.019192941293946046,0.7989183874139627,0.0037118163398577693,0.808259587020649,0.008343442845858967
jv_f1,0.572906327885485,0.014646108393198905,0.5922401399692236,0.0283982479493924,0.5727151028355847,0.033734096812283856,0.59869516642425,0.013459323924427011,0.6035702243131715,0.01292963349608258,0.5797986300825838,0.005652615237401425,0.5559147157736638,0.025311336208224715,0.6075097473555381,0.005654566696863694,0.6075097473555381,0.005654566696863694,0.5657144707863714,0.0312605253037604,0.5831499888424878,0.007860741812024334,0.5744326447027563,0.009754356587634967,0.5910669267329998,0.023146589128235574,0.5718033424018655,0.006931327954532317,0.5850942895086322,0.04845314831216996,0.5812282262857913,0.015366701429134664,0.5784359126423938,0.04647508986167799,0.5768812387894621,0.015717518564955076,0.5610037333125542,0.01747294312049534,0.6088130081300813,0.01016394137510427,0.5795646132468736,0.028100492848107412,0.6163884491546043,0.00890225230350662,0.592899548314127,0.011044390884872846,0.6050826100099322,0.025562243604366982,0.5796462738111982,0.02522362312154431,0.5517514590225575,0.0316676757576341,0.6075097473555381,0.005654566696863694,0.6075097473555381,0.005654566696863694,0.5518167608803954,0.024370669922887937,0.5864021319501777,0.007065598730079656,0.6015123768862023,0.02425129574480591,0.5919399214883085,0.011264841098522813,0.5637750752271632,0.016784486049980268,0.5698577962628864,0.022307403795971032,0.6085956730146392,0.026371136934789752,0.6092409576863522,0.019957987338563056,0.569393626427055,0.033576395750386685,0.5914278002699055,0.007600670162052334,0.5926949957758687,0.016319234006479146
jv_precision,0.5316865897951267,0.012695397951811587,0.5546352060360963,0.02520919817102381,0.5378045157456922,0.034813829449350825,0.5594435231251151,0.013660814005347636,0.5748615857447187,0.01541860358514635,0.5483056900105717,0.0037101683957720157,0.5280714117923421,0.021610186764588982,0.5750748846790033,0.004534789919729019,0.5750748846790033,0.004534789919729019,0.534235484617164,0.030229881712103022,0.5474904273598088,0.001359730014511929,0.538651042050636,0.007695533455879654,0.561501894361827,0.02118935932104207,0.5405968077723803,0.005680328085962829,0.5486103317996484,0.04521502342372886,0.5418699957901759,0.0140144409259079,0.5391453115606074,0.04094817427015842,0.5474494497750312,0.017829561200750833,0.5349449040946134,0.017861078516093712,0.576295389636883,0.00375046436369858,0.5390268753445021,0.022684905397457815,0.5841523705006751,0.0058843873589642616,0.5626012379960662,0.004513173791988796,0.5707092447751347,0.024058229810314486,0.5413989519252677,0.031198165805520515,0.5228644513661379,0.0285832987687448,0.5750748846790033,0.004534789919729019,0.5750748846790033,0.004534789919729019,0.5229819049719635,0.023256618459119277,0.5532208388797536,0.012576448607196748,0.5666114834110733,0.019979093611430104,0.556324087005753,0.006672572639210929,0.5286396374660153,0.014053539630704742,0.5350483862795764,0.020425334420715226,0.5747166319685403,0.02538976761022512,0.5781906613848408,0.0222552704163609,0.5363242772949962,0.029039563239428457,0.5598804704067862,0.010280064942361507,0.5644404690916319,0.015706253720760125
jv_recall,0.6210826210826211,0.017792017089454132,0.6353276353276353,0.03235845211282208,0.6125356125356126,0.032358452112822074,0.6438746438746439,0.0130557712107004,0.6324786324786325,0.012087295404898245,0.6153846153846154,0.017094017094017103,0.5868945868945868,0.030016107557985013,0.641025641025641,0.012087295404898245,0.641025641025641,0.012087295404898245,0.6011396011396012,0.032358452112822074,0.6239316239316239,0.017094017094017117,0.6196581196581197,0.018130943107347346,0.6239316239316239,0.02564102564102566,0.6068376068376068,0.0085470085470086,0.6267806267806267,0.05222308484280159,0.6267806267806267,0.017792017089454132,0.6239316239316239,0.05337605126836234,0.6096866096866097,0.013055771210700392,0.5897435897435898,0.017094017094017117,0.6452991452991452,0.018130943107347346,0.6267806267806267,0.03558403417890823,0.6524216524216525,0.01305577121070034,0.6324786324786325,0.024174590809796528,0.6438746438746439,0.02747478849285745,0.6239316239316239,0.017094017094017144,0.584045584045584,0.03558403417890825,0.641025641025641,0.012087295404898245,0.641025641025641,0.012087295404898245,0.584045584045584,0.026111542421400742,0.6239316239316239,,0.6495726495726496,0.036261886214694776,0.6324786324786325,0.01709401709401706,0.603988603988604,0.02150949981558616,0.6096866096866097,0.02747478849285745,0.6467236467236467,0.027474788492857373,0.6438746438746439,0.017792017089454125,0.6068376068376069,0.03916731363210125,0.6282051282051282,0.0060436477024491024,0.6239316239316239,0.017094017094017117
ka,0.87303214885886,0.0033774555678694495,0.8775934538559507,0.003411148392120042,0.8798517270703888,0.0011721997260795642,0.8806777261019763,0.0010009643436969806,0.8718602881638001,0.005506972723289046,0.8798720718741228,0.0047826527230034836,0.8799453131675637,0.004707854403079076,0.8814426907223626,0.0051650308122164635,0.8814426907223626,0.0051650308122164635,0.8779311775979298,0.0054721153522587305,0.878159039399747,0.005573418786948749,0.8826877927108637,0.0022187106839912534,0.8769790407831936,0.004695494314856617,0.8793268311340601,0.001857064947757299,0.8788833144126659,0.00612386568035567,0.8827569650435582,0.008015194794327503,0.874077871770771,0.0022085462845729932,0.8819146901689839,0.006537709533697343,0.880482415986133,0.0031573142799471653,0.8815769664270049,0.0015688257954013045,0.8808771051785663,0.005194173028165643,0.8686824298205996,0.0011591611497629108,0.8781671773212404,0.007692121425691136,0.8749160776845986,0.0015134564997818713,0.8720718741226303,0.00017306242451579264,0.8812840012532398,0.007094607333437342,0.8814426907223626,0.0051650308122164635,0.8814426907223626,0.0051650308122164635,0.8708511858986095,0.003449950859551973,0.8782729703006554,0.003851866168725369,0.8860935128558814,0.004273983762861825,0.8744522161594707,0.004932305533057224,0.8752944910340449,0.004744050525548337,0.8766982824916688,0.0042125064532669695,0.8788792454519191,0.002753060164284684,0.8802708300273028,0.008690668643092186,0.8750381465070006,0.0015919571672123667,0.8788060041584779,0.005241251066003973,0.8812555185280128,0.003631631238216654
ka_f1,0.6482431666650069,0.009361717426996319,0.6577722699853147,0.007057801088169887,0.6642797072063855,0.002967994586969251,0.6628148907055365,0.00518070184658037,0.6476651835906749,0.016771040388261927,0.6632776125816461,0.010707276658592522,0.6646714458405266,0.01656301138626603,0.6713240837800636,0.009990587583486948,0.6713240837800636,0.009990587583486948,0.6574427820472764,0.01353831277358518,0.6543942864633592,0.022730584262365894,0.6700226853913694,0.0066205090173107415,0.6655720815628324,0.008665760345674194,0.6591387763562363,0.006435868924253866,0.6646146657410316,0.014189000412701823,0.6729076059536808,0.021236256164749064,0.6533595431542589,0.013430443817625325,0.6692670338067295,0.014249439817268816,0.668306092243583,0.010047569918770623,0.672118892628747,0.009346988010264855,0.6677636656514562,0.014016209782020714,0.6439308011840135,0.0059524324741451196,0.6676994708057209,0.01832182927668992,0.6550970263764851,0.0036703292275461256,0.6529685940420061,0.007369938599326932,0.6718226048501883,0.012933659310026931,0.6713240837800636,0.009990587583486948,0.6713240837800636,0.009990587583486948,0.6524544324125992,0.008843815501367635,0.665074214135296,0.0048946251221830194,0.6838419292055858,0.008662260306864376,0.6602372206749512,0.007128765973965326,0.6558754874482653,0.0143022175382968,0.6535305922072446,0.007546721406506082,0.6625082797757442,0.00518609847911446,0.665968824716512,0.016137112437969472,0.6520178233343056,0.005508408831880457,0.6670235727861812,0.006679064741707706,0.6709591392417646,0.007847224830680509
ka_precision,0.630002227964675,0.012190036718822725,0.6428404285008046,0.006235936516328025,0.6607116835814476,0.0078863318788461,0.6539203461224576,0.010329781988431845,0.6277141689359514,0.014537317632079735,0.6513638646983965,0.01614786760664589,0.6522182667330946,0.02116471221259238,0.6433027929064589,0.02044307823682724,0.6433027929064589,0.02044307823682724,0.6369652103172839,0.020236775155615148,0.6434715321118317,0.02509479235335868,0.6606273930925416,0.00472222216164139,0.6379617125476744,0.008244339675258606,0.6535213703930914,0.00618882613933974,0.648756683437222,0.021335832209568795,0.6557361919825002,0.023334750580592915,0.6354075900748496,0.012947595855461135,0.6465734219777665,0.022991686790098803,0.6433771566146435,0.010004810529249678,0.6435340240723505,0.0036064783751846917,0.6420731399364178,0.01783505868202555,0.6235092802186547,0.005415014949319508,0.6452406401201858,0.013991458785240222,0.6376087376090479,0.01122390492237719,0.6361812110700988,0.010135700661533027,0.6461527019082755,0.02639007785358197,0.6433027929064589,0.02044307823682724,0.6433027929064589,0.02044307823682724,0.6224582789221614,0.01774647733776286,0.6430138020532055,0.01081172202693981,0.6570929848891037,0.017022292069186543,0.6296533536637451,0.015112749979406514,0.6351257803179183,0.02613915211306879,0.6343478691613428,0.010416876327617237,0.6382167300547593,0.00505607398701728,0.6405714299308235,0.02038057273364143,0.6408471917707618,0.0027059272426420383,0.6428484860610625,0.02140706518522894,0.6497646303734776,0.01364161053179124
ka_recall,0.6678920630057951,0.018229111308796113,0.6734318756222716,0.00892463554844221,0.6680707666385847,0.011720855530508043,0.6720277756503537,0.003579447957690253,0.668938755712134,0.019395389357660078,0.6757294937581374,0.00663972330602535,0.677669704628424,0.011947941598050106,0.7023308059533839,0.011871356438354507,0.7023308059533839,0.011871356438354507,0.6794056827755227,0.006236574431044227,0.6657986775931174,0.022133765543439782,0.6797120318603048,0.009513174989166115,0.6956932424497716,0.009829561786861996,0.664930688519568,0.010992074537544866,0.6813969518266064,0.006320654274171775,0.6910214189068444,0.018938180623518545,0.6724362410967298,0.016545686900685648,0.6938296188506804,0.004685196712189464,0.6953868933649895,0.01576216155822803,0.7035562022925124,0.019840144112632803,0.6956932424497716,0.011755667968073383,0.6657731485027188,0.008934488680153632,0.6918128207091981,0.023233225568074636,0.6737126956166551,0.004830060725039335,0.670700262949631,0.0056448161454931605,0.7002374205407061,0.011616802132335778,0.7023308059533839,0.011871356438354507,0.7023308059533839,0.011871356438354507,0.6857624262847515,0.006123630085820852,0.6888259171325726,0.006018317241901553,0.7131040821015547,0.007471087323738809,0.6941359679354625,0.00320051721663753,0.6784611064307778,0.007406560669055197,0.6740445737918358,0.011541831362029333,0.6887238007709785,0.005477105558751144,0.6935232697658983,0.01120383914289035,0.6636031758188455,0.00860008331761884,0.6936764443082893,0.011473103837384896,0.6937275024890863,0.007889604202910877
kin,0.8273812939548705,0.05272268121275646,0.5924749899577267,0.0272503088507247,0.5769429407601523,0.19961430961433127,0.7223104241983714,0.09938271880947508,0.8999279506749044,0.006806643878857609,0.40730822446233983,0.04167916380688481,0.7336852910984014,0.13103051428658866,0.9040149964612942,0.0022993583045144844,0.9040149964612942,0.0022993583045144844,0.3661380924144175,0.14586720330838623,0.5683862863992553,0.13034431451006606,0.7922237737268629,0.05664898624588799,0.8871248493659021,0.001898124510296062,0.5678634505888279,0.04711849117669504,0.46543226407034055,0.17660057201303095,0.4065749791184478,0.15674444835292256,0.3569119531743146,0.16649538325631072,0.8394702780593866,0.021821144119707196,0.8354852490164948,0.07282173949032779,0.8366966978455338,0.044728078682870924,0.6192097528006784,0.08798188602066409,0.890440393529588,0.012967472513321062,0.79534803649649,0.07555704168028868,0.9082359392235251,0.0010540166028648308,0.7157494723821548,0.058935884536133715,0.881271638707703,0.020666899057079267,0.9040149964612942,0.0022993583045144844,0.9040149964612942,0.0022993583045144844,0.7072119461606636,0.08176324102677335,0.8733079566683882,0.005851658114184984,0.885951656815675,0.026893077878091722,0.8911290065481996,0.011373932256165084,0.68322525934569,0.027840573764414175,0.8144697998559014,0.08832703182377259,0.8970651058104911,0.009435745271341316,0.8938260742044287,0.0034795517443721017,0.811485810108584,0.07919034543957537,0.9025166255411671,0.0018472607178921458,0.8975433092956382,0.0006436649700720256
kin_f1,0.34979736367451025,0.04268019783110013,0.2286696642802418,0.01907607299456415,0.22565066391603616,0.049399507905504104,0.261857199544516,0.020900580077975513,0.423526919290599,0.0172349497591229,0.17305864671982707,0.008229820474975499,0.2965795865439958,0.06740306569004813,0.4402399270820589,0.003249605720876827,0.4402399270820589,0.003249605720876827,0.16366916963455094,0.017138147759610513,0.21274266122109986,0.027655555512141935,0.3123375369285417,0.03329250258672295,0.39866473838461086,0.013063265052243943,0.22082431058044816,0.03423590213255518,0.1781875472783573,0.044107012785757904,0.1682758015566286,0.03547455044145452,0.143395658164944,0.024327137490464067,0.33988851435626466,0.004320413455747732,0.3505097709343936,0.05480726272470806,0.33262690379251963,0.030596675338369385,0.23204317283607534,0.021901574483241263,0.4134633174958336,0.024942562723712276,0.3202356010076866,0.052739256716140284,0.443204089250344,0.004610027774838053,0.27542503592498657,0.017307374023171816,0.3997936676728217,0.01938063223255267,0.4402399270820589,0.003249605720876827,0.4402399270820589,0.003249605720876827,0.2670012299088221,0.027020161886002828,0.3916088598521066,0.011994868697914456,0.4109788714800057,0.04727276020434556,0.416588160212153,0.023229833782963852,0.25915316188475984,0.013450691415073924,0.34515505785883965,0.06801192213740766,0.4278838052291774,0.00504133923986066,0.41133571472704383,0.0024506228073288006,0.3462489059742373,0.06863836205038483,0.4385117741487841,0.010733745212608663,0.41228575362270686,0.006594838844282405
kin_precision,0.2607175692234292,0.04521645124927183,0.15666402021965953,0.01618078657764921,0.16356131227154447,0.044207551758904215,0.200342090993025,0.02443238327656499,0.3576870972845397,0.02179632681578006,0.1220824529371503,0.007053069977545493,0.23349784605237425,0.06117730442941503,0.37162442731816436,0.0034123757108382256,0.37162442731816436,0.0034123757108382256,0.11287407166706782,0.009813002552625537,0.15878475155984983,0.022298662466009485,0.24192234832436055,0.04586154904451993,0.3260645747118596,0.014241866353887302,0.1611616771705645,0.02784821800075949,0.12631263336238854,0.03118675695499496,0.12206022306547182,0.021524126053863633,0.10821541681088424,0.016696292634688473,0.2690966235673387,0.011630956480340425,0.2790377877823296,0.06141750577630124,0.2517994642304346,0.035850127264967245,0.16144828017255494,0.017398052706082082,0.3351217810564527,0.029758725090745754,0.24110926189431534,0.052507995315835714,0.3791660023650371,0.006959824525838948,0.19846451773378745,0.013162345461695701,0.3272702344151622,0.028646785189780723,0.37162442731816436,0.0034123757108382256,0.37162442731816436,0.0034123757108382256,0.19146966329603535,0.02372147248107776,0.31648271276519424,0.015409672382925205,0.33684640007024064,0.052748021623175136,0.3406223770259642,0.02731119724772184,0.185092199194405,0.008567535834211416,0.2680220797386613,0.0725064832217391,0.35640321739608966,0.009252261560729677,0.34100800718276797,0.00919218654966185,0.26396019296806944,0.06931300469702258,0.3685744030355891,0.010089358506364698,0.3442353933605637,0.004177125308905902
kin_recall,0.5374149659863946,0.010373160213434592,0.42466822794691644,0.01732405239579022,0.3687966990074718,0.04811891699818684,0.38106390097022413,0.016583517874063224,0.5196832831493253,0.011067483902230946,0.30043492806958844,0.03957578172117843,0.4078287052525928,0.0688096584412362,0.5399799263967883,0.006581570951122792,0.5399799263967883,0.006581570951122792,0.2982045277127244,0.0457189911206483,0.3224043715846994,0.03529621777984897,0.4500947920151667,0.019350570961743283,0.5132151221144196,0.014583134638811236,0.3531838965094234,0.05544249960826954,0.3031114084978253,0.07738975007896166,0.27233188357310134,0.07897530828331359,0.21278019404483103,0.04255230377653709,0.46258503401360535,0.018778129907128713,0.47764023642243786,0.022000556514448055,0.4949258391881342,0.005121428572858252,0.412847106055537,0.026078521605761216,0.5407605665216907,0.0087902961520858,0.4836623173859708,0.020499369311696235,0.5334002453440393,0.006524635876574145,0.4499832719973235,0.025628260959793345,0.5158916025426564,0.016444571063826727,0.5399799263967883,0.006581570951122792,0.5399799263967883,0.006581570951122792,0.4421768707482993,0.02478079187453121,0.513995762239322,0.005408433435031629,0.5298316047730568,0.023735693826020667,0.537080405932865,0.011943059793090436,0.43314374930299987,0.0374891421869348,0.4940336790453886,0.029024571003565425,0.535965205754433,0.019704990729511193,0.5190141630422661,0.018801957510970652,0.5112077617932419,0.03722347089891185,0.5414296866287499,0.01694517222100815,0.513995762239322,0.014297631771028517
kk,0.810483870967742,0.011148687681751337,0.8063256048387096,0.00886007854397526,0.8039314516129031,0.009473259137707938,0.809601814516129,0.0021970256771878536,0.809559811827957,0.0009541176656250091,0.7998991935483871,0.0036324433733365977,0.8024193548387096,0.009453964456604154,0.8097278225806451,0.010191084801207523,0.8097278225806451,0.010191084801207523,0.8033014112903226,0.011942879232346625,0.8022093413978495,0.006793147621564868,0.8152301747311829,0.006552823214394382,0.8039314516129031,0.0036455333017866008,0.8021673387096775,0.006000948034168717,0.8068716397849464,0.006250220171503499,0.8121219758064516,0.015193772143400206,0.8080057123655914,0.008053022829036607,0.8119119623655914,0.006574594790625621,0.8112399193548386,0.012253919849565153,0.8071656586021506,0.004616666768897456,0.8147681451612904,0.016346116600989405,0.8102318548387096,0.009076080194238475,0.804771505376344,0.001323584614968803,0.8090137768817205,0.0066406768057700434,0.8102738575268816,0.002671053947510853,0.8111979166666666,0.008967254226441007,0.8097278225806451,0.010191084801207523,0.8097278225806451,0.010191084801207523,0.8004872311827956,0.0030459913910141057,0.8178763440860215,0.006293258717965894,0.8110719086021505,0.013559974446102397,0.803721438172043,0.0030796879670402576,0.8132560483870969,0.005457764069482748,0.804729502688172,0.003501875730358635,0.806703629032258,0.00908657075469753,0.8116599462365591,0.011791240125555588,0.8009912634408601,0.00522946119000998,0.8149781586021505,0.012971692303062946,0.8169102822580645,0.012069836227739411
kk_f1,0.4656577074540178,0.02560624135048224,0.44945530622132795,0.043717472779061184,0.4615045451831669,0.02073180547200826,0.4572315597864424,0.0072146673994712114,0.44346296686936704,0.010124566035705558,0.41076743926860604,0.0033976034138265797,0.4304171376262613,0.024894461308290605,0.4714387613508893,0.02364777485370281,0.4714387613508893,0.02364777485370281,0.45053120990768897,0.04427780728038335,0.4342804860517478,0.039673756025281545,0.45746218380486425,0.04415271936066148,0.4321086399940411,0.004467203636189075,0.42678678375954204,0.031970687877045566,0.43879031352001646,0.036593266407189934,0.47313111573071703,0.02894294208850808,0.4525758099421558,0.018222229919023742,0.44852126618665095,0.02761343108108968,0.4731335749422864,0.009632107572979557,0.4373589245706378,0.024653154643752326,0.46532255305635095,0.028837958046676607,0.43721259313041044,0.040221897426399575,0.41650991280665445,0.0037384391046853685,0.4440450450615118,0.02929623217947987,0.46421728789866634,0.008283973297857614,0.47139380086013594,0.013747993087226632,0.4714387613508893,0.02364777485370281,0.4714387613508893,0.02364777485370281,0.4058456487436102,0.01131001260707262,0.4674959042553249,0.01478213660500896,0.45566505713675975,0.03510627226091939,0.44698854458223813,0.025202370759099885,0.47118979045769543,0.011871570286124464,0.44756953596645643,0.026353918780988275,0.466333478200847,0.020414044754454835,0.46433497942230045,0.04684858611795823,0.4205784452175389,0.03437014616184627,0.47899446135487356,0.02870539331270848,0.4741093471529063,0.03642854785926149
kk_precision,0.4107599402247559,0.0290378131582903,0.3953161802520822,0.038113114075673346,0.40226238276024967,0.017917904737232992,0.3996575797869181,0.008038033499686903,0.39075247246692113,0.00820466673328051,0.3630612175284067,0.005266721262353182,0.38059394256175755,0.02555670616229769,0.41218044357055605,0.028171627840810478,0.41218044357055605,0.028171627840810478,0.39373672307418767,0.038455912717713,0.3815304447133682,0.03390046160570843,0.4059543793971358,0.035921953858819876,0.3791715559038673,0.0050028987220031036,0.38038217842070815,0.02715556292307527,0.3866638146563417,0.02746495839894444,0.41723715560225494,0.032104088113116755,0.3982724520823036,0.01649089451478822,0.3974903589826468,0.028400373845494212,0.4147062565980821,0.015946404732726866,0.38376672591070166,0.020745118441649387,0.41215523023250616,0.03447745087920238,0.3869284513238775,0.035892771494385564,0.36639965924706025,0.002837179792510828,0.39521073185509775,0.026111557716935265,0.40768621264117694,0.004255730379487972,0.4106401964389512,0.019249594210362986,0.41218044357055605,0.028171627840810478,0.41218044357055605,0.028171627840810478,0.35720364827486556,0.006988890230952224,0.41518886802475746,0.019299238045484324,0.40075974114017915,0.0369497553164711,0.39005926127160323,0.020697732651679693,0.4172710178263947,0.016370322606168178,0.39142261014222224,0.021102542364534516,0.4058724367878037,0.018755071446023015,0.40704475133682516,0.0418106261177131,0.37055371019017636,0.026329251371756873,0.42226935190879783,0.03501222330146362,0.4214161996791141,0.037062250354021026
kk_recall,0.5378176382660688,0.020260590582789176,0.5207772795216741,0.05124156466730155,0.5417040358744395,0.031848037496977004,0.5342301943198805,0.006966325977716536,0.5127055306427503,0.015334312231069873,0.4730941704035875,0.0006341764853691459,0.49536621823617333,0.023081468636122746,0.5512705530642751,0.021605478583144582,0.5512705530642751,0.021605478583144582,0.5267563527653214,0.05423105129163374,0.5040358744394619,0.04823077904842601,0.5240657698056801,0.056447644867601184,0.5022421524663677,0.004109933358704819,0.48609865470852015,0.038596295589865506,0.5073243647234679,0.05059387769246051,0.5467862481315396,0.026183630839638292,0.5240657698056802,0.021020503236169736,0.5147982062780269,0.0269058295964126,0.551270553064275,0.011705095336593018,0.5085201793721973,0.03243612792829624,0.5351270553064276,0.025498837233530643,0.5025411061285501,0.045883300551150176,0.4825112107623318,0.005881110784127345,0.5067264573991032,0.034257272205891094,0.5390134529147982,0.014926741683491661,0.5536621823617339,0.007304509251342702,0.5512705530642751,0.021605478583144582,0.5512705530642751,0.021605478583144582,0.4699551569506726,0.019422787289423968,0.5351270553064275,0.006790921788699867,0.5288490284005979,0.03733930043885448,0.5234678624813154,0.03288354393169992,0.5414050822122571,0.009072640302238238,0.5225710014947683,0.034460164430268586,0.5479820627802691,0.02247527190339315,0.5405082212257101,0.05414198563633886,0.4863976083707025,0.04703463723841691,0.5493273542600896,0.01965947104644213,0.5420029895366217,0.03376456299789661
ko,0.7800774436183242,0.0063014401259853135,0.7926135777879496,0.004396165196635342,0.7914548101229283,0.0049993110319391555,0.7995620600497322,0.0027783434196125703,0.7785269217605021,0.004119183554075409,0.7866300479589606,0.003897931178426439,0.7845063278611458,0.003961329946624762,0.7876609800452785,0.010269216300456314,0.7876609800452785,0.010269216300456314,0.7875743817500278,0.0073519924081923566,0.7875001546398129,0.004039547120197447,0.7948898758345395,0.005874168161881802,0.7846052973414324,0.0062411249146223655,0.7862919022346485,0.009229080924174054,0.7769021727924651,0.004480937033240551,0.7828939500781447,0.0026563597179557817,0.7813021909368699,0.009224798742544177,0.7906548068239457,0.007732485478951399,0.7884032511474274,0.00570056635492553,0.7861970564827071,0.007980827159405091,0.7792650691343056,0.011224301484768105,0.775170206887451,0.00717614400974364,0.7808527045472352,0.005006958548227056,0.7780155794456883,0.0072003095604384944,0.7822753908263539,0.005083794453956862,0.7745805137340772,0.013168115837545574,0.7876609800452785,0.010269216300456314,0.7876609800452785,0.010269216300456314,0.7751001035055815,0.0046586889048929325,0.7841805533218693,0.0022063179877286902,0.7853723108136529,0.010074604249364943,0.7789722844217914,0.007599828843109654,0.7796691945121422,0.0077262284765380225,0.7889805731157654,0.007456965457465967,0.7905228475168969,0.00900564774482586,0.7902548051744543,0.004885793273867171,0.7876815986870049,0.007225178067281362,0.7908609932412093,0.005282834009999478,0.7841434397667619,0.00848862844021079
ko_f1,0.4685824051614795,0.004004136043475046,0.49520365062990734,0.011959018810577132,0.49382328130865183,0.012996248503389783,0.4999303931578547,0.0043752005230618006,0.4765809297313812,0.00751028118491798,0.48543169184785223,0.006459156281893227,0.4816584009123368,0.003947413783181987,0.5014320992571046,0.016410598268805886,0.5014320992571046,0.016410598268805886,0.4946146008008825,0.016888697715748517,0.48310662297751944,0.012139545287103901,0.49803371019203846,0.0026549414936768985,0.49493707357142824,0.01169681427650938,0.4772250611850232,0.008555472263873272,0.47747110622395955,0.007180431516124148,0.4874596116951979,0.0063611908086583435,0.47177566749604277,0.01306278550321624,0.5062815619320943,0.004286369850634094,0.5022479893677786,0.005828075255260767,0.5037533291759134,0.015497623453918927,0.48220729818096153,0.016509314300240854,0.46520827616758015,0.012614411165861688,0.4851700278937796,0.005746553193871501,0.46881404965860235,0.013224441479500141,0.4804550328200519,0.007827446385236126,0.4829413962034798,0.01704743101714387,0.5014320992571046,0.016410598268805886,0.5014320992571046,0.016410598268805886,0.47328032214711496,0.0056902375166861495,0.4837350515711381,0.004008027232811915,0.5020896410220037,0.005483969335365403,0.48595278241474915,0.014797372500437918,0.47266615351599683,0.013117807485520593,0.4902648422026306,0.0025308918478556676,0.5015007965512309,0.006024429200968105,0.5024629583944181,0.009558892836558548,0.48101052947065304,0.008884277936665286,0.5052331338761599,0.00571418163644873,0.49124407623694255,0.006049754650075621
ko_precision,0.45144508801889277,0.003651359002926438,0.4707970562101995,0.0074704596870320845,0.48019656156451473,0.010718474173341225,0.48447955492354994,0.005984625721690328,0.45468655408493674,0.005149083127480637,0.4667101921257506,0.006865482279364684,0.4621448513367394,0.005129293354040393,0.4669472780465855,0.018067389638011352,0.4669472780465855,0.018067389638011352,0.46838424995677647,0.015372730654114791,0.46700985614112095,0.009648991291341589,0.4761395479150952,0.0037901877118024802,0.46178852252634006,0.010388079755923216,0.4645937909978881,0.010728979124366565,0.4509301959031486,0.008966489808075954,0.4603255199693617,0.008307651427835652,0.4484955294470209,0.01393098034025597,0.4748817398641519,0.004620469584182133,0.46937708019813407,0.008538803681974122,0.4665952510555851,0.014915918711668332,0.4517238965015126,0.01961530193176467,0.44255622511741016,0.01189982957660324,0.45563894089523416,0.006172495907639464,0.44799856719438585,0.010447712593015556,0.4561138074390097,0.003804519604321056,0.4510284470200965,0.024842401834957634,0.4669472780465855,0.018067389638011352,0.4669472780465855,0.018067389638011352,0.4442306391671513,0.006958920435434451,0.45444343301392315,0.003884079849762319,0.46778791353397625,0.007928190356697347,0.4529241525927668,0.01754927153409685,0.4500312832710562,0.015345814736986955,0.47021818005332655,0.007581445029844436,0.4709876857197614,0.008679977184176924,0.46896982960945816,0.005927367100548754,0.46225393590612346,0.009903814211643824,0.47409240283701076,0.008086623234084244,0.4621502637203056,0.002518981972937494
ko_recall,0.4872541542443782,0.012259785544252898,0.5223370080195983,0.017401838690714506,0.5083547112251265,0.017719611127044156,0.5164205320206152,0.0038859875766916554,0.5007280038826873,0.011097075239780029,0.5057200305068293,0.0059952608926041664,0.502900459913564,0.0027405090834622795,0.5417042224225196,0.020270001884833928,0.5417042224225196,0.020270001884833928,0.5240472393630543,0.020506998200547407,0.500427557835864,0.016334722241244572,0.522059673207146,0.0037506478817554245,0.5332455106427234,0.0142254106393756,0.49058217199380616,0.006133322759211117,0.5073840393815433,0.007032160370676105,0.518015207192216,0.003960121979822591,0.4976310984769696,0.012471653803458018,0.5421433358755691,0.005100780844922257,0.5401095472509186,0.002402790466777137,0.5474589197809054,0.01891374622381199,0.5171832027548592,0.012689646207727818,0.4903048371813538,0.013431664067537988,0.518824100395202,0.006909408778542666,0.4916915112436155,0.01685669492939537,0.5075920404908826,0.012757966580692533,0.5200489958168666,0.007316704362843298,0.5417042224225196,0.020270001884833928,0.5417042224225196,0.020270001884833928,0.5065058124754444,0.009577173943212215,0.517067646583004,0.004557779181059734,0.5419122235318589,0.007285319479541498,0.5242552404723936,0.01142583525792999,0.4977928771175668,0.012275068238396376,0.5121911761307172,0.003536925065562939,0.536296193579699,0.004561820467197111,0.541149552797615,0.014455370443345165,0.5013982296794471,0.009290285027401503,0.5411264415632439,0.016888035399889645,0.5243245741755067,0.011915987488383208
lt,0.8869616842489839,0.0024054178372998124,0.8879800885966115,0.005652589628704302,0.8840480431109284,0.003375370434341689,0.8944604283691829,0.004000508920465468,0.8905923185824541,0.001989468971594541,0.8894506096725578,0.0030365404953930936,0.8905923185824541,0.00476857028863321,0.8886514134356305,0.006121817197843866,0.8886514134356305,0.006121817197843866,0.882874366351555,0.0027542108306619273,0.8866237384116546,0.004308702332685094,0.8922774809334612,0.0029636300344222733,0.8912134082294378,0.0024193067727491238,0.8856327350778646,0.006747556452919931,0.8851943188564645,0.0007278481607216954,0.8817646252911358,0.0036802122051095387,0.8842718180572682,0.005058011177555798,0.8872174270448007,0.0029291863218408962,0.8866374389185733,0.004259565232132971,0.8898479243732019,0.004543303760570236,0.8882677992419051,0.0024776840567115035,0.8877700141571904,0.0025253692658415623,0.8916609581221172,0.005295318295838215,0.892985340457597,0.003490189011838015,0.8852947892405352,0.005803007084192045,0.8852582545554185,0.007113571814188496,0.8886514134356305,0.006121817197843866,0.8886514134356305,0.006121817197843866,0.8840617436178472,0.0017989101224485428,0.8906699547883271,0.001672808892132913,0.8914737178608941,0.001429740510799629,0.8854363611453624,0.0033340683945705697,0.8880211901173677,0.004294586286822745,0.8896606841119787,0.001565778743323654,0.8931862812257387,0.006210461597835705,0.8921541763711924,0.0013218208556793527,0.8890487281362743,0.004707421872928705,0.8925286568936383,0.007241859525474861,0.8903822441430332,0.007125725713360126
lt_f1,0.7182652315474418,0.007665681093936546,0.7250193603616841,0.009358548721493172,0.7160807149710351,0.005669423021088055,0.7383678957670868,0.006667233513726421,0.7288135417334964,0.005001500167440258,0.7261866330503866,0.005379550778571664,0.7302239686949613,0.008792757317510386,0.7260232986449918,0.011982278675503845,0.7260232986449918,0.011982278675503845,0.7182591655022944,0.005387279831325943,0.7240525073281843,0.008836356082065334,0.7346317670591853,0.0054458883955789536,0.7305942988941645,0.006911827518869505,0.7219372958965028,0.009973512469105703,0.7200889772611291,0.0019274992533501558,0.7137079028300389,0.004516011663001744,0.7179186303615559,0.010086408933032405,0.7242846145132292,0.003496097516317009,0.7240467642433126,0.009695985657242653,0.7301356688039222,0.007543104058716881,0.727247804413096,0.004619841031331473,0.7224749721379352,0.003997160606228604,0.7293876264809301,0.010600354007413774,0.7320286219703472,0.010271655310529771,0.7199588906264592,0.010421498884079627,0.7161109239368617,0.013543403497203833,0.7260232986449918,0.011982278675503845,0.7260232986449918,0.011982278675503845,0.7171363937603363,0.0045993462384262525,0.7310134646045694,0.005562915014862585,0.7330908388144777,0.002814083054022857,0.7194872556009752,0.008223077182557598,0.7257692438194804,0.008510929934168573,0.7273631780101156,0.0019020599357811808,0.7338986630461921,0.016070247805722422,0.7321231576666202,0.0034175003244370887,0.7260101023066019,0.009023621096692292,0.732267627312526,0.01490192537144216,0.7311078675351448,0.012772646549763306
lt_precision,0.6787389777561189,0.010287395034906463,0.6867347524939866,0.010596355525485211,0.6756424306859996,0.0046128275134175965,0.7009636772150026,0.007693808908572317,0.6880830594629602,0.0056943469220667575,0.688194344491501,0.006462179911301639,0.6896846649385479,0.012676110245485135,0.6853244176994014,0.014786557667999939,0.6853244176994014,0.014786557667999939,0.6743411576861117,0.005698925092260625,0.6847425203853782,0.006399870340777855,0.698108586968535,0.009938597831989639,0.6915467011396962,0.007944213283187947,0.6826850566664282,0.012710965115258387,0.6773271730864782,0.0037645377366946407,0.6713872932917465,0.007375770517983884,0.6799160474664164,0.012515791381173303,0.6845005192956194,0.006490023823863664,0.6821034871264836,0.012249283278256636,0.6861907996820439,0.00867643269235754,0.6865055124959052,0.004285899314842238,0.6829286738446845,0.006601924757765305,0.6884584030357822,0.013218949340424741,0.6932553783180581,0.00930195709967133,0.6810547287017568,0.010844640959480529,0.6755355931404333,0.019658157368642817,0.6853244176994014,0.014786557667999939,0.6853244176994014,0.014786557667999939,0.675009125473745,0.006592692521299062,0.6935074921418614,0.004323724646913023,0.6947902763666094,0.001183820498521993,0.67887816994501,0.011691749587180188,0.6877052752393036,0.012138734472174088,0.6896177695512251,0.00409589772001497,0.6941076485836061,0.01777262405244654,0.6927685283790144,0.004262145563759931,0.6837024643867414,0.008403102624245625,0.6945580142881312,0.02093914944908737,0.692073467666769,0.016871214397170566
lt_recall,0.7627345113438045,0.007214429856811917,0.7678337696335079,0.007864898736401489,0.7616710296684118,0.007111659385996167,0.7800229057591622,0.007957947666973084,0.7746782286212914,0.004909285837900394,0.7686245636998255,0.004142608554196009,0.7758780541012217,0.003944838856899045,0.7718968150087259,0.008597576962887654,0.7718968150087259,0.008597576962887654,0.7682973385689355,0.004931048571123751,0.7681609947643979,0.011846668307228775,0.7752508726003491,0.0030005551272859446,0.7743237347294939,0.005912921293941555,0.7660067626527051,0.006478899210520357,0.7686245636998255,0.0006860681514730394,0.7617528359511344,0.0020797682117875815,0.7604439354275742,0.007008814242771156,0.7690063263525305,0.0010893861450392006,0.7715150523560209,0.006550635215696197,0.7801592495636998,0.010268019241330313,0.7731784467713787,0.008966779646058775,0.7669339005235601,0.005904237753850181,0.775523560209424,0.007691965967222811,0.7754144851657941,0.01230534372133386,0.7635798429319371,0.009826293358047663,0.7619982547993019,0.0057313071435928335,0.7718968150087259,0.008597576962887654,0.7718968150087259,0.008597576962887654,0.7648887434554975,0.00270332323983286,0.7728239528795812,0.00811368222585893,0.7758780541012217,0.00611762967275113,0.7635389397905759,0.007577796820634595,0.7683518760907505,0.005661995581315767,0.7694971640488656,0.002337332102323287,0.778550392670157,0.013995570333379724,0.7762325479930192,0.004347550492570008,0.7739147033158812,0.010644042179287804,0.7744600785340315,0.009454555634462286,0.774869109947644,0.0077141199176219664
lug,0.8679445265499276,0.050942918725683926,0.7218415513457835,0.043649982251626515,0.6706823712063534,0.17878726974229,0.8044695239374805,0.06637113225605282,0.9391075880394704,0.004340277274791014,0.5627509815337305,0.05791838313111676,0.8229208652425098,0.07068082936677117,0.9377192589606939,0.0009333452181672041,0.9377192589606939,0.0009333452181672041,0.41399077432934744,0.1350391066220392,0.6649349873856121,0.09972542588441202,0.8437756579634854,0.045743299782801804,0.9245226685774851,0.0018204533666638415,0.7568483437084806,0.0165688259075395,0.5442249988803797,0.15313246497099553,0.4715989669637392,0.16748759559347748,0.4185886813859405,0.20082333984563994,0.8934867959454819,0.004877707887919621,0.8830370071804977,0.050231954893839706,0.8810963321241435,0.03114367302739577,0.7452192216400197,0.07249523577797792,0.9319718751399524,0.009202488214436885,0.8577634466389,0.06200935122003721,0.9393613686237628,0.0009436744818713679,0.7794646722498394,0.04951446909965873,0.9228507023750877,0.017501312783903912,0.9377192589606939,0.0009333452181672041,0.9377192589606939,0.0009333452181672041,0.8105005448818426,0.04156388183688659,0.9192082045770075,0.005602935795793149,0.9320017316792811,0.012961495388947553,0.9301356979712482,0.0056241946398259725,0.7900040306328093,0.04964187500907177,0.8754385179213878,0.06748381721083026,0.9325988624658516,0.0035861420071060606,0.9286876558138147,0.005625323811217596,0.8906504247092718,0.054332341355728085,0.9360472927582965,0.004370822987134022,0.9285682296565007,0.002243267461394322
lug_f1,0.506129690303344,0.06445933830065033,0.371515804969558,0.02406920336260545,0.3489747344340605,0.06612363301943334,0.42207834886369805,0.03252459482337083,0.6354690090798264,0.02914763749530392,0.281865196424997,0.007632501139464218,0.46482221532459705,0.0665824254989302,0.6299467042837446,0.008734504630089825,0.6299467042837446,0.008734504630089825,0.22890944306520275,0.018266062899057387,0.3378608625912203,0.039281473016918846,0.4630487681061921,0.03905418285927751,0.5887913959060503,0.004277357241671323,0.38339732780835584,0.04192450584372812,0.2593978380041922,0.07350653938404714,0.23464079124650541,0.0622154124888219,0.200925882987371,0.050442243130568123,0.508250693717237,0.004755434102544747,0.5149566478960985,0.06909449879816358,0.5034359175618733,0.042413358929936355,0.3714931270542308,0.04870290424708963,0.6201550306777907,0.0295258240667315,0.49866778396047917,0.0690180195007719,0.6329288246567683,0.006092302596202733,0.4127880996120785,0.031488088544730196,0.5834393463758727,0.04228355514564955,0.6299467042837446,0.008734504630089825,0.6299467042837446,0.008734504630089825,0.42196920584433784,0.03642219781132979,0.5776616203360406,0.014825225467589057,0.6199039964673559,0.04244136787984762,0.6231152345765423,0.007283203661030411,0.4103870930661309,0.04266355139615376,0.5179523373667498,0.07804294334933934,0.6170334091935246,0.006926918384867434,0.6022124808124311,0.033393356672563865,0.5377929727073133,0.07306339693573329,0.6214140641009036,0.017212884767979688,0.5858074087964277,0.00918619127435983
lug_precision,0.43566318889260086,0.08298363204168416,0.2965553501996308,0.021021862291606238,0.2970808196728398,0.08355583918083044,0.3884299959787019,0.05057377102351226,0.6401524103034104,0.03718464981663757,0.2245803812765305,0.01548927319340011,0.43468628718582386,0.06691973785538391,0.6346165991124654,0.009431854641803739,0.6346165991124654,0.009431854641803739,0.17884832407116144,0.012627992358235234,0.29304528945375863,0.037758558145362595,0.4208808269683381,0.06877958100360614,0.582139286140356,0.015443104395836665,0.3365412444451102,0.05458182611922412,0.20769458731469423,0.057810891877382815,0.19314898061771388,0.044619450104794185,0.17341783379488365,0.04593646200770871,0.484007778869953,0.005559991453239948,0.4869517761352465,0.09381238488339004,0.4482755199557358,0.05933797397683419,0.3009226465176133,0.05050273619098712,0.6011893816660789,0.04350275510131898,0.4422039389746361,0.09251927407683071,0.6438163039619449,0.014354212431918565,0.3441150402721665,0.030943519372251666,0.5743512939559068,0.06713965246402902,0.6346165991124654,0.009431854641803739,0.6346165991124654,0.009431854641803739,0.3567986125643938,0.03724431498129197,0.5544410461139572,0.026895708051140995,0.6067931061409189,0.05265793616329761,0.6097730158049512,0.022562663070477294,0.34376170113930327,0.04017429490839245,0.4755590301543635,0.11070648518382352,0.6071576269212602,0.013076202444957092,0.5967768149104854,0.02335313056794824,0.4962210261208099,0.09721575684113297,0.6295492466440576,0.02535009780241468,0.5897988851613625,0.0070277377594956236
lug_recall,0.6095189355168884,0.02175477104077004,0.4972705561241897,0.02748991754143114,0.43159331286250424,0.0444514441461876,0.46468781985670415,0.00703568428089428,0.6310133060388946,0.021970407301602518,0.38178096212896623,0.03271732284222028,0.49965881951552377,0.06598932442349434,0.6253838280450358,0.010067715236901725,0.6253838280450358,0.010067715236901725,0.3179802115319003,0.030660719124750525,0.3990105765950187,0.039460587339818574,0.520129648584101,0.006948281083048936,0.5963834868645513,0.021894777447902174,0.4495052882975094,0.04116282806374801,0.34629819174343224,0.10270708511266483,0.2997270556124189,0.09552627080210496,0.23899692937563966,0.055717238418497614,0.5351415899010576,0.009216610480545926,0.5496417604912999,0.036270791237215765,0.5726714431934493,0.017370074461082075,0.487035141589901,0.03573733253039214,0.640907540088707,0.014037203396227002,0.5791538723984988,0.020241378705146605,0.6226543841692255,0.010848251856420731,0.5160354827703856,0.02979865351285525,0.59467758444217,0.024372325281045312,0.6253838280450358,0.010067715236901725,0.6253838280450358,0.010067715236901725,0.5167178437393382,0.03080134255805518,0.6033776867963152,0.001023541453428839,0.6339133401569431,0.031021637380515513,0.6376663254861822,0.011224008290410075,0.5100648242920505,0.049597774446678115,0.5762538382804504,0.031176037687856838,0.6274309109518935,0.009963112760456375,0.6083248038212213,0.047845317238376886,0.5916069600818833,0.033672024871230256,0.613783691572842,0.015355964708929125,0.5818833162743091,0.011397675256560977
luo,0.8102253555073512,0.07361839312719518,0.47283984092552417,0.05109205592961188,0.5999789105808628,0.1300130141330994,0.6431369004579417,0.0711909243120298,0.8936490720655579,0.02014266684042901,0.3433809351651,0.03971780583101933,0.659767413834659,0.201732288343705,0.9230537478910582,0.0010512110457414389,0.9230537478910582,0.0010512110457414389,0.2239846951072547,0.05403982202060906,0.46229513135695344,0.12927235573090473,0.7601681127982647,0.05178521539913127,0.9143694263677995,0.0015639062270880037,0.48196854663774397,0.05557879390492756,0.321455471197879,0.1374112236000867,0.24111231622077603,0.07622626265647098,0.2045221740178356,0.025120930964590022,0.8254248011569052,0.04491207379720128,0.8980175946011087,0.01901617103828718,0.8753012774162449,0.018654686710168136,0.5504564352856111,0.05327533848085767,0.8831344902386117,0.034175310952641924,0.8779223909375754,0.03473315977796742,0.9270758013979273,0.0034342899972411856,0.7321568450228971,0.06363090698543507,0.8641615449505905,0.05675265147912021,0.9230537478910582,0.0010512110457414389,0.9230537478910582,0.0010512110457414389,0.6533351409978309,0.12824104650658544,0.8641163533381538,0.027830772433206603,0.8743447216196675,0.045815141012305924,0.8825018076644975,0.03090983233576559,0.6810300674861413,0.06129433177717722,0.7540597131838997,0.2314786056721055,0.9133827428295974,0.011869345654970989,0.9039376958303206,0.01888044687386586,0.7741021932995903,0.17413503521041546,0.920153952759701,0.0014024576987928627,0.9178115208483972,0.007812574202554358
luo_f1,0.3224930460994892,0.044931872360663226,0.18370194248281227,0.015866028786828284,0.20402767946789893,0.02085762751355282,0.22310103685380342,0.003713716734126515,0.3996145219455427,0.0345020606186326,0.15721826299318908,0.00386798423156086,0.2801298710667404,0.09542565042909272,0.44084691050603286,0.006506788717756756,0.44084691050603286,0.006506788717756756,0.1381789855936974,0.013686548108540001,0.18925809632742854,0.021918315498821877,0.28467969854033726,0.026902511470656986,0.4236462709249076,0.003345700290747651,0.18595621248495553,0.011299704804563156,0.1510162527383543,0.030281755118107802,0.13355117889524323,0.024688686028807517,0.12388134955613928,0.008416335278691248,0.3199688666802561,0.052554257356463255,0.3923602561971111,0.036526360618491654,0.35143722128747107,0.020619652562167117,0.1907458052008936,0.018979386065870636,0.39744681329388704,0.0531702288264228,0.378579849213492,0.05001939745897753,0.45622707167254534,0.01521954612234304,0.2656620764893112,0.030610604965189688,0.3714121927173633,0.0813511880137989,0.44084691050603286,0.006506788717756756,0.44084691050603286,0.006506788717756756,0.22785030212809296,0.01927826736901971,0.3722077130822619,0.04156351037027585,0.37246627491824436,0.07054718645822829,0.3820558718319735,0.045893121038300184,0.22985482910827212,0.0203962687046569,0.32118779891418314,0.11031069786543146,0.4400525566399483,0.012660061528145068,0.40188245977846065,0.025380108000019663,0.30910130964464894,0.10092974327360779,0.43720642657471664,0.003682099668568081,0.4402606195175667,0.018340516042634432
luo_precision,0.2417680660582406,0.04663409243302364,0.1217751041143492,0.012717624021296408,0.13869471827556226,0.01576782993538009,0.15878845799386918,0.006387842007841986,0.3389219166026125,0.04550625451524804,0.10863506033764186,0.007826880852915817,0.2180008001636473,0.08977274590868169,0.4009642421521928,0.002623209512936718,0.4009642421521928,0.002623209512936718,0.09745437221327667,0.007383960996732053,0.13605680339590812,0.014364000564027174,0.20939653352156914,0.02800525547756452,0.3733100147631701,0.01169024710613363,0.12869333189084786,0.008792571001824167,0.10558117501529851,0.018015360572888266,0.0975643353025172,0.013977176943331487,0.09339794602990863,0.005342494779347594,0.2510279182404202,0.05724414415526956,0.33070978096671405,0.048863539407097666,0.2758706048986595,0.025690087267750874,0.1272244788165496,0.014705891896824308,0.3280365110476531,0.07266113247583701,0.31256389754667097,0.06496368770217874,0.4252713859938233,0.021857775562021287,0.19157360600577936,0.02757038648467312,0.3062110672730332,0.10100610277382409,0.4009642421521928,0.002623209512936718,0.4009642421521928,0.002623209512936718,0.1593827720011257,0.013353196567187057,0.302908330914954,0.045900797682980485,0.3052007384282505,0.08140735897007884,0.3129841154817405,0.05536897689118952,0.16039513378992343,0.017389299722231567,0.25497305849623525,0.10925451742885732,0.3861755930107071,0.02505615191432556,0.344612312391903,0.04512296286119696,0.23474461764895324,0.09374003319140928,0.394740336293145,0.006014463474736491,0.3933905217060893,0.02617112272370395
luo_recall,0.4913993491399349,0.010652198268144727,0.37532930419959704,0.019505498140171135,0.38757167209050053,0.038685531928065786,0.3768789710212304,0.02567213809375955,0.4896947156361382,0.011170507541261535,0.29087246242057957,0.04291290176050488,0.39810940647760734,0.08482270901045103,0.4896947156361382,0.014747911362749324,0.4896947156361382,0.014747911362749324,0.2386486905315357,0.03933376769408666,0.31303269796993644,0.054890371341373485,0.44800867813420114,0.02053118476389608,0.4903145823647916,0.013903024836421437,0.3386022005268867,0.046098615937355314,0.2671625600495893,0.07346205334067335,0.21323415465674875,0.05950054685350642,0.1841004184100418,0.017314016224580262,0.4469239113590578,0.03261708156776333,0.4862854486285449,0.01952580195258021,0.4858205485820548,0.004920039630059669,0.3816829381682938,0.020033901837671047,0.5132496513249651,0.003805370884180616,0.4883000154966682,0.015209646313113266,0.4923291492329149,0.006289051259167206,0.435456376878971,0.025397048860947343,0.48597551526421817,0.030187493775076495,0.4896947156361382,0.014747911362749324,0.4896947156361382,0.014747911362749324,0.3999690066635673,0.039394164367116055,0.4852006818534014,0.026431247417507492,0.4864404153107082,0.028704832884321282,0.49542848287618163,0.010398945649965996,0.4077173407717341,0.03261929027482985,0.4552921121958779,0.05562181455059293,0.5129397179606384,0.013347840869455323,0.48768014876801485,0.023577354408379294,0.46970401363706804,0.061275754362283524,0.4903145823647916,0.016173800679546425,0.5003874167054083,0.005507316176636249
ml,0.836975372875477,0.0034458824935758663,0.8452009315692979,0.004440604866604168,0.8493137109162084,0.009004760272811456,0.8481244735146921,0.003764614223918033,0.8414845646895595,0.009365637795020467,0.8508002576681036,0.0057117709736509,0.8464397205292107,0.004721980132085171,0.8480749219562954,0.00773004310985576,0.8480749219562954,0.00773004310985576,0.8380655071602002,0.00391143568145603,0.8547148307814281,0.003230746407552223,0.8449531737773154,0.007250630829943308,0.8419305287151281,0.01149297097875796,0.8378177493682176,0.009071589892904644,0.8386601258609584,0.002532952364923881,0.8416827709231455,0.009545204552804361,0.839799811704078,0.004365320745104187,0.8489668500074328,0.0028709986495953827,0.8467370298795898,0.0002102294577630987,0.852187701303206,0.0017357197252997527,0.8508993607848967,0.010821202696687016,0.8433179723502304,0.010372858643924196,0.8455477924780735,0.004143707407392993,0.841732322481542,0.01162678509573355,0.8480253703978989,0.004205465020111663,0.8447054159853328,0.01943305736950264,0.8480749219562954,0.00773004310985576,0.8480749219562954,0.00773004310985576,0.8349933105396165,0.008713751086518695,0.8492146077994153,0.0037321896947921924,0.8491650562410188,0.007690395477625906,0.8402953272880431,0.007308812870518767,0.8450027253357119,0.009546747835684698,0.8462415142956247,0.005466639672681288,0.850156087408949,0.0035146693674853497,0.8497596749417768,0.009262430934904127,0.8491155046826222,0.0024561783323707636,0.8482731281898817,0.0030909211979090515,0.8475794063723304,0.003455488503366785
ml_f1,0.6035161306096842,0.015010542885766042,0.6209407570973662,0.014631158496588364,0.6243863778017215,0.015798911548463516,0.6156095479609877,0.010241697197565895,0.6173248561406364,0.014908292774514208,0.628829561190663,0.011102052817115467,0.6155927745075127,0.008543658453953926,0.62964604242326,0.013311980682802978,0.62964604242326,0.013311980682802978,0.6072646019818905,0.006786658314315426,0.628929666932589,0.0093755369902196,0.6176748162477018,0.010572243504364264,0.6189599448542525,0.022621025608855226,0.59880626557452,0.018188986436405267,0.6080135989524013,0.005253273481936727,0.6125892537004921,0.015821277410414104,0.6112267298559102,0.004628970894843621,0.6295657529611791,0.0035872569589971647,0.6280934229392089,0.0030025312697504,0.6392833374632424,0.00645667270611425,0.6372449194895972,0.02105204198322178,0.6211749484610999,0.018424070176951385,0.6275974163752797,0.002793358907199898,0.617796522087043,0.01856932294891337,0.6349393393426416,0.004473343957814682,0.6248888015360194,0.036588547415359066,0.62964604242326,0.013311980682802978,0.62964604242326,0.013311980682802978,0.6011072362107636,0.014820047476995408,0.6331917287864188,0.004585093031464316,0.6240775660780659,0.01577317873109587,0.6187552929329804,0.013398393276682114,0.625108827176729,0.019469047603058325,0.6238930971414572,0.011475791330556262,0.6314907982825461,0.00929483390129613,0.6275822502800668,0.02078448583341875,0.6285384603126214,0.007908117299900532,0.6301654039565642,0.004633938354049935,0.6199878440519273,0.004541226510778974
ml_precision,0.5767736099381039,0.003814738970942182,0.5906814403894893,0.012963411899275114,0.6083257827139926,0.018683636925629292,0.5987022605888068,0.0106726365710461,0.5855767942903446,0.00812768721139412,0.6036818764349512,0.008876699242549923,0.592095527300792,0.014178495070665754,0.5928927593345824,0.02477087038162353,0.5928927593345824,0.02477087038162353,0.5721549900332713,0.015728402937211828,0.6078710196522495,0.007964578391390741,0.595393120695806,0.013466966509804215,0.5785778819548327,0.022741212434106987,0.5854549199745454,0.023537568774669754,0.5740052255061836,0.012624961955290259,0.5856230003117927,0.02188460379789825,0.5807756583797352,0.009387547544377763,0.5922790516128754,0.0047996997500105235,0.5883570728071571,0.006644824215381339,0.5988182866390291,0.00704179205603421,0.6031736409262433,0.026582634754842474,0.5875644931198084,0.02120458164672938,0.5866645393007349,0.00017098053976067842,0.593365245550569,0.02124118783956177,0.600398265262626,0.00957850549627222,0.5852255664508187,0.052736433217567026,0.5928927593345824,0.02477087038162353,0.5928927593345824,0.02477087038162353,0.5582371417871957,0.020031709691269724,0.601579810877004,0.006538486266241529,0.585136542952697,0.015455647331881643,0.5771565150812757,0.018595582719886913,0.5985185119235713,0.025395430609462834,0.597316573828352,0.016621725196140365,0.5920985673711708,0.013663584712872674,0.5962392913922024,0.023135351008971357,0.5997269949884898,0.00817149083004214,0.6004675322373224,0.019334416445145136,0.5876552359025792,0.0010574968724419139
ml_recall,0.6241694352159468,0.03934896539825472,0.654485049833887,0.017041764558707023,0.6414728682170543,0.016947049770545834,0.633720930232558,0.017501085968193948,0.6528239202657807,0.023300266011803173,0.656423034330011,0.02103368761154216,0.6411960132890365,0.008429311931139712,0.6719269102990033,0.015019220365469326,0.6719269102990033,0.015019220365469326,0.6472868217054263,0.008319479070496492,0.6517165005537099,0.018127127945593458,0.641749723145072,0.008958299937632037,0.6655592469545958,0.02542848837919165,0.6129568106312293,0.015382275064329032,0.6467331118493909,0.016112385965616167,0.6423034330011074,0.009261200821526996,0.6453488372093023,0.014973219582491683,0.6719269102990033,0.007923083068247072,0.6738648947951273,0.015456838153054084,0.6857696566998892,0.013706416162222101,0.6755260243632337,0.014152135015650132,0.6589147286821705,0.01495785455065353,0.6746954595791804,0.006661799233397558,0.6445182724252492,0.01953152162176885,0.6738648947951273,0.009445582563251414,0.6716500553709857,0.021615970427401054,0.6719269102990033,0.015019220365469326,0.6719269102990033,0.015019220365469326,0.6514396456256922,0.01585342004675565,0.6683277962347729,0.0029168476613656603,0.6688815060908085,0.023555457664901188,0.6669435215946843,0.0062706266073677625,0.6544850498338871,0.017871623580855457,0.6531007751937984,0.009445582563251355,0.6766334440753047,0.008319479070496509,0.6625138427464009,0.019695654941121226,0.6602990033222591,0.009792214387501287,0.6638981173864895,0.021932782193065686,0.6561461794019934,0.0103737508279043
mos,0.8229574807720215,0.10100649238498681,0.6692062109998549,0.016072916077174024,0.688494654863832,0.13597039555322232,0.678324384462826,0.2295311668591757,0.9008368403231267,0.02403245629438682,0.41198664925264833,0.08872218045558412,0.7695907705703092,0.22497351217623227,0.9481207371934408,0.006503901248728295,0.9481207371934408,0.006503901248728295,0.29305132298166686,0.12161170584850936,0.6882769796352731,0.2423633362365504,0.82974169206211,0.015274708507008896,0.9452425869491606,0.004669224326231038,0.7333599380834905,0.010608199112308992,0.6420451797029942,0.18084116391695956,0.5577806801141586,0.20286299839692856,0.45705751463261257,0.2276997296063054,0.7519711701252841,0.06269909763796278,0.8172011802834614,0.09286641912077478,0.9041382479562715,0.0037431513804775415,0.48765297731340396,0.06815572052969239,0.8772432641609829,0.07814680779245825,0.8435761621438592,0.057750720616314116,0.94826585401248,0.0031718898555208918,0.7847433850916654,0.07548613997795729,0.8181928118802303,0.10893725384718655,0.9481207371934408,0.006503901248728295,0.9481207371934408,0.006503901248728295,0.5339331495186959,0.12062344757752941,0.8138272142407971,0.02322873179054692,0.8614739031587094,0.07048280478100602,0.8640980989696706,0.058483732219151055,0.6765950757026072,0.07730431428967173,0.7713200793305277,0.15837392264864888,0.9102331543559231,0.04042725016313626,0.9254220480820394,0.01170156678750914,0.6975886421902965,0.15122782884622296,0.9423765297731341,0.01273510332492718,0.9465244521840082,0.005968232420920854
mos_f1,0.30735843555554404,0.09076949021081321,0.1917169224416826,0.015489424111918944,0.1971530821384869,0.030744908142612656,0.1876567996891222,0.05762280990152005,0.3873063451450853,0.041124242515391755,0.11256675523276814,0.02035173549167536,0.311635918590394,0.1441330104096375,0.4937332995195966,0.05051636349581395,0.4937332995195966,0.05051636349581395,0.0926666583002592,0.015459088914441017,0.21242545410111213,0.08111852902693543,0.2878782781273062,0.02570779747075471,0.47464647937045984,0.007243729554506502,0.21302028258970687,0.012757866857968663,0.16883249681782594,0.09325222140581266,0.13529815766994036,0.04496773919138253,0.12167094836883717,0.03155124958824762,0.22624063164656097,0.03356090286967902,0.2803926224774394,0.05647655422976953,0.37662143113497953,0.014637040106137521,0.13216747622183553,0.016362004178947717,0.3757235689087593,0.10150307432946841,0.31876084119166365,0.0741399058040571,0.47991895551774677,0.007903665843681027,0.26330214409472474,0.045216745059080736,0.3247429106382849,0.11609088502377517,0.4937332995195966,0.05051636349581395,0.4937332995195966,0.05051636349581395,0.1525842047523244,0.023579376027336448,0.29639919576916496,0.014625132055806615,0.3472090261650403,0.11169422525213651,0.3452574678291101,0.06586418188578086,0.1983414390566145,0.023879974885957077,0.2670247163526028,0.1049001875610894,0.4108343062833982,0.08778226224410982,0.414473691583172,0.023441952879939394,0.22540265519247027,0.08688726068035107,0.46937129643012,0.04217904214924647,0.47521431957322324,0.012545556195435974
mos_precision,0.22708112851902026,0.08390211418679998,0.12691229113043542,0.01322386919272731,0.141480603105635,0.03326968221113345,0.1437379232907601,0.05934634944419127,0.3156296265617145,0.055366922050316236,0.07358078919270271,0.010790934497727958,0.2707271702366009,0.15050206509087374,0.4690789624359753,0.046936002439609374,0.4690789624359753,0.046936002439609374,0.05914243376332203,0.008102353384891771,0.17150593201296482,0.07628135653278889,0.2148099626227229,0.02574435372478507,0.4473901226412396,0.008438534991781753,0.15394025654919705,0.004044983315083437,0.1148669286123018,0.07101964906193023,0.089001019244684,0.029123184592948475,0.08205142409960046,0.020087326834336124,0.1598096757487999,0.032021900649671774,0.20934039133524163,0.058362879877992165,0.29544116400691983,0.013408126165574444,0.08547695746200797,0.011242811313967547,0.30618279470708537,0.11669150590406237,0.24307250388169102,0.07344900036767767,0.46541868721373314,0.02805724922830211,0.18919666385796105,0.042201102478632214,0.25563570417008824,0.13171864564739358,0.4690789624359753,0.046936002439609374,0.4690789624359753,0.046936002439609374,0.09976575384126417,0.017176411386145268,0.21742400168228548,0.014987276338853932,0.2766498977717345,0.1253129468006241,0.26631925519548194,0.06939039787750084,0.13417471839541587,0.017533384123006632,0.19684341100424071,0.08901675706002916,0.347797522929342,0.11061180592655911,0.35693304234101236,0.04531690158364211,0.15421007250823593,0.06338345272832883,0.44393617151240594,0.0525506799935265,0.4478861995387713,0.026635433559212295
mos_recall,0.4894863840055153,0.059454010788970384,0.3940020682523268,0.01895584568751123,0.33574629438124787,0.028552621013276536,0.28886590830748016,0.04804329494921188,0.5070665287831783,0.002152705273491346,0.2423302309548431,0.0723469618412123,0.38021371940710097,0.10969701762825075,0.5215442950706652,0.05767359100265665,0.5215442950706652,0.05767359100265665,0.2161323681489141,0.0609345185632109,0.28541882109617367,0.06900806875161479,0.43812478455704923,0.010562946188241683,0.5056876938986556,0.014661268747422823,0.3488452257842123,0.05472407014632672,0.3295415374008962,0.12104725407067131,0.2823164426059979,0.09928149761329465,0.23612547397449155,0.07179795286385098,0.3940020682523267,0.03328537112602087,0.4367459496725267,0.029474107498249837,0.5194760427438815,0.016230620292304113,0.2916235780765253,0.02998965873836608,0.5063771113409169,0.04650502648327999,0.474319200275767,0.045575916167046336,0.49741468459152016,0.026100164351859315,0.4381247845570493,0.02724943698582786,0.4829369183040331,0.04329766580239569,0.5215442950706652,0.05767359100265665,0.5215442950706652,0.05767359100265665,0.32540503274732846,0.03345095772204927,0.46639089968976216,0.00645811582047405,0.48983109272664604,0.05480218233569339,0.500517063081696,0.024819027921406438,0.3815925542916236,0.04151987569779676,0.4291623578076525,0.09107358368688315,0.5174077904170975,0.03270739051222203,0.500517063081696,0.032505136805587864,0.42192347466390895,0.1294641703930284,0.49948293691830403,0.04033092037228543,0.5070665287831783,0.008422469302220393
mr,0.8404477070871851,0.0050907750632017065,0.8468823636034077,0.0027233966288411886,0.8394054739894871,0.006037378957087672,0.8582562987130687,0.01029706183602352,0.8431212615551931,0.011371407327753243,0.8444353815479427,0.008045203209804789,0.8412633677723401,0.012662702213748786,0.8412180532898313,0.008951646347555377,0.8412180532898313,0.008951646347555377,0.8519122711618633,0.011893562660889936,0.8507340946166395,0.0189693481710554,0.8462026463657785,0.00933203332648112,0.8382272974442632,0.00878808937405866,0.8388617001993838,0.003212218343021086,0.8435290918977705,0.012316206256559098,0.8434837774152619,0.012633479430349743,0.8461573318832699,0.014588659663645179,0.8505981511691137,0.005298307577461956,0.8456135580931665,0.0067567221263152965,0.8493293456588725,0.007683310708417894,0.8519122711618633,0.010142450210707595,0.835463114011238,0.014592459508500254,0.8302972630052565,0.0017690068239933786,0.8374116367591083,0.008024118849034081,0.8498731194489758,0.0076905232050647684,0.843710349827805,0.014327906247745504,0.8412180532898313,0.008951646347555377,0.8412180532898313,0.008951646347555377,0.8424415443175639,0.009342589182328243,0.8560358890701468,0.006833778535919938,0.8549936559724488,0.00776822936889603,0.8370944353815478,0.008282887484527742,0.8444353815479427,0.009403055392433387,0.8468823636034076,0.006912204083983468,0.8450244698205546,0.0017356097518764896,0.8549936559724488,0.007861638288605614,0.8464745332608302,0.01225704400367355,0.8463385898133043,0.012259305427746134,0.838952329164401,0.015837460257373866
mr_f1,0.6108334842576562,0.015913769064200514,0.6252481924839235,0.0034784332448091204,0.6162042976740055,0.010835794600396393,0.649409989294913,0.03052479200613337,0.6231248110997885,0.02907385603595254,0.6247715379136057,0.027282669613692755,0.6100306871979244,0.019859829673384007,0.6226729838947221,0.01397829855802368,0.6226729838947221,0.01397829855802368,0.6258257884422037,0.024908319878295043,0.644529902440873,0.026715340671600436,0.6185074883414928,0.014794531460826548,0.6161528561357518,0.028456368981847696,0.6082895866235132,0.0024794680066723544,0.6179118290237132,0.029264222539764254,0.6178703022033653,0.012896341223139944,0.6255646201594708,0.029992256450296777,0.6421739890864249,0.00793692359839394,0.6261067512148659,0.024510924888564333,0.6324982818898942,0.0025167769919455865,0.6430997491957,0.02330784875350922,0.6046488263501071,0.024999966468947643,0.6097932031619528,0.009878418088981567,0.6099010900573444,0.005705423204301831,0.6263664104666328,0.0020320971959125814,0.6262754744869264,0.03892499349628814,0.6226729838947221,0.01397829855802368,0.6226729838947221,0.01397829855802368,0.6247891658942445,0.01592906215506341,0.6516233318515645,0.00971131281008347,0.6457926268177646,0.013094419974469532,0.6074386235536485,0.018540223140972305,0.6258310274164737,0.017102175633914127,0.6243822033962704,0.011614334108012872,0.6284609377378949,0.005759505172679084,0.637636003592986,0.021480631928756107,0.6216719598600909,0.02436616538623118,0.633254314392459,0.018750958687066274,0.6126475929860792,0.03891254792315089
mr_precision,0.5739619451775949,0.021241238912492577,0.5967463841367827,0.006620581972660385,0.5875984429724354,0.02308231086862513,0.6215845480269113,0.030361298397126774,0.5920438788401688,0.023864733652228,0.5956480069498667,0.023445258323060693,0.5779510821667007,0.024525911701058018,0.583625399270604,0.023723517402180712,0.583625399270604,0.023723517402180712,0.5934448418763565,0.02360548960306226,0.6152069951643235,0.025343266222083525,0.5891723805734709,0.007648430836860919,0.5808337649988724,0.031063820146885624,0.5789897862860959,0.011954047182528613,0.5813517705879762,0.038749210031385234,0.5860354055947573,0.017168774837532548,0.5931632831465677,0.040804849249714885,0.5991452011747448,0.013462105451099214,0.5878009103741827,0.019294968319239082,0.5920820314339359,0.006400941277261077,0.6081164528415495,0.02871516284996405,0.5728362866050358,0.024006621079386396,0.5711218067501244,0.0042798127556179025,0.5780248187295466,0.010238617568043744,0.5917079494794609,0.0029242975765781383,0.5837102985078818,0.05449842681491686,0.583625399270604,0.023723517402180712,0.583625399270604,0.023723517402180712,0.5834372254453098,0.022775013677318882,0.613684782176088,0.01326272453055803,0.6024261514548889,0.022083202297032967,0.5645613330810316,0.013931830503922906,0.5865764529273808,0.023120435626061826,0.5883056444831062,0.018209553452276653,0.5895085565887327,0.001823723915114987,0.6029108631377138,0.024851324432737465,0.5894814414781274,0.0293551699316696,0.595872366281209,0.03319301881018169,0.5820893675094241,0.04621233504045272
mr_recall,0.6532172995780591,0.020113201440578467,0.6566455696202532,0.0023734177215189584,0.6482067510548523,0.005147473970449152,0.6798523206751055,0.030684917887470863,0.6577004219409283,0.03539261407132411,0.6569092827004219,0.03180668374920824,0.6460970464135021,0.01750069622683232,0.6677215189873418,0.007250910909740292,0.6677215189873418,0.007250910909740292,0.6621835443037974,0.030404871599012118,0.6769514767932489,0.030857811131455852,0.6511075949367089,0.024867458299844422,0.6561181434599156,0.025146947023716018,0.6410864978902954,0.013340337415550364,0.6598101265822786,0.017169726593521104,0.6534810126582279,0.010100589663610554,0.6621835443037974,0.01661392405063294,0.6919831223628692,0.0025431568462534818,0.669831223628692,0.031658752528394375,0.6790611814345991,0.01345712112043572,0.6824894514767932,0.01621996235725933,0.640295358649789,0.027783897027565223,0.6542721518987342,0.01987319096057034,0.6455696202531646,,0.6653481012658228,0.002852493097677222,0.6766877637130801,0.02087668405381305,0.6677215189873418,0.007250910909740292,0.6677215189873418,0.007250910909740292,0.6727320675105485,0.010535329301391455,0.694620253164557,0.0059729702810686095,0.6962025316455697,0.003955696202531625,0.6574367088607594,0.025155242239849065,0.6736550632911392,0.01174781835832079,0.6665348101265822,0.005034779296423268,0.6729957805907173,0.012110719940089705,0.6766877637130801,0.01755426080236561,0.6577004219409283,0.018046531762579747,0.6764240506329114,0.0007911392405063056,0.6468881856540084,0.029920686651855558
ms,0.7980365452275565,0.016007552692343854,0.7870275791624106,0.014863771410475254,0.7911701282487799,0.006532345248705418,0.7862898649415504,0.0036086966509101914,0.7877652933832708,0.01587026853188039,0.7776642832822608,0.007645730872620203,0.7845874475087958,0.02369318221222805,0.7602428782204064,0.03219069847784231,0.7602428782204064,0.03219069847784231,0.7942344796277382,0.004160776933338575,0.7695494268527976,0.042946945457818846,0.7299398479173761,0.008351105137981474,0.7713653387810692,0.022858084429686124,0.7768698218136421,0.013302116524910123,0.7697764158438316,0.03290836454992476,0.7757916241062309,0.01021450459652709,0.7815230961298377,0.024055545873674495,0.7343093859947792,0.037777303897950865,0.7928725456815345,0.013562117333597665,0.7663148337305641,0.018043483254550748,0.7749404153898536,0.0470443582678308,0.7951991828396322,0.005919420718663191,0.7780615140165702,0.00715285495702589,0.7850981727386221,0.018845640514053647,0.7826580410850074,0.017634886323054624,0.7843037112700033,0.002340437025003012,0.7602428782204064,0.03219069847784231,0.7602428782204064,0.03219069847784231,0.7971853365111792,0.004831187527815848,0.771932811258654,0.028933250820933634,0.8026898195437521,0.007513815625030247,0.7814096016343207,0.042025580341513144,0.7764158438315741,0.03511164590367866,0.7791397117239814,0.017516157439945564,0.7938939961411872,0.013253003536571646,0.7822040631029396,0.022972754993770845,0.7811826126432869,0.03001972315189157,0.7675065259334922,0.053311857218773503,0.7636477130859154,0.03419373680637215
ms_f1,0.6630511741509607,0.023831547851232416,0.6509208785086492,0.014484003728925486,0.6492991422111588,0.014498280448892337,0.6309859821170463,0.00930688663261816,0.6436214640337853,0.01318662588041432,0.6309250900194322,0.012770799408576197,0.638605226265038,0.03312149110018224,0.598237206936676,0.030372483676725733,0.598237206936676,0.030372483676725733,0.6637084467191526,0.015020500435871829,0.6261507418106436,0.047657856405972,0.5255348118864174,0.038155411617707094,0.6020622988725349,0.03743876203614795,0.6296030571634843,0.02316632613020271,0.6161170885033965,0.061458000176087275,0.6383754961677036,0.008164351396876388,0.6426613611781882,0.03376332657655886,0.582385765663156,0.05580915097214266,0.652454925579289,0.018432023005927698,0.607089949170383,0.0345782752628517,0.6321311350078668,0.06565762506246184,0.6475631083324602,0.008304348163859556,0.5889070248805934,0.04170604885637049,0.6178178439133002,0.025449802391111154,0.6497824114665754,0.02334777835951096,0.6319661380093858,0.010191527239202601,0.598237206936676,0.030372483676725733,0.598237206936676,0.030372483676725733,0.6662360102392034,0.006453639866774535,0.6252168979311717,0.04297582698598917,0.6665246490349922,0.010795987885813242,0.6420700906830098,0.05298532002523995,0.6351268254774014,0.04656768389407651,0.6174163109298535,0.04268774344968204,0.6399838163392796,0.03808359966199855,0.628512934385914,0.02234417369455587,0.6421344722871263,0.04409280893791837,0.6079058766921587,0.05507391273847721,0.6049181493869412,0.039888519601014735
ms_precision,0.6316506688233087,0.025413263267565253,0.621394945931983,0.01455767125423355,0.6169737366941715,0.01422371568580061,0.5931067327538107,0.013075813705641114,0.6106547094922854,0.010583947888423689,0.5988312981861169,0.01240813141203383,0.6050008025489553,0.03545785837034154,0.5622536131025943,0.02720153676974661,0.5622536131025943,0.02720153676974661,0.6313925211654746,0.01805770654593608,0.5953000565866122,0.044191138112159994,0.4806342643702213,0.04289336353756922,0.5653353928704977,0.038061624324215525,0.5967445397620548,0.026175175128776266,0.5789074734023917,0.06935547877865479,0.6059737460541051,0.008304839628263953,0.6125418565810331,0.03577544396473373,0.5536426948242321,0.05647423575499998,0.619553497219044,0.019446302623753655,0.5707623946714705,0.03556676495981914,0.5998383664107468,0.065252197544518,0.6138499698656997,0.009297706371817137,0.5491296866827973,0.04950668223092252,0.5809033842128328,0.027718004659337308,0.6228097204934189,0.025492888902868948,0.5971088323280636,0.010958031739051544,0.5622536131025943,0.02720153676974661,0.5622536131025943,0.02720153676974661,0.6360266637735119,0.01205471822612191,0.59608542784099,0.04546993631353817,0.635532239283919,0.014343795279830448,0.6126874404206656,0.05295471040057167,0.6074420939640169,0.04520470469059165,0.5804926440092146,0.04675479036715579,0.603342592948518,0.0450854927308343,0.5943317853731171,0.02101431061236133,0.6084484563323832,0.04561587015231643,0.5735574720348336,0.05056740449667373,0.5700701538993054,0.04157915409749063
ms_recall,0.6977578475336323,0.02176620825024498,0.6834080717488789,0.014818575463549975,0.6852017937219731,0.01481857546355005,0.6741405082212256,0.008333249545450788,0.6804185351270554,0.017967090225789805,0.6666666666666666,0.013611422945090835,0.6762331838565022,0.030374339411436958,0.6391629297458894,0.03441344931918896,0.6391629297458894,0.03441344931918896,0.6995515695067264,0.011237635951696539,0.6603886397608371,0.05175698682380768,0.5799701046337817,0.0305635346346955,0.6439461883408072,0.03662883920477519,0.6663677130044844,0.019832595863225066,0.6588938714499252,0.05040273632313108,0.6744394618834081,0.007971474813735967,0.6759342301943199,0.031124220687776386,0.6143497757847532,0.054965214156213665,0.6890881913303438,0.017967090225789777,0.6484304932735426,0.033712907855089715,0.6681614349775785,0.06605793660383963,0.6852017937219731,0.007118613392998921,0.6352765321375187,0.03109836642274048,0.6597907324364723,0.022283581648531236,0.6792227204783258,0.020731525796814167,0.6711509715994021,0.009160869026035582,0.6391629297458894,0.03441344931918896,0.6391629297458894,0.03441344931918896,0.6995515695067264,0.0008968609865470656,0.6573991031390135,0.039736103886772615,0.700747384155456,0.007193548230502772,0.6744394618834081,0.05284634928307169,0.6515695067264574,0.05897841313932643,0.65949177877429,0.037155743076498916,0.6816143497757848,0.02886722320974187,0.666965620328849,0.025781178669477232,0.6798206278026906,0.041951625340005454,0.6466367713004485,0.060350148309455516,0.6445440956651719,0.03987082576466473
my,0.834703196347032,0.004403493498170348,0.8287671232876712,0.011704114719612992,0.8365296803652967,0.01148835216932343,0.8420091324200913,0.00891288643650368,0.8264840182648402,0.016571002111072212,0.847488584474886,0.008026664763126438,0.8410958904109589,0.006277500951994297,0.8406392694063927,0.02545636504980148,0.8406392694063927,0.02545636504980148,0.8246575342465753,0.007627074469630151,0.8525114155251141,0.011072470915965377,0.8406392694063927,0.0041850006346628955,0.8132420091324201,0.0020925003173314677,0.8420091324200913,0.010640347212539784,0.8232876712328766,0.015437572150115906,0.8538812785388128,0.01028158013625358,0.8095890410958904,0.019372788525658876,0.8287671232876712,0.028767123287671198,0.815068493150685,0.011212812016263639,0.8223744292237444,0.004403493498170322,0.8136986301369863,0.014497267457888202,0.8068493150684931,0.0013698630136985968,0.8239726027397261,0.0048431971314147285,0.828310502283105,0.011488352169323356,0.8232876712328766,0.011704114719613041,0.8223744292237444,0.01859854963873633,0.8406392694063927,0.02545636504980148,0.8406392694063927,0.02545636504980148,0.8246575342465753,0.017808219178082185,0.8461187214611873,0.008257142155262678,0.8301369863013699,0.021917808219178103,0.8287671232876712,0.015254148939260345,0.8269406392694064,0.012947440071924955,0.8388127853881279,0.00689482596828382,0.8287671232876712,0.008219178082191747,0.8356164383561643,0.01748924018466266,0.8146118721461187,0.016227722049239158,0.8420091324200913,0.009621601600778776,0.8557077625570776,0.01272818252490076
my_f1,0.604352826215408,0.017981536514861795,0.5885746214505857,0.004534844448115859,0.5917658510322232,0.02063459986494174,0.6057805650759138,0.024524717629184154,0.5989658669035508,0.027287659433156995,0.6125771400183472,0.01442126221962306,0.6150603102867485,0.013647592989076475,0.633179183178162,0.036933044470638145,0.633179183178162,0.036933044470638145,0.5975742984455737,0.016490064345252284,0.6305454123260726,0.019974008392700617,0.6135838018190959,0.014921397268192055,0.591067704225599,0.01133207984065983,0.6078476341952075,0.010255920830679548,0.6066826110434586,0.02008676944860162,0.6257687576875769,0.02209897419900653,0.5979637455220314,0.021331700987548427,0.6216632573352553,0.024173888301770526,0.5931242922482414,0.03741914568236658,0.6072295751351383,0.021430536693754054,0.5920938417817097,0.022219715658859145,0.5718321603474776,0.014293880701292597,0.5942702941173176,0.009741484541026064,0.5964321084171383,0.01010375456752703,0.604876654489285,0.024769301584711828,0.583586414767903,0.03166651023739095,0.633179183178162,0.036933044470638145,0.633179183178162,0.036933044470638145,0.6033937058874841,0.017417256991016806,0.6425628809920535,0.008186957095005741,0.6245236030559637,0.011689930241025485,0.6031532418886761,0.0281534974954511,0.5947534148960817,0.011630941620568899,0.5965622171405226,0.013005057116309794,0.6038997421113287,0.005296176051556639,0.6137574412519674,0.031862907227839986,0.5720526807214115,0.014667953715563814,0.6388684810905464,0.02106419895321092,0.6407167553921299,0.002289627357993929
my_precision,0.5490270357778857,0.009589625155554568,0.5264345605861395,0.018952702544875792,0.5581930509277356,0.009642813419371942,0.571916971916972,0.015829869978992783,0.5404393508772738,0.03572775992099176,0.5514578943308283,0.00725685535757589,0.5576748248896245,0.025133468403989605,0.5520868408969158,0.05409546634142474,0.5520868408969158,0.05409546634142474,0.5167639054528018,0.020531409609116143,0.5813661490993758,0.010544326314503378,0.566486964069071,0.014920496072788845,0.5181025113334408,0.0049502832226738566,0.566974011826953,0.016590376374480402,0.5218170100817486,0.02387152046368195,0.5567738791423001,0.019721066137033495,0.525812572386092,0.03256400414693635,0.5366307567298367,0.03220731105548507,0.5075612973308504,0.04284692021490093,0.5144421261075919,0.00544082183167417,0.5105031159750723,0.03347973950258502,0.505488432388685,0.015057930790985247,0.5149957761876367,0.01920975436967792,0.551176359872012,0.012229045254071523,0.5550040421479563,0.03349938673464861,0.4909998523658375,0.04770477804009329,0.5520868408969158,0.05409546634142474,0.5520868408969158,0.05409546634142474,0.5270937871065111,0.009808147822687654,0.5648938773540685,0.01148200583079377,0.5377493817472773,0.016858126178590716,0.5221163748157148,0.031132291984184202,0.5389511553895115,0.03792429943189949,0.5385953177257524,0.011331449397321601,0.5315443001173307,0.017721136543308598,0.536480284817389,0.02501795902640547,0.5172830001565843,0.02858114845416682,0.5629615705931496,0.03187992173096394,0.5729866140004389,0.0074170954884170935
my_recall,0.6722689075630252,0.0302987502139831,0.6694677871148459,0.037892855065738626,0.6302521008403361,0.038509039453410415,0.6442577030812325,0.03789285506573862,0.6680672268907564,0.017826221374450755,0.6890756302521007,0.025210084033613467,0.6848739495798319,0.005942073791483571,0.7450980392156863,0.017492991592152334,0.7450980392156863,0.017492991592152334,0.7086834733893558,0.012836346484470155,0.6890756302521007,0.03361344537815125,0.6694677871148459,0.021147995617004874,0.6890756302521007,0.0385090394534104,0.6512605042016806,0.017826221374450755,0.7254901960784313,0.029511635162052498,0.7142857142857143,0.025210084033613467,0.6946778711484595,0.025672692968940265,0.7394957983193278,0.008403361344537855,0.7142857142857143,0.025210084033613495,0.742296918767507,0.055952337130078925,0.7058823529411765,,0.6582633053221288,0.01283634648447017,0.7058823529411764,0.01188414758296726,0.6470588235294117,0.011884147582967183,0.6666666666666666,0.04229599123400979,0.7226890756302522,0.022233204294660424,0.7450980392156863,0.017492991592152334,0.7450980392156863,0.017492991592152334,0.7058823529411765,0.03361344537815128,0.7436974789915967,0.005942073791483571,0.7450980392156863,0.012836346484470112,0.7142857142857143,0.022233204294660462,0.6666666666666666,0.029511635162052526,0.6596638655462185,0.04159451654038516,0.700280112044818,0.025672692968940265,0.7170868347338936,0.04229599123400979,0.634453781512605,0.029710368957417976,0.7352941176470589,0.01782622137445083,0.7268907563025211,0.01782622137445083
nl,0.9218228915615435,0.0015586330018241435,0.9253185044106639,0.0014391247431926194,0.9264549704714766,0.0023077093543905154,0.9247620279257142,0.0012940925403175372,0.9240135278649722,0.0013220408306532725,0.9253341798046062,0.0010679059861383722,0.922238289501013,0.0007309256512639555,0.9230886796223797,0.002542541528439829,0.9230886796223797,0.002542541528439829,0.9203102160461171,0.0007306419496526357,0.9241075802286255,9.131841974569793e-05,0.9255614730167688,0.0011601115377015579,0.9225713916222857,0.001224713823873251,0.9209411506522923,0.0021968178202611322,0.9231396246526921,0.0027815433334784975,0.9211057422886859,0.004981007503561668,0.9218699177433702,0.0021988616597884546,0.9205139961673662,0.0004892757273583002,0.9213251978038773,0.0012882406015292162,0.9223558549555798,0.0013652955422099524,0.9217523522888035,0.0018620057124849477,0.922747739804136,0.0012651812825087796,0.9245895985923497,0.0013579870255579797,0.9226928759253381,0.0008382947284970224,0.923872449319492,0.0011428869954109551,0.9251108054409293,0.003003538524974832,0.9230886796223797,0.002542541528439829,0.9230886796223797,0.002542541528439829,0.9196557683490282,0.0004321230193040508,0.9257809285319603,0.00017318472898407555,0.9255614730167688,0.0017882835396866264,0.9212507396826517,0.00158875840141708,0.9235902922285316,0.0016578952404958274,0.9221168051979607,0.0012375311522673244,0.923014221501154,0.0011473529077833948,0.9233316482284845,0.0012277759184821703,0.9235119152588203,0.0019869605274759833,0.9236177241679305,0.002505992534267799,0.9237979911982662,0.0025647149345846844
nl_f1,0.790665204066254,0.002252715063669137,0.7973342872999227,0.0007322080322872445,0.8010007111778082,0.005071823095937342,0.8001150012056598,0.0025088094097854576,0.7951601376886609,0.0029544441512931625,0.8009390454968335,0.0023848881091099584,0.7931737452619259,0.0014929564301590613,0.7946976273328593,0.007626028007015233,0.7946976273328593,0.007626028007015233,0.7865900459466347,0.0013155993350048459,0.7983692780216421,0.0002692806133548185,0.7999591299810297,0.0026037510411134916,0.7940718499888781,0.00247627419536712,0.7905271704012744,0.0053598662482631865,0.7940627394309713,0.007537902482239224,0.7896401505117647,0.008179963007690276,0.7914991909301347,0.002511117594244215,0.7898803086843911,0.0011230394324508025,0.7903719110188098,0.0027973785928266924,0.7933306801280041,0.004198519790462729,0.7916354901659214,0.0021559577902055546,0.7935993238934068,0.00300342148113188,0.7976929020200988,0.004851238010203267,0.793005094404296,0.0022211210239525565,0.7964746866550924,0.0013474289084052615,0.7983148700315074,0.008838504729173158,0.7946976273328593,0.007626028007015233,0.7946976273328593,0.007626028007015233,0.7867877997151357,0.0036963573940916442,0.7993328697907716,0.001352829240520289,0.7985191784279966,0.0036170804097543155,0.7903043659002839,0.00319610044725476,0.7965212199840486,0.003502918072212895,0.7939207082595274,0.0003313789559461443,0.7960862263875293,0.003076795626169757,0.7959988572498528,0.0031488736208427634,0.795825440777136,0.005953557578248546,0.7950136469615755,0.005148672186679901,0.7972672500907021,0.005367425151946544
nl_precision,0.7732860127685353,0.004320189652668128,0.7793002876275339,0.0008337238521562111,0.7826492371833909,0.005717040061003365,0.7803532995357706,0.003927572733980364,0.7769048187579194,0.004841368269789659,0.783355088617293,0.0036457213430280693,0.7741083950860433,0.0026779951078132864,0.7758608537494928,0.010819773086497984,0.7758608537494928,0.010819773086497984,0.765220090373611,0.0022032824405765245,0.7807028058759221,0.0008936141014625849,0.7814817376417086,0.0036018214044680826,0.7744298827602479,0.0018325073522952853,0.7720292199500846,0.0057065495880451915,0.7733707053469431,0.00998710645136866,0.7677045608036658,0.011386211517734833,0.7720124659785795,0.005279272661954183,0.7685755874412207,0.0025679346395094424,0.7700494638859224,0.0028297880639842074,0.7730646174674622,0.007774246104428592,0.7709070436089757,0.004535954691173753,0.7733946947855307,0.006167450121269086,0.7768632713612652,0.006500196666282935,0.77480237691661,0.003349093313702417,0.7797505776242587,0.002871294643668597,0.7773752362979467,0.012917514896951855,0.7758608537494928,0.010819773086497984,0.7758608537494928,0.010819773086497984,0.7654732295323626,0.0064137801747477805,0.7797613086151512,0.002992987029960299,0.7798214395896843,0.00423263924408235,0.7706511646579276,0.004452482049471706,0.779176938058881,0.005788291090758255,0.775643200551419,0.001858713037033492,0.7770832792989796,0.005223084181439521,0.7768113819475012,0.005846866256107421,0.7789721202929126,0.006591683211859842,0.7766135430255403,0.008117494993957438,0.7778783770230016,0.007179587946598977
nl_recall,0.8088532165876202,0.001145203197567191,0.8162227897361061,0.0006620774699654837,0.820235923628846,0.004543468584734799,0.8209169402894321,0.003460571842263393,0.8145567311200292,0.0010834908723033798,0.8193360087559286,0.0019138820939225579,0.813206858810653,0.001580182986333991,0.8144959260610483,0.004390916831870289,0.8144959260610483,0.004390916831870289,0.8091937249179132,0.0022654760592863807,0.8168551623495075,0.0009485589201020811,0.8193360087559286,0.002293503633053835,0.8147391462969719,0.003612373234436019,0.8099477076492764,0.006461652656797391,0.8159066034294052,0.0048223893883570365,0.8128906725039524,0.004634542289758579,0.8120150796546272,0.002360239045401102,0.8124042320321051,0.0005698832306389628,0.811796181442296,0.0027711100944126403,0.8147148242733796,0.0004398185898096773,0.8135230451173537,0.0016008252629848192,0.8149094004621183,0.0010953014957264724,0.8196765170862216,0.0030175977003638987,0.8120880457254044,0.001728746748769675,0.8139365195184239,0.0003180517288245745,0.8204548218411771,0.004962408114916382,0.8144959260610483,0.004390916831870289,0.8144959260610483,0.004390916831870289,0.8093396570594673,0.0009142622463438863,0.8199197373221452,0.0016782196278730677,0.8181442295999027,0.004242293622629417,0.810993554663748,0.002804530765978304,0.8146661802261949,0.0011232983814914645,0.8126596132798249,0.0018058181205056333,0.8160525355709595,0.0013631186933432747,0.8161741456889212,0.001116960963463967,0.8134257570229844,0.005310005223979647,0.8143256718959018,0.001974582852466983,0.8176577891280554,0.0038692662775812892
nya,0.8720701169692625,0.052449068577860344,0.627151595006039,0.037099431271933596,0.5977768735427283,0.2414559621005885,0.7218379223262094,0.096653115541038,0.9335128885788654,0.004128248290846278,0.4438502328405252,0.07748851831125304,0.7807294593320288,0.15266516287023138,0.9398942044992152,0.0012513956784645241,0.9398942044992152,0.0012513956784645241,0.3585033618167374,0.19705586419701468,0.6764646993095519,0.12463195909764133,0.850458899287592,0.07669345075791012,0.930141383608802,0.0012987050903081631,0.6503452240242336,0.05126913259611798,0.5454474994671472,0.1895543928502194,0.4493402313549963,0.20494270034372197,0.3773114508451368,0.1896378269896444,0.8886176183740563,0.0183176410333632,0.900514768096004,0.04263408180184967,0.8870997952553495,0.02261041171934168,0.6745270527750327,0.08530069658013509,0.934287947192673,0.008500513721999305,0.8452337124661718,0.08955689161620474,0.9382278284795288,0.006548528662211098,0.7681605921447808,0.09175828019915616,0.9312587597770414,0.008980345433694402,0.9398942044992152,0.0012513956784645241,0.9398942044992152,0.0012513956784645241,0.787407881054338,0.06890319118156411,0.9264340199060888,0.004768277399639836,0.9163582579265889,0.034535582187543185,0.9295148778959742,0.007520623349599446,0.7227163220885245,0.06192771777107643,0.8658631892370193,0.09499628138207793,0.9361416290440298,0.0023432174594670333,0.926808631569429,0.008100529035654948,0.8606573788809445,0.09692441166446968,0.9379436403211324,0.004118596739195228,0.9348498646876836,0.0021458360087541085
nya_f1,0.3049214809742054,0.04382109453955347,0.18683080188418769,0.006344444186633184,0.19687075100890059,0.06708622127455563,0.20778465843574387,0.03508682098365994,0.3818332351791757,0.02554853171328676,0.13317637070309432,0.009652891832704201,0.27987507663421207,0.07430187910366873,0.4219603520844461,0.004202810644203011,0.4219603520844461,0.004202810644203011,0.12960659050607856,0.010391054838842197,0.21034925365429577,0.021520772000084197,0.30099189731436443,0.06214241394123568,0.3763385004511161,0.0073318521428766634,0.19899063706596284,0.004713676373624304,0.15487740696760036,0.04942717635745854,0.14233887402255105,0.03866005833231031,0.12285616111483304,0.028321459522444106,0.3069021130945135,0.006803800115830007,0.34369147023719737,0.05301806077416199,0.3029133639119173,0.0340882861187717,0.18802856512515645,0.020504321656357263,0.4097366299289511,0.03129312526744342,0.28701152516636536,0.06364417342993547,0.4077341372315067,0.04062916671549296,0.2252311416736258,0.028163848138418775,0.3929318230205725,0.023714033204406387,0.4219603520844461,0.004202810644203011,0.4219603520844461,0.004202810644203011,0.22714755738650738,0.029539780535098276,0.3800911550674359,0.017776422241712827,0.3713818283107982,0.08312194699392644,0.39912416399283873,0.02795106694613342,0.20516748731151546,0.02625010612213656,0.3229639118865598,0.09866448596882624,0.4172024739012219,0.013115322633216183,0.3769084586728472,0.011434738718524858,0.31310623483216715,0.1058360252542266,0.4080614679159193,0.0333126434915825,0.398178424526314,0.00913793889430218
nya_precision,0.25349036926123975,0.05467653061822016,0.1289210226090226,0.0026285609647696637,0.15229125841698554,0.07210791160390939,0.16261830745947478,0.033891311190249795,0.3869175949313996,0.035259408368879,0.09296913396732066,0.004251688188398778,0.24144209817556142,0.08100347986580715,0.4234717167266326,0.010220003851433101,0.4234717167266326,0.010220003851433101,0.08777458825746563,0.005255447899152229,0.16620479477315678,0.02011428378162085,0.2664111167136093,0.0952133589902784,0.35874844310492265,0.006665352728086448,0.14847057392365157,0.007975863644344917,0.110937311161616,0.03964292395026974,0.10190801688518282,0.026049646786207855,0.09086669924477948,0.01927805527183206,0.2733458222688884,0.01811733992278149,0.31368049815176,0.06964322967996359,0.25056791475254353,0.043238949814001185,0.1328974246995863,0.01868472355440517,0.3949356338638485,0.04023621452387696,0.2411763416970968,0.07676615350884299,0.42200482564627945,0.057950941456941095,0.17242717106026162,0.029539216177065855,0.38466339777013125,0.04454600823043445,0.4234717167266326,0.010220003851433101,0.4234717167266326,0.010220003851433101,0.17393273644417703,0.03158362719847221,0.3637861766530402,0.03031140082871491,0.35412305789528675,0.10871369613501583,0.38786386257949257,0.03676299927081154,0.15238716960827267,0.023287008427431415,0.2914898371192966,0.1283497308084678,0.4105671423820671,0.005007672611693077,0.3610446451018115,0.030643906917902454,0.2756389205082926,0.12404240398907955,0.40869028209512387,0.038955714513238315,0.38813962921495443,0.012218278540843069
nya_recall,0.3887396462950526,0.008706981632905512,0.3396015222744571,0.024077599569731357,0.2942690843966868,0.030515571704086798,0.28934407880008955,0.031186256781072823,0.37732258786657713,0.018533780612037268,0.23707186030893215,0.04139015716638258,0.3365793597492724,0.05729067991150868,0.42064025072755756,0.006917176877313772,0.42064025072755756,0.006917176877313772,0.24837698679203044,0.034834401126850316,0.2868815760017909,0.02076058492384737,0.3635549585851801,0.01640366382925846,0.3961271546899485,0.01715300000402106,0.30501455115289905,0.03497170289776,0.2600179091112603,0.06449145316330725,0.23640026863666885,0.07288162212614606,0.18994851130512647,0.05074444341889723,0.3516901723751959,0.019980087399594046,0.38426236847996414,0.030326534823217143,0.38627714349675396,0.012498343274867119,0.32325945824938435,0.016567818550260672,0.42612491605104097,0.021754283863996644,0.3679203044548914,0.012448623913397763,0.39545556301768525,0.027792726830774977,0.32762480411909556,0.019164893419139902,0.4037385269755988,0.0191442896933276,0.42064025072755756,0.006917176877313772,0.42064025072755756,0.006917176877313772,0.3312066263711663,0.026545575897096538,0.3987015894336243,0.003559013453231369,0.395903290799194,0.046606720142102,0.4114618312066263,0.019305583758540735,0.31699126930826055,0.0370274868021943,0.3787777031564808,0.040896844946463146,0.42500559659726883,0.030596756454631818,0.3960152227445713,0.0118547503289235,0.37844190732034927,0.052346467478071264,0.4076561450638012,0.028884298217633178,0.4089993284083277,0.012438051831734149
pa,0.6691967109424416,0.00579705970266394,0.6565464895635673,0.03756924074615435,0.7109424414927261,0.01234612352684579,0.6957621758380772,0.01803488605867589,0.6786843769765971,0.03801386262192714,0.693864642631246,0.01919543441555158,0.7109424414927261,0.02318823881065573,0.6559139784946236,0.006663917617237694,0.6559139784946236,0.006663917617237694,0.6527514231499052,0.028080927109959637,0.7204301075268816,0.007183944776470919,0.6527514231499051,0.03694102909664477,0.6609740670461733,0.03551649624634145,0.6913345983554713,0.024027096664418227,0.7071473750790638,0.04853878568741217,0.67235926628716,0.08162334171152619,0.693864642631246,0.02562255420686786,0.7352941176470589,0.012075827382692353,0.7071473750790639,0.05759672327808834,0.713472485768501,0.018975332068311174,0.7609108159392789,0.025528698381544056,0.687539531941809,0.021992838267822463,0.7027197975964579,0.02526879741358404,0.676786843769766,0.03999851171097373,0.6818469323213155,0.019195434415551556,0.7425679949399114,0.025832483057131102,0.6559139784946236,0.006663917617237694,0.6559139784946236,0.006663917617237694,0.6869070208728653,0.032425061652058995,0.7191650853889944,0.04196080528936621,0.7375079063883617,0.03917996373421522,0.6742567994939912,0.028420799416395918,0.7343453510436433,0.016542310981179028,0.6635041113219482,0.02215595178764957,0.698292220113852,0.010734068784615611,0.6641366223908918,0.01610110317692336,0.6654016445287793,0.029047343461619333,0.6432637571157495,0.008695589553995924,0.6679316888045541,0.02113003553256175
pa_f1,0.4999094061140381,0.01492778638388394,0.4566809550594488,0.05725931188427524,0.5578093761933643,0.01071677358929682,0.533677863910422,0.02143855184992809,0.5055209490963818,0.02934218155961738,0.5323932495186318,0.0367626041974366,0.5706612245361952,0.03218334049799854,0.4411057477741375,0.007785027160188869,0.4411057477741375,0.007785027160188869,0.49315674830871054,0.03303381181120969,0.5554649325838569,0.021861225779420127,0.48099304206091453,0.04984331365950611,0.4566552797041674,0.019440085329102123,0.5442767717415604,0.03540523899036926,0.5294648601100215,0.0687854584677692,0.47338306363936056,0.0741396237891813,0.5132277089586944,0.030821438865293992,0.5551744162129636,0.027967246550191397,0.5240452572063203,0.07612606275398312,0.5449098482018072,0.01386191419378271,0.601119381455196,0.030641347632375707,0.5066922086902435,0.046685528393207956,0.5606388362327555,0.040306491323071084,0.5119147584591409,0.038736743183184756,0.5070404587448232,0.01964310650508663,0.5670693735209865,0.032260949680810426,0.4411057477741375,0.007785027160188869,0.4411057477741375,0.007785027160188869,0.5132984520949965,0.03943471529730794,0.5445402032557995,0.04905984713700436,0.5526056389070088,0.07671289064573333,0.5043589307611367,0.043178329592370175,0.5943312082846967,0.044281614881106796,0.4922187611844615,0.05454946768571111,0.5158483948338827,0.024272837574700265,0.4631480213203109,0.016796065187808244,0.48273200848929193,0.055510419187131524,0.45730445903759936,0.04173762293928057,0.4719753086419753,0.016255560759361097
pa_precision,0.47524619816440006,0.01246577503865806,0.433790766399462,0.057451659758517674,0.5465980560320183,0.009485797611799348,0.5111804677623262,0.0220691512775511,0.48809450013578454,0.02976087162818511,0.5075028857252789,0.03668996656942319,0.5534686201352867,0.03452568077326512,0.41898926606390735,0.014228178971053126,0.41898926606390735,0.014228178971053126,0.46618845661149644,0.04622950688022497,0.5363756613756614,0.024388087390862834,0.46795491143317225,0.05735854668943992,0.43110581461406045,0.01946403957098035,0.526792279757295,0.02745660625494642,0.5022678690626873,0.06901130889032522,0.4457231113310968,0.07437258811977632,0.48359379104126354,0.0357502455114237,0.5251798995460253,0.034052072312497586,0.4979846309989851,0.08097241802815378,0.5144190616556129,0.014022660411135335,0.5795239994681558,0.027652278511013813,0.48487438487438483,0.0516498274937748,0.5351089588377724,0.035729672066280145,0.48904891404891404,0.02947866787589336,0.48275862068965514,0.024382992454708582,0.5361197110423116,0.03124652189309116,0.41898926606390735,0.014228178971053126,0.41898926606390735,0.014228178971053126,0.4862375107845593,0.043094629693006335,0.5163445506654433,0.04915240895889287,0.5312731422726318,0.07965067983884867,0.47531488493041607,0.03770263048071384,0.5700672792481478,0.05679382827225808,0.46909466410915907,0.05133409377688255,0.48636363636363633,0.01928473039599674,0.44295611795611795,0.022617287313849842,0.4599268547544409,0.05759976609542806,0.4402796199256376,0.041270401266187286,0.4459113109918274,0.021604120549288525
pa_recall,0.5339805825242718,0.02746045752180766,0.48220064724919093,0.05688801239885742,0.56957928802589,0.014830342054873278,0.558252427184466,0.020595343141355745,0.5242718446601942,0.029126213592233018,0.5598705501618123,0.03675668832233184,0.5889967637540453,0.02966068410974651,0.4660194174757281,0.009708737864077631,0.4660194174757281,0.009708737864077631,0.529126213592233,0.020595343141355745,0.576051779935275,0.020210349509379933,0.4951456310679611,0.04231940721884151,0.4854368932038835,0.019417475728155345,0.5631067961165048,0.044491026164619786,0.5598705501618123,0.0681919336754223,0.5048543689320387,0.07329936344923059,0.546925566343042,0.024433121149743515,0.5889967637540453,0.020210349509379905,0.5533980582524272,0.07001070437794152,0.5792880258899676,0.01483034205487325,0.6245954692556634,0.0367566883223319,0.5307443365695793,0.04042069901875984,0.5889967637540453,0.04789206662442956,0.5372168284789643,0.04982137319851344,0.5339805825242718,0.01373022876090383,0.6019417475728156,0.035005352188970815,0.4660194174757281,0.009708737864077631,0.4660194174757281,0.009708737864077631,0.5436893203883495,0.03500535218897075,0.576051779935275,0.048866242299487016,0.5760517799352751,0.07415171027436641,0.5372168284789643,0.04982137319851344,0.6213592233009709,0.02912621359223308,0.517799352750809,0.05852149294506508,0.5436893203883495,0.03500535218897075,0.48543689320388345,0.009708737864077638,0.5080906148867314,0.05347155871151555,0.47572815533980584,0.04231940721884147,0.5016181229773463,0.014830342054873278
pcm,0.6882686471809615,0.06208075533322559,0.7583532981951765,0.0229426796880075,0.835329819517649,0.016435219785127565,0.8239977639354735,0.021948309643246296,0.7107730394505669,0.07330203623661083,0.7776233828461908,0.03437578552532887,0.7751477399776393,0.014353928717812093,0.7600622903689507,0.01920234984002213,0.7600622903689507,0.01920234984002213,0.6556620348187191,0.02072667457046605,0.7505031145184476,0.05621942027390036,0.7860804983229516,0.011824762780954488,0.7831576425491136,0.03223894041449591,0.7885321833572911,0.03307847622512433,0.7128254272480435,0.0635888596149099,0.7308177607410956,0.025387396194531474,0.6726641111643508,0.10002321757743339,0.7319996805622105,0.043351701557897006,0.7542085928765373,0.04092921178779605,0.747292764734068,0.04019137162551293,0.6614997604216578,0.02846738172918328,0.7518447532343076,0.025644117024307893,0.782806260980674,0.0345209058609129,0.8046558057818239,0.01099112046829931,0.6654687749560773,0.05807935103256543,0.725315444817122,0.06786241807648544,0.7600622903689507,0.01920234984002213,0.7600622903689507,0.01920234984002213,0.6516530905606133,0.05514849897022251,0.7687110685194058,0.04660397353658452,0.7185194058457115,0.07762392633219384,0.7263296597987542,0.04984523416663558,0.6591518926689027,0.08909174460169203,0.7399456955757865,0.07528698353095907,0.7766011819198212,0.02231235087484541,0.8042884523239099,0.027524110874266657,0.6963983389234946,0.040529478356313486,0.7889155087046799,0.014188709168417286,0.8047676090081457,0.026593983766071732
pcm_f1,0.30849094433011465,0.02024896089812525,0.333502950717305,0.02123983353948063,0.40553219136099616,0.012908233332760312,0.38765354864218854,0.030993504781205862,0.3159219682917815,0.04306320431862879,0.3506727368910129,0.027624851872941836,0.35376943805322253,0.013887773200545312,0.343026136964506,0.013166413116336685,0.343026136964506,0.013166413116336685,0.2826514656706884,0.01774606250052315,0.34201358471924953,0.033996463305926684,0.35190271543000545,0.0034563154956406255,0.3516411792360586,0.022219436384412476,0.3730953884128012,0.017099205052211863,0.312016607018151,0.03466631472962457,0.31920416399325163,0.028466905138243643,0.3019898569390988,0.04638289150513831,0.31511633348744145,0.023476576982610266,0.3442094571467744,0.010949012276265161,0.33802023775627227,0.021444998636896837,0.28002673344188794,0.018745628149644034,0.33995943059547834,0.019310321938444334,0.3560682379398136,0.03239101893499199,0.36784927526869643,0.005448331245087709,0.29733463082756945,0.012504222136513688,0.3280484751720583,0.03023019014866247,0.343026136964506,0.013166413116336685,0.343026136964506,0.013166413116336685,0.26885192244697037,0.01714512528369581,0.3459122817630191,0.02325497138433306,0.32702401538290654,0.04174165638073809,0.3255871206382254,0.017998145951201767,0.2908981323395818,0.02461435594139026,0.3233556290902704,0.04956865513066791,0.35786359772213655,0.030896940725056162,0.3711599644925698,0.02271692518858968,0.29872818457292105,0.021297849453180365,0.36708775070884236,0.015286610263207396,0.38484276124727007,0.022294309956729624
pcm_precision,0.21914710489700304,0.016899868531953452,0.2387987082838435,0.017978893242214643,0.3082446392860194,0.009530348557730843,0.29357140950839056,0.03123018039131587,0.22301898623433977,0.03643850752129358,0.2584041643983818,0.02870712158226189,0.26102867167450144,0.009499529246065869,0.24636154178360103,0.014160149971732245,0.24636154178360103,0.014160149971732245,0.1944315886851382,0.013468763946215316,0.25016690805745684,0.03354399374876423,0.257369934472185,0.00324758984595722,0.25880619033957064,0.023171148269035814,0.27728920346859826,0.016106089435938074,0.22093648645730482,0.03097363349426683,0.2296460246309242,0.02529516524072434,0.2165653082811119,0.04093093819843661,0.22389703831338095,0.020902226523063217,0.249001360169783,0.008022046039957069,0.24374032195657933,0.01591607539857546,0.1932158052129315,0.013859505652080488,0.2452673240948056,0.015451821723244595,0.261150359477543,0.03095528769754543,0.27127317360356695,0.005512177593027943,0.21050204116236396,0.00999989303218325,0.23402956636629826,0.02506413005859299,0.24636154178360103,0.014160149971732245,0.24636154178360103,0.014160149971732245,0.18658060171870705,0.013566720752257719,0.25178667268518123,0.02184650483500589,0.23099388586621003,0.03511512241081827,0.23207915094092088,0.016897035609874017,0.20440307376093433,0.021462429131874444,0.23064295410561364,0.04068273687159081,0.2589570913330247,0.027144041339687133,0.27359649697615435,0.02297689801604175,0.2069875796032259,0.01671338614728592,0.2694665107633119,0.014735756668324647,0.28591416993562163,0.023481378268450433
pcm_recall,0.5212059274399591,0.019797006262453263,0.5532277295179697,0.0240344648060926,0.5925736671776529,0.020339133838293968,0.5724748765116675,0.022134217404345975,0.5435189916538921,0.039585218740783724,0.5481178674842445,0.004130252308970245,0.5487991824220746,0.02568690593266594,0.5656617271333674,0.006024438488784648,0.5656617271333674,0.006024438488784648,0.517799352750809,0.026890370801384303,0.5431783341849771,0.014888913933912567,0.5564639754726622,0.014712498772496639,0.5499914835632771,0.010525985048870992,0.5704309316981774,0.012747373355181488,0.5339805825242719,0.03296158083366405,0.5244421733946517,0.021693355422804244,0.5017884517118038,0.037636484064017,0.5327882813830693,0.01603986696234856,0.5574859478794073,0.021265868213270162,0.5513541134389371,0.03377151076516774,0.5086016010901039,0.027989421854416704,0.5539090444557997,0.024881407918119196,0.5612331800374722,0.019230559172468496,0.57162323283938,0.017225111728968137,0.5062169988076989,0.015451172844389828,0.5491398398909896,0.03168663860802861,0.5656617271333674,0.006024438488784648,0.5656617271333674,0.006024438488784648,0.4813490035769034,0.022994379151762903,0.5535683869868847,0.014319774864236879,0.5619144949753023,0.03657866579610573,0.546244251405212,0.006874616273415271,0.5057060126043263,0.019818976090834495,0.542156361778232,0.05472325864314858,0.5799693408277977,0.027427157690995733,0.5782660534832226,0.01235206319830754,0.5368761710100495,0.02551010447892514,0.5760517799352751,0.008276294064558909,0.5898484074263327,0.006470250353678301
pl,0.9063347770215602,0.0026583828354491868,0.9072113020164041,0.0029240459335797783,0.9065172211381342,0.0012143691353307792,0.9053432329097456,0.0016747083183387323,0.9075206637792902,0.0014035390085718052,0.9058945314359145,0.002619541696383395,0.908500309361763,0.001667153385192192,0.907425475544556,0.0016219285668309627,0.907425475544556,0.0016219285668309627,0.9034117049799312,0.0018970724035475112,0.9058905652594674,0.0014427345039798743,0.909071438770168,0.0021064429948558666,0.9076317167198135,0.0019696648797753137,0.9078617549537545,0.0018237900792975649,0.9074968667206066,0.0012099308644737542,0.9067750226072057,0.0030927937748227432,0.9068424476068092,0.0005636856329392874,0.9073897799565307,0.002895656505199605,0.9070486887820666,0.0012529665520322076,0.9065211873145812,0.0016528394965204596,0.9061245696698556,0.0020335813129023204,0.9059222946710452,0.0028657511790976613,0.9068424476068092,0.0007759021161076225,0.9062633858455094,0.001331997712546332,0.907548427014421,0.0020722237668928606,0.9070169593704884,0.00299257671966941,0.907425475544556,0.0016219285668309627,0.907425475544556,0.0016219285668309627,0.9047245093839734,0.001429871243799409,0.9085835990671552,0.0018456532954374267,0.9075880887788936,0.0009720693107922592,0.9068543461361509,0.002001866418054927,0.9052837402630368,0.0024202419842304606,0.9059183284945981,0.0018978434044053779,0.9064696270207669,0.0018794529667080148,0.9076912093665221,0.0026696492466279213,0.9059103961417035,0.00040965054284818503,0.9072549299573239,0.0033425409392992492,0.90785382260086,0.003397656947397124
pl_f1,0.7650794686933033,0.004768672336963636,0.7714426185436728,0.006356249090246481,0.7707493381547694,0.0037674855977512522,0.7667715656266907,0.003930563243788048,0.7695345963720285,0.0029562260875264294,0.7685891202332075,0.004968045990753362,0.7726719612658545,0.0034200697198366508,0.770315981028013,0.005922399457832546,0.770315981028013,0.005922399457832546,0.7620211523304135,0.004317028981673352,0.7676233818708944,0.004931783320780557,0.7735811972824261,0.004599446463266094,0.7702895012180867,0.005342203470011251,0.7712250687566575,0.005338944966776326,0.7711453315686265,0.0023486022894800324,0.7688391894779013,0.007840363918922101,0.7698694167831867,0.0011243108200425002,0.7712846791515539,0.006345864478478067,0.7684587374020847,0.002977916684138014,0.7690287328140446,0.004161036570202882,0.7663499841675714,0.004189068997275846,0.7669620840823249,0.0066893799262816135,0.7685605630287192,0.0022715395765283302,0.7668115954847178,0.0035727118694513136,0.7683746398282603,0.004477308929401232,0.769210775539127,0.007657699573098415,0.770315981028013,0.005922399457832546,0.770315981028013,0.005922399457832546,0.7634426265618877,0.0038124530805766776,0.7737925037025285,0.005435101653219731,0.7697991202155589,0.004053739678044835,0.767055175695885,0.004481953515177946,0.7639146159654633,0.004839326457927238,0.7659728327238761,0.0020080131373808098,0.7685023882977996,0.003901810985196501,0.7678673208271299,0.005423005055771913,0.7664937403740715,0.0019550104503767867,0.7702571406044735,0.007241209434164908,0.7723350369248383,0.006455651269636055
pl_precision,0.7440866059420848,0.008112549469094921,0.7475216935314246,0.007717675977827049,0.747798541308781,0.005967411287219087,0.7411477844889044,0.00650098050549777,0.7462409827850734,0.005585482268735455,0.7439671708708326,0.0077376730437690566,0.7508665516761294,0.006186499247790919,0.7479078331227331,0.00974408582337518,0.7479078331227331,0.00974408582337518,0.7338455997010943,0.006905278910479855,0.7449886947699661,0.007971914098373056,0.75038188217057,0.005088383887587362,0.7469915843981157,0.008529105289168304,0.748229196652003,0.008566708550646092,0.7462043497907004,0.0034877014677642997,0.7426994843400175,0.01042210942980947,0.746978535658716,0.0019325734984698432,0.7471169121581438,0.010631981636260154,0.7449860478918023,0.006431534393100712,0.7437081431300084,0.009683634613245562,0.7420392300364375,0.007216718896686326,0.7460431087758824,0.009982293640410487,0.742645662868164,0.004926125539408418,0.7438398236626372,0.007414585612202737,0.7473250915480647,0.005764697897851107,0.7465343761538207,0.01194374215449346,0.7479078331227331,0.00974408582337518,0.7479078331227331,0.00974408582337518,0.7382841865032123,0.007341521166025798,0.7532897011481898,0.007916997160852974,0.7463966728567382,0.007578034358812967,0.7434768183302164,0.010618380613326244,0.7407358389575295,0.008086472053715339,0.7433789008341097,0.004305775431150959,0.7463116589878375,0.007551441930075008,0.7454776092879495,0.009055215261240358,0.745964682208637,0.002324038252353015,0.7476897600007225,0.011966570356522564,0.749141661919321,0.008514818580881869
pl_recall,0.7873246776788344,0.003375854271781854,0.7969546597783971,0.005323463575525906,0.7951646160469489,0.0013010561004196707,0.7942582647905195,0.0038778304970622825,0.7943488999161624,0.0022404711572715586,0.7949153694514308,0.0019429822483797278,0.7957990619264496,0.0007352765839434939,0.7941449708834659,0.0025264287249480008,0.7941449708834659,0.0025264287249480008,0.7924682210590714,0.0027165034603613748,0.7916978224911064,0.0015036965556872834,0.7982688691002199,0.004995837394316207,0.7951192984841274,0.0035556241807143192,0.7957084268008066,0.0029648389906888756,0.7978156934720051,0.0016445967699113336,0.7969093422155756,0.005489414235658,0.7942129472276981,0.0021510333376486305,0.7971132712482722,0.002196733507917663,0.7934878662225545,0.0020267896833492632,0.7962069199918428,0.0031150674291046056,0.792332268370607,0.002094068629019024,0.7891147214102826,0.0033164747389423303,0.796365531461718,0.000805263890690303,0.7912899644257131,0.0034563369751738383,0.7906555185462126,0.00418003854081082,0.7933519135340901,0.0031246944285395115,0.7941449708834659,0.0025264287249480008,0.7941449708834659,0.0025264287249480008,0.7904062719506945,0.0013010561004196668,0.7954591802052886,0.003181844806870649,0.7947567579815558,0.003816575619541487,0.7922642920263748,0.003102433201616238,0.7886162282192464,0.0015280824145276675,0.7899984138853012,0.0021305279945467623,0.7919244103052139,0.0006729314755361497,0.7916751637096957,0.001816804775147968,0.788208370153853,0.00546029620055151,0.7942809235719303,0.001981056623786668,0.7970226361226294,0.004329724951204978
pt,0.8623762376237624,0.0036270278375873477,0.8642621404997642,0.009954069693595654,0.8700298601288701,0.0019418466473146339,0.8756037508512756,0.004009864366820592,0.8688983184032688,0.0032972228175508207,0.8666823825239667,0.0015931259968535374,0.8723191366755723,0.004708186875990807,0.8674472209125675,0.0065790027596182585,0.8674472209125675,0.0065790027596182585,0.8734192466865734,0.010774138140226274,0.8722772277227723,0.00443863778767648,0.8724553407721726,0.006760108624011297,0.8703284614175703,0.0031118588026504837,0.8711037770443711,0.0057517747565756245,0.870946618471371,0.006797291480051319,0.8766095657184767,0.004976404148603232,0.871035674996071,0.00803175643189377,0.8675310388181675,0.0004756481518284302,0.8744460160301745,0.006206390830886048,0.8769081670071769,0.0018905028852264504,0.8675624705327675,0.014174893075912342,0.8687463984493687,0.0018358874982998606,0.8736078369741737,0.002450279735488369,0.8652679553669653,0.0009677701913148849,0.8656189428466656,0.007406227327422243,0.8635234952066635,0.00975017917172647,0.8674472209125675,0.0065790027596182585,0.8674472209125675,0.0065790027596182585,0.8668185866205668,0.002590082630550455,0.8666404735711666,0.0031199968128208327,0.8683744564932683,0.0038086994590598206,0.8621562156215621,0.0020841739269197124,0.8643354811671644,0.012816956913662428,0.8632929959662633,0.009321137543448547,0.8626329299596627,0.008112082445753222,0.8684949447325684,0.006730467647950561,0.8667190528576668,0.002621974651277749,0.8703179841793703,0.009046893464774448,0.8728377599664728,0.003707421479603233
pt_f1,0.7601153028836775,0.005695192665140462,0.7644836437685564,0.008329096970237714,0.7748050204948714,0.004040747947778076,0.7838346404240856,0.00640662332777632,0.7695168291711996,0.00530305820774017,0.7688026817138337,0.0019281404404709942,0.7782931991103667,0.007224198583684105,0.7693439651239583,0.009715419172977571,0.7693439651239583,0.009715419172977571,0.7781271780782912,0.017429238058475145,0.7784678177506704,0.007377036541769484,0.7781719975924797,0.009080088718149242,0.773425476499531,0.006330506866529456,0.7745956380312448,0.007143554120911631,0.7747707662792545,0.00467199274638282,0.7822920438917059,0.007173396706211155,0.7733686274229373,0.011590077878209001,0.7699558766557829,0.0004953224611791974,0.7831191859104502,0.00731889991741912,0.7862486463569928,0.004136685781948397,0.7743742286309173,0.018388794193377897,0.7711610284341255,0.0037559661705011934,0.7791726164141618,0.0033504599477785697,0.764825689871571,0.005508686062170334,0.7694023964634843,0.013616545951110028,0.7672528720400487,0.015301709542989754,0.7693439651239583,0.009715419172977571,0.7693439651239583,0.009715419172977571,0.7704202182372865,0.0018647649356605554,0.7715177884535492,0.0041755606629825396,0.7741805255905643,0.0037375392675840923,0.7637469763694744,0.0020181630294169293,0.7696424773029144,0.014347731625103742,0.7657697354760743,0.011676212669508643,0.7655389918308003,0.010608158878254316,0.7754631071306064,0.011232280917144804,0.7684264948914965,0.0017231235508886537,0.7741423581113483,0.014220236896143986,0.780681091370965,0.003377117968295555
pt_precision,0.7377689399051243,0.006571680103164275,0.7419923400104272,0.004357694574408976,0.7545907484617205,0.005586651352179071,0.7618944014400092,0.008869172048899808,0.748201033879682,0.005223535841927883,0.7458388351735371,0.002288846963659917,0.7541051482377923,0.01116487108145857,0.748937204820877,0.010133086098498254,0.748937204820877,0.010133086098498254,0.7556880044655525,0.023641234699711668,0.7549878525289024,0.007583617395652156,0.7608224551741106,0.006562802150964257,0.7513341298476236,0.010538916638142428,0.7517395747413822,0.008031962087969951,0.7513942216672408,0.003702850667293913,0.7633595698352497,0.007579257268057487,0.7526931796894759,0.01356500758725152,0.750669227978855,0.001178390839195208,0.7652593737526944,0.007485707905813619,0.767219410303806,0.008260257849779353,0.7573768282181351,0.01800666599498939,0.7501806614133479,0.00564048889921936,0.7560016565526265,0.004237766096205279,0.7410929156850101,0.006568493757912374,0.7528421645353457,0.016261366884311252,0.7488534957138216,0.017411683766279586,0.748937204820877,0.010133086098498254,0.748937204820877,0.010133086098498254,0.7500617352050916,0.004214031566587303,0.7521326613621805,0.007368042400192718,0.7555184807784361,0.002337634163645892,0.7418968531793516,0.0003586940957550236,0.7548494068019685,0.015726935640201858,0.7451670191061067,0.00891137623711198,0.7427147688375776,0.012288546176687858,0.7583495788058124,0.01385470210537861,0.7463474079128506,0.004982316257359521,0.7535460372479518,0.01552697046312386,0.7613135112865023,0.005766598877019289
pt_recall,0.7838639200998752,0.00516221126935801,0.7884155222638368,0.01301827722022838,0.7961402413649604,0.002903139063164146,0.8070900957136912,0.003631701474755631,0.792082813150229,0.005384648966868453,0.7932272159800249,0.0019693241985211662,0.8041250520183105,0.0036073113707003014,0.7909124011652101,0.010287894964325408,0.7909124011652101,0.010287894964325408,0.8020703287557219,0.012625589797451202,0.8034748231377445,0.008593772821815192,0.7963483146067416,0.012151509608736654,0.7968945068664169,0.0016385767790262312,0.7988972118185601,0.006996559442531022,0.7996514773200166,0.005917925907019231,0.8022003745318352,0.0077388929095583165,0.7952299209321682,0.009825369342065269,0.7902621722846442,0.0013537259342148273,0.8018362463587182,0.007416441176132659,0.8062838119017894,0.001874825352781898,0.7921608406158969,0.01906336237048364,0.7933572617561381,0.0017968919527066227,0.8038129421556389,0.0028373830769495107,0.790132126508531,0.004305202687641564,0.7867249271743654,0.0107486433167864,0.7865948813982522,0.013125555680541181,0.7909124011652101,0.010287894964325408,0.7909124011652101,0.010287894964325408,0.791926758218893,0.0009941487127349408,0.7919527673741157,0.0016686449159742862,0.793799417394923,0.006124700463612908,0.7869330004161466,0.0045055935177574025,0.7850343320848938,0.012931860783645263,0.7875572201414899,0.014762320853593396,0.7898200166458592,0.008778812334445286,0.7933832709113608,0.00835987010006988,0.7918747399084478,0.0020530764535857207,0.7959061589679567,0.012940646016169238,0.8010819808572617,0.003533130976274349
qu,0.7522441651705565,0.00538599640933575,0.7672052663076002,0.008484408664726396,0.7450628366247756,0.005385996409335764,0.7534410532615201,0.007255748445830079,0.7516457211250748,0.013474961399398772,0.744165170556553,0.011425423753463124,0.751346499102334,0.0012694915281625519,0.7600239377618193,0.021568906392507605,0.7600239377618193,0.021568906392507605,0.748653500897666,0.00999598628874326,0.7480550568521843,0.002742415137615734,0.7648114901256733,0.018220631176108115,0.7528426092160383,0.0184258579513353,0.7474566128067025,0.01222057322361582,0.7540394973070018,0.007825671352855822,0.7594254937163376,0.007616949168975351,0.7546379413524836,0.003737281866186925,0.7618192698982645,0.0074745637323739055,0.7546379413524836,0.022303584863655548,0.7672052663076002,0.011542370749243476,0.7546379413524836,0.00903630692432173,0.7585278276481149,0.01650338986611333,0.7576301615798923,0.0035906642728904536,0.767504488330341,0.011425423753463006,0.7531418312387792,0.0063474576408128775,0.7588270496708557,0.010208690669797689,0.7600239377618193,0.021568906392507605,0.7600239377618193,0.021568906392507605,0.7540394973070018,0.014021992236816215,0.7657091561938958,0.008886440697137982,0.7588270496708557,0.018161569007173542,0.7510472770795932,0.013474961399398827,0.755834829443447,0.00999598628874333,0.7618192698982645,0.021267930154299,0.7582286056253741,0.02193932110092563,0.7690005984440456,0.025975504984094185,0.7552363853979652,0.014511496891660257,0.765409934171155,0.00988791839728199,0.7612208258527827,0.01565134270571155
qu_f1,0.6091878046765264,0.012546045540470637,0.6150212172468026,0.013777526798825874,0.6023767777128385,0.029964764264423436,0.6091359620771386,0.020232212555271207,0.5869014550961406,0.039544544312895384,0.6036283247521871,0.009007342862541089,0.606597147888627,0.010456256557651242,0.5953649836002777,0.020789106989049712,0.5953649836002777,0.020789106989049712,0.6014460636575306,0.019359545857482507,0.600816791731919,0.003285826898406997,0.6186036166017409,0.021310390325378993,0.6033788293835575,0.020297776320487026,0.5938839091092751,0.027782906044335344,0.6022312906507551,0.024689328501529398,0.6252424374004921,0.027974626263207618,0.5934031681778418,0.011757135096334139,0.6202853983941102,0.018612588787307736,0.5860678092070869,0.04197791225312418,0.6197406374407018,0.02517069041134191,0.6145408248212708,0.009722510739885488,0.5985791049082189,0.03419168597550328,0.6033565489116043,0.014261819890746834,0.5932983480005424,0.005907238976846294,0.6011019283746557,0.016775592871978932,0.6184499981968337,0.004758309696869044,0.5953649836002777,0.020789106989049712,0.5953649836002777,0.020789106989049712,0.6057288464143904,0.020698121894902718,0.6078625378828219,0.012383892205277417,0.5974492436002801,0.0341703384574024,0.5902376002273603,0.03465357851182408,0.6065264744631151,0.012501026816635334,0.5960012961424085,0.03696310539067768,0.6038695040928846,0.04992771389736304,0.603406950864578,0.034360452335522096,0.6164959248579756,0.018007831695462374,0.6095522954944689,0.03781890342691911,0.5941407068258671,0.02525059469774305
qu_precision,0.5717538120109434,0.0070365757855434035,0.5942038567493113,0.017799905784823482,0.5859034917106604,0.03234664159660983,0.5908602150537635,0.02298662185637842,0.5722476869535693,0.0387400849436857,0.5830630957427746,0.005186217561732826,0.5862493367230409,0.019061916794333323,0.5728238607270866,0.015236164024386383,0.5728238607270866,0.015236164024386383,0.5765218404872221,0.020618591211157253,0.573349974719707,0.01293149890464173,0.5959946193166532,0.011645562866358442,0.5830287479336106,0.011284884036411027,0.5830089052686152,0.02521484138724089,0.5707226049868767,0.024090334554685365,0.5959816265159776,0.03524283645128275,0.5668193206221123,0.018186722618554047,0.6016288181905806,0.014871948197212206,0.5734266063689467,0.04806906208455385,0.5978719623261807,0.025037347604155807,0.5883161143016054,0.011571403447241951,0.5813008130081302,0.03351871906454964,0.5775759452832624,0.014257012281666388,0.5742555320150659,0.016961121628427656,0.5710565476190476,0.01588608945113844,0.600609756097561,0.007437469294118691,0.5728238607270866,0.015236164024386383,0.5728238607270866,0.015236164024386383,0.577363782051282,0.02792818559455743,0.5911092886215904,0.006964666614535182,0.5817533625020256,0.033531076730196244,0.5658734059806274,0.034531499790249325,0.5860591959916935,0.016675894790633857,0.5817538663265576,0.029923625419680036,0.5835387708715797,0.05151048985537527,0.5830111420531502,0.029343982798494834,0.5894881309235253,0.019684379185639273,0.586506257711969,0.036428305782959775,0.5755112096575511,0.026988137718147384
qu_recall,0.652046783625731,0.022075539284417377,0.6403508771929824,0.01240538212607982,0.6198830409356725,0.02819780924266943,0.6286549707602339,0.018260228065492403,0.6140350877192983,0.049621528504319126,0.6257309941520468,0.01339934413729779,0.6271929824561404,0.006202691063039871,0.6198830409356725,0.028197809242669427,0.6198830409356725,0.028197809242669427,0.6286549707602339,0.018260228065492407,0.6315789473684211,0.017543859649122792,0.6432748538011696,0.0332099903263174,0.6257309941520468,0.035451332318661224,0.6052631578947368,0.031627642767227966,0.6447368421052632,0.031013455315199393,0.6578947368421052,0.023208344833899962,0.6228070175438597,0.008771929824561417,0.6403508771929824,0.02631578947368418,0.5994152046783626,0.035451332318661266,0.6359649122807018,0.031013455315199508,0.6403508771929824,0.01240538212607982,0.6169590643274855,0.03545133231866123,0.6359649122807018,0.01860807318911961,0.6140350877192983,0.00877192982456143,0.6345029239766081,0.018260228065492403,0.6359649122807017,0.00620269106303991,0.6198830409356725,0.028197809242669427,0.6198830409356725,0.028197809242669427,0.6374269005847953,0.018260228065492407,0.631578947368421,0.02481076425215952,0.6140350877192983,0.03508771929824561,0.6169590643274855,0.03652045613098479,0.6286549707602339,0.013399344137297759,0.6111111111111112,0.04501404771444644,0.6257309941520468,0.04831202234461495,0.6257309941520468,0.04501404771444635,0.6461988304093568,0.018260228065492348,0.6345029239766081,0.039554822393183295,0.6140350877192983,0.023208344833899906
ro,0.8563880307529268,0.01756106556605153,0.8609719764454176,0.022074302996717164,0.8832018635713785,0.0063726754032708,0.8606920408306089,0.01554182743303088,0.8659208382072124,0.015659798260445598,0.8616668166321745,0.02150898737084517,0.8486448116933105,0.02047529739546515,0.8883306839426931,0.006010349898991425,0.8883306839426931,0.006010349898991425,0.8652659888225708,0.0378418350134802,0.8546884216630174,0.005992718770993364,0.8644611739299961,0.015408158657622198,0.8745638503144276,0.026672491603409548,0.8773482099117204,0.007157870084163089,0.8563930296031913,0.027116301848574848,0.849514611639323,0.018691865584567383,0.859577297221639,0.014551209209612918,0.8408516041310499,0.012523703280452766,0.8644661727802605,0.02394417290072634,0.8687501874568849,0.021213483818607853,0.8713945792467732,0.019991934054526445,0.8662957519770452,0.027827765220318473,0.8577627145756477,0.012517641099473563,0.8653209761754797,0.017156508542469816,0.8732241584435579,0.013422460308999396,0.8620717235035942,0.017294510635819223,0.8883306839426931,0.006010349898991425,0.8883306839426931,0.006010349898991425,0.8620517281025365,0.030154973695480137,0.865166011817282,0.027851348496322204,0.8658308589024525,0.02113745791211144,0.8762834548053947,0.014686526795600664,0.8671755496235866,0.026391615906472245,0.8592873639063016,0.025467287206136783,0.8701098747288123,0.02276134730821604,0.8531387780810413,0.02102700928463442,0.8757035881747198,0.025888122757217087,0.8946792237785309,0.003258050274065958,0.8861261909760755,0.0047023533737622115
ro_f1,0.7211299698102508,0.020873112897123788,0.7278400902153938,0.03444350365855247,0.7648128312374515,0.016495779147207373,0.7294463633098373,0.023339431625797342,0.7355371552251501,0.025202007077441115,0.7340392787357993,0.026004181483471507,0.7142362321449424,0.029826218849898466,0.7694262291664834,0.01019397333432197,0.7694262291664834,0.01019397333432197,0.7324511462746882,0.05595461123971736,0.7250333451026698,0.010981831465748534,0.7349429167652192,0.02411835031203523,0.7526482745036563,0.03695051634208932,0.7548067198378922,0.008342049453722088,0.7193132902111765,0.0393719755307977,0.7065737577858032,0.022093123578203963,0.7277514032872875,0.015867301302039925,0.6971617215520022,0.010281897516201436,0.7339263995569727,0.03128739383360124,0.7390769395983922,0.03487380185166757,0.7491020471574386,0.03032054771206403,0.7320608113736595,0.035441532842079286,0.7312651124933852,0.020648285750738363,0.7387830009073234,0.01971014005717742,0.7458649887299126,0.01878680619399573,0.7289390882559307,0.023386254425549428,0.7694262291664834,0.01019397333432197,0.7694262291664834,0.01019397333432197,0.7261138805195989,0.04034640834212277,0.7299345152097101,0.043210452539816736,0.7342900337754174,0.02706716161511173,0.7464314754315158,0.02422666982936495,0.7337520037383745,0.03384707098365897,0.7246031485145096,0.027964457181270008,0.7387095986050856,0.02994030174327902,0.7195894459118245,0.031132089429443614,0.7497200442259048,0.03253562281249807,0.778304532004332,0.00871551921363416,0.7648298882740905,0.009932331917275014
ro_precision,0.6871863503674437,0.02186317223442757,0.6931899959365676,0.035254279303170814,0.7301403921976265,0.017856737968397655,0.6934821027355088,0.022749522409857587,0.7006776206930075,0.023374173755524606,0.7024962227445412,0.02145850702261454,0.6789080586432533,0.03128085079424313,0.7332799515083105,0.01070096139306074,0.7332799515083105,0.01070096139306074,0.6911392855623942,0.055484060395869526,0.6919100222113498,0.012789201274043609,0.7009753182856285,0.024192007653964773,0.7185842207698411,0.03700502181100864,0.7209052561495143,0.003778972592426745,0.6803763606289709,0.038237855566371666,0.6656414085413705,0.027672788795765225,0.6918370869053465,0.00998561821168003,0.656780052916595,0.008072689453048088,0.6961991015589076,0.03203010087475039,0.7015185347212674,0.03345864908681375,0.7131843061569213,0.031841715956245666,0.6973448633974254,0.033089072402497983,0.698524218700903,0.018801726612563397,0.7035316727670923,0.019581871323613574,0.7119276089460458,0.02180442905460413,0.6921861238093389,0.022014984475831913,0.7332799515083105,0.01070096139306074,0.7332799515083105,0.01070096139306074,0.6862799213570421,0.03745314474691758,0.6909601418904389,0.045305345061691156,0.6983217570150377,0.02506048020870772,0.7076749572973751,0.019678963969271147,0.7004436697259306,0.034737967169785736,0.6895381677403551,0.02125913773355225,0.7015808348341674,0.027863214823362178,0.6856284015813306,0.03503832883219646,0.7128474403877346,0.02972416271748983,0.7420151793982667,0.011211705339441777,0.7297465646152368,0.01232720070663523
ro_recall,0.7586256059309952,0.02000985686993041,0.7661534074707728,0.03330711367777531,0.802965497576276,0.01526636571370895,0.769347020245224,0.023958408879219593,0.7740518962075847,0.027385227165707772,0.7685771314513831,0.03137399121597366,0.753464499572284,0.027867789722817393,0.8093242087254063,0.009591143791533006,0.8093242087254063,0.009591143791533006,0.779213002566296,0.058114186570338754,0.7615055603079556,0.009027543684567266,0.7723980610208155,0.02452336189453979,0.7901340176789278,0.037133763206486786,0.792101511263188,0.014074477807957378,0.7629883090960936,0.0406142258399238,0.7530082691759339,0.014869842558034512,0.7676646706586826,0.023085413728764145,0.7486740804106073,0.02395331782291466,0.7759908753920731,0.030157991752848112,0.7809238665526091,0.03697643752197388,0.788850869689193,0.028286787595442717,0.7704875962360992,0.03921173731269997,0.7672369546621044,0.0229952148958232,0.7777587681779298,0.01986592318030994,0.7833190761334473,0.0178601007677095,0.7698317650413459,0.02533325897574215,0.8093242087254063,0.009591143791533006,0.8093242087254063,0.009591143791533006,0.7708582834331338,0.04369024867927146,0.773766752209866,0.04224356118450884,0.7741659538066724,0.029374966676504247,0.7897063016823496,0.029716177441986832,0.7704020530367836,0.03263346922884356,0.7635015682919875,0.0361738849688601,0.7800399201596807,0.033233211824474834,0.757171371542629,0.026278521823079257,0.7906472768748217,0.03626671840592418,0.8183632734530938,0.007384679049363393,0.80347875677217,0.0072617728882563275
ru,0.8348576665544458,0.006900902758957908,0.8527615680993529,0.008166191636846568,0.8449715707178393,0.0015689821765230505,0.8438867691617102,0.005843419945928091,0.8420631803389069,0.0005352593431808725,0.8451071709123555,0.006995543507906919,0.8512652900908989,0.005250973571603519,0.8484036583997306,0.004437759136458634,0.8484036583997306,0.004437759136458634,0.840253619122433,0.006980210768228222,0.8495960049377175,0.004110998193834901,0.8515551939550369,0.004010971574478241,0.8522986570904875,0.004222526981773992,0.8467858078030899,0.0022435547337364835,0.8485673138069053,0.011183498332406082,0.8515879250364717,0.009871718036203524,0.8456308682153143,0.009033357347608413,0.8509940897018667,0.010721022773169359,0.8478425541465605,0.005078439100016746,0.842577525904313,0.0027159392452184602,0.8448032394418883,0.005810652667960928,0.8404406538734897,0.002889970619800241,0.8377099465080612,0.002915088253235462,0.8419229042756143,0.0016907194064144137,0.8399356600456365,0.0055597888721041835,0.8522752777466053,0.004660818651337743,0.8484036583997306,0.004437759136458634,0.8484036583997306,0.004437759136458634,0.8423811394157035,0.002937848761539042,0.8507228893128344,0.009392101384733703,0.8542625219765831,0.00354233400097885,0.8399029289642016,0.005032686025515377,0.8458179029663712,0.004567517291549349,0.8426055811169716,0.0054444523768423505,0.8451960124191075,0.008385474194797774,0.8454672128081397,0.005493690144906811,0.8406276886245464,0.003241024736728347,0.8457290614596191,0.007776170809637613,0.8470944151423335,0.008648998600238166
ru_f1,0.6244483243596842,0.0124561355606156,0.656799797696119,0.022100153009138118,0.6456935128172907,0.0022506066731653295,0.6471027540097888,0.013997920457458315,0.640356767085695,0.0015346251274003981,0.6418225399421822,0.013601892482290528,0.6600752228000161,0.013825576871012935,0.654642291511707,0.00952934605719654,0.654642291511707,0.00952934605719654,0.6331267808572795,0.013862914338368863,0.6584256182559275,0.010935579843793156,0.6537871415207333,0.009887942246082132,0.6599475539033671,0.014887558530995593,0.6490301073409778,0.008306692985850296,0.6543995481169849,0.023091939486328178,0.6599255113300615,0.02073273853958152,0.6399886632726339,0.01947612113018321,0.6602399011169648,0.01971707159441745,0.6527545821156869,0.009544526064737569,0.6409710804450203,0.004534311791085808,0.6456394729941258,0.0054228562957358015,0.6395845436619932,0.008621713380633196,0.6285326257109084,0.010073930405696725,0.638727678431762,0.005114474743437285,0.6369978828712402,0.01155487686845309,0.6619309619949875,0.009720550491030915,0.654642291511707,0.00952934605719654,0.654642291511707,0.00952934605719654,0.639925329736112,0.009070887089437736,0.6585411483295402,0.020009437293356407,0.6658819800332904,0.004078299478037955,0.6365189140795212,0.006040712531092418,0.6495824383191802,0.007879222792734359,0.6455286676583967,0.011076040975392054,0.6496123626385176,0.016540845868062204,0.6511413121837215,0.008579999186598816,0.6340213357897997,0.003812808355464401,0.6484347713475719,0.015691320663783804,0.6527734542676576,0.0146083694192257
ru_precision,0.586171429373085,0.01630802395971501,0.6183657208971767,0.021161085720531,0.6101865566327637,0.0050078376885272745,0.6087536177738181,0.014938704510583045,0.6029889171140924,0.002953002255418622,0.6021837636960808,0.013061482960907431,0.6242525410082602,0.01504066547252995,0.6188852632416101,0.012849998741474982,0.6188852632416101,0.012849998741474982,0.5902065998924213,0.01570670196793996,0.6221853003475489,0.01171021259521515,0.6170206085633482,0.010518257285324404,0.6224803146663556,0.016811885714588706,0.6131034152242281,0.01120273901620361,0.6194664253494259,0.025542091357138835,0.6224410534209973,0.023978306906483688,0.6086572901013375,0.021161025247283496,0.6246957240864178,0.023611656166836893,0.6176039629617268,0.013561973280893353,0.602390062886296,0.009742559586436548,0.6100566792011398,0.008504726190223168,0.606681460101675,0.014752479757290441,0.5912608102569772,0.008665352128524342,0.6023717465612833,0.006880506515826792,0.6059224542559175,0.013778315685326807,0.624513190076471,0.015054913193260865,0.6188852632416101,0.012849998741474982,0.6188852632416101,0.012849998741474982,0.5975467160995102,0.010296720931320263,0.6272611161245752,0.025071526135837748,0.6309283876506636,0.009185874724144871,0.5960965497948517,0.008311814375885143,0.6186206213404842,0.010271777034563745,0.6090812303203569,0.01575845044921664,0.6150247759484627,0.013324532431281434,0.6162912842603331,0.009503706967914503,0.5999130613271894,0.0032799507384370986,0.6094275931767473,0.02021830428080257,0.6155136154165628,0.016288643194226265
ru_recall,0.6681722372779283,0.009411605415212807,0.7003367003367004,0.0233012496492988,0.6856368563685636,0.005186056796861975,0.6906189263912842,0.012687876298507685,0.682680463168268,0.0034520570841724144,0.6870603049464838,0.014609030409125654,0.7002819523144727,0.01264261524151575,0.6948618981139306,0.008054799863068974,0.6948618981139306,0.008054799863068974,0.6828173332238373,0.011872339311887397,0.6991596178588049,0.010169988541818137,0.6952451342695246,0.010514506974078098,0.7022528811146698,0.0129870571442665,0.6895239659467302,0.009093447076507962,0.693547945580466,0.019877321085025376,0.7022802551257836,0.016761413467741293,0.674741999945252,0.017322169546833462,0.7001450822589034,0.014629789200366857,0.6922066190358874,0.004443705102560124,0.6849251320796036,0.002346353586170583,0.6856642303796775,0.0015888721207666867,0.6763844406120829,0.0013148076930303502,0.6708275163559717,0.012050504830097432,0.6797788179902001,0.004477220152708523,0.6714571186115901,0.00890572970198488,0.7042238099148669,0.0039008686199296047,0.6948618981139306,0.008054799863068974,0.6948618981139306,0.008054799863068974,0.6887848676466563,0.007379263715934269,0.6932194574470998,0.014457287952697778,0.7050176562371684,0.002824568205948953,0.6828447072349512,0.00298024920943155,0.6838301716350497,0.005175643017685426,0.6867044428020037,0.005502176233883573,0.6883742574799485,0.021410449404568,0.6901809422134626,0.007819006656488547,0.6722509649338918,0.0053492908251576345,0.6929183433248474,0.01191939383711987,0.6948618981139306,0.012652479962218115
same,0.9205388633792507,0.00045063330108423776,0.921079556797764,0.0008969086581641769,0.9209547813934916,0.0014747270432578278,0.9216452052971319,0.0002074176089670375,0.920613728621814,0.0004928760086623704,0.9208674386105011,0.00011229786384511775,0.920896552871498,0.0006772826107777541,0.9207800958275105,0.0009597978445614881,0.9207800958275105,0.0009597978445614881,0.9208799161509283,0.0011778560241699557,0.9205555000998205,0.0007310816567823678,0.9213415851467359,0.00023805629901594585,0.921191854661609,0.0012473172523565096,0.9212168097424636,0.0008456238208653132,0.9210920343381912,0.0006683350838910817,0.9205929327211019,0.0004225817084716555,0.9209381446729221,0.00036105900070228074,0.9214497238304385,0.00046792162974953393,0.920705230584947,0.0007702797132188185,0.9216493644772742,0.0001579941098791421,0.9209464630332068,0.0010235640082744263,0.9208923936913557,0.001258500834622922,0.9213748585878752,0.0006536532366699355,0.9211253077793305,0.0008483198242358557,0.9215079523524322,0.0005908524927780824,0.9207010714048046,0.0007161644448875161,0.9207800958275105,0.0009597978445614881,0.9207800958275105,0.0009597978445614881,0.9208715977906435,0.0006455042221250204,0.9209589405736341,0.0004618937616415492,0.921283356624742,0.0011768863049527317,0.9209838956544886,0.0010719313540865348,0.9208715977906435,0.0004944528795204013,0.921616091036135,0.0002620283489717934,0.9217907766021162,0.0005365342383708266,0.9206012510813869,0.0008149021694632705,0.9211668995807547,0.0013322951854996782,0.9214206095694416,0.00025244544662092895,0.9205263858388234,0.00037021376208612553
same_f1,0.8171538049429107,0.001343698827452913,0.8184512251028644,0.0022681960757216717,0.8188110501184505,0.0028739339705254542,0.8203104042737991,0.0008648172458466789,0.8171148602911237,0.001107721043107894,0.8175664365949777,0.0001580731440351424,0.8203157416264264,0.0008492320076795557,0.818324619353119,0.002255635623911468,0.818324619353119,0.002255635623911468,0.8194692565983202,0.0018334318458604402,0.8182645348924171,0.000845932435389057,0.8188908166076709,0.0007340538373277282,0.8192972039962513,0.002508401894969046,0.8191518669169872,0.0010014195345770418,0.8184959259658103,0.0010695550100824132,0.8184745204693398,0.0007170126460132208,0.818531914073578,0.0007941195486469477,0.8187167651329635,0.001250142486314064,0.817261044251338,0.0014057137252260587,0.8192692484253508,0.0001747058575066126,0.8182999893798352,0.0013207922849026172,0.8176914832478644,0.0030715513921806114,0.8188767917737053,0.0010419175400259936,0.8182768841076674,0.0015286688161892104,0.8186226584803098,0.00010776230774643743,0.8173014872033368,0.0022643771731332817,0.818324619353119,0.002255635623911468,0.818324619353119,0.002255635623911468,0.816865488880515,0.0016153075162734921,0.817996688470024,0.0006254852655079833,0.8188500730987932,0.0027864030853857755,0.8180319181118931,0.0012464061000605382,0.8184575814231773,0.0018920872919892895,0.8198620811056857,0.001420859837522669,0.8193974976122141,0.00045899373827684107,0.8177410472346193,0.0010720327448805777,0.8189536340131095,0.0016456063633869648,0.8192488457646698,0.000837987208463372,0.8181155061624028,0.0006322921007200282
same_precision,0.8155458424358977,0.0021265388023486045,0.8166064970543719,0.002799423819695099,0.8175610364432327,0.0037501306408694256,0.8183813823765398,0.00019468123510712449,0.8162055315532047,0.0006011125147029782,0.8151311244918196,0.0010794771044059287,0.818962352385827,0.0009351992699483881,0.8174253901041602,0.002901639213181752,0.8174253901041602,0.002901639213181752,0.8180392430623087,0.0008726872976058262,0.8164474923689213,0.0010410617272831643,0.8172680643985984,0.0005500577806109199,0.8171036215600215,0.003868490767285515,0.8182407205708584,0.0006815096066890196,0.8161239721508501,0.0009693024067334695,0.8166278794315934,0.000956263573024232,0.817338196802262,0.0002518723568559449,0.8173958791229371,0.001628090518407928,0.815498612532863,0.0024966118022571758,0.8178307328581322,0.0007460119437431532,0.8171850452960548,0.0018414683339439482,0.8165210444124126,0.0038461222454124894,0.8176931230490786,0.0006482140495314018,0.817210190655176,0.001780715971976121,0.817184514642663,0.000356650576125277,0.8156711015552176,0.00235558062636489,0.8174253901041602,0.002901639213181752,0.8174253901041602,0.002901639213181752,0.8156835274317489,0.0017596633266701864,0.8168433344689041,0.0010657605573591458,0.817853205165271,0.003523886439643778,0.8164626038873198,0.002612560823509682,0.8179301098480362,0.002623418381889089,0.818393341401411,0.0013766639921614404,0.8179196565883956,0.0006561222437252142,0.8164554288070489,0.0025719761461488644,0.8177493907842707,0.0016225783841381633,0.8179561695754577,0.0010029954550518662,0.8160556629824272,0.0008590475720853022
same_recall,0.8187706923852023,0.0014872591276646069,0.820306127345137,0.0021596052282458504,0.8200662156326471,0.0020062415236456513,0.8222494122163044,0.0015937434557115602,0.8180269660764838,0.0017368348733494854,0.8200182332901492,0.0010899493010508717,0.8216736241063289,0.0007628287076236731,0.8192265246389329,0.0016099130626944526,0.8192265246389329,0.0016099130626944526,0.8209059066263614,0.002826583554597458,0.8200902068038962,0.0009929562922400851,0.8205220478863778,0.0018069987100091719,0.821505685907586,0.0011425441101473742,0.8200662156326471,0.001727364329926595,0.8208819154551126,0.0012679055958661316,0.8203301185163859,0.0009113487794838569,0.8197303392351615,0.0016417745895998532,0.8200422244613982,0.000911348779483858,0.8190345952689411,0.0013962366994819961,0.8207139772563696,0.0009521200917894908,0.8194184540089248,0.0008174619757881934,0.8188666570701981,0.0023917886246086514,0.8200662156326471,0.0021495875231133388,0.8193464804951778,0.0012794291661603371,0.8200662156326471,0.0005621311124158871,0.8189386305839451,0.0022315658469811467,0.8192265246389329,0.0016099130626944526,0.8192265246389329,0.0016099130626944526,0.8180509572477329,0.001487259127664611,0.819154551125186,0.0010827968040301977,0.8198502950914063,0.002052191943196079,0.8196103833789166,0.00021988271651815218,0.818986612926443,0.0011583040837361892,0.8213377477088432,0.002041224343496587,0.8208819154551126,0.0012242551530322833,0.8190345952689411,0.0006288250286493955,0.8201621803176432,0.00192632821516683,0.8205460390576267,0.0009584465407340583,0.8201861714888921,0.0007386787734916199
sna,0.7603744149765991,0.11395956267806233,0.45518287398162594,0.018906195183027375,0.4194574449644652,0.25625141534691875,0.5155659559715722,0.1030970101787999,0.8693534408042988,0.0045513209579184,0.28368868088056853,0.027948412999429573,0.563485872768244,0.141026204858347,0.8769197434564049,0.0021543761586217767,0.8769197434564049,0.0021543761586217767,0.2708094990466285,0.11405729073480747,0.4665366614664587,0.05267962789366847,0.6783671346853875,0.13145208628405877,0.8602444097763909,0.006995971084174285,0.3894609117698041,0.030935931380033012,0.3764690587623505,0.17499808917099113,0.32263823886288784,0.1668610831034891,0.296151846073843,0.19439117451632856,0.8001126711735136,0.029607836899226577,0.822126885075403,0.07507516096130211,0.7983185994106431,0.04140911411474937,0.5339313572542902,0.12097439832042246,0.8733489339573582,0.005123788463105376,0.650390015600624,0.15640879766118318,0.8756456924943664,0.003705885588951675,0.584789391575663,0.07201468120353607,0.8726729069162765,0.0040584950023599175,0.8769197434564049,0.0021543761586217767,0.8769197434564049,0.0021543761586217767,0.6131911943144392,0.09789566755959016,0.8712601837406829,0.0016772854234575938,0.8572802912116484,0.030606360882132293,0.8704194834460045,0.003965336205099437,0.5241636332119951,0.0880539044229981,0.7223348933957358,0.1898455144160151,0.8724042295025134,0.001308948585049835,0.84978332466632,0.031921106689261014,0.7501040041601664,0.1355022966462721,0.874371641532328,0.0027737557244085285,0.8689200901369388,0.005055804009726843
sna_f1,0.1782061799409561,0.024556155849346818,0.12380427671828774,0.010670860070750266,0.1086499557821653,0.015642740396722775,0.12004433152001591,0.017546366195061013,0.21769522964010726,0.01829389396180375,0.09398397738605092,0.014917305891126541,0.14495149597699322,0.04188931057735812,0.25701959297442334,0.01681725512098852,0.25701959297442334,0.01681725512098852,0.10549294511205516,0.005874824432577542,0.1133639276667679,0.01576978194531028,0.16214495276195626,0.02845029064888394,0.2572582368106753,0.018616606311159314,0.11599149404837743,0.013271796549954388,0.10654246950158874,0.0260989419952809,0.10261221189471344,0.027310877654533793,0.09032136706652782,0.01411872944472982,0.2023998180218434,0.01581916963601524,0.23433602771889697,0.04170739155619313,0.20018800784853585,0.029091800214995474,0.14047415317827117,0.008444703634077688,0.24058201096074927,0.017831301260349434,0.18201135949276745,0.019166269425103164,0.23766963710130073,0.022402111187697523,0.1379751668683369,0.009827461971440668,0.23810223471566017,0.005882902106836604,0.25701959297442334,0.01681725512098852,0.25701959297442334,0.01681725512098852,0.15253754455982252,0.026592436102338954,0.25394535283358277,0.013934570784484006,0.22783690343581967,0.025063254837613156,0.24478094773953263,0.006656039887810994,0.13317093131422564,0.02796143158475235,0.18268390165620954,0.037089927365129206,0.2617635979279223,0.02651557823943675,0.21703727784562307,0.002928340552698363,0.200167691283914,0.04833397016157805,0.24273460817915407,0.019150199413587587,0.2581930666835555,0.010436739479324355
sna_precision,0.16935242281450705,0.03763372622962535,0.09860239717448722,0.012467812180413887,0.09262621180049968,0.01618088331413935,0.10297451279253426,0.016424873937108557,0.2558674953778955,0.0251647977804149,0.07668711781942143,0.009351142746317978,0.1342970682791008,0.04823582643372439,0.3027650060196312,0.01664139541504838,0.3027650060196312,0.01664139541504838,0.08297585367481626,0.010298482308970984,0.09734389198256406,0.014498761011016336,0.15357699281353074,0.05191354517173358,0.2845500407863922,0.02545577607340212,0.09848116564215441,0.010994975732950978,0.08899893876365512,0.023194754726790282,0.08609680523821027,0.020978317648509066,0.0790201277844244,0.010622772777494162,0.20132054460051463,0.021471238828107118,0.24726905734454804,0.06914270770932993,0.18870018024756444,0.0449220445951422,0.11543423506439439,0.007343747052692083,0.2787431200155292,0.02673930713588437,0.16304719105429683,0.028895257798324123,0.2844829841789229,0.027072829056513145,0.11807761927308337,0.0071945552080212045,0.2760341150446377,0.011686733853147033,0.3027650060196312,0.01664139541504838,0.3027650060196312,0.01664139541504838,0.1290025402863703,0.021311657637362192,0.28833010027954703,0.013991572185284115,0.2595151583176594,0.051086938693671376,0.2825742975976198,0.0052704915439230286,0.11334840201739177,0.022681826111563004,0.1852866304186962,0.07138522556484764,0.2995973602212325,0.02667304463910739,0.24071705275705876,0.02345300863658889,0.19557580021221802,0.08218624615543918,0.2866843672334327,0.01775370544596452,0.29447683958355575,0.010203870716864464
sna_recall,0.19046214355948868,0.006818776183907904,0.16745329400196654,0.008197901414786513,0.1317600786627335,0.01431311885243892,0.1492625368731563,0.02252729568381919,0.18947885939036377,0.013993415461429246,0.12182890855457224,0.026843657817109182,0.1588987217305801,0.03263733308833968,0.22330383480825958,0.016352403010660984,0.22330383480825958,0.016352403010660984,0.14739429695181908,0.012095594347832275,0.13579154375614547,0.017292108196665924,0.17836774827925264,0.003354714279101662,0.23500491642084556,0.016038989456070255,0.14169124877089476,0.020356832200408966,0.13294001966568336,0.030100543214334974,0.12713864306784656,0.038102229834731605,0.10550639134709927,0.019558953246831535,0.20422812192723694,0.016182121201314195,0.2268436578171091,0.022119960318958885,0.21583087512291046,0.009847088989887488,0.17964601769911503,0.012539475697246194,0.21170108161258602,0.012313057979828708,0.20825958702064892,0.00730349168326841,0.20412979351032443,0.019430998885397555,0.16597836774827923,0.01419713886507566,0.20953785644051126,0.007323321998570514,0.22330383480825958,0.016352403010660984,0.22330383480825958,0.016352403010660984,0.1869223205506391,0.036597593726886084,0.22694198623402162,0.01411723514723307,0.20481809242871185,0.006637714388097408,0.21612586037364798,0.01087185073131563,0.16145526057030476,0.03614783172602227,0.18918387413962634,0.004704375108714143,0.23244837758112094,0.02573144015875267,0.19980334316617498,0.019026739230559638,0.21514257620452307,0.012348342390626805,0.21052114060963614,0.019222388181202733,0.2298918387413962,0.010592120361451506
sw,0.8051618850097938,0.0013200183474351439,0.8071782463417444,0.004511296681749532,0.796750777739371,0.005690313734239357,0.808964166378615,0.0037162008118148382,0.8037216269155433,0.009783413611185112,0.796923608710681,0.0029985052839436137,0.7992568268233667,0.0028108288916851394,0.811383799976956,0.005531491169987413,0.811383799976956,0.005531491169987413,0.8126512270998963,0.0023252029116960873,0.8006682797557323,0.00320708967846911,0.8038944578868533,0.004163516871795073,0.8097131005876254,0.009429984698032256,0.7989399700426315,0.0032163901030551538,0.8035487959442332,0.015229079600030473,0.8119022928908861,0.0023465159412854424,0.8170872220301878,0.004641833639470856,0.8110957483581057,0.0022600582147635864,0.8125936167761263,0.004803125785711408,0.8129392787187464,0.003496714115795222,0.8176057149441179,0.011469953594513554,0.8112685793294158,0.003373525975793875,0.8092522179974652,0.009080344710725219,0.808791335407305,0.0014699102226262263,0.8081000115220647,0.007316964729327628,0.8142067058416869,0.010064343837912661,0.811383799976956,0.005531491169987413,0.811383799976956,0.005531491169987413,0.8094826592925451,0.005369826107953021,0.8212351653416293,0.011012918237359585,0.8193340246572186,0.003321473742458697,0.808848945731075,0.0035713754441362125,0.8082728424933748,0.009536031393849531,0.8128240580712064,0.002683058191541666,0.8104044244728655,0.0011333284694611632,0.808733725083535,0.0015490643691379415,0.8113261896531858,0.004393896754388361,0.8155893536121673,0.00797835388011325,0.8063140914851942,0.00290404036435732
sw_f1,0.6884649891754545,0.0026309834415847878,0.6967159586784852,0.007161372715387959,0.6801686654525266,0.007909965127607428,0.6977872967009239,0.004308897553881969,0.6907499395427664,0.015085785838444304,0.6816322551133519,0.0053557115503133045,0.6839750127693124,0.0016630816135938834,0.7004236160013976,0.009181496392470732,0.7004236160013976,0.009181496392470732,0.7020220427554253,0.0043255342093252115,0.6871670924409651,0.009022636654668494,0.6923726207099424,0.0031984100640752955,0.697248744010227,0.01629458353073753,0.6911019938873918,0.01058658891555653,0.6848392554188497,0.023890669556619164,0.6974304274668395,0.004818293392979246,0.7045471541878895,0.005429609542772807,0.694262811706416,0.004492366607931257,0.6971518946082459,0.0041162456697510985,0.6983525385043167,0.006195920972903402,0.7051693912791489,0.01640393321692165,0.6999777726415922,0.00436695384966293,0.696821292457744,0.010014673656600229,0.6956926229750892,0.0013865040019350682,0.6931732790240849,0.005386051483180152,0.7016184074909705,0.016872809887607487,0.7004236160013976,0.009181496392470732,0.7004236160013976,0.009181496392470732,0.6937583926941299,0.006262743069538521,0.7081898355730072,0.015159361023415951,0.7111464450913992,0.007176034465793421,0.6896271909736503,0.00457340057845805,0.6914830647126865,0.012990896037769414,0.6988097630822484,0.0016497114704985823,0.6932653211367229,0.002616689271277468,0.6969853714731581,0.010354334604180993,0.7021690306752567,0.0025061963262541713,0.7058543650859406,0.0119755707272059,0.697045271116196,0.006635330773328753
sw_precision,0.6835418992695467,0.0007093877565476057,0.6881758520211095,0.006661511183835793,0.6710365031687845,0.00901448662506609,0.6902838448671292,0.006829090812185645,0.6866966990035556,0.017218238271531825,0.6723031056710598,0.006949651308208934,0.6801378603050646,0.005281715691691507,0.6976619415799677,0.011938008842917744,0.6976619415799677,0.011938008842917744,0.6895482332716433,0.0030470631142377005,0.6780845921261013,0.012399778784783521,0.6855543091337414,0.0036471594079596752,0.6900188953514391,0.01684566663631739,0.6893253082667391,0.013203883668246817,0.6745770295735879,0.024719393021423064,0.6864046302140743,0.004764583216363412,0.6944343456122143,0.006846852531845944,0.6884621508833929,0.00600809965264577,0.6922586576284164,0.0025151777166444013,0.6895120469367241,0.004873503813517858,0.6956854449844204,0.01374602588067713,0.696209667807668,0.0025990394927983165,0.6865331556226439,0.009685175780139717,0.6932099909898014,0.004569939922661925,0.6901591954919007,0.008565280473959073,0.6967234700151349,0.01825022198306918,0.6976619415799677,0.011938008842917744,0.6976619415799677,0.011938008842917744,0.6869336540048288,0.007162751169790709,0.7026265167601897,0.013525255644301631,0.7068266344042659,0.005999954423656362,0.683392625401849,0.004843190350661161,0.6846324958258122,0.015739296468780556,0.6955807623006544,0.006212602465140302,0.6903153911877333,0.005367710080922731,0.6930981553130504,0.016969961834485868,0.6994461058811172,0.0024990417694021588,0.70101568539057,0.012637144845542809,0.6931709111005947,0.011134608620964234
sw_recall,0.6934673366834171,0.004663119231850958,0.7077051926298157,0.009475467754593656,0.6895589056393078,0.006973755442097626,0.7047738693467337,0.0029610836733105004,0.6948632049134561,0.012983825744537643,0.6912339475153546,0.0042154296120997855,0.6871859296482412,0.0029610836733105004,0.7032384142936907,0.007599473807267519,0.7032384142936907,0.007599473807267519,0.714963707426019,0.0061734629780837,0.6984924623115578,0.008291034285269346,0.6993299832495813,0.003019724686318271,0.7046342825237297,0.01576527962422726,0.6929089893914014,0.008389156449646381,0.6954215522054717,0.023002620943734797,0.7088218872138471,0.0054492521764218475,0.714963707426019,0.0039579695362249425,0.7001675041876047,0.003019724686318252,0.7021217197096594,0.005941875112728317,0.7074260189838079,0.007599473807267577,0.714963707426019,0.020210706641807134,0.7037967615857063,0.006505404912189283,0.7074260189838079,0.010538574030249524,0.6976549413735343,0.002368866938648463,0.6962590731434952,0.005576489211456799,0.7065884980457845,0.015496023547043955,0.7032384142936907,0.007599473807267519,0.7032384142936907,0.007599473807267519,0.7007258514796204,0.005700887173830852,0.7138470128419877,0.016861718448399222,0.7155220547180345,0.008389156449646416,0.6959798994974875,0.0046631192318509485,0.6984924623115578,0.010291629587474461,0.7021217197096594,0.004612705650993425,0.6968174204355109,0.002368866938648345,0.7010050251256281,0.0038380030946028733,0.7049134561697376,0.0025586687297352397,0.7107761027359016,0.011971960716019832,0.7010050251256281,0.002215872119819549
swa,0.8940906752118382,0.013931952070691185,0.8550251730853149,0.021154196162130743,0.8611605020288269,0.01101386106224713,0.850752587324228,0.007226605057057917,0.872493275236588,0.02692332878575387,0.8624175280225614,0.014446644473008958,0.849977529846226,0.022052065805866633,0.8890169796205475,0.0024816403949210744,0.8890169796205475,0.0024816403949210744,0.848473006506575,0.007243587615333196,0.8459980330474087,0.030057360825108015,0.8721676208340661,0.0173578220011007,0.8938887694822745,0.012498369901289524,0.8681555585949967,0.009652996361796812,0.8682402287396522,0.020045326553540247,0.8574285025759263,0.03622194529214682,0.867549841406306,0.014696388830574279,0.8803610856015163,0.018834502708710996,0.8797944469411282,0.009623737228330518,0.8764532327712539,0.019126065379990603,0.8710603958654918,0.020692726499765616,0.8768896096706332,0.0118546236247193,0.8766421123247166,0.028536868415434437,0.8786481434442512,0.014209496891652755,0.8787653790291591,0.0021343758222210282,0.8689241029849483,0.020920834689248168,0.8890169796205475,0.0024816403949210744,0.8890169796205475,0.0024816403949210744,0.8725974846453949,0.009759492448832553,0.8888541524192867,0.008280829897746277,0.8801656929600031,0.008649937566302775,0.8652767736767033,0.01872680221698109,0.8806020698593824,0.010881060488841056,0.8782899236014772,0.023602436318238485,0.885584582217967,0.023385343093911982,0.8828034936204302,0.02987816087971856,0.8854868858972105,0.014629381680834918,0.8792473475448914,0.020396586655705113,0.8898571679790539,0.024188306892765108
swa_f1,0.587182991574141,0.033213463826255944,0.518438079395373,0.039477854251427344,0.538553177714378,0.015264733875270015,0.5223605026615253,0.011125360962352582,0.5556958772627222,0.04616254463379161,0.529247999589275,0.02911684372256014,0.5032371940128915,0.03403054485596409,0.5724554560468372,0.010754105507784469,0.5724554560468372,0.010754105507784469,0.5234069547078036,0.017444979202838,0.5094278089813589,0.05172809162957694,0.5545043583131529,0.023568188941892488,0.5730810708429811,0.027204810769496678,0.5466920423263147,0.015013503931550756,0.5374920762767962,0.03373067159937333,0.5303228009444863,0.04462140573714384,0.5269786264516502,0.025566175634684097,0.5611108799595022,0.036542078419210734,0.5557757956090222,0.028149563725304895,0.5629703047780508,0.03136294671362061,0.5566908468349939,0.039936412415629195,0.5769182627558602,0.02619747819911759,0.5615586576760966,0.050168945299329165,0.5704289363625139,0.017211207443824088,0.5783865839539869,0.020115325214137045,0.5419656318056715,0.03272301337118886,0.5724554560468372,0.010754105507784469,0.5724554560468372,0.010754105507784469,0.541283431232285,0.016162532519722533,0.5846939572144912,0.017484919791440658,0.5762210679848822,0.02574923591410453,0.5416901120762454,0.03527590783481035,0.5575198411213106,0.03170466964148692,0.5595890892407208,0.02226347392927913,0.5845041816242786,0.033297078575244096,0.5693924915476055,0.057345811336724596,0.5732791133614096,0.01902408786250698,0.5720243200507884,0.03358460584819916,0.5828114539958179,0.04401751668298527
swa_precision,0.501411844980233,0.03706114112766319,0.43166933512839517,0.04051622419773501,0.4499589941720054,0.018992829901722654,0.4365975589519156,0.009914429892728836,0.4690260707939659,0.046610029190064614,0.4489127267319099,0.02953183862207273,0.4218778445582411,0.03556872111433319,0.49312177981296185,0.014669309691214582,0.49312177981296185,0.014669309691214582,0.4232995339282056,0.021156324365615757,0.42809929554396015,0.05620740105210791,0.470329793733899,0.02869113457401962,0.501394068052022,0.0348763177970982,0.4634820589308013,0.018705828790031666,0.45414110483742115,0.03857979414444337,0.4436796965508272,0.05100049056545278,0.44585323350776823,0.028808238912709946,0.48181661881221965,0.039841827625613696,0.4752818745172518,0.0244397437548396,0.4795610990962125,0.04359540858147419,0.4673500840000306,0.04125530816063513,0.48520264044176464,0.023872208386383705,0.4748165753368428,0.054719792952537254,0.4842141314778618,0.023199960324677037,0.4863251527571026,0.015564112017523439,0.4594265290587865,0.04172591103886525,0.49312177981296185,0.014669309691214582,0.49312177981296185,0.014669309691214582,0.4586959361938148,0.01719827664509722,0.5028154439854352,0.014573334644187886,0.4872806081389393,0.02327867892515584,0.4552382945882618,0.04062643739233009,0.47279159761670636,0.024131394893083948,0.477539377410862,0.028381892364095655,0.5003892880315758,0.039055349706578354,0.4878752679097346,0.060403131517164366,0.49174983043894177,0.01730554362302568,0.4867357451539793,0.04159925593856566,0.5060844774557732,0.04877326035320685
swa_recall,0.7088245802072168,0.022957059298937557,0.6494283672740265,0.032484608489564505,0.6710432297249017,0.012058870190594956,0.6503215434083601,0.0201036071617392,0.6821186137906395,0.04041145783687396,0.6447838513754912,0.02545598991687184,0.6238835298320828,0.02699860339536358,0.6831457663451233,0.0032210115970447853,0.6831457663451233,0.0032210115970447853,0.6861379063951412,0.010898578964148697,0.6304037156127188,0.03987218696726616,0.6760450160771704,0.01423180249184295,0.6693461950696676,0.01242157233279657,0.6667559842801,0.014006357434515927,0.6593426223651304,0.024314905541037848,0.6613076098606645,0.03224242133965522,0.6452304394426581,0.028421953675894424,0.6723829939264023,0.03267962917443979,0.669167559842801,0.034310870316242054,0.6835476956055734,0.010627294756190786,0.6891747052518756,0.03760801877772613,0.7114147909967846,0.028346067227698443,0.688281529117542,0.034706185863840486,0.6946230796713112,0.01033038419908965,0.713469096105752,0.02801655921963933,0.6654608788853161,0.014589287821908936,0.6831457663451233,0.0032210115970447853,0.6831457663451233,0.0032210115970447853,0.6602357984994641,0.012461967796606105,0.698463737048946,0.022664333409008666,0.7048946052161487,0.028340156431506835,0.669882100750268,0.02286879774207059,0.6798856734548053,0.05003070128212565,0.6767595569846373,0.023128433396226278,0.7036441586280815,0.024603557614956598,0.6845301893533405,0.0458851798929526,0.6874776705966417,0.02670984950877038,0.6947123972847445,0.015092033905951015,0.6876563058235083,0.03186987121800099
ta,0.796931158418579,0.0032507536677646794,0.805778269283937,0.006466140759483826,0.8141645931250575,0.002717081004111259,0.8163763708413971,0.006983774239949524,0.8038890424845636,0.005978345395801126,0.8052714035572759,0.0033870197154062497,0.80310570454336,0.01184025411846073,0.8051792461524284,0.006422154577811459,0.8051792461524284,0.006422154577811459,0.8054557183669707,0.00989652106435081,0.8142106718274813,0.009475981803491153,0.8140263570177865,0.0061980565228938215,0.8000645101833932,0.003841703870075492,0.8079439682978528,0.0039689253124410954,0.7980370472767486,0.011688106067972411,0.8093724080729886,0.006726859309149222,0.8051792461524284,0.004907544054398406,0.808082204405124,0.010255901914025665,0.8061008202009031,0.008503861672328389,0.8062851350105982,0.0047431975790093945,0.809648880287531,0.010687179984910424,0.7966546862040365,0.011522624265509937,0.808266519214819,0.001797069394525889,0.7940282001658834,0.0035270530335010162,0.8000645101833932,0.01077562057072896,0.7942125149755782,0.012296281108096968,0.8051792461524284,0.006422154577811459,0.8051792461524284,0.006422154577811459,0.7898811169477468,0.01058115910050293,0.8031978619482075,0.003922918929830028,0.8079439682978528,0.004376506544797817,0.7973919454428163,0.010702665207009448,0.800110588885817,0.005080999709562908,0.8037508063772923,0.003605640062572999,0.8108469265505484,0.0038017023928362532,0.807897889595429,0.010083974244434728,0.7950880103216295,0.0020237942361070816,0.8054557183669707,0.00717807986229514,0.8050870887475808,0.007287285238096289
ta_f1,0.5446158689573631,0.011556769092297749,0.5620074101314,0.01239430543507969,0.5682217740326093,0.007729790819014832,0.5777428293541763,0.011321318409710906,0.5635973790078174,0.013210483934661782,0.5615269556926556,0.01598447017096038,0.5643120503583591,0.02255686710929184,0.5586043326217358,0.015097746928709311,0.5586043326217358,0.015097746928709311,0.5597103486820498,0.0069659750509183825,0.5758028454650674,0.01805141275766492,0.5727391448400571,0.016883441485775228,0.558738158520015,0.007164052723870876,0.5551885006798517,0.007829129444312959,0.5535060650436614,0.02052039340926373,0.5686982736972129,0.008021861984271706,0.5600434461727337,0.0021444063450712257,0.5744405608603552,0.01240921436573388,0.5694889923176406,0.008286094613643184,0.5676038179347332,0.011841146779129761,0.5686144811477017,0.02074673338798083,0.551177369186303,0.02073817887741186,0.5686591263039542,0.004925457616228777,0.5449249463540328,0.006642402738876421,0.5486194744409133,0.019361991087426283,0.5584984089332424,0.01511608766441738,0.5586043326217358,0.015097746928709311,0.5586043326217358,0.015097746928709311,0.5343045903618737,0.02182482800453874,0.5536521663138921,0.015983022187574705,0.5691018395867692,0.011641954555899552,0.5529708285322816,0.017830458813504244,0.5483812757372201,0.01559792802426431,0.5548112192920979,0.004250454304574707,0.5672714506989771,0.0018270919017143257,0.5610228040101812,0.010369068880600088,0.5396859452792362,0.0027923648485379876,0.5602131396167976,0.013406078068711897,0.5649194124129376,0.017894321823944983
ta_precision,0.5296528262700647,0.007219146532951125,0.5426335917354145,0.011245955575693148,0.5578459940345476,0.005496293172155989,0.5661751755219218,0.011937550948015041,0.5449320202728394,0.016705574809525635,0.548655085567713,0.01385395587794983,0.5495670634136522,0.02025983084062147,0.5389340509530118,0.012606615230138495,0.5389340509530118,0.012606615230138495,0.5416017586066978,0.014020640720020397,0.561937539983354,0.019137380039451098,0.5582811637874489,0.01658150717755455,0.5374641991628112,0.00602960272664947,0.5461172161900746,0.006916907781001056,0.5374028418839121,0.017662677008743164,0.5540941787303462,0.009805069498689034,0.5432903818391466,0.007054015691846648,0.5518783803555708,0.016075028489843112,0.5453375095288729,0.014830116667732457,0.5400666236662358,0.0068779628856899064,0.5434380082302473,0.02396882229100038,0.5317369755607054,0.022725896497973228,0.5446239481606986,0.0027187581768415357,0.5318335634356969,0.006148533180747166,0.5293161801843923,0.014684501346662498,0.5353512953839914,0.026408249193858833,0.5389340509530118,0.012606615230138495,0.5389340509530118,0.012606615230138495,0.5125161864713151,0.02524648033981818,0.5349354414894346,0.015364886682172575,0.5474875605129051,0.014673023866626188,0.5302553784923619,0.020545294083551838,0.5314008372088656,0.01321484815471712,0.5406903691258388,0.00622449337259152,0.5456992752515412,0.0049493645559310516,0.5384871397539039,0.012507445298032481,0.5250801777140046,0.005525750979623366,0.5433574750786255,0.02310770327565899,0.5455144195313947,0.01276809734852839
ta_recall,0.5605694332527532,0.01813203205128943,0.5828632822992211,0.015125337873006765,0.5791028740263229,0.013730193842741961,0.5898468976631749,0.012587026069148487,0.5836690840719849,0.010730585203028895,0.5750738651625034,0.01934483758262784,0.5799086757990868,0.025600327816156603,0.5799086757990867,0.021033330056891564,0.5799086757990867,0.021033330056891564,0.5793714746172441,0.011281224818694577,0.5903840988450174,0.017023853749654413,0.5879666935267257,0.017213505205492488,0.5817888799355359,0.009500262790130252,0.5645984421165727,0.01013944995335851,0.5707762557077626,0.026214371872069785,0.580983078162772,0.013674909547523938,0.5780284716626376,0.009747648300630738,0.5989793177544991,0.008071436584107857,0.5958904109589042,0.0005697878978134975,0.5981735159817352,0.018167807223299325,0.5962933118452861,0.01692183722804194,0.572119258662369,0.018428036464188953,0.5949503088906796,0.008839367537955552,0.558689229116304,0.007826377805175129,0.569433252753156,0.024709794535819375,0.5842062852538276,0.005810719219120071,0.5799086757990867,0.021033330056891564,0.5799086757990867,0.021033330056891564,0.5581520279344615,0.019311243049174,0.5737308622078969,0.01676764870804577,0.5928015041633091,0.017288783284183817,0.5777598710717163,0.014571427332816345,0.5667472468439431,0.023275446232489817,0.5697018533440774,0.0021319510967481897,0.5906526994359388,0.00241740531829171,0.585549288208434,0.007949851510582204,0.5551974214343272,0.006293513034574283,0.5785656728444802,0.01047542304593063,0.5858178887993554,0.023781393333398352
te,0.8523605150214593,0.004982525972755371,0.8393623543838137,0.007725321888412018,0.8483547925608012,0.009474915035565062,0.854199877375843,0.0020186483915578925,0.8373186184344984,0.0033678883392788492,0.8468833026772941,0.0040675993515625255,0.8430002043735949,0.00413360437199141,0.8441038217862252,0.007065890083774188,0.8441038217862252,0.007065890083774188,0.8369507459636214,0.007796363795387967,0.8444308195381156,0.0022951800762503823,0.8464336807684448,0.005356771887218911,0.836215001021868,0.008809616205059025,0.8454935622317596,0.008485024594484974,0.8378908645003066,0.011984590286077816,0.8482321684038423,0.018441520851414945,0.8401389740445534,0.008506558352815097,0.8508481504189659,0.007139983931835621,0.8456979358266912,0.011212122429772342,0.8463110566114859,0.006516794263786067,0.8461475577355406,0.006449533301880201,0.8394849785407725,0.015854122730981215,0.8443490701001432,0.005320155192387033,0.8406294706723892,0.004961860913302636,0.8433680768444717,0.0008164718722844279,0.8366646229307174,0.01128941683529995,0.8441038217862252,0.007065890083774188,0.8441038217862252,0.007065890083774188,0.8286123032904148,0.015518780270628606,0.8556304925403637,0.008691910721484942,0.8493766605354588,0.014486959964048937,0.8328632740649908,0.011099349122627722,0.8489679133455957,0.016846583736419264,0.8459023094216227,0.0061267099790338056,0.8461884324545269,0.00761093414074506,0.8426732066217045,0.013922567714566984,0.8451256897608829,0.0035561005518087024,0.8432454526875128,0.015966745146021633,0.8396893521357041,0.005842797670003475
te_f1,0.5238161627949266,0.03659704372890461,0.48082781342098535,0.015835865251657064,0.49799473633466135,0.026111634144509212,0.5179107013519814,0.010852998243925637,0.48305575945449825,0.0055500532805373495,0.5043026111263832,0.008912484786890962,0.4977202520461661,0.011477923179575463,0.5025696769041748,0.016853600606152156,0.5025696769041748,0.016853600606152156,0.4777335033571995,0.010858252774268249,0.49871634592640657,0.010581061311076476,0.48591051479488784,0.01106618246709172,0.48002941518308573,0.011787960189397055,0.49249863975792113,0.015894167229352697,0.48637559378958267,0.017677146467816235,0.5022899156556171,0.04171268047273923,0.48727584784159655,0.01592050865766745,0.5155198655934904,0.013267831963938903,0.511010291539483,0.021089674923725484,0.5164169209598364,0.007715354811251926,0.5135603911595032,0.025836784928608827,0.4963641014758371,0.046707349064495765,0.5020758358221128,0.009522415093493124,0.48288462594854303,0.019358796167320697,0.49912167955304865,0.011104257799765984,0.49220755926040877,0.02474608710727448,0.5025696769041748,0.016853600606152156,0.5025696769041748,0.016853600606152156,0.4788422579341484,0.030288324601318792,0.5368589456593283,0.01853442385798627,0.5164811882175689,0.032131674143733954,0.4813811754119186,0.021364980135560027,0.5199596217053937,0.03658971087653213,0.5026124729448562,0.025299141456294374,0.5110204261559897,0.0131147845061338,0.4923285481370618,0.020378057859884873,0.4919796333392426,0.01284964451317822,0.4956637494324208,0.01972779926447495,0.48542699818186197,0.014316349595360765
te_precision,0.5008638840429362,0.02774215573752395,0.4572503568531921,0.022428201497159655,0.4788220538215853,0.028387470721427725,0.4978800599497551,0.020954045803175975,0.45148942221786736,0.010582934183316395,0.48185939729784827,0.016279612423592046,0.4706775717135434,0.01639252293161421,0.4671933267609028,0.028159549224886726,0.4671933267609028,0.028159549224886726,0.44593460647199895,0.01692074838944054,0.4743582760746254,0.010619592437742397,0.47053364673236864,0.0159377161665927,0.43898427312800364,0.013394669305327733,0.47595865727768644,0.02096827755125882,0.455013292033608,0.027363376770128598,0.48231241088011706,0.044052578700822846,0.4600570698849466,0.022888877642778152,0.4768878735885868,0.01650381956790531,0.4716379911473558,0.028353917128197112,0.47577335949904165,0.015568766685428533,0.4726188534484071,0.028244091077024847,0.46189254410015024,0.050098792825754856,0.45995586085836715,0.013300521613511135,0.4644344220414259,0.009097097489897508,0.4608710536126619,0.007142813276950531,0.4515021891315709,0.0413426191416818,0.4671933267609028,0.028159549224886726,0.4671933267609028,0.028159549224886726,0.4372143910869286,0.041688007390018864,0.5035626914620943,0.017721579629142732,0.478391435724769,0.0453715385336096,0.441952919608664,0.022537922187064685,0.4884228467484057,0.04889537687562621,0.4802269322358357,0.026766688443237915,0.4739885084288713,0.01859589839320198,0.4638493057099002,0.027508354775610495,0.4696738685636756,0.018116290509509237,0.4671572457836941,0.036377448563109906,0.456234815042468,0.018169286205218137
te_recall,0.5499573014517506,0.052946199829205856,0.5072587532023911,0.010493770903026885,0.5189296897238828,0.02525117681029903,0.5399943068602334,0.0013044621961160498,0.5197836606888698,0.015331890702527998,0.5294619982920581,0.015953494186395703,0.5283233703387418,0.012147217929605405,0.5451181326501565,0.02415897795925843,0.5451181326501565,0.02415897795925843,0.5146598348989467,0.006177778085457116,0.5257614574437802,0.012117162911353722,0.502419584400797,0.005686018888539174,0.5297466552803871,0.015043791929090585,0.5103899800740108,0.011965755512088635,0.5229148875604896,0.006058581455676909,0.5240535155138059,0.038893979240421796,0.5186450327355537,0.020142373550053543,0.5610589239965841,0.00939368061485904,0.5579276971249644,0.01074556566363612,0.565044121833191,0.008722774520947644,0.5624822089382294,0.023946742707712094,0.5365784230002847,0.04157648948901947,0.5528038713350413,0.005556282748631671,0.5032735553657842,0.0321498614369382,0.5448334756618275,0.025718565920368218,0.5425562197551951,0.0038507683627863974,0.5451181326501565,0.02415897795925843,0.5451181326501565,0.02415897795925843,0.5303159692570453,0.015011439650936745,0.5750071164247083,0.022274295655553215,0.5621975519499004,0.013910380555503126,0.5286080273270709,0.02000917935757474,0.5570737261599773,0.026765326496820945,0.5274693993737546,0.027358187521823087,0.5545118132650156,0.006177778085457116,0.524907486478793,0.013805130262433431,0.5166524338172502,0.007685738684884674,0.5300313122687162,0.02507729517704184,0.5189296897238828,0.015846473851086555
th,0.2517756232664717,0.006368930009471714,0.29223098011510906,0.02198509435943007,0.2933561911926514,0.013255671262473345,0.31559598814027523,0.061805992881241834,0.2558786250885099,0.0033634057040775158,0.2679738404498915,0.007493571143309061,0.35930561616960466,0.08383208932697539,0.26922041357936877,0.02165003555153855,0.26922041357936877,0.02165003555153855,0.3008701900240393,0.012616816450713973,0.291465032860182,0.012891422177756092,0.30600999348181296,0.004352433101262765,0.2826385556790609,0.010279957901763118,0.2612691898721358,0.021805861108713853,0.27051601376293893,0.008865538904764648,0.32161827857172137,0.06558253141148719,0.2525423742435969,0.014159693682387108,0.2547791331213114,0.019323839794668046,0.269615844900905,0.0015159112596202368,0.2626612367194953,0.0177825001581996,0.2393243589712677,0.006562092696164944,0.25830265123841534,0.007057675459606304,0.27515509829120616,0.03680543166972135,0.25872782028128666,0.002585522845038054,0.25501703489199173,0.0031203476943155316,0.24909279856873145,0.007876935856146279,0.26922041357936877,0.02165003555153855,0.26922041357936877,0.02165003555153855,0.24772888199831056,0.01651446256011413,0.24827621681531506,0.0054259801097574605,0.24770959266555267,0.009549536734214683,0.26496229337306926,0.026856029473567928,0.25624110379991816,0.008384953892911686,0.2635059487498503,0.021688645141719327,0.28982463585356505,0.03914551110308582,0.2668920303710544,0.014776995537413006,0.272478703371052,0.004587134025761542,0.2753576362851638,0.018402130076578562,0.2878587313566589,0.00830782393762165
th_f1,0.0537386237918501,0.007186864470522616,0.0310807788214659,0.006141378095978702,0.030676999156961,0.006600895647201953,0.03760139805819004,0.013197000816729306,0.061179894691810295,0.010533404994871738,0.0585256884420505,0.011624277437540673,0.034738933811752463,0.014870171824713231,0.05170917636507344,0.006113077107916415,0.05170917636507344,0.006113077107916415,0.030389112097044164,0.00722043355770555,0.03617644050396197,0.011906770289661929,0.0395259438748718,0.0032022156538363284,0.056111136436665265,0.01132342256337245,0.04979916051868983,0.021183987818090375,0.04645767831989193,0.02201248848194364,0.045163273235076705,0.01617231945509461,0.04845232286681117,0.011974955440499802,0.04249633515425003,0.01933478588334051,0.05062183249810437,0.014356699464558477,0.043523128951788004,0.01479583807805652,0.04949036638069149,0.009740243275452115,0.06293147929987217,0.006389201052982853,0.055735094146353366,0.025528900140485523,0.0697378471195892,0.010019780159516633,0.0604909235285353,0.002784873000895612,0.053206355791797076,0.022832287221294163,0.05170917636507344,0.006113077107916415,0.05170917636507344,0.006113077107916415,0.045002453070570166,0.009696052756454625,0.05161352795630253,0.009578784034253437,0.05874812883158707,0.011014254315703813,0.03807085076178033,0.017201095759178667,0.054818270881432235,0.009922239727917562,0.048563137307032066,0.007900104500116646,0.04467211426038633,0.01828037873063112,0.04378228128464914,0.03188606931688805,0.044933386878901395,0.007950860491758534,0.05081155144326103,0.026463092668096797,0.04162916364284603,0.013872068393243495
th_precision,0.04276514618154497,0.006946936589751217,0.022693486780213434,0.004183512235130696,0.0246549646519256,0.0069125431173570956,0.029067366627516102,0.009844400218221774,0.0498602971993329,0.009229326795071166,0.046834023463837166,0.010929889694326239,0.0281166155573854,0.013704575453101813,0.03975877456072493,0.006054811575968565,0.03975877456072493,0.006054811575968565,0.022031190455899602,0.005698733067314051,0.028445815083147336,0.009609075850879962,0.0296793154058853,0.002653322292968058,0.04389058696837966,0.009367303882883649,0.04073863951323737,0.018151867707067733,0.03640336143636567,0.018058700757529314,0.03396964790855853,0.012989957321302122,0.03887816052654917,0.01037283093657028,0.0336449107869655,0.016395324632069934,0.0398334188289269,0.012708048653668313,0.03348201644803963,0.012793448304764733,0.0394838688863638,0.009040448143256736,0.051510767050704565,0.006056752121511118,0.045929005235075,0.02109988737200121,0.05904524840362647,0.01013740466023673,0.049306273825730135,0.0036461161901322962,0.041854877976441406,0.02012267737314278,0.03975877456072493,0.006054811575968565,0.03975877456072493,0.006054811575968565,0.03676283540222306,0.008659874433540838,0.0426442061173381,0.011149344908833798,0.04680922745345697,0.00982255669259043,0.0286070703779096,0.014181395401174697,0.04397542363603183,0.00857955698931675,0.0382134081985927,0.006234896561552204,0.0344709734428272,0.01608870788352681,0.0339406273368833,0.026775205987984014,0.0354771791337967,0.00562607325727219,0.039317421078744266,0.02297634512446812,0.030818221468295298,0.010735357930749465
th_recall,0.07250546055084967,0.005974493882303786,0.04934917337026973,0.011178629877105526,0.04110951290110627,0.004370172813337199,0.0532736668264876,0.019861791941786854,0.07918242679310279,0.01202679822466389,0.0785076270133006,0.011206522400650743,0.045886385026547995,0.015139691274421987,0.07426349155612377,0.00416455624765713,0.07426349155612377,0.00416455624765713,0.04908280503613727,0.00927119977376769,0.05036137303997296,0.01795238259620931,0.059187043844227766,0.004028771522146822,0.07781506934455627,0.01421941265420061,0.0641414948590911,0.025175457543615703,0.06431907374851274,0.02781499382510133,0.0676042832028128,0.020899579298543167,0.06440786319322357,0.014123450928710044,0.0578729600625077,0.02306954820927871,0.06982401932058313,0.014930541138145913,0.06254328485429646,0.016536132452609566,0.06666311508887816,0.010661301759575312,0.08095821568731904,0.006547750494950931,0.07122689254701396,0.03253813224434482,0.08532665636709107,0.009066754482156662,0.07840107967964764,0.0004833930917840169,0.07374851277680104,0.024442474660255058,0.07426349155612377,0.00416455624765713,0.07426349155612377,0.00416455624765713,0.05808605472981367,0.010832035693901905,0.06641450464368794,0.006691591038339879,0.07907587945944983,0.012391635077156729,0.05728694972741636,0.02085256356059303,0.07280734466286644,0.011424106937639567,0.06666311508887819,0.011111402152770204,0.06415925274803326,0.019492945587304626,0.06249001118746997,0.03813512748784644,0.06135350629517156,0.012766835389515566,0.0728606183296929,0.029060008030626232,0.0642302843038019,0.019432940716361848
tl,0.7876233700742022,0.0026410637244900425,0.7820041783733162,0.007918276956552972,0.7854621424969382,0.0071592872264562195,0.7874072473164757,0.006353911061543791,0.8077948274619984,0.011436822094553307,0.7780419278149989,0.0040375063091138115,0.7941790937252359,0.01363858469474901,0.8167999423672647,0.0017468994529186953,0.8167999423672647,0.0017468994529186953,0.7840933650313376,0.017447144621287138,0.7928103162596355,0.00264106372449007,0.7821482602118003,0.003973368556483728,0.7986456307182479,0.012781122993239726,0.7785462142496938,0.005727592885325597,0.7812117282616526,0.007927120353564717,0.7956919530293206,0.011180741382751026,0.7906490886823715,0.004430955785514514,0.7928823571788777,0.00961766507882807,0.8009509401339961,0.009594974229705275,0.8038325769036813,0.008691610766864451,0.789784597651466,0.0017334787717766603,0.802535840357323,0.010789555752162663,0.7944672574022045,0.01541759829436936,0.8048411497730711,0.009323386475090912,0.7996542035876377,0.007261853302965852,0.8062099272386716,0.018723433525094035,0.8167999423672647,0.0017468994529186953,0.8167999423672647,0.0017468994529186953,0.7946113392406887,0.005900322809435447,0.8083711548159355,0.013462788334602183,0.8068582955118507,0.006801288526839819,0.8101721777969887,0.008734497264593417,0.79533174843311,0.006865087605043676,0.8109646279086521,0.010392636093682787,0.8067142136733665,0.010852146132209752,0.7977090987681003,0.004465955980067364,0.793674807290541,0.003843907952439732,0.8044809451768605,0.0067044516797363,0.7998703263453643,0.005311521818649017
tl_f1,0.7046887571639884,0.01113259586985532,0.7147631691325248,0.012887501309129103,0.715353107351076,0.014114259636587375,0.7142987316118065,0.008686193364996736,0.7365186691436459,0.016648945749523063,0.7118180995659049,0.006617685627360498,0.7211881828754892,0.011736108115028445,0.749533132156782,0.003570297622091671,0.749533132156782,0.003570297622091671,0.7080796754382962,0.014700272421876926,0.720419597915098,0.006025008930799846,0.7102342668102786,0.0034021346863767933,0.7344164235107211,0.011560859539969253,0.6999762950581384,0.00554219015718476,0.7022341498879435,0.008170069643852685,0.7231749558852362,0.006165802121592647,0.7176946703131684,0.00451385948899679,0.7187478716871515,0.009549891222007584,0.7247290232603363,0.006018794587221803,0.7241463184418097,0.017304360150220306,0.7087784669449074,0.010407281094989335,0.7363800226297923,0.013412544375183891,0.7292324393364114,0.020112693267300502,0.7391465822006923,0.007336078184767094,0.7281996364228261,0.014999155355063413,0.7333335709311095,0.01782158426197093,0.749533132156782,0.003570297622091671,0.749533132156782,0.003570297622091671,0.7223750429612573,0.003166318730434306,0.7344110921275852,0.019538930925291426,0.7322275617798054,0.013703565333120206,0.7431195279157242,0.012874178050317823,0.7123716221417934,0.0035573396314070426,0.7443604662987306,0.012928092338375219,0.731786621055753,0.00502184548525655,0.7237382590543593,0.003045684662635057,0.7220985062008941,0.007175158571889449,0.7403677309551129,0.01111287845916442,0.7285798588458595,0.0076502805136429985
tl_precision,0.6795614723393943,0.0148373188613054,0.6941756103015261,0.014861483666007558,0.6930077103478401,0.015169487952346395,0.6918757352723405,0.009960899744756986,0.7140269721593647,0.01743144469183009,0.6897721475389521,0.0076877560842268464,0.6999991200223515,0.013563016942242176,0.7294189371727992,0.004603200469878686,0.7294189371727992,0.004603200469878686,0.6830544431272073,0.014535084550906352,0.6991123625437434,0.004985437824719504,0.6879279279279279,0.0045076007525632475,0.7149337968607347,0.012784284176071628,0.676903370362928,0.004537219641083714,0.6783113763497765,0.009279830438497621,0.6986236598343378,0.006373389777449239,0.6934435769960094,0.0063888123066461935,0.6971145462089402,0.011562405578626965,0.7012531726983694,0.0069319114451421495,0.6982244495892314,0.020218346202692184,0.6829812571292647,0.012919778912091002,0.7163744203889904,0.01697381512213667,0.7066003130999069,0.022480415665919556,0.7189808480787572,0.006543756152111083,0.7046719660971253,0.017813114663977676,0.709466427902778,0.017303820434707778,0.7294189371727992,0.004603200469878686,0.7294189371727992,0.004603200469878686,0.7019538713650896,0.0031229007487456437,0.7126373061201171,0.020948820599134273,0.7105237145934757,0.01620677890459594,0.7216241770545931,0.01566478152052904,0.6863384625782647,0.007032321702663156,0.7248180287507022,0.013175423594470425,0.7091087179493304,0.005504948396743323,0.7008254753258115,0.006125177452155598,0.7005914782929822,0.010530664725734983,0.7207195105855485,0.011804149846010317,0.7073634140421091,0.007934483884147378
tl_recall,0.7317859445519019,0.006861314201738466,0.7366215344938749,0.010652941097265134,0.7392005157962606,0.01320154431298723,0.7382333978078659,0.007512043970168319,0.7604771115409413,0.01572372456254958,0.7353320438426821,0.006217698749834304,0.7437137330754352,0.00981517559486673,0.7707930367504835,0.002901353965183734,0.7707930367504835,0.002901353965183734,0.7350096711798839,0.014888592184081879,0.7430689877498389,0.007258755802190621,0.7340425531914893,0.0029013539651837617,0.754996776273372,0.010250234104180923,0.7246937459703418,0.007757066031925168,0.7279174725983237,0.007386485646286034,0.7495164410058027,0.006039649901739167,0.7437137330754352,0.002558753685749136,0.741779497098646,0.007301580691751247,0.7498388136686008,0.0054992656702874875,0.7520954223081883,0.013891980287824167,0.7366215344938749,0.007512043970168319,0.7575757575757575,0.009925728122721236,0.753384912959381,0.017488531257277715,0.7604771115409413,0.008225242309589308,0.753384912959381,0.012079299803478525,0.7588652482269503,0.018459881756570484,0.7707930367504835,0.002901353965183734,0.7707930367504835,0.002901353965183734,0.7440361057382333,0.005326470548632643,0.7575757575757577,0.018204781306892938,0.7553191489361702,0.010898866218166969,0.7659574468085105,0.009815175594866747,0.7404900064474532,0.0014772971292572165,0.7649903288201161,0.01279376842874561,0.7572533849129595,0.00547084550241043,0.7475822050290135,0.0027354227512052347,0.7437137330754352,0.00547084550241039,0.7611218568665378,0.010460980489740737,0.7511283043197937,0.008668168703899888
tr,0.9061886526695718,0.005261570013846138,0.8978168053171355,0.004207784350590457,0.8929926493243542,0.002324058457244788,0.9053919626744135,0.003270325256425435,0.9031295391522515,0.0032947778514120173,0.8975130947664951,0.003971252725264552,0.8942250979356485,0.0027693704259586613,0.9062854879176019,0.00855097637275197,0.9062854879176019,0.00855097637275197,0.9005061842510674,0.005660309806443293,0.8984506360315154,0.004721661667553443,0.9012104406003786,0.0036439604155981916,0.9069281218363484,0.003139589126694956,0.8964699150490779,0.001992584452387687,0.9032483824111978,0.004357646182797296,0.9043311765482636,0.002286110140309542,0.8963994894141467,0.009786982992482585,0.9003741361855715,0.005914358018969176,0.9042035300849509,0.002906027632111489,0.906760860953387,0.0014152571371411073,0.8987015273559575,0.008176391619949383,0.9014657335270039,0.00427009634250612,0.9061182270346406,0.0026847464180981017,0.906712443329372,0.0020165487771486774,0.9102293234737444,0.0026681007918383575,0.9019367049606056,0.009017832356611591,0.9062854879176019,0.00855097637275197,0.9062854879176019,0.00855097637275197,0.8989436154760333,0.001130072251173144,0.8995994542013293,0.002532926060912289,0.9063823231656323,0.0035005026464962645,0.9021831946828646,0.004429308897612891,0.9016682072274308,0.010998203497061727,0.9040758836216383,0.004188429201425118,0.9065627888551434,0.007364814385356181,0.9094150270698534,0.0029782328066508272,0.9008010915973413,0.0037115686649869147,0.9082486024913069,0.00811635272298784,0.9060345965931599,0.004743173129713883
tr_f1,0.7618142568381415,0.012868681444132406,0.7433949115952966,0.01066554453486378,0.7353375399923195,0.008947863514209928,0.7597428948607154,0.012680718269782445,0.7537070771179396,0.006114557296359466,0.7429957735785271,0.007925137766133706,0.7381053947212015,0.005378914972502436,0.764196688233381,0.019147042124766277,0.764196688233381,0.019147042124766277,0.7536072902315603,0.012465139543539137,0.7466631189007716,0.010880090240535307,0.7488123988937669,0.009100872985769686,0.7644781549991432,0.006196073142580244,0.7436775327610231,0.004766197348378281,0.7547276163492715,0.009803043345455904,0.7578173857105521,0.00447087312372716,0.7388117112255114,0.022650248120971748,0.7481387449078523,0.013403299614940677,0.7566749112028863,0.011851232518381794,0.7587993343556126,0.002528157528722719,0.7456747527330863,0.021518678108280995,0.7513586592293541,0.01107494396669278,0.7629104620263704,0.005570184404040638,0.765691000288021,0.005060045538395481,0.7684624231302024,0.009755042564819369,0.7512601193975138,0.022670516305829214,0.764196688233381,0.019147042124766277,0.764196688233381,0.019147042124766277,0.7441577988824978,0.0025073265284977675,0.7492216401538453,0.01034412617888874,0.7622043512559936,0.011695903872495892,0.7543903436570917,0.005809758253714325,0.7536641041067029,0.026126109347548193,0.7597273892512324,0.00833526087487821,0.7622941606462709,0.01763156272595784,0.7682562658953107,0.006840651230693014,0.7534042776894362,0.006808061425630833,0.7660542452953178,0.01663680401198939,0.7611420537188612,0.01448190610280537
tr_precision,0.7363772097313833,0.016751971703448408,0.7156585574668018,0.012158593501398533,0.702276726401022,0.005384268209009268,0.7314963992221469,0.01151885696629836,0.7262402609058064,0.007748736369737213,0.7171385503787399,0.00455197177710151,0.707255573958019,0.009494704677734975,0.7368228645678565,0.02121311826469705,0.7368228645678565,0.02121311826469705,0.7254855377349588,0.017123906016573986,0.7183188808881678,0.010518143044350404,0.7217546317668315,0.011419059989625344,0.7405485370776237,0.010133545951097098,0.7143431238796033,0.0075978461577011136,0.7256332779585914,0.011651594067769262,0.7319009308263876,0.011874259163282018,0.7108743632143454,0.025445805765928173,0.7193019368206413,0.01738890729122872,0.7276161998591094,0.016153234747702125,0.7293085635069517,0.007829410362257658,0.7169522799019358,0.026335612035829063,0.7242828746059408,0.014737575295022162,0.7342870651205985,0.008020710796287205,0.738339332698553,0.004563608381784397,0.7445066265125851,0.01129092500116363,0.7215094893701002,0.02896380454819091,0.7368228645678565,0.02121311826469705,0.7368228645678565,0.02121311826469705,0.7154629685899389,0.0012374698391194852,0.7162146265889522,0.012335935563076657,0.737064389832565,0.014030177991323932,0.7231625009444135,0.0077951122095936826,0.7280568442036154,0.029487058764459968,0.7353145800311996,0.009928605787332375,0.7359911938828763,0.0210776402824529,0.7439253132143824,0.007908056687868198,0.7243472394634023,0.006391433747069046,0.7408175180928632,0.02372335407889186,0.7379195508791455,0.01411780825518204
tr_recall,0.7891121415078138,0.008493149201424688,0.7733863251637594,0.009513463535471561,0.7716935305807021,0.013395763713228736,0.7902652044846791,0.014226347735165675,0.7833468266234882,0.004941791682854533,0.7708103334069332,0.011864638156845375,0.7718161968548367,0.001756142407514425,0.7937243934152743,0.017519269246504047,0.7937243934152743,0.017519269246504047,0.7840582910134688,0.007304197258504759,0.7773361791908933,0.011269739880183411,0.77799857707122,0.006848470279045071,0.7900444051912366,0.002280801166286735,0.7755452515885283,0.0014522360675104941,0.7862662839478913,0.007818221373306528,0.785775618851353,0.005725822015113292,0.7690684723142219,0.019438188736945156,0.7794460391060082,0.009603664734775962,0.7882044110792178,0.007077195578614288,0.790854002600525,0.005414628845684428,0.7769436471136625,0.018510060315052895,0.7805745688280464,0.006767310573286333,0.7938715929442358,0.0027383992223090577,0.7951473221952355,0.005621274864399533,0.7940187924731975,0.008030585390539226,0.783690292191065,0.015477664741997358,0.7937243934152743,0.017519269246504047,0.7937243934152743,0.017519269246504047,0.7752753857854321,0.006429912889979082,0.7854321532837761,0.007894868492091844,0.7891366747626408,0.009027004362666242,0.7884497436274871,0.003680969423421653,0.7812369667083732,0.023667369657051518,0.7858246853610069,0.0065350623037971735,0.7905841367974289,0.013702673880906355,0.7942395917666397,0.00596763544227217,0.7849169549324109,0.009222121954748173,0.793233728318736,0.01070473932923724,0.7858737518706608,0.014866484425444039
tsn,0.8791999101022587,0.021195423512356867,0.6689390817944588,0.05775367910568674,0.7740070669613314,0.08533876108596086,0.7661909577855189,0.12012260394574321,0.9070307525190096,0.006194528624470835,0.49680987876290716,0.11052117195035226,0.8090422144810279,0.09763362511068638,0.911662983356432,0.0013825448538538248,0.911662983356432,0.0013825448538538248,0.36453534104955615,0.1526990276518411,0.6495111810315766,0.21123239757934523,0.8569377333283391,0.037508324613897345,0.9061317751058171,0.002389358869358671,0.7473374037032875,0.04450389573924037,0.5433819030852405,0.20238537979584054,0.44605511230974765,0.16857276590987147,0.39903359928081805,0.14500338551472275,0.8491965389369591,0.018227438286439746,0.8786130776242024,0.010977018577896904,0.8672510019852417,0.015492877327524269,0.7302443470552248,0.02529847794018133,0.8985903534729246,0.010362256563778321,0.8830455357031376,0.02739014872127332,0.9098400569352361,0.006974622757363306,0.8129252974741231,0.00562127183815154,0.8788128503826896,0.03529910262158133,0.911662983356432,0.0013825448538538248,0.911662983356432,0.0013825448538538248,0.7613714399870147,0.07736458106583992,0.8827958197550286,0.012483093937630982,0.8903746987801376,0.02318870751551836,0.8902498408060832,0.016098444633077445,0.8179945312207364,0.02819305219206279,0.8242624015182729,0.14240447474100265,0.9089910227116654,0.008232563328347523,0.8911238466244646,0.01135609872100748,0.843740245470777,0.11967885549508844,0.9067685507734952,0.004759742532159637,0.9109388071069159,0.0052787464843440345
tsn_f1,0.3647267218350028,0.029028319694110277,0.22293661613299245,0.00408182393173526,0.2651456134071826,0.0325615120074208,0.2610835927403951,0.05003423924065077,0.39356464391036733,0.02560178771765321,0.19238747559816885,0.009351026790213256,0.3297436511750956,0.055588531932267524,0.40360705843119155,0.014827461872380958,0.40360705843119155,0.014827461872380958,0.16993791331630406,0.007197378134859717,0.2533461973611771,0.04176343733610862,0.3394911364953173,0.038736904771706666,0.37210703568630715,0.020424025356360648,0.2627285861392729,0.02157921812482513,0.18467929526158722,0.057602115597157166,0.16846416935497088,0.01911049389662361,0.17629250558707868,0.00451742261588253,0.31407458378392417,0.016867655951652186,0.3546716794994656,0.02721678591452423,0.32534132257139287,0.02115585867944803,0.23988823118352842,0.025387801884757914,0.3891299587493153,0.014436399838829833,0.3591095613180562,0.04615622304743737,0.3977742729004478,0.017596138973458658,0.29593526451691454,0.010449232334505901,0.3606451054615773,0.042801855813404836,0.40360705843119155,0.014827461872380958,0.40360705843119155,0.014827461872380958,0.26151448405015576,0.035167985936078894,0.3701324856554145,0.017916138817547618,0.37090574780768265,0.053411946753460476,0.37022314482717816,0.02135584964629277,0.29694692243708015,0.01658869615333146,0.3718669498862548,0.1266827407232661,0.4208320290628504,0.0717981804269784,0.36610875094446876,0.013580728343000609,0.3830518689820781,0.13562658751489137,0.3946878235316949,0.023701287191313227,0.385779682425801,0.01277453814471959
tsn_precision,0.29006973463399627,0.03902037133611789,0.1476191394740639,0.005680079129879321,0.1945981729452055,0.04042697263765273,0.20541866306798853,0.05717933533401501,0.34775510634550316,0.03203686240748724,0.1337503658676214,0.008943349109070596,0.26923922528146127,0.04981747874514594,0.3594050649262295,0.008649755776870256,0.3594050649262295,0.008649755776870256,0.1125559349508265,0.00375193284765079,0.19711399772642257,0.041848264102748854,0.26621791543544326,0.04670941310068358,0.3203468699587813,0.01698215790030398,0.19082293145265727,0.025164607919633538,0.12782460417060312,0.046125143622318746,0.11667632760607043,0.007873283645167367,0.1267670927608112,0.0032426793943375696,0.2539454024016926,0.028333680716735636,0.2931336819898836,0.03187663281231333,0.2488887809535241,0.01884318605714428,0.16818414007773477,0.018365115526387907,0.3259148284388225,0.02279192698304196,0.2872830015443211,0.05527511802542592,0.3650742618898413,0.02394371497670538,0.2209231154895702,0.0077839358121604175,0.30628477383677816,0.054715971358352905,0.3594050649262295,0.008649755776870256,0.3594050649262295,0.008649755776870256,0.1894329669311963,0.029495364279505967,0.3127077539320091,0.02212362567026149,0.3137899881285642,0.055921498855920015,0.3191771120699545,0.030604421479449924,0.22258260927003878,0.021018748735675934,0.30800615193698067,0.1327202608235033,0.3695933240923619,0.06214668738886418,0.3106955924648717,0.020111824221775113,0.32436652010500927,0.1441936854899247,0.357287085550353,0.015653706888760457,0.332301196871388,0.015719810630315214
tsn_recall,0.4963576990705853,0.011412023804672732,0.4579251444360713,0.035906567444520227,0.4287867370007536,0.022993438285444395,0.3679979904546597,0.011337135489974145,0.4539060537553379,0.01400387828662783,0.351419241396634,0.0686764141373024,0.42577241899020346,0.06191745983917548,0.4606882692790755,0.02853005951168189,0.4606882692790755,0.02853005951168189,0.3484049233860838,0.03817557697559167,0.35795026375282585,0.03903367245356408,0.4757598593318262,0.01699039093000337,0.4348153730218538,0.0415631717652982,0.4282843506656619,0.03424712779131726,0.34086912835970856,0.07691434706106659,0.30796282341120323,0.07507230464625461,0.29238884702336093,0.03683300500331553,0.4152223059532781,0.015825169555388097,0.45038934940969605,0.016669841771451425,0.47073599598090937,0.032045593625152184,0.41823662396382816,0.04102685030539926,0.48430042702838483,0.016550179763907717,0.48630997236875156,0.007585867304969397,0.43732730469731224,0.010692688597735662,0.44863099723687516,0.02456175989132306,0.44235116804822905,0.021539722574161993,0.4606882692790755,0.02853005951168189,0.4606882692790755,0.02853005951168189,0.42351168048229076,0.03783689588736454,0.4541572469228837,0.014104893384944958,0.45465963325797537,0.04308823238862913,0.44235116804822905,0.009854330693761869,0.4511429289123336,0.04041556776943644,0.4910826425521225,0.07072548719066109,0.4885707108766641,0.0849419269422241,0.44787741773423767,0.03328001388631535,0.48731474503893496,0.0767665389421614,0.44159758854559156,0.03953241009375735,0.46018588294398394,0.013317976530330632
twi,0.8851830022304661,0.04950116151725539,0.533797917461198,0.05892037236141775,0.5824290122386714,0.24610796460001094,0.5653018063308255,0.2745920377119567,0.95067549607646,0.004514665132316785,0.2463220423210715,0.09309016064258165,0.7271435010227786,0.2793215166635981,0.9519929734539865,0.0037447838965760437,0.9519929734539865,0.0037447838965760437,0.17733938910654226,0.06334518368195458,0.5891435241364167,0.35522348312463425,0.7781206300777774,0.04575691753025239,0.9268106646326665,0.018599270495423908,0.6071721619341492,0.13369112356862153,0.470697685169134,0.2133265781242768,0.40543632770516247,0.22124962311189594,0.3083012631603277,0.24125979571870457,0.808376382484485,0.0668875074517283,0.8273295658103063,0.10838935594640828,0.8255613724878365,0.06124205646623986,0.5336823492701869,0.08250143293101465,0.955379121450612,0.0023952744789953653,0.8880028660911371,0.03625764638742996,0.9537958372337599,0.007270001667446848,0.7688636179777878,0.09460216794592274,0.8454853286181511,0.08329568768655211,0.9519929734539865,0.0037447838965760437,0.9519929734539865,0.0037447838965760437,0.6336257208565915,0.16035630476162666,0.8503276358215165,0.050941131958265114,0.9389915519652371,0.015409539473526999,0.9518542916247732,0.002038296599383242,0.6523130973430873,0.18096111038430335,0.7809751643957518,0.1858616258138137,0.9293416080158097,0.02565358484505898,0.9279201192663731,0.03259592786239576,0.7344242970564782,0.18875505409592078,0.944192120560737,0.011432702674726122,0.9515191438708411,0.001286705327436308
twi_f1,0.27368352452668226,0.06866125389457553,0.12657742938761932,0.018787946262858575,0.15288179163774315,0.05955850116780318,0.12781774188283787,0.032112298664132795,0.40481348725906474,0.003337450895902854,0.08207678384441806,0.008258039551294066,0.2288764429760153,0.12383332395618578,0.4064092257821789,0.025952326805627538,0.4064092257821789,0.025952326805627538,0.06839862810449243,0.010527854914258132,0.16580006924362814,0.09006613517115981,0.19392524645707207,0.02366510320817811,0.3441130275339878,0.030157705256817092,0.14818081092838412,0.02235548993541531,0.09865662353459699,0.039846113109273315,0.09737835900241036,0.02583107968038478,0.0739513693583032,0.022289555392650793,0.20045117124168232,0.05491797289615736,0.23701037457745092,0.07530037361273126,0.1939783913513743,0.035523746042371226,0.11269860743089392,0.019380650499536804,0.4268716958292677,0.004082808149846814,0.2675285031041892,0.081370587400722,0.4186854919030379,0.03869041325826137,0.1829248031140048,0.03999962958703871,0.2553539226274999,0.08310935386670892,0.4064092257821789,0.025952326805627538,0.4064092257821789,0.025952326805627538,0.1483566878825879,0.0457866732877605,0.24077412960983138,0.050654487359149715,0.36731997673641065,0.059523428959162225,0.41286507156883573,0.013911856525841452,0.1426773105187937,0.0639147783395152,0.23778426800130525,0.0977911105743373,0.35630092648184436,0.06946546659230429,0.344154879087438,0.06504854776242638,0.20116928873702608,0.0799223335197948,0.38235653517550355,0.04145064560920049,0.4008150273373854,0.001485464514002114
twi_precision,0.18790797481405644,0.06024722289112296,0.07577861211291599,0.011969613147428837,0.1009694988611279,0.04946926465689736,0.08224612062012757,0.024167445530133343,0.3249592193001816,0.008944066233027376,0.050720663815901866,0.004500764625069699,0.17256833525533732,0.10870776320998254,0.3295882602960484,0.02244296346567327,0.3295882602960484,0.02244296346567327,0.0413893683414527,0.005717511379888924,0.12153709277167857,0.07767796678982451,0.12790207125112282,0.020592996652167343,0.2613846254231394,0.03771705025491942,0.09353625696504826,0.013875310645060038,0.059813091890618335,0.024774848753893266,0.059146859939397466,0.014295190720754459,0.04626039746841007,0.01254782602023376,0.1340965059336717,0.04692183668185307,0.1629449367170493,0.06506546089602537,0.12263886449479616,0.02682973128762606,0.0668953070057819,0.012023889194648595,0.3459731637595558,0.01022282246031011,0.18783049896949822,0.07274591279482033,0.34288809077186416,0.04702900876691903,0.11719850775910264,0.029469308342489633,0.180634556453681,0.08035164198965042,0.3295882602960484,0.02244296346567327,0.3295882602960484,0.02244296346567327,0.09170761923586081,0.0330564798833768,0.16272988560724397,0.042303499923672556,0.28562341231041255,0.05719453829849864,0.33134350103425797,0.01535955051306425,0.08838183532964229,0.04281672763164251,0.1619254982397706,0.07666124523772701,0.2738201870012516,0.07723034940188238,0.26251726060190556,0.07214852103260094,0.12990138124679765,0.056680976080825375,0.30793581438618195,0.04318134116936901,0.3284190512399343,0.0015218994886729857
twi_recall,0.5231335436382755,0.02254656324121092,0.38485804416403785,0.0382796880110776,0.3438485804416403,0.03150628447229997,0.2939011566771819,0.04250878870809078,0.53732912723449,0.014224762627201556,0.21819137749737116,0.04679875670131156,0.361198738170347,0.10429195744363746,0.529968454258675,0.03042161123341624,0.529968454258675,0.03042161123341624,0.19926393270241846,0.051602443563890515,0.2749737118822292,0.09384968497790402,0.40746582544689797,0.008094008579569274,0.5094637223974763,0.011373978786952635,0.35646687697160884,0.0574574309151009,0.2833859095688748,0.10331330619751818,0.2781282860147213,0.10253983533312278,0.18769716088328073,0.07651061725952624,0.41377497371188215,0.03517503403507412,0.45846477392218715,0.0405928036739382,0.4710830704521556,0.02254656324121091,0.3446372239747634,0.05688082940144154,0.5578338590956887,0.014311942785295738,0.4826498422712933,0.06195747426309893,0.5410094637223976,0.012319005797959972,0.4216614090431125,0.045065532521765914,0.4710830704521556,0.013133539428808357,0.529968454258675,0.03042161123341624,0.529968454258675,0.03042161123341624,0.4022082018927445,0.0407965840895191,0.4710830704521556,0.0381929350655394,0.5168243953732913,0.049233932107715955,0.5483701366982124,0.02176046486495783,0.3780231335436383,0.11378716957867167,0.47423764458464773,0.07303934845905516,0.5226077812828601,0.022546563241210966,0.5184016824395373,0.03528096544649343,0.46056782334384855,0.10613630183760708,0.5063091482649842,0.03142722215326699,0.5141955835962145,0.005686989393476365
uk,0.8944245684369001,0.005124912532973287,0.8924961728113132,0.012889766959507021,0.8931981764820313,0.008640244595265965,0.9014615208951815,0.0028991242262738715,0.8862584895925841,0.010728681782991962,0.8989241582299358,0.006845849612792331,0.8875567734896349,0.00760835504283408,0.898336335879154,0.005550989487718805,0.898336335879154,0.005550989487718805,0.893980529970482,0.009029360515970508,0.8786633173479487,0.01874959929163142,0.8880769328360102,0.019377042264465467,0.8960696252315343,0.004666143712853863,0.8935195757529625,0.004055952592832959,0.8972283541819966,0.003772067893564009,0.8912993834208723,0.011718742924254946,0.8953633926230409,0.011785840179780313,0.899308991567498,0.007289524692801023,0.8920436764693443,0.008266024397924008,0.8912105757275888,0.003515598154450952,0.8899503522705167,0.009797837371865147,0.879246910760955,0.022220615814845326,0.8931728028553788,0.008658992519875338,0.8909779841499411,0.002604054068502644,0.897181835866467,0.006772077082567196,0.8861358503970972,0.016437268594728063,0.898336335879154,0.005550989487718805,0.898336335879154,0.005550989487718805,0.8896797002528904,0.0056953242059836085,0.8961330592981654,0.010968694803505036,0.8915108303096427,0.004774126128138885,0.893587238757369,0.005841507231535657,0.897862694848308,0.003359642879420814,0.9009963377398864,0.0026586165060499233,0.8965813267023589,0.004491227485683409,0.8922678101714411,0.0031714326679907665,0.8952999585564098,0.0077738839025609085,0.8951011984809657,0.007697292933866704,0.886596804614617,0.024170308415480086
uk_f1,0.7319541324298164,0.014315401251304942,0.75121120369903,0.013239719684919115,0.7484668533290931,0.009398630709325846,0.7611277197244647,0.003960858092225716,0.7274088247652374,0.016100085480404983,0.7492780447545894,0.012823887703625962,0.7315350188830902,0.003031816080132503,0.75462422033563,0.012397914297847572,0.75462422033563,0.012397914297847572,0.7458536910913068,0.01812874645956869,0.7270134854212452,0.027399576671854182,0.7374040576358571,0.030629159690162337,0.7516808942148566,0.01808890388322094,0.7366060637624156,0.01984286403668994,0.7495063547814759,0.010317148632944934,0.7451460260559374,0.020970771155524825,0.7497360754236381,0.015460525964092793,0.7497290637623898,0.014378733412960932,0.7414300650755287,0.013492366838770257,0.732132700429703,0.015530251824190433,0.7282441162990566,0.029403745755771173,0.7178871954218282,0.020096519562714316,0.7385062958601237,0.024905774380139942,0.7352479250596691,0.010287540277542596,0.7483956470771759,0.012755770887471506,0.726583949909125,0.024368662386797347,0.75462422033563,0.012397914297847572,0.75462422033563,0.012397914297847572,0.7318877723465981,0.01958903684138235,0.7457454408041464,0.020941022244648357,0.7356687522946738,0.010451567470251793,0.7414978805836913,0.011655404245459713,0.744340406264168,0.010274238519351178,0.7585780217854846,0.012770240127998024,0.7477492896646392,0.021229171747216193,0.7376512639198455,0.010114284296896247,0.7387892694485593,0.024369963841385952,0.7449682426790195,0.009760484017229835,0.737398604387661,0.04205670601238849
uk_precision,0.6887957544512572,0.021573501404026627,0.7012784779074285,0.013113344254013237,0.6997769890712752,0.022510064931345154,0.7093612571310777,0.009672908617449606,0.6820926352124737,0.020635193242536126,0.6974788512119847,0.020351163385278873,0.6821608610596567,0.014561696533151956,0.6966923305003118,0.02034866109852377,0.6966923305003118,0.02034866109852377,0.687010269412884,0.020223162830379143,0.6787184703742849,0.0301760033651395,0.697339287860133,0.022730562160498086,0.7037200795942189,0.00782549619857441,0.691037944898308,0.017168603475872617,0.7004558405472228,0.01463965518612443,0.6911174737516831,0.016044030243148828,0.7100742740762397,0.027633299434710316,0.7044746449204671,0.023416388489650327,0.6920757871580397,0.01503619067172014,0.6775607936402724,0.017511002897721853,0.6786777915756952,0.031125246546807935,0.6699808427630742,0.03473327110487987,0.6842657824974964,0.024109241888706213,0.6944638724300813,0.0162085157797607,0.7006929375395367,0.026485810924386916,0.6779252067987286,0.036314637199785754,0.6966923305003118,0.02034866109852377,0.6966923305003118,0.02034866109852377,0.6833203255652456,0.006330620144698659,0.7077884595214243,0.02756859126177702,0.6819352860604418,0.021463597889028303,0.6817908478963037,0.027020875532887005,0.7074139940977529,0.009665602179228159,0.7122654783761789,0.006144028980197214,0.7044018832513328,0.011206815319046458,0.6921150940654678,0.0031902400958839197,0.6943186081525528,0.018030024999201928,0.6872537622216391,0.024552524768252336,0.687073931614067,0.03886843910857888
uk_recall,0.7810815510346026,0.007472337629620277,0.808902799513128,0.017274833163592858,0.8051518990486127,0.017971870915256424,0.8211491169237647,0.004796642087116468,0.7792682018034132,0.010361663221353413,0.8096231711255185,0.007620255917363251,0.789005638770897,0.012608479281007058,0.8233350721613633,0.0066346193833334175,0.8233350721613633,0.0066346193833334175,0.8160319944357504,0.023300282359609698,0.7828452194649378,0.025049878101656493,0.7827210174628014,0.04443528287364019,0.8069652482798023,0.032765382707077115,0.7889062771691879,0.029927693404529807,0.8065678018729662,0.026384960712038826,0.8084556723054375,0.0291533505028991,0.7946444096678839,0.012801678160497716,0.8017239237896515,0.018038800511447652,0.7986437141366719,0.02079114805481675,0.7969297265071913,0.030089128948055162,0.7863725563256079,0.040031020127667606,0.7739275157115534,0.0021187274398529743,0.8023946146011873,0.03174676062265343,0.7814789974414388,0.01701962653972688,0.8037856770251136,0.014421922332830524,0.7839878778845915,0.03081452423919872,0.8233350721613633,0.0066346193833334175,0.8233350721613633,0.0066346193833334175,0.7883101075589338,0.037613747401740144,0.7884591499614974,0.02324802711420069,0.7994386069503441,0.023972247705149927,0.8137218371960157,0.019823526678256116,0.7854783019102268,0.017004283785692645,0.8115110415579899,0.02357996517653297,0.7970042477084731,0.03410263115384666,0.7899495739871326,0.025437212871780038,0.7896018083811511,0.035597611213162454,0.8140199220011427,0.012317958591795918,0.7959857912909557,0.04955925091438778
ur,0.7324447980903123,0.03386474410146536,0.7370864001060937,0.027239279198750903,0.7470989987401366,0.02972548800842218,0.7498176513493799,0.044140166435551666,0.7873483190769842,0.021766700721376986,0.7419269279225515,0.004624044392709014,0.7580399177773357,0.023975579750101204,0.762217359591539,0.006116227071202282,0.762217359591539,0.006116227071202282,0.7255487036668656,0.01630989392650667,0.7028048537895365,0.025599671556636033,0.7614216563888335,0.018050073057245816,0.7532656985611034,0.03290423565305676,0.7528678469597506,0.04894800982547047,0.7360254625024866,0.03128452126473248,0.7764737086400105,0.03343512129374449,0.6874875671374577,0.02289980733026963,0.7323121808898613,0.024671076887174025,0.7637424573967243,0.02901340361171304,0.7937139446986275,0.028745294436523926,0.6801273125124329,0.06467658744504161,0.7423247795239042,0.02278228798358711,0.7335057356939195,0.027287177365257778,0.7653338638021352,0.037428370893626495,0.7631456799946953,0.011661079527888954,0.7830382600623301,0.009737886968641378,0.762217359591539,0.006116227071202282,0.762217359591539,0.006116227071202282,0.7554538823685432,0.02741016598221797,0.7450434321331477,0.03642153412167803,0.775479079636629,0.025952257723466526,0.7683177508122804,0.02895332967740996,0.7139446986274119,0.03780218347394377,0.7531993899608779,0.0327172976713807,0.7509448975532127,0.020699756577407708,0.7944433393011073,0.013131112042423287,0.7504144287514091,0.04616507419163984,0.7649360122007826,0.011936100599459017,0.7549234135667396,0.030029890525405358
ur_f1,0.5305900865862981,0.039707980101991294,0.5317286495005263,0.04567255432308589,0.5451071204386874,0.043271983636034156,0.5470268234854058,0.05952576404411438,0.6136835605075309,0.022363647180905135,0.5280004932870699,0.01525358837952712,0.5780160045169301,0.03475534285757191,0.5567002509346274,0.02682176124549072,0.5567002509346274,0.02682176124549072,0.5046379623586685,0.03864708787511746,0.4933154788010555,0.043287561226649,0.5749164654521889,0.022726304356783064,0.5795347827746048,0.06606471276045144,0.5750370098760912,0.08521900844782702,0.5311553182097078,0.04638643674163577,0.5925945432510794,0.038540939162801484,0.4815634313748934,0.0474705791661264,0.5251499635792648,0.038187335692271195,0.5929636101305885,0.032725692338565565,0.6269833500327245,0.05043738979860291,0.4634977904555065,0.11235648423885405,0.5561905857078844,0.03228045533180532,0.5327589223982133,0.05702418979528232,0.5882441906110545,0.05927514734901087,0.5850005337643925,0.016271089001896975,0.6067311799784992,0.02561194200154705,0.5567002509346274,0.02682176124549072,0.5567002509346274,0.02682176124549072,0.5685059641018916,0.03668200490757208,0.5442594540833053,0.03485679013925212,0.6008632904273715,0.028037261525375532,0.5837463901852048,0.04597214492347684,0.5190367563530468,0.028426520958921862,0.5711148361889332,0.06078107954291177,0.5487214683300093,0.04373478447538232,0.6335310414629544,0.013220540499432274,0.555919591417535,0.0883875599541517,0.5436334820496674,0.0397270319255962,0.5629247190155254,0.033034841606510455
ur_precision,0.4965197838630209,0.037994272704188294,0.5024606974384094,0.03909354086785731,0.5205233681466109,0.04492888962885336,0.5051618644424786,0.05861858159795998,0.5850526733333954,0.023826060254480894,0.4920294715122388,0.021699576090989967,0.5467657614297322,0.03455235064909111,0.5207899091585536,0.030557326247106793,0.5207899091585536,0.030557326247106793,0.4713772260116717,0.0412265771121334,0.4646214329525257,0.03832462197627297,0.5374252916036628,0.029820734457750662,0.5396650198925986,0.0699220757766074,0.543229126833933,0.08886493380683243,0.490231723185442,0.042086877032324,0.555277416794385,0.036157793737123384,0.4376374815165816,0.04323300781911912,0.48088704958008277,0.029334024074635933,0.5537185475792029,0.03211243015981559,0.5908237813176903,0.050315181854532466,0.4241875537719859,0.09529747665091758,0.5328455954711463,0.031567960738945584,0.4892178321074623,0.0503517027888707,0.546143273886207,0.0533733309431045,0.5538072756770531,0.01901237929883343,0.5645550656702989,0.03585713027264769,0.5207899091585536,0.030557326247106793,0.5207899091585536,0.030557326247106793,0.527471654909821,0.03834809824702522,0.4969798799364817,0.029151251912205346,0.5589358652604072,0.028585110811741,0.549497783361972,0.0435242896555242,0.48199334369801416,0.030203250244070105,0.5454561843502925,0.06074896617571549,0.5116349968578049,0.04817211992708463,0.6003550359656824,0.01265965064429409,0.529088228743322,0.09399925299294436,0.5036607583521023,0.03425886157399848,0.5269093162847113,0.03238045482207769
ur_recall,0.5702614379084968,0.04642478645216698,0.5647058823529412,0.053760901454334126,0.5722222222222223,0.0416099190650902,0.5967320261437908,0.06158808651321161,0.6454248366013072,0.023536219058863873,0.5699346405228758,0.010574306985204823,0.6130718954248366,0.034874043325370176,0.5980392156862745,0.02163536910854311,0.5980392156862745,0.02163536910854311,0.5431372549019607,0.03578095606057777,0.5258169934640523,0.04935506135393616,0.6183006535947713,0.013346782912851029,0.6261437908496732,0.06037443505365651,0.6111111111111112,0.08021461345166989,0.5800653594771242,0.05541022899129614,0.6352941176470588,0.041327919428152914,0.5352941176470588,0.05264988855724533,0.5794117647058824,0.05776831318688714,0.6382352941176471,0.0335488992789582,0.6679738562091503,0.05099295973801181,0.5120915032679739,0.1370668646598127,0.5816993464052288,0.03328042706426563,0.5849673202614379,0.06622063401690922,0.6375816993464052,0.06806727492092536,0.6202614379084967,0.02103468632909032,0.6565359477124183,0.021841705635956797,0.5980392156862745,0.02163536910854311,0.5980392156862745,0.02163536910854311,0.6166666666666667,0.03565986956759449,0.6016339869281045,0.04389194262270323,0.6503267973856209,0.038075752280166825,0.6225490196078431,0.048714738230607214,0.5630718954248366,0.03671347192638419,0.5993464052287582,0.060612766571781926,0.5918300653594771,0.03715587113030044,0.6705882352941176,0.013830133313397927,0.5859477124183007,0.08106090412854161,0.5905228758169935,0.04667257061571629,0.6042483660130719,0.033753598257974825
vi,0.8363374225889041,0.007229893900686675,0.85489556236243,0.003830427159297541,0.8556908379125813,0.006943100740652973,0.8515656666717976,0.007729886680425854,0.8452599011805993,0.003889993231137011,0.8452496395605974,0.0050024529211046475,0.8534897204221631,0.0064592170384554295,0.843479510110261,0.0022221857380756876,0.843479510110261,0.0022221857380756876,0.845331732520613,0.0076208748439842424,0.8479073991411025,0.0031306477173268527,0.8383025228192774,0.0063534201003364295,0.8407909656697502,0.006248119586906126,0.8511346786317157,0.008478034377473194,0.8409500207797805,0.007411147351259258,0.8361321901888651,0.003124322060459043,0.8363784690689119,0.009807369850199204,0.8404318089696821,0.0027474661151825467,0.8350085427986516,0.0074094528010190865,0.8434025479602466,0.0009994812614125595,0.83963140260953,0.011342302787774651,0.8452855552306042,0.012314187713402982,0.8497544907414533,0.006988976870700405,0.8429305134401567,0.003849625920915646,0.8392619842894598,0.006959018438023997,0.8487796368412681,0.0018870851341684528,0.843479510110261,0.0022221857380756876,0.843479510110261,0.0022221857380756876,0.8338438489284302,0.00927811623338263,0.8347930487786107,0.008322437949717237,0.8363835998789129,0.005404175275005542,0.8433409782402347,0.0022399732066420543,0.8351368130486759,0.006409174473509192,0.8426688421301071,0.002761486596732103,0.8419505287299707,0.004564394069354757,0.8373430613490952,0.0038940819866449257,0.8394313010194919,0.007614825593736867,0.84494692177054,0.0068437370311102246,0.8492824562213638,0.004624325930861272
vi_f1,0.6795828892856003,0.01451495722323977,0.721456256205974,0.009755599336871838,0.7215756858472503,0.018810421649503688,0.7142045913563653,0.01797019624171002,0.7084564366090894,0.003330307465327264,0.6962495990150215,0.009540011997929608,0.7164745030897839,0.016697735654020055,0.6967185406212639,0.009566016390535207,0.6967185406212639,0.009566016390535207,0.7054663283896252,0.0164797738242942,0.7057390210294168,0.006443953579342014,0.6925223066404916,0.012075521235787008,0.6914278155105106,0.0075158438311651605,0.7103345344521248,0.015429760452828751,0.6921810292131102,0.011801193604455982,0.6836821501052174,0.009849850729665294,0.6781580214923378,0.02077258260254786,0.6896425808085568,0.01535999661058935,0.6881097384329441,0.010316762408388082,0.7011850133998161,0.003194010092864401,0.6981142925924889,0.02652074131167492,0.7137358357725324,0.02326275753305177,0.7124163942079967,0.012495996559936438,0.7022400831592783,0.011491543335486144,0.6913657340221961,0.01275774278554801,0.7067563751092316,0.005791190619217426,0.6967185406212639,0.009566016390535207,0.6967185406212639,0.009566016390535207,0.678745101527037,0.01677891013307535,0.6801319862669263,0.014319260387574835,0.686107588021497,0.01132159116023743,0.6986482728155581,0.006141737960952096,0.6827699745828637,0.014222916735841216,0.6960533708743931,0.011218697377551887,0.6982377031085857,0.005497637912701285,0.6884722213672146,0.008690501765776393,0.6911791145865366,0.015692858291689846,0.6998821176143118,0.0188456489910053,0.7151611143529912,0.014560795053621319
vi_precision,0.653023066687341,0.01822432491410822,0.6951709188476971,0.016051774879925207,0.695361949439279,0.014961456159480342,0.6894195458211777,0.017121672491817026,0.685328954315517,0.0027929289836607944,0.6705424994069337,0.00721702008745512,0.6938215895122789,0.02001504853637482,0.669947371160696,0.00696740845074298,0.669947371160696,0.00696740845074298,0.6764280728459059,0.0211453361704338,0.6828595182912668,0.007769130599076841,0.665407606972621,0.011166140252435452,0.6634609034698334,0.010366130198336564,0.6865914253062017,0.017336545265878328,0.6648550048756509,0.012524641535154821,0.6492918176919517,0.017477421594046496,0.6520894276020726,0.024681879028334356,0.662773110556761,0.014096361109775102,0.661860472093034,0.013848902772425214,0.6746289440089716,0.004683512031641414,0.6721030496503274,0.03049166977603567,0.6909349901204895,0.024980195184505623,0.6891850390022453,0.014660858402630412,0.6758476481632835,0.01265304700499075,0.6663326122864288,0.013079729830833452,0.682610120183889,0.006813415071738456,0.669947371160696,0.00696740845074298,0.669947371160696,0.00696740845074298,0.6555951307793028,0.018367260939496085,0.6549799349408435,0.012412986722822596,0.6584847644445819,0.016370702188181548,0.6739650377870275,0.010283284219937098,0.6531383584743117,0.013983507429229472,0.6705892068770706,0.013305284173981274,0.6730975734268413,0.006387277533535288,0.6594326324880027,0.0051753114328943264,0.6661451503308641,0.016554491629889343,0.6728454450228343,0.02192894377570722,0.6889294398167213,0.01232008545422384
vi_recall,0.7084475895621406,0.010481621019108055,0.7500221141088014,0.011234663756892365,0.749874686716792,0.023457528098500408,0.7408521303258145,0.019312155539324905,0.7332153914197258,0.005705954329188877,0.724015922158337,0.012222362104849796,0.7407047029338051,0.013536243316429122,0.7257555653840484,0.01363272182408508,0.7257555653840484,0.01363272182408508,0.7372254164823824,0.012983022332228618,0.7302373581011352,0.007316974594635077,0.7220109096270088,0.0157637044825386,0.7218929677134011,0.0055333017861241285,0.7358101135190919,0.013975090331567484,0.7218634822349993,0.011419562483208936,0.722217307975822,0.011427439422254087,0.7064720625092141,0.01663929579106118,0.7187969924812029,0.017198806507749465,0.7165855816010614,0.007749409760254436,0.7299425033171163,0.004782377351937463,0.7263157894736842,0.022777145602025407,0.7381099808344391,0.021347954704516142,0.7372843874391862,0.010014346763057113,0.7307975821907711,0.010852538792744932,0.7183547103051747,0.012344665209673315,0.7326846528084919,0.005418994566119996,0.7257555653840484,0.01363272182408508,0.7257555653840484,0.01363272182408508,0.7036119711042312,0.015263370853421823,0.7072976559044671,0.01649730302636194,0.7162317558602389,0.005991576902919462,0.7252543122512162,0.0014880675666749988,0.7152292495945747,0.014848390415967918,0.7235441545039069,0.008820988787046647,0.7254312251216276,0.01137172757053344,0.7202122954444935,0.01285999599850415,0.7182072829131653,0.015883863066157525,0.729234851835471,0.015835184342503385,0.7434763379035824,0.017119462755811343
wol,0.8352622744808557,0.08860130186134284,0.64909968099971,0.04652348011784233,0.7061154904080217,0.14113800844650037,0.724947931770847,0.2135972680190587,0.9256456899809303,0.013136441678868044,0.3837406518854411,0.14857644516834526,0.7947237527791692,0.2068919220183059,0.9565790514355014,0.001173405029357009,0.9565790514355014,0.001173405029357009,0.2557714446407072,0.13607118566653661,0.6696457602840246,0.34034897796057356,0.8678741223098081,0.03551075767119566,0.9550499591363266,0.0008307690942285124,0.7420491594386297,0.04843863501528287,0.5822678020616382,0.2461589111106357,0.4199379575193553,0.19285620721027166,0.40943643282099956,0.23730324509158,0.8380656103626761,0.05571983986965838,0.8728656419990685,0.060008731380084106,0.8763017057288233,0.04476121754084954,0.5112528890177779,0.060586148403499115,0.9170159851660471,0.028139503692637277,0.9259005386974595,0.021767897106735695,0.955928747814013,0.0027912298414213828,0.7112827678328193,0.12992061385348858,0.8734544304131185,0.07221406965378042,0.9565790514355014,0.001173405029357009,0.9565790514355014,0.001173405029357009,0.6089126747690983,0.19076698040337184,0.8548153225593841,0.032003496532775934,0.8852038350337894,0.0666412496512832,0.896566572636278,0.06775656292461742,0.6410411888253232,0.06981563847533664,0.7667782728287329,0.16761070078333767,0.9319114532528364,0.017973450002293993,0.9182023498809242,0.05228793444561331,0.7373652157865598,0.0845806747536253,0.9537229882330195,0.0031531128795835766,0.9577917798107091,0.003909207251986289
wol_f1,0.3091688297878097,0.06894148464394463,0.18324599304542896,0.012084199265965663,0.2072207383564347,0.0348885385145617,0.20513885491097428,0.055128075762508076,0.38704415155706956,0.017253838808104608,0.11989024391318516,0.014267407277930593,0.32538924998427277,0.14928402703698954,0.49732034631787614,0.017278968029802576,0.49732034631787614,0.017278968029802576,0.10061009825422636,0.012379989239247609,0.2220713513443383,0.09092382186548871,0.3208944112502394,0.055153461949073286,0.48826048603957245,0.025923576095504514,0.20832982875786965,0.014017754119404108,0.16975342826322626,0.08551860288823908,0.11959023455117124,0.02772210131547519,0.1155609238562849,0.03115959594571765,0.2639084982178947,0.04063808270462811,0.3083388283578278,0.06009369417244284,0.30322315625721363,0.036241421554683476,0.14238143104844714,0.00849209622779138,0.40052184540983443,0.05940310942575887,0.4374912962725417,0.07153570605386164,0.47307280270347896,0.019985497988770144,0.21772465252692252,0.045682106296004645,0.3358520225055155,0.10219234041309425,0.49732034631787614,0.017278968029802576,0.49732034631787614,0.017278968029802576,0.17883815805468403,0.04966263564035556,0.3046221499001009,0.035185374597702476,0.3484753865274807,0.11299201205527751,0.37100620425766045,0.09300151237461164,0.18494320682560214,0.02744142089792792,0.2649776395029732,0.07152216715044464,0.41780159311410436,0.05709352177744814,0.39406420543216925,0.08201419962905279,0.22178413744097833,0.05373367104276402,0.47338029934632925,0.015388489961248338,0.49080115778146416,0.03441599729631038
wol_precision,0.22475386532738165,0.06600108189970012,0.11725673248321448,0.0059648726439918715,0.14838098043238215,0.04061558882027376,0.1620472018668941,0.06704969883040408,0.32813676760320604,0.042918562402758244,0.07875221061943306,0.006790432446851415,0.28598823545564067,0.16119440849811287,0.4654281344808815,0.01486324008530986,0.4654281344808815,0.01486324008530986,0.0634756437645488,0.005415394148333304,0.19006981175991222,0.09583684158385893,0.24755753877450934,0.056663915955441124,0.4573923596595091,0.012779274106608708,0.1492737036484253,0.015929156158415027,0.1155749473280342,0.06719003741361826,0.07755398285126737,0.015518853794746509,0.0797572873474093,0.01811873848374691,0.1973993054988132,0.04525039432211,0.23989721718360857,0.07079830920293242,0.22305074529679877,0.039727652289507746,0.09030103288328463,0.005902735912515879,0.32648168761480784,0.07608464325228434,0.36456737553828544,0.08794128198904476,0.4553110525094179,0.03439597114921532,0.1494468886599878,0.03591183450573869,0.26952565229564085,0.12048041732189158,0.4654281344808815,0.01486324008530986,0.4654281344808815,0.01486324008530986,0.1195415552501546,0.04031436467387533,0.2290263894788278,0.033662408177538364,0.27973777023373103,0.12592248041040344,0.3025434569073423,0.10336800867201808,0.12106056989576551,0.01712224815961003,0.19061657022141068,0.06548609665777468,0.35511782825056115,0.06829956348576122,0.33998976382784724,0.1107429296625591,0.14786362157701508,0.039768040159198076,0.44471327811512923,0.018345800842669072,0.46647571569646545,0.03484751790916986
wol_recall,0.5132000986923267,0.013655163189757423,0.4204293116210214,0.05218750477297507,0.3634344929681717,0.03729718042144819,0.305452751048606,0.04706095244366311,0.4696521095484826,0.04030142276192762,0.2578337034295583,0.07311937583388818,0.39378238341968913,0.10415694011481211,0.5341722181100419,0.02479736769652545,0.5341722181100419,0.02479736769652545,0.2469775474956822,0.06920040701982862,0.2775721687638786,0.06804941486046602,0.464347396989884,0.03415595851107273,0.5247964470762398,0.04885270170244264,0.35307179866765354,0.057482985389648945,0.3348137182334073,0.09590087559634948,0.26424870466321243,0.08940409536283078,0.2121885023439427,0.07879602716408916,0.4090796940537873,0.02972159194241895,0.45225758697261287,0.016748643225736128,0.4816185541574143,0.010265306717352473,0.3365408339501604,0.013164886821568333,0.5277572168763879,0.01707263152430911,0.5553910683444362,0.03171906740312874,0.4934616333580064,0.017614921538220103,0.40389834690352827,0.04927888332247917,0.47396989884036517,0.0484039079297137,0.5341722181100419,0.02479736769652545,0.5341722181100419,0.02479736769652545,0.3676289168517148,0.06756596264072981,0.457192203306193,0.02825687303670443,0.4855662472242783,0.049327037991254305,0.4966691339748335,0.03151690430206333,0.3918085368862571,0.06696321637907568,0.45595854922279794,0.021503832785098393,0.5129533678756476,0.03931390592121242,0.4919812484579323,0.023550840956037853,0.4475697014557118,0.07012843331630625,0.5067850974586726,0.026089377689927733,0.5178879842092278,0.03456257556704652
xho,0.8364987718098712,0.0024799266076967526,0.8126946744663069,0.010538908010776676,0.7975258932867381,0.034411677206535034,0.8193167717592241,0.01000479683950068,0.8478563650636887,0.00012210553269258789,0.7806224518220265,0.009399363274276441,0.8251791638177721,0.00800699524108608,0.8493757755324268,0.0008796957984594043,0.8493757755324268,0.0008796957984594043,0.730140038998202,0.046455405661608745,0.8057053863101117,0.006042283952956368,0.8243688115677784,0.008054876031835804,0.8461343665324521,0.0020308205997043604,0.819481374560004,0.002292162174150482,0.7884854009977462,0.028148112701314947,0.7809389956696803,0.02589450025671613,0.766593228494011,0.026990508726519438,0.8416267821418623,0.0007600217122975326,0.8397655043176581,0.004640787589337367,0.8413735470637392,0.0029352064874194825,0.8189495808959458,0.0037759209877060843,0.8455772493605814,0.002933075546735087,0.8371445212590848,0.006162672170248068,0.8478816885715009,0.0007130040378485937,0.822912709868571,0.004279204534529286,0.8454632935754262,0.0028550500326802847,0.8493757755324268,0.0008796957984594043,0.8493757755324268,0.0008796957984594043,0.8253311048646458,0.00653879991397038,0.8433741041809112,0.0008290306938575282,0.845792499176986,0.004908238710595567,0.8441591329230924,0.003277609397526039,0.8231912684545063,0.007975940197474211,0.8423231786067006,0.0061329437182021385,0.8484641292511839,0.0012542807809892693,0.8455772493605814,0.003271219931405533,0.8444123680012154,0.0031664765701386937,0.8482488794347792,0.0013595327940570795,0.8476031299855656,0.002262914382527742
xho_f1,0.13450536160243362,0.005075848535390765,0.11845393504410634,0.011437521001967217,0.11444441416723967,0.005228872417123875,0.11550912940576942,0.002375793491602587,0.13565311707605665,0.009735552672568058,0.10391414712903559,0.002047124320017004,0.12316415372105616,0.003437047153175082,0.13552340388542797,0.002269887308041658,0.13552340388542797,0.002269887308041658,0.1037133345441023,0.00667668688467864,0.11740203739343909,0.007996363226061226,0.12209313595219734,0.009830719645458562,0.1280683042121222,0.00972711425502241,0.12167892282694272,0.008063241507845556,0.10745176553032916,0.0066107046958949435,0.1086819141833974,0.010369963240392532,0.10986557979700264,0.006918941611321555,0.12747722064511924,0.003674926220570934,0.12409774860270029,0.006887382823144615,0.13317743177600513,0.01229704782325421,0.13775661225129218,0.01637405730870564,0.13113729048738523,0.0023530451278703127,0.1335698703813427,0.005954300034772559,0.1303684048350078,0.00587831402736805,0.1285760327226817,0.005691266835898646,0.13672614927508706,0.0019369974835104597,0.13552340388542797,0.002269887308041658,0.13552340388542797,0.002269887308041658,0.12338375503491172,0.007399934280625579,0.1314531303110846,0.01417675798213921,0.13524315975809884,0.01147217773253867,0.12999026213808848,0.008244037328257159,0.13411897696358002,0.01711668612447719,0.12948364192789066,0.00447013623236412,0.13544728836680875,0.007213355371470315,0.13168062886111856,0.00904004158053869,0.13657005617237786,0.009563242381512337,0.13139561568766783,0.010514737811282402,0.1279756548526604,0.007501225855265516
xho_precision,0.1536696000346668,0.006802118883480023,0.13148282723380225,0.016000897732263417,0.1308329597693641,0.01432877684126472,0.1384986310690425,0.00540293292397333,0.17075565678605084,0.009265269262141608,0.11338666330134606,0.00154290350059907,0.1488547986739568,0.008305611270533404,0.1721175051863403,0.0038008129290693937,0.1721175051863403,0.0038008129290693937,0.10135842766557028,0.012678647259992999,0.13673915148587723,0.009863648043306184,0.14385114323521117,0.014645207765773867,0.16140714780525603,0.012893915301874774,0.14422771815381746,0.008117620889468569,0.11602265863222812,0.012224474828812622,0.11711638076106079,0.013932753287985442,0.12004160992303907,0.011398116389380746,0.15427701314577966,0.002718664359407448,0.15055493961544172,0.003999616966265187,0.15878498089501747,0.011172379027123737,0.1497462313083264,0.01693727285241911,0.16096914105055118,0.005123226757961525,0.158610509658878,0.007950015771470647,0.16448162766198707,0.008025110287802182,0.14008798918421142,0.006599445663252384,0.1675701152285056,0.00739363531393,0.1721175051863403,0.0038008129290693937,0.1721175051863403,0.0038008129290693937,0.14001047526492613,0.008600568645919834,0.15810593900481537,0.013238997358650235,0.1670725917204834,0.01659745279897756,0.15882882749554006,0.013348188783730914,0.14777212037739582,0.016593556159816673,0.15654030962718604,0.006779248808875769,0.1700706268853991,0.0072298284437741535,0.16338100738624126,0.012772625859293457,0.16403596317157768,0.012412352930853387,0.165940906488216,0.013616794791327564,0.16299423990941453,0.01197187021448136
xho_recall,0.11959785872829347,0.00394298704022494,0.10784697741219477,0.008153803366494848,0.1022326674500587,0.005137045455779091,0.09909909909909907,0.0011750881316098475,0.11254732993863424,0.009403424770873933,0.0959655307481394,0.003736542112874812,0.10510510510510507,0.0008153803366494758,0.11176393785089433,0.0014829372883667462,0.11176393785089433,0.0014829372883667462,0.10680245462854154,0.0034222071868602166,0.102885494189842,0.0069666126501914585,0.1061496278887583,0.007442224833529205,0.10614962788875826,0.007824122348389397,0.10536623580101838,0.008871720840506137,0.10027418723070892,0.003059243899689263,0.1014492753623188,0.007554759703088921,0.10144927536231878,0.004448811865100098,0.10863036949993467,0.004188279131047249,0.10562736649693166,0.008068684974790621,0.11476694085389737,0.012734640193504784,0.12756234495364926,0.015873761066507355,0.1107194150672411,0.003554160488005251,0.1154197675936806,0.005667197914665275,0.10797754276015144,0.004640124205227009,0.11881446664055356,0.004990603173682338,0.11555033294163723,0.0007833920877399481,0.11176393785089433,0.0014829372883667462,0.11176393785089433,0.0014829372883667462,0.11032771902337113,0.007021454320276139,0.10849980415197805,0.017172197584632155,0.11372241807024414,0.009613192392844989,0.11006658832745786,0.005689713688340732,0.12299255777516639,0.017979659095226804,0.11058884971928447,0.006440194518939052,0.11254732993863424,0.00681070706658568,0.11241676459067759,0.008863069721100469,0.11698655176916044,0.007728762808172713,0.10876093484789133,0.00860246319886623,0.10536623580101838,0.0052987658670069025
yo,0.6003976143141153,0.037140241932941104,0.6368455931080185,0.04085636220489952,0.6666666666666666,0.010201990933294007,0.6063618290258449,0.05345657916401097,0.6878727634194831,0.022927559830359396,0.658051689860835,0.01106911404141155,0.6196156394963551,0.047892860079932806,0.6706428098078198,0.06479812201945466,0.6706428098078198,0.06479812201945466,0.6507620941020543,0.025563023885998588,0.6461232604373758,0.01733160613733861,0.6156394963552021,0.033108007943795384,0.6719681908548708,0.017892644135188873,0.6017229953611664,0.04879220711517551,0.6699801192842942,0.011246231112310882,0.6626905235255136,0.008964711238216466,0.6679920477137177,0.015009611203321515,0.6709741550695825,0.004217336667116561,0.6779324055666004,0.005964214711729587,0.6719681908548708,0.010519885928686247,0.6560636182902585,0.02150428196101783,0.659377070907886,0.023718396511826723,0.65142478462558,0.03646002572161414,0.6905235255135852,0.014382063892783854,0.6023856858846918,0.05491541676712979,0.6832339297548046,0.015945936932426793,0.6706428098078198,0.06479812201945466,0.6706428098078198,0.06479812201945466,0.6868787276341948,0.0014057788890389192,0.6660039761431412,0.019172267914498855,0.6653412856196156,0.05978555764756286,0.6620278330019881,0.03681960075040189,0.5931080185553347,0.07160738321664731,0.6355202120609675,0.033640928155061804,0.6408217362491716,0.027856659452596032,0.6620278330019881,0.023439018136285485,0.6023856858846918,0.06590689643837289,0.682571239231279,0.018472312610690985,0.6540755467196819,0.0028115577780777595
yo_f1,0.40105537167597555,0.08374798425180047,0.4300553130137171,0.12133529703898971,0.4955475241713774,0.017341396937676896,0.41465897667733986,0.0963137228617381,0.524312675628465,0.03134727172489302,0.4971806469564317,0.0065665949293290055,0.43696700335256233,0.05584800731379975,0.5017764057065367,0.07215760435012764,0.5017764057065367,0.07215760435012764,0.5025319798599399,0.07241309374123783,0.46715932618490474,0.02197047069969443,0.39851681370668707,0.026498353759258516,0.5132496095310741,0.007710761827250355,0.43304093567251467,0.043598638562434414,0.5096238785369219,0.007223865754116302,0.5044809053358114,0.03433155948863788,0.528362978453441,0.0352428790646331,0.5138047138047137,0.00666632655664079,0.5318393555621149,0.02574510982879324,0.5165760999094332,0.020179631171194715,0.5051532152307345,0.02669213793656227,0.43896457109848847,0.0992897702113129,0.4814949295923346,0.03968381191696293,0.5080140251299202,0.03743179439875274,0.43450065586288494,0.0604906223206622,0.5400614871853809,0.026893949672963578,0.5017764057065367,0.07215760435012764,0.5017764057065367,0.07215760435012764,0.5693088587311748,0.01101073476712959,0.5084131360311503,0.038773225864869525,0.47944893259961746,0.07709537472664307,0.48649541314705175,0.013883507156831787,0.40594963088309904,0.07634066923644242,0.44097746011646005,0.0912660982232483,0.41402872260015117,0.09529014162935917,0.4524130763416478,0.10270109134651778,0.411261496517318,0.104666847804398,0.5115629154930464,0.014723774686105718,0.4934888636550195,0.013423807834608916
yo_precision,0.381856339589768,0.09379305126359033,0.4150752940236823,0.131973786152676,0.49025523309832214,0.021505957154482364,0.424589027530204,0.10776744041146695,0.5118794594458311,0.03515444111962398,0.500474987974988,0.03125631943319328,0.445408956824886,0.06961044726034996,0.48813372339513106,0.0799877579054661,0.48813372339513106,0.0799877579054661,0.5075054113698697,0.09073680933498708,0.4664350517049167,0.028590147768667955,0.3765442352651655,0.029813755705249648,0.5016475995132944,0.013138001642403701,0.4311312469207205,0.037739481145226905,0.5002230980887931,0.012941131514147037,0.5047314915184719,0.03530399085723795,0.5410875949980319,0.036299270815082794,0.5235474006116208,0.013839398775516541,0.5234442513256646,0.02777121251922532,0.5199340933854208,0.021197312586494082,0.5154134904134904,0.022339468357708756,0.4236979699470322,0.10797622779588932,0.47437785475558947,0.02666699577519758,0.49477832512315273,0.04933573161844227,0.43076670952777146,0.06644199470947702,0.5367533737393705,0.019916072223030608,0.48813372339513106,0.0799877579054661,0.48813372339513106,0.0799877579054661,0.5710974423130386,0.013918688977821132,0.512891259577625,0.04251477956588023,0.473272159622181,0.09066908618583516,0.4733245149911817,0.0312623910467461,0.4038653357089557,0.07228924710960491,0.4322636864692939,0.11671727611545075,0.3931241385889808,0.1066982539422455,0.43856829808417935,0.11483189746690603,0.3989680674463283,0.11499285112271,0.49847799276702826,0.008771887951099571,0.48305031502988743,0.018595721545795505
yo_recall,0.4234234234234234,0.07036260969285274,0.44744744744744747,0.10748066167071042,0.5015015015015015,0.022672175481293546,0.4054054054054053,0.08594046859612124,0.5375375375375375,0.028959912195174048,0.4954954954954955,0.018018018018018,0.4294294294294294,0.04444038614699321,0.5165165165165165,0.0632771997168333,0.5165165165165165,0.0632771997168333,0.4984984984984984,0.05430372768776314,0.4684684684684684,0.0238355973969783,0.4234234234234234,0.023835597396978263,0.527027027027027,0.006370331362041021,0.4504504504504504,0.06370331362040972,0.5180180180180181,0.006370331362041021,0.5045045045045045,0.0360360360360361,0.5165165165165165,0.037507495485876244,0.5045045045045045,,0.5405405405405405,0.023835597396978294,0.5135135135135135,0.023835597396978322,0.4954954954954955,0.03248244392309897,0.4564564564564564,0.09113508051347458,0.4894894894894895,0.05430372768776315,0.5225225225225225,0.0238355973969783,0.4384384384384384,0.05430372768776318,0.5435435435435435,0.03410755763243408,0.5165165165165165,0.0632771997168333,0.5165165165165165,0.0632771997168333,0.5675675675675675,0.009009009009009,0.5045045045045046,0.03926935985171778,0.48648648648648646,0.06306306306306306,0.5045045045045045,0.012740662724081905,0.40840840840840836,0.08124774329410625,0.4534534534534534,0.05998493800431885,0.4384384384384384,0.08124774329410622,0.4684684684684684,0.08872844866482978,0.42642642642642636,0.09633042001408676,0.5255255255255254,0.022672175481293574,0.5045045045045045,0.009009009009008993
yor,0.8565472721567221,0.07079227982697696,0.6576635136952526,0.07853847820848543,0.6140972191090988,0.16817557481589065,0.6796595986312219,0.2657233292900509,0.9256436694012343,0.0032697763649015216,0.31799435154884115,0.15354575110594865,0.8451382973954363,0.11311383069722884,0.9204958084906082,0.011074390754461025,0.9204958084906082,0.011074390754461025,0.28931874897266924,0.1250748963771246,0.8412082903722299,0.07225527762099314,0.8040600110578144,0.14693476517377657,0.9153853050611915,0.0034176031833139356,0.7970293330942454,0.07865830570531657,0.7222172412247275,0.23566656122919252,0.6131856965675947,0.2898317902914666,0.5367821759985655,0.31273958029775567,0.8238295901137161,0.04151658490942407,0.8767352550021666,0.028789806052880496,0.7527308318763916,0.07014683750677388,0.49505386948790364,0.05050523170650719,0.909348336097787,0.02167693527261399,0.8250474440011356,0.027471809798882436,0.9183440175729592,0.008192426637639754,0.9121426756922341,0.012203394051591116,0.8825331360858325,0.03285364896777296,0.9204958084906082,0.011074390754461025,0.9204958084906082,0.011074390754461025,0.5162505043259963,0.2609771420547197,0.8738213714678501,0.04228825423033369,0.9187175923850511,0.013946177684580074,0.9205630519567848,0.003524638262352,0.8910954707789781,0.023876863371001186,0.702582149101179,0.21669834218417627,0.9047608374052988,0.014500511211357037,0.8458854470196203,0.11218821369180805,0.6121322155974955,0.2342023505536547,0.9170439772268795,0.006788038345024114,0.9347364803275505,0.004831886574107295
yor_f1,0.2660747326675776,0.06292144706828263,0.14559944110075948,0.013724727041205292,0.11287794357961517,0.008792497089306616,0.13033530345222763,0.03962595526537505,0.3202858082777581,0.02311450839460955,0.08602135811844867,0.0157876177671422,0.2387916076047212,0.08445279592617284,0.3346913328564238,0.028440802971526485,0.3346913328564238,0.028440802971526485,0.08606862565920603,0.014840621071251921,0.19637895364774302,0.022790152468420345,0.21925632182754784,0.07876869888100507,0.304252874110114,0.006376500283724685,0.21622825405751342,0.054081995280537545,0.19742018128588043,0.06864592621625294,0.13961803894191516,0.04933068249855452,0.10627816844344819,0.029770592027489478,0.21562150586078052,0.01736344758453616,0.26617046310364434,0.024022249934265896,0.17039389162591392,0.04088960404745874,0.10597592562477647,0.007598405751494144,0.30706002259190884,0.035127021537222296,0.22011095959179205,0.029421184813849272,0.3030256601363616,0.02787729320165243,0.27222087822250535,0.03368873967572743,0.27608353572728106,0.039505563711794485,0.3346913328564238,0.028440802971526485,0.3346913328564238,0.028440802971526485,0.11345769026743213,0.05108097008045349,0.24611874162034753,0.042225526333140646,0.3315006865994241,0.035235566088178884,0.3310715808311456,0.006762236456936265,0.25345165076034887,0.0412039537746517,0.17512809348669048,0.06872998282198578,0.28685994340123155,0.027101948730934994,0.24225170844110522,0.06959281890976295,0.15562213813573553,0.07929940943720139,0.3143443392489259,0.006304775933706769,0.3462350631133186,0.018008958062989636
yor_precision,0.21491867010783325,0.07172855158396686,0.09695074341227666,0.010974960660717348,0.0803450121171702,0.01143838094652822,0.11047051897076766,0.04590520087795099,0.2947612784224878,0.01571717323158481,0.0579747574864083,0.007152159266111231,0.23332743989741964,0.10986830522288116,0.2996657122033919,0.030693342564430494,0.2996657122033919,0.030693342564430494,0.054922213616100966,0.008673130964633355,0.18693214745488781,0.03799034019602543,0.18554948675523067,0.08659719692499145,0.27304701620693334,0.009191681601622466,0.17630335910206799,0.06247106529796837,0.15109608464278398,0.06588583290519778,0.0998941166847752,0.0394426424091571,0.08154600726484264,0.029073784604131528,0.16551898164842577,0.019689602525187627,0.21779832994375148,0.02503776432325114,0.1181432359714578,0.0355965062917988,0.0691330586418807,0.0060900124920684785,0.26509958601006106,0.04391207186930846,0.1687568120292132,0.021784191107739232,0.27854630143475906,0.03654962218803241,0.2395155983502042,0.03586803743152617,0.22752894057352333,0.05334428042782389,0.2996657122033919,0.030693342564430494,0.2996657122033919,0.030693342564430494,0.07747637970691454,0.03996414276190224,0.20742382057258188,0.04163930666293437,0.29919179540553525,0.04685932289652418,0.2936451158595581,0.013264044033491865,0.21068697827329919,0.03551924241168119,0.1315166860966559,0.0611824312991557,0.2477824119916309,0.036604201837522415,0.20212907651188594,0.07959568327685503,0.11105200701652566,0.0633718929192485,0.2807131017993108,0.0116461227819275,0.32533837929037085,0.019756683430345954
yor_recall,0.3599681971774995,0.023319434507751886,0.29318226992645596,0.014315410518808058,0.19419598489365927,0.01580296498533169,0.17292784734645195,0.043977087817512896,0.3518187239117471,0.03946876742605347,0.1713377062214271,0.06333549267927442,0.2542238123633472,0.049662881602680356,0.37924865831842575,0.024067305987609474,0.37924865831842575,0.024067305987609474,0.19936394354999,0.04548088555262515,0.21228384019081692,0.027950009887317752,0.2868217054263566,0.027018511053569904,0.34386801828662295,0.011287832132379825,0.29437487577022464,0.022234450712470728,0.30510832836414226,0.03821149571566969,0.23812363347247065,0.07736862855024325,0.1566289008149473,0.02981713370437068,0.3112701252236136,0.015674942669165085,0.34366925064599485,0.028072718869827193,0.3126614987080103,0.02473998470682032,0.22758894851918107,0.006541237396900965,0.3673225998807394,0.013479611872936592,0.3164380838799443,0.04507645174214879,0.3341284038958457,0.024761534177381785,0.3160405485986881,0.030469854003676165,0.3587755913337309,0.007550554527220276,0.37924865831842575,0.024067305987609474,0.37924865831842575,0.024067305987609474,0.2194394752534287,0.06565834041026021,0.30331941959848935,0.038295153661688106,0.3734843967402106,0.018256350631214533,0.3800437288809382,0.010821433185304086,0.3184257602862254,0.051271649594790615,0.27270920294176104,0.05249272380121346,0.3430729477241105,0.005071497047176736,0.32001590141125025,0.01584790241723523,0.2663486384416617,0.0925736680266634,0.3577817531305903,0.01402263090793665,0.37010534684953283,0.016678725260026426
zh,0.6593297594816959,0.011036041413165667,0.6731932459937505,0.00972035868128511,0.7198386988886659,0.023179626257353435,0.7092012346032929,0.013748358807704022,0.6694703246089309,0.015163626675564262,0.6910758822348996,0.00305368079339693,0.7097535571290695,0.0215085929638354,0.6611090406979522,0.02265009365266254,0.6611090406979522,0.02265009365266254,0.6602910682376325,0.013503940956053001,0.706894475819167,0.018323419555358784,0.684585614769372,0.006337829846371504,0.6530363405288154,0.01230047161149898,0.6979139791111238,0.003857792303449514,0.671045112710107,0.01898962723663692,0.666746934992212,0.01571228212501821,0.6664793739070608,0.016913734386590454,0.67134325220499,0.022655322870451862,0.6683408345994706,0.00708248719012799,0.6596661219887433,0.018429874179245086,0.6600349740561305,0.007525336257953534,0.6658257603990482,0.010386386541787234,0.6847442402698545,0.014240401263979323,0.67665816204646,0.0068813015232978645,0.6776653384169938,0.009298402151939663,0.6652008141501592,0.0297551351724153,0.6611090406979522,0.02265009365266254,0.6611090406979522,0.02265009365266254,0.673778058079867,0.01947946227131693,0.6745998528414031,0.011549142265699036,0.6632896635419354,0.010077146851992316,0.6583684507257594,0.013086922904113882,0.6671501877705474,0.024068282995882283,0.6694817915125801,0.02179572169895176,0.65847547515982,0.020622122370792865,0.6628940553660331,0.017962750234367206,0.6670412521858785,0.03423602660568584,0.6604114707259505,0.026089427472737146,0.6708157746371203,0.0040545531970249404
zh_f1,0.32575698412528326,0.014176705957389535,0.31584666192402866,0.01859967463462411,0.319426089851117,0.007083363045006966,0.35016664480282517,0.006765678661159808,0.33782487133743144,0.01647941474652882,0.3451996750536337,0.010142831005177003,0.34948890932335996,0.03377634010518671,0.32503213483373405,0.011782259936463006,0.32503213483373405,0.011782259936463006,0.3142130627544644,0.015660332962326808,0.33453260299798093,0.016946486986966318,0.34466833518564965,0.0050459587710427155,0.3309457212206104,0.025233837614867315,0.35236961106368114,0.011215662766059883,0.33242991002889244,0.032541756995972476,0.3296423408260638,0.021376360269234305,0.3202227458747476,0.030037145631486725,0.3144610709766189,0.028188848065016273,0.340016192657822,0.00993985946630816,0.3216053857842269,0.011817736294870356,0.3195620964172851,0.02406891013368425,0.3056087279453154,0.02321805897368882,0.33513248831278575,0.03166892470000793,0.3345679447348207,0.0037249838790288916,0.31555140384093,0.027806004102407803,0.32932801326496985,0.04492390983987594,0.32503213483373405,0.011782259936463006,0.32503213483373405,0.011782259936463006,0.3337720699673065,0.017349404220000204,0.33354886465073214,0.0337459102810034,0.3360794830662943,0.023717503608784687,0.32102426065027906,0.027772029071692923,0.29646301898577,0.013855420573090154,0.31452488620680025,0.010515080671800764,0.316952452326557,0.018132149585833746,0.32122800799543355,0.036201322969269145,0.3271091894564757,0.033050455620819714,0.33651033123240914,0.0358798760047336,0.3448410428558843,0.0037280923624315883
zh_precision,0.25488085880105604,0.015533375698185576,0.24117108519063993,0.016357606816571148,0.2577059434244937,0.005462024772469681,0.2784645114182059,0.005352137048781066,0.266209675923106,0.01661708425585771,0.2713047340172439,0.011317298979156488,0.27928060935404286,0.0314969375525408,0.24798052664642908,0.010809473765416482,0.24798052664642908,0.010809473765416482,0.24779260309337772,0.015191117787250654,0.26525783693955324,0.015938697835420432,0.27132561499086094,0.003995090073234961,0.25333297951756023,0.020526993683548878,0.28269378316353344,0.012332472686080839,0.2585273366099308,0.028574199301224047,0.25336417216520396,0.018647583385913696,0.25066832739548034,0.02549448837594544,0.24200839312981723,0.024820390266867432,0.26351455361687626,0.01056661638403602,0.24637516616014954,0.013230676365543611,0.24752921827692861,0.024865749405899234,0.23708935589145388,0.020178832247365556,0.260895259807516,0.027148582263029648,0.26352234557806603,0.0012006532322489936,0.2470062790764532,0.025959187950055737,0.2515918121442573,0.04043753619753565,0.24798052664642908,0.010809473765416482,0.24798052664642908,0.010809473765416482,0.26016197057711477,0.01674449060578548,0.2591100157553867,0.03242026420348948,0.25777688521962205,0.022357964733826625,0.2445276465166573,0.024392507782867157,0.23061568474818253,0.013150970364530817,0.24310344807234527,0.007220075052994398,0.2428168697227163,0.017156607444148025,0.24532178189698853,0.0312650631658951,0.2584716742452127,0.026577970865826653,0.2578847654027028,0.03408215772104389,0.2647555909658284,0.0025488320353703174
zh_recall,0.45178188529707136,0.008663932446177197,0.45772602665363843,0.02025548240770423,0.42002551366609664,0.010111443267646675,0.4719756805906142,0.01858994878458788,0.4624216269033466,0.01193420561873003,0.47466275819015813,0.005526420790185808,0.4672800803409059,0.03244063843122051,0.4716499742149119,0.010510761408249783,0.4716499742149119,0.010510761408249783,0.42960670955133945,0.01620634707841583,0.45292185761202935,0.015849835185922444,0.4723556713622668,0.007094401517778105,0.4771598404038759,0.032098193944479915,0.4678229243004098,0.00560267827878622,0.4657601172542953,0.035022523688742487,0.47186711179871343,0.02477416665335778,0.4433406617267866,0.03576401477512237,0.4491219498955025,0.029644238444968593,0.47930407404391606,0.004557222728578557,0.46345303042640396,0.004403314505758428,0.4516733165051705,0.013681364061700526,0.4299595581250169,0.02547004247504951,0.4685829058437152,0.03639225256728533,0.458241728415167,0.013598322449394214,0.43745080476617,0.027562190403876117,0.477729826561355,0.042214093936656344,0.4716499742149119,0.010510761408249783,0.4716499742149119,0.010510761408249783,0.4657601172542953,0.014732814063254334,0.46920717639714465,0.028015284792997242,0.4831854083543685,0.01931218408015356,0.46749721792470744,0.028374140122971434,0.4153841978123389,0.017713668830653315,0.4458377439405043,0.024570376334810743,0.45669462313058107,0.01676208183790934,0.4655972640664441,0.03928451319351332,0.4454034687729012,0.04377230438554165,0.4854110685883343,0.027080719125469836,0.49439513611812275,0.0067246404550191366
zul,0.8984257200541798,0.0009708103919457855,0.8777760740116026,0.011251904363921964,0.867476807482941,0.030345015159040808,0.8849063354545222,0.008767208713339851,0.9114850877865522,0.0011696807714783439,0.8550819085588693,0.009149268977121835,0.8873342022540825,0.006927459632340122,0.9142707454828899,0.0014498101636105112,0.9142707454828899,0.0014498101636105112,0.8096041299292085,0.0411318410650068,0.8694446574152163,0.006323992701104875,0.8906309898029594,0.00548829769972457,0.909517237854277,0.0023173764529587277,0.8848680007155818,0.001728184000824626,0.8613943622377264,0.018956182782982948,0.8523984768330394,0.022721259882458752,0.8447954202765212,0.027339988941284026,0.9044826088067673,0.0016860023203312334,0.9055815379897263,0.004684373340608831,0.9069232538526412,0.005286442506123341,0.883717958547369,0.0021523286030466636,0.910782284239311,0.003012713776218376,0.9008280303611134,0.0057056980379222594,0.9127501341715862,0.002283733958231412,0.8854430217996883,0.006041989431484875,0.9082394132229292,0.004890096461814245,0.9142707454828899,0.0014498101636105112,0.9142707454828899,0.0014498101636105112,0.8901198599504204,0.0098274849818084,0.9067826931431932,0.0017488933640957484,0.9097728027805464,0.006355517436420706,0.9113828618160443,0.002436996169437768,0.8846891052671931,0.008023141245077024,0.9071915970252243,0.006826167406603195,0.9139512893250531,0.002676394462794411,0.9083671956860639,0.004837827853625632,0.9087888778144088,0.0029756582320154996,0.9137340591377239,0.003154260342764381,0.9128779166347211,0.0020372788937044564
zul_f1,0.26697997497709874,0.014835742460636812,0.2453598322999279,0.0247040168496949,0.23750463880257608,0.016942686959836615,0.2431758439904482,0.008746463798391339,0.2692687941594123,0.010411287049379067,0.20511543334847193,0.0225631892541482,0.2457990128252123,0.008613106810534362,0.2909211959205292,0.011308058040856911,0.2909211959205292,0.011308058040856911,0.2015323134213242,0.021416882352383856,0.23633391403092027,0.026723716354304036,0.2648257965811282,0.009815310595512194,0.2730753647456721,0.019654377599849768,0.25809243042481617,0.006377888303085908,0.2378397677618562,0.029746044372151115,0.2273887034025175,0.022968713290073037,0.21814956007199893,0.026425459316588892,0.2609809110128943,0.013794722548298421,0.26889689912296283,0.0005930754036123266,0.2812012626929959,0.02660676237534573,0.24984829762501803,0.03415139207987713,0.2791980329740012,0.009380809730490517,0.27905446071150775,0.022382645682818815,0.274393952315642,0.02174720974859959,0.2553371201761667,0.009423855900719678,0.2612973542523896,0.0052915185098512535,0.2909211959205292,0.011308058040856911,0.2909211959205292,0.011308058040856911,0.2565723951671109,0.030452617926779887,0.2769238688712043,0.030969867059317924,0.2690276144405235,0.023630565083096706,0.2906341310087865,0.006795911379363139,0.24060666542630935,0.02972091457161926,0.27271823868676104,0.015339099902351754,0.28953564230072865,0.0279919284789349,0.26090847833612363,0.017177888322128923,0.2760139951253136,0.01584041775291171,0.2853853878228176,0.028763892291583767,0.2848488870206844,0.008658173757893376
zul_precision,0.29877043542825216,0.01966414728749822,0.2622974230120587,0.03473556352728548,0.2623819355618014,0.04626791093661617,0.28265408600386666,0.019849126833575707,0.34393587302845785,0.007490771716057399,0.2155762894525277,0.02101310424111063,0.28441582342893584,0.012271349560793638,0.38380515189994235,0.017405772395475763,0.38380515189994235,0.017405772395475763,0.18175660101907035,0.02861146926006922,0.2639794377068751,0.03214160493745717,0.30323055810061883,0.012052308689583721,0.3543509041903356,0.02425240500312721,0.296337205195581,0.0061376436034057255,0.24625517739486694,0.041335350554757316,0.23641676822500154,0.03290071081717776,0.23169282634845367,0.04334512579026059,0.31855782213626954,0.0100446607915043,0.32852522181635063,0.01084712926905433,0.34008424746395544,0.03532952282640776,0.2621872560044555,0.03441087417224531,0.3420096133444194,0.023914556142797003,0.3272807588777272,0.03298001528160934,0.3562284847206478,0.032524161077574526,0.2662689524244841,0.011141230956335202,0.3229235862243894,0.019096262653000757,0.38380515189994235,0.017405772395475763,0.38380515189994235,0.017405772395475763,0.28405760412877545,0.03867843112116073,0.33136423137953597,0.028081350122656168,0.34090987140649626,0.046373562953851095,0.3562728311404797,0.01784375606255165,0.2561789944152196,0.024542453792151635,0.32710896329253375,0.03893533646036606,0.3721857180054209,0.03161847206656471,0.3281062088002617,0.025660571681585514,0.33095162370979386,0.016050468276602975,0.3693205474401502,0.032051350093892844,0.3757764722050436,0.013853094088487668
zul_recall,0.24134334584897785,0.011578380547666203,0.2311222361284939,0.019453005310027995,0.21964956195244054,0.013111593767056888,0.21360033375052145,0.002605339173299308,0.22131831455986642,0.011544509054669761,0.19566124322069248,0.0237165134874258,0.21652065081351687,0.008419038827956013,0.23425114726741758,0.008403519849179638,0.23425114726741758,0.008403519849179638,0.2284105131414267,0.018846333349656602,0.21401752190237797,0.023153942428035063,0.23529411764705876,0.012085862275236546,0.22215269086357947,0.01668622231035468,0.22882770129328325,0.010880935632661624,0.2304964539007092,0.020222870234653918,0.21944096787651227,0.014067346933740016,0.20734251147267413,0.01174627302903719,0.2211097204839382,0.01502311854821094,0.22778473091364204,0.005346685697945956,0.2400917813934084,0.024239134253978008,0.23863162286191067,0.03381733952531309,0.23633708802669998,0.009476693109387207,0.24342928660826033,0.017285641197663484,0.22319566124322066,0.016370316360645332,0.24530663329161448,0.008693644549092504,0.21985815602836878,0.00816719730932496,0.23425114726741758,0.008403519849179638,0.23425114726741758,0.008403519849179638,0.23404255319148928,0.024501591927974825,0.23800584063412591,0.031128079569445,0.2225698790154359,0.012583255011978014,0.24572382144347102,0.008070730964602887,0.22820191906549847,0.03830243932403226,0.23466833541927404,0.005122248292786261,0.23696287025448473,0.024750722146343284,0.21672924488944512,0.014067346933739948,0.2367542761785565,0.015358247921735452,0.23258239465999164,0.02556788226290291,0.22945348352106798,0.008403519849179699
