method,afri_only,afri_only,least_family_en_20,least_family_en_20,least_family_en_5,least_family_en_5,least_same_script_10,least_same_script_10,least_same_script_20,least_same_script_20,least_same_script_5,least_same_script_5,least_uriel_10,least_uriel_10,least_uriel_20,least_uriel_20,least_uriel_40,least_uriel_40,least_uriel_5,least_uriel_5,least_uriel_en_10,least_uriel_en_10,least_uriel_en_20,least_uriel_en_20,least_uriel_en_40,least_uriel_en_40,least_uriel_en_5,least_uriel_en_5,most_distinct_script_10,most_distinct_script_10,most_distinct_script_18,most_distinct_script_18,most_distinct_script_5,most_distinct_script_5,most_family_en_10,most_family_en_10,most_family_en_20,most_family_en_20,most_family_en_25,most_family_en_25,most_family_en_5,most_family_en_5,most_same_script_10,most_same_script_10,most_same_script_20,most_same_script_20,most_same_script_41,most_same_script_41,most_same_script_5,most_same_script_5,most_uriel_10,most_uriel_10,most_uriel_20,most_uriel_20,most_uriel_40,most_uriel_40,most_uriel_5,most_uriel_5,most_uriel_en_10,most_uriel_en_10,most_uriel_en_20,most_uriel_en_20,most_uriel_en_40,most_uriel_en_40,most_uriel_en_5,most_uriel_en_5,random_langs_with_seed_10,random_langs_with_seed_10,random_langs_with_seed_20,random_langs_with_seed_20,random_langs_with_seed_40,random_langs_with_seed_40,random_langs_with_seed_5,random_langs_with_seed_5,xt_afri,xt_afri,xt_only,xt_only
,mean,std,mean,std,mean,std,mean,std,mean,std,mean,std,mean,std,mean,std,mean,std,mean,std,mean,std,mean,std,mean,std,mean,std,mean,std,mean,std,mean,std,mean,std,mean,std,mean,std,mean,std,mean,std,mean,std,mean,std,mean,std,mean,std,mean,std,mean,std,mean,std,mean,std,mean,std,mean,std,mean,std,mean,std,mean,std,mean,std,mean,std,mean,std,mean,std
language,,,,,,,,,,,,,,,,,,,,,,,,,,,,,,,,,,,,,,,,,,,,,,,,,,,,,,,,,,,,,,,,,,,,,,,,,,,,,,
af,0.9116194356979688,0.002386985049357719,0.9197536580848306,0.002695245825311228,0.9176930913132062,0.002958080432243847,0.9157251342841266,0.002123975725352724,0.9192443045008335,0.002185014307487328,0.9163965549175773,0.0034786229566863124,0.9117892202259678,0.0015977976532206525,0.913734024819411,0.0035163257856067167,0.913734024819411,0.0035163257856067167,0.914428597888498,0.002403099395694118,0.9155862196703093,0.0013829583740570487,0.9176004815706613,0.004463478959350776,0.9147527319874051,0.0018281141284797464,0.9122291165030562,0.004051874680928641,0.9130857566215966,0.0030401772290018624,0.9104695313947028,0.006497823627768039,0.9111641044637896,0.004444222444059588,0.9104463789590665,0.0022392925953351535,0.9120670494536026,0.0032580558451351486,0.9155862196703093,0.002936863113241139,0.9116271531765141,0.0040960840000357525,0.916975365808483,0.0029533652007967953,0.9171374328579367,0.004751385237946004,0.9167206890164846,0.0013257001890385743,0.9135333703772303,0.0009368395940910881,0.9179709205408408,0.0041315260286523174,0.913734024819411,0.0035163257856067167,0.913734024819411,0.0035163257856067167,0.9074365623263567,0.003204975087804817,0.9181329875902945,0.0011061599596943292,0.9180635302833858,0.0009210674043239321,0.9158177440266716,0.001958719772700567,0.9123680311168735,0.004295717990153592,0.916466012224486,0.0012810084534942631,0.9179940729764771,0.004022931400069253,0.9143051182317713,0.0034531555699957033,0.916165030561215,0.003408051108475093,0.9160261159473978,0.004599746699136578,0.9166512317095759,0.004858261547917734
af_f1,0.7401871363503906,0.006132207086308647,0.7658653479968001,0.00798314430598495,0.7612423236831527,0.006412812450081295,0.7575252116149078,0.006357810549795192,0.7642314177081593,0.004720925287549939,0.7581630199111028,0.007889276386213265,0.7480769883566488,0.004135275366393398,0.7528938404572378,0.006932960745274802,0.7528938404572378,0.006932960745274802,0.746942064954898,0.005356634342855486,0.7573222760215438,0.001560005952336622,0.7628672977995731,0.010811228744149456,0.7529011429694106,0.0021588412750330505,0.7468365634262302,0.013167555818461801,0.7469192341885589,0.006219686055729691,0.7439391440595888,0.011117682916144,0.744565741215348,0.011181955944714186,0.742771674620194,0.0049165090865622525,0.7474323916576096,0.007834488945545982,0.7523777080329956,0.0031843030925063575,0.7404910281347636,0.007385596178159878,0.7558476667220703,0.010202383954796243,0.7589208962456298,0.007954233280805969,0.7585617157679129,0.004365637845184857,0.7442725194375026,0.0037280970607552794,0.7618764083962821,0.00981779904225499,0.7528938404572378,0.006932960745274802,0.7528938404572378,0.006932960745274802,0.7388191453342399,0.009737291205563823,0.7602899704478593,0.0018850664037324094,0.7586666627434842,0.004394785775044467,0.755227857130965,0.006214760761887472,0.738355491443023,0.006630170758137415,0.7555121436568586,0.004146683446799036,0.759982736916098,0.012091938470306197,0.7523865838047006,0.007461621606631213,0.7534739317952934,0.011174956210589587,0.7590306510730174,0.008843803432338104,0.758016132933891,0.009755089358676727
af_precision,0.6994351872483775,0.008615822510427123,0.7198625037558584,0.01062760169506829,0.7137932017094923,0.009494505222872037,0.7098152004948018,0.004426195373665353,0.720105065574783,0.006485860845026999,0.7110599717368731,0.008306234349484073,0.7007085738411085,0.005370176072774552,0.7078693697958097,0.006312326136947123,0.7078693697958097,0.006312326136947123,0.7001002742231037,0.005865608786808913,0.712470722410795,0.005492887144593635,0.7184595189909337,0.011364904527339282,0.7102621960305231,0.0014321393879411159,0.7017544312216628,0.01541093823599387,0.700720050123467,0.007044822208196397,0.6972042692123389,0.015315098480910977,0.7007466641994459,0.014217052096735551,0.6988531244927801,0.0063115454813072545,0.7035704177401305,0.0073547722362350305,0.7066111093918267,0.007434334299502695,0.6968103349508317,0.011017918511688863,0.7103698297057304,0.009955488682155534,0.7115066955020106,0.010077574024132431,0.7146559294758834,0.0036047975185723173,0.7027017271502753,0.0023990890228403204,0.716785330905159,0.014020349762332157,0.7078693697958097,0.006312326136947123,0.7078693697958097,0.006312326136947123,0.6921965178577246,0.013197839323006846,0.7161262364207304,0.003273142176707388,0.7157684304804097,0.005820908512053695,0.7108373448297594,0.008539575211321001,0.6981908756757753,0.010977131306951656,0.7102914291266558,0.0038030270454280997,0.7153153994650092,0.009969520626010805,0.7075040430607854,0.007640079731400743,0.7096885764223391,0.009055193347324115,0.7144418050341053,0.011711227666483214,0.7139475919663044,0.009701789986441667
af_recall,0.7860269360269361,0.005670844038904486,0.8179573512906847,0.006110283990489946,0.8154882154882155,0.0030613202462370054,0.8121212121212121,0.009017871796453712,0.8141414141414142,0.004223319354035233,0.811952861952862,0.007343361527701774,0.8023569023569024,0.006700252101728049,0.8040404040404041,0.008024495143308427,0.8040404040404041,0.008024495143308427,0.8005050505050505,0.004805112150080287,0.8082491582491582,0.003824180704242629,0.8131313131313131,0.01005601651385059,0.801010101010101,0.005779750028993855,0.7981481481481482,0.010751589186250157,0.7996632996632996,0.0067452207413318645,0.7974747474747474,0.006719962909056227,0.7942760942760942,0.007548898640089888,0.7925925925925926,0.0036883673906071587,0.7971380471380471,0.009057593691295239,0.8045454545454546,0.003128475839453748,0.7903479236812571,0.0038291183185705717,0.8075757575757576,0.011810137282092835,0.8139169472502806,0.006643613282580839,0.8082491582491582,0.007993826668069137,0.791077441077441,0.0056441261327407795,0.8131313131313131,0.008052700837105374,0.8040404040404041,0.008024495143308427,0.8040404040404041,0.008024495143308427,0.7932659932659933,0.008805856451597297,0.8102693602693603,0.0020846437285080024,0.807070707070707,0.0060854957179465275,0.8065095398428732,0.003708801715344153,0.7836139169472504,0.004729810887924912,0.8069023569023569,0.006514375695143216,0.8106060606060606,0.014716282886689929,0.8033670033670034,0.008320427830684958,0.803030303030303,0.014044884588965858,0.8095959595959596,0.005776480014571385,0.8079124579124579,0.01119243780376742
ar,0.762844421651359,0.0120858366366479,0.7468102631047291,0.026138739399871547,0.7580578737159464,0.008729990262610796,0.7578597292803083,0.023203551397594023,0.7661662548370554,0.011876233817387553,0.756989447837506,0.008636914546582894,0.7557928108536529,0.018005814666346494,0.765653410415404,0.02124363458458297,0.765653410415404,0.02124363458458297,0.7437137706497583,0.024908351081663452,0.7604666884237028,0.0035039774057806583,0.7234447604394921,0.018722262207184825,0.7426414595863056,0.016906241401323793,0.7545495516496495,0.016614662290765546,0.7274503861873902,0.021080475415580256,0.7385464745831196,0.024127689617360493,0.749588170388674,0.017405473332320318,0.7605793587890656,0.012903562967077514,0.7653620215394656,0.013169731933018068,0.7809804652897571,0.01285941774971098,0.7632057438575225,0.01784851570381113,0.7645810993519511,0.022938330608354377,0.7740415248574137,0.005659281992193803,0.7658398992960045,0.0175032547948492,0.7735170248807248,0.03297803505069388,0.7800557912567796,0.02549329882591486,0.765653410415404,0.02124363458458297,0.765653410415404,0.02124363458458297,0.7927525758776633,0.01565502281110779,0.7827443392854367,0.013310879728902953,0.7669277510995074,0.01928498558950888,0.7655834770851788,0.02087859337340207,0.7770253469470216,0.028012787457583357,0.7593904921752374,0.016394758939499335,0.7814078356411333,0.022094058939347714,0.7629298957216343,0.006868859135333602,0.754530125724587,0.028645257000024685,0.7649890437782647,0.02626955868082107,0.7580734144559964,0.026072015460530108
ar_f1,0.5044990978786099,0.016228910099975877,0.4826048732391683,0.04314210810294269,0.4879300935163729,0.01673452519252512,0.5038925971651087,0.034946420040186325,0.49848878639643424,0.034132444851118375,0.48650363546933373,0.016202438370181153,0.49029030604999213,0.031045666033143654,0.5142900654140979,0.04375750448578667,0.5142900654140979,0.04375750448578667,0.4915031733047578,0.03529627621426614,0.49940125236670757,0.012800341637368024,0.4833196057066932,0.02311501981385759,0.48842429205758797,0.01997661551067373,0.48359093598140995,0.03275418937273858,0.46086250053027494,0.02013124319504317,0.4936518054156366,0.020888850950534773,0.48170912844491875,0.02426397138351118,0.5111466345576327,0.028291124740261686,0.5138684848704876,0.02966773949190955,0.5395868215176981,0.015812628634561655,0.49805459984671696,0.034802181877561504,0.5075016172997229,0.04426377478398484,0.5226243984896339,0.015401539790202572,0.5099678339470308,0.03309688748901067,0.5294085760443664,0.054059794221057805,0.542621201246813,0.04976553964661725,0.5142900654140979,0.04375750448578667,0.5142900654140979,0.04375750448578667,0.546444355158209,0.0271233222669084,0.5381438262245235,0.02602010264544464,0.523325686407052,0.026525627734321357,0.5216707093239578,0.027679184419004448,0.5285026198630687,0.057327459461485056,0.5048700467097494,0.03222393272359558,0.5434695305967708,0.05299456487255826,0.5103945467269185,0.009556151490831211,0.49777396855492234,0.03924518548806019,0.5278954251420033,0.03516873598660794,0.5155885831854812,0.03473412437249345
ar_precision,0.4773701395784492,0.018177077838827167,0.46114490180892354,0.04437626728945303,0.46850517280260934,0.02086217575463778,0.48359491909252983,0.031651511672937414,0.479821961672943,0.02853529854576752,0.46827889986267934,0.0171391877368747,0.47544538887961374,0.0334133902069434,0.4832898330324089,0.04736305715387572,0.4832898330324089,0.04736305715387572,0.4556931605618595,0.043139334829384854,0.48272720490017584,0.015457119038274382,0.45351981069747027,0.021902262847394483,0.4579283209956071,0.01656997280819905,0.4689006322970743,0.034715506279089425,0.43977133908192695,0.017039235676731566,0.45926088850225977,0.026080559430929007,0.46423972519171175,0.024090257381341445,0.4860804754591478,0.029561818035379522,0.48645250928524963,0.02468168378543838,0.5079569731025588,0.021612783805222996,0.475795168939703,0.034155153196143796,0.4873455567814202,0.04298704775487172,0.5038975260977995,0.013439740647237013,0.4894781128848084,0.03711059726204566,0.506403891171055,0.054449826209986785,0.5165452354314034,0.05304562144915113,0.4832898330324089,0.04736305715387572,0.4832898330324089,0.04736305715387572,0.5236524100689203,0.026944358251096708,0.5149545541797452,0.026351155133466007,0.494658636568135,0.02627683544774998,0.49524386709557533,0.028784651432812162,0.5088455409506146,0.05750956483304214,0.4821908927392562,0.031652400096410314,0.5234061221120614,0.05199972080045718,0.4837473973525624,0.0111141455242221,0.47177241475348786,0.04309534913673236,0.497816125938899,0.04149720002303937,0.48855383437055155,0.028483494354052372
ar_recall,0.5350830446753708,0.01720569042247556,0.5063504751754152,0.04255780173921748,0.5091704414246381,0.012695747541381771,0.5260014210853539,0.03886105070611626,0.5188293809396927,0.04132976119346829,0.5062394528821388,0.015630319734363126,0.5061506350475176,0.02850036623540727,0.5497379873878675,0.03910846704799551,0.5497379873878675,0.03910846704799551,0.5340394351185718,0.023668730886020003,0.5173194777511324,0.010344005314269924,0.5174527045030642,0.026545390853977367,0.5233812949640287,0.025320236626184833,0.49935607069899635,0.03149452320786235,0.48416822097877255,0.024821936518651593,0.5338840039079847,0.014484842791886103,0.500599520383693,0.02511408365431063,0.5390354383160139,0.02758305027997487,0.5446975752731149,0.03665213882863075,0.5756283861799449,0.008836965407958973,0.5225597299937828,0.035972611915639864,0.5293987032596146,0.04561355749549223,0.5428768096633804,0.01914532584133691,0.5323963051780798,0.0287079407089256,0.5546451727506884,0.05337739417841837,0.571609379163336,0.04572628601423999,0.5497379873878675,0.03910846704799551,0.5497379873878675,0.03910846704799551,0.5715205613287149,0.029882185954894915,0.5635713651301182,0.026185286696156343,0.5555555555555556,0.027103171296177578,0.5512922994937384,0.028560055706301067,0.5498268052224886,0.05730196022378484,0.5298649968913758,0.03360511125933768,0.5651478816946442,0.0540665026558751,0.5403455013766765,0.013852616544490793,0.5271560529354293,0.03595681008006299,0.5621946886934897,0.027750930718688595,0.5458744115818457,0.042399082875686646
avg,0.8194660670255438,0.011622351204601714,0.7918309657881608,0.02419167723948499,0.7805313900305737,0.03202688678929807,0.8054881527834504,0.038680245609470226,0.8399264429246135,0.0018685697193962134,0.7442928965827058,0.03901570635867126,0.8150513456993465,0.032265956300812644,0.843764887613761,0.002814569937002112,0.843764887613761,0.002814569937002112,0.6996159537521103,0.022609873701097967,0.7944276476689313,0.04111003044636797,0.815990170489064,0.01361144901027975,0.8380146375564828,0.001604559802049371,0.8002324487914826,0.02034188564997492,0.7690792117063265,0.04278960294800025,0.7423297652959985,0.040352631002214076,0.7291829015635231,0.04541974167082364,0.8174579950009992,0.011413583345123655,0.830884094528094,0.009884382070764775,0.8274348274855923,0.007494731714656709,0.7723823672339816,0.013313302944193058,0.8388669980060517,0.001727099772513494,0.8298508257176227,0.011608285230916742,0.8435563204341053,0.0013504808254416207,0.8131738947692582,0.009391518522744604,0.8298458621649591,0.013578012020962725,0.843764887613761,0.002814569937002112,0.843764887613761,0.002814569937002112,0.7773056049816449,0.02293113302750153,0.8387642928831524,0.006338426823915953,0.8382711948081,0.004527872439674704,0.8384193930513668,0.007492095165515271,0.8062840359863976,0.011851963950499585,0.8182983259273068,0.025922091840346915,0.8403257624300764,0.006984355295438529,0.838134356421418,0.005263578517934685,0.81341490608014,0.025031169437235243,0.8434871672966385,0.004104939802582661,0.8472799409848785,0.0035509467867352955
avg_f1,0.529632590146248,0.011311192385500202,0.5134867008193418,0.01520076670338553,0.5093455503934212,0.012253247413829556,0.5214887764310528,0.011488535985255633,0.5541093087152745,0.002162747469710332,0.4998767882406375,0.010369053243035636,0.5320537209029672,0.019094717103873414,0.5611862185279606,0.006500817715251749,0.5611862185279606,0.006500817715251749,0.48252063443267157,0.005572072208855944,0.5180973197197434,0.01475950159837214,0.5279552825379519,0.012828138939811783,0.551406832913714,0.0037242028232427004,0.5180320400816056,0.0064521969056510284,0.5042346043301684,0.020157616771128126,0.4982503652041619,0.01555305649503545,0.489168826117624,0.012328535952807137,0.5267092541216666,0.010751496048255187,0.5445461190604317,0.007577549176697256,0.5388593997502693,0.006737206397722749,0.5057058249065417,0.006289036503170172,0.5514047064833837,0.004350147682005104,0.5440078059078756,0.014428817460641853,0.5595546085195593,0.004478050801743407,0.5263597395688093,0.007500126200536881,0.5424740107964674,0.019058945784225966,0.5611862185279606,0.006500817715251749,0.5611862185279606,0.006500817715251749,0.5049756407729082,0.007468979605277132,0.5509373904869527,0.0070374942486758595,0.5538245563908315,0.011064896141952297,0.5536567752424003,0.009901026603191665,0.522935027469966,0.013076457965913503,0.5313786631724042,0.015033631232058326,0.5555008298590056,0.011137924022082085,0.5490220121109688,0.005954271995552304,0.5299461157213996,0.014167446640257028,0.5603017383901432,0.008288774888481542,0.562845956588517,0.00723560711816885
avg_precision,0.49112663109778865,0.01032742606150968,0.4759440191812146,0.015874518104022406,0.4777980366988049,0.013912854883824578,0.4913815924053669,0.015516668312563734,0.5235200440394663,0.0018406682652139775,0.4667983991352582,0.008805487227287832,0.502912283805727,0.021133797481341452,0.5308690587135847,0.007408222607040747,0.5308690587135847,0.007408222607040747,0.44651506126174123,0.006021753340239994,0.4896956551294783,0.01756489914031369,0.4941426203028743,0.01371653055597502,0.5198746977358621,0.002934096509554872,0.48869218211282117,0.009963041074305552,0.4692507147347623,0.020627501642840246,0.462938716132652,0.015086094328643478,0.45854284740871487,0.012592841403555884,0.49113810152513604,0.012152094509652921,0.5096042190400801,0.010168875259930535,0.4998213606515988,0.007833858130296864,0.4681971186576743,0.007588949556760319,0.517944095145437,0.0033199059788569817,0.5082490936423416,0.01871860989300349,0.5323463192833945,0.005618181846941126,0.4893719341788545,0.007769424530660137,0.5083721762444657,0.025615212833307567,0.5308690587135847,0.007408222607040747,0.5308690587135847,0.007408222607040747,0.46753714520985357,0.009086235035209386,0.5185163824909497,0.009453863246882173,0.5197803786032065,0.012243479188469087,0.5188340157641146,0.013132374925976242,0.4867458585717252,0.013308531792486795,0.49735180916953226,0.015633802218179168,0.5217767597238091,0.012042642905553881,0.5157989397459919,0.00824163879421212,0.49629099707482566,0.015309331694224094,0.5303381159028213,0.011234652992101954,0.5359976125058649,0.007729884734187055
avg_recall,0.591462241026659,0.008419363597984559,0.5807712046757854,0.008844396507126049,0.5601960151972019,0.0144600442435629,0.5662382402468746,0.005583999337719996,0.5971142555176328,0.002007911314603579,0.5543430511379793,0.014661459278694985,0.5733868284702439,0.014335262313019966,0.6029336705797407,0.006473190862425004,0.6029336705797407,0.006473190862425004,0.5462087076398152,0.009565640860101695,0.5588539954576383,0.009924769464602325,0.5806029930525255,0.010284076769316395,0.5954104398931441,0.005812933110710657,0.5649131728163919,0.009623237348176565,0.5612072506670949,0.020049773038011597,0.5569893439238611,0.019937443778898632,0.5355822420664051,0.01384259073334759,0.5829632790474824,0.00789058385671899,0.5966955515216619,0.004160645251558902,0.601096941888017,0.007627887503802452,0.5723090625483823,0.006107923432537166,0.5983239738448616,0.007019852872497738,0.596293221999302,0.00867357844905455,0.5963991980695197,0.00647201225728023,0.5847023108747695,0.007801084760101928,0.5955930222583282,0.009344321032851238,0.6029336705797407,0.006473190862425004,0.6029336705797407,0.006473190862425004,0.5700141885580763,0.003959356180842069,0.5979368300791997,0.006506556113560749,0.6031335414962168,0.009688238144372736,0.6027970043833284,0.005087005199387383,0.5814183184533092,0.014202328238195734,0.5844971397155824,0.009528059053599089,0.6028544049011328,0.01025615169147241,0.5964070252709355,0.007320016886466982,0.5843684043378533,0.007810156261718584,0.6012765381079245,0.005161700358913215,0.5996007786955773,0.010286154322184965
az,0.8587664191890348,0.002732551588196948,0.8573957738435181,0.0033372443883326977,0.8542547115933752,0.005472260098861904,0.8542261564820103,0.004337746054085274,0.8555396916047973,0.0022755873838224486,0.8539977155910908,0.006720185251530357,0.8488292404340377,0.004970448940983019,0.8629640205596802,0.007715518522576727,0.8629640205596802,0.007715518522576727,0.8570816676185037,0.0042455346753929295,0.8483438035408338,0.0032068292727278906,0.861736150770988,0.008773191048869752,0.8631067961165049,0.0025206255272088793,0.8495431182181611,0.003172745732286277,0.8593089663049686,0.005693767957831026,0.8590519703026842,0.007628580527087524,0.8526556253569388,0.0048968477693263025,0.8581667618503712,0.007563529788634589,0.8605082809822958,0.00938016936432732,0.8601656196459166,0.005875695555727947,0.857395773843518,0.004616635358467681,0.855682467161622,0.009070043169982382,0.8527984009137636,0.005440679237268327,0.8574528840662479,0.002290112810481195,0.8617075956596231,0.0018938447934736537,0.8562821245002855,0.007146692737755182,0.8629640205596802,0.007715518522576727,0.8629640205596802,0.007715518522576727,0.8523986293546545,0.003972480249449657,0.8600513992004569,0.0029452859054029824,0.861764705882353,0.00833959185307578,0.8541119360365506,0.0039943147265099985,0.856082238720731,0.0055535103511790565,0.8585094231867505,0.006502461383149907,0.8574528840662479,0.00930598768798113,0.8573386636207881,0.01009069383326606,0.8577384351798972,0.004390683050270756,0.8622215876641919,0.01186624365059914,0.861307824100514,0.0027608525334715597
az_f1,0.6211788773357597,0.007258474255436151,0.6282170754106218,0.005123891002943038,0.6184639424353554,0.006863494344457591,0.614902241335759,0.012419548456777018,0.6201594135532376,0.005324715843408865,0.6137462487351986,0.014884933014954338,0.6066225553273101,0.012257034626731106,0.6381379310431854,0.011234048619691475,0.6381379310431854,0.011234048619691475,0.6264387646508331,0.008217906952596955,0.6051405099832312,0.005245014039481872,0.6309233970900402,0.02174181307415642,0.6406699575338267,0.005715308596745749,0.605651426179094,0.009221132314034772,0.6328825469839672,0.016287490872547664,0.6308137597000394,0.01692069807065149,0.6143337456448397,0.01160049667636573,0.6288038111156862,0.01557190983694497,0.6299083701512882,0.02509626075396232,0.6329695131159575,0.008575409591014065,0.6204326690839949,0.011292330785476463,0.6189326961224428,0.022500164050636314,0.6126090859112621,0.008676318644434895,0.6206983619525595,0.005216373149617248,0.6386740733716386,0.0060103387996366135,0.6220877348644487,0.013758105625247142,0.6381379310431854,0.011234048619691475,0.6381379310431854,0.011234048619691475,0.610903081163793,0.009845501943597023,0.6237218677795544,0.0061175172047334405,0.6329516699397756,0.01999414911640572,0.6195606522335757,0.0073987288998050346,0.6160106490237036,0.013431968721240044,0.6219076014830076,0.01299026961552155,0.622469213790422,0.018603209606629246,0.6299829413738407,0.01978215202684357,0.6218090565919829,0.011895918216032135,0.6366562825640972,0.023101823459465452,0.6332369335929273,0.012227329774989543
az_precision,0.5760713244881578,0.006644494027553247,0.580963313276302,0.006765072646768532,0.5744833619215493,0.009292206588930298,0.5703540566005254,0.012706901391292573,0.5746745372247603,0.0037343921948828104,0.5695842297767502,0.016634039633459947,0.5587875082804127,0.012389663876001666,0.5936038171698574,0.017475910131302258,0.5936038171698574,0.017475910131302258,0.581143066854733,0.010662441145698906,0.5618313060674259,0.004203423913594622,0.5875694154619122,0.023313805411031684,0.5966916393413983,0.006703971499548479,0.5627343989325104,0.006348256944988133,0.5882035902631846,0.016736835359238006,0.5867777200594642,0.022696718840393065,0.5698959296599997,0.01297281006753318,0.5829635776456127,0.018946398892051,0.5828851489370934,0.026557198073291762,0.5845897409752842,0.014479432772637978,0.5729355574981778,0.014128147247344442,0.5754543942319377,0.025876370123068617,0.564737870117834,0.008216500558907398,0.5782331623882238,0.009484747207045249,0.5951054861783167,0.005871645426184472,0.5749848165255899,0.021717974941909062,0.5936038171698574,0.017475910131302258,0.5936038171698574,0.017475910131302258,0.563172440677467,0.009044857081147281,0.5801765385964431,0.01141171214609326,0.586567984375669,0.021708178434481553,0.5733953050245872,0.009506319888403426,0.5708517597339718,0.017082217092107693,0.5757229081330252,0.013382632865137387,0.5753728092531066,0.023743793293791646,0.5804793995655251,0.025760256795400623,0.5745627066138624,0.011338437468836544,0.5931583976471323,0.031351350994594934,0.5914954192896109,0.013684567553715995
az_recall,0.6740726429675424,0.013090119522387075,0.6839258114374034,0.008535827679433776,0.6698222565687789,0.007634024478484021,0.6671174652241113,0.015601772183300751,0.6734930448222566,0.008799943767407867,0.6653786707882535,0.01285417305499705,0.6634466769706338,0.012846427243474167,0.6901081916537867,0.005783087151118964,0.6901081916537867,0.005783087151118964,0.6794822256568779,0.008614179601857772,0.6557187017001546,0.008477322345133632,0.6812210200927357,0.01939193180720336,0.6916537867078825,0.004325825766034711,0.6557187017001546,0.014367938966908132,0.6850850077279753,0.01960632661832877,0.6821870170015456,0.00982344923527475,0.6663446676970634,0.01115214040932131,0.6825734157650696,0.01179413261535435,0.6852782071097373,0.02364621527170671,0.6903013910355487,0.006836091967911142,0.6765842349304483,0.00799387977804374,0.669629057187017,0.017919351148313927,0.669435857805255,0.012657140150045737,0.6700154559505409,0.006052210265054514,0.6891421947449767,0.007204722447680075,0.6779366306027821,0.0025533523443584676,0.6901081916537867,0.005783087151118964,0.6901081916537867,0.005783087151118964,0.6675038639876352,0.011945076820825925,0.6744590417310664,0.0021281184494923175,0.687403400309119,0.01891381491579663,0.6738794435857804,0.0073855080818297295,0.6692426584234931,0.011997043814729495,0.6761978361669243,0.01375203278211147,0.6781298299845441,0.011260944355690068,0.6889489953632149,0.01131385433075621,0.6775502318392581,0.013435346716162021,0.6874034003091191,0.011980438901837673,0.6814142194744977,0.013226281609630384
bam,0.8208986825595985,0.07209518260586079,0.7782230238393978,0.08688374252008332,0.7280505018820578,0.11751504730302241,0.8072851317440402,0.1737921368224069,0.9329046424090338,0.002786250688983893,0.5577164366373901,0.19058603048707753,0.8148525721455457,0.17008928300298018,0.9348259096612297,0.008598330846658262,0.9348259096612297,0.008598330846658262,0.39403230865746547,0.12636372877208565,0.7522427854454203,0.24149682894574376,0.875305834378921,0.04779584961411471,0.9201615432873275,0.014963671252657377,0.7650956712672522,0.1038286492589547,0.7281602885821832,0.1816282674732745,0.6184284818067755,0.21199035015220818,0.573698243412798,0.2880483197879761,0.8903779799247177,0.024175026483606567,0.9094181304893351,0.02873991962886611,0.871267252195734,0.0293670589651168,0.7502666248431619,0.04521982478736377,0.9305207026348807,0.011844315768804724,0.9152211417816812,0.03148945783976942,0.930207026348808,0.011660350762316795,0.8612766624843162,0.013731631000583071,0.9079203262233375,0.024799405350301458,0.9348259096612297,0.008598330846658262,0.9348259096612297,0.008598330846658262,0.7583986825595985,0.07920555990472405,0.9185461104140527,0.01442134187591518,0.9204124843161856,0.01801988361813331,0.9360335633626097,0.00653824465959413,0.8435069008782936,0.0607072188249252,0.8851239021329987,0.08128980666637625,0.9350454830614805,0.012076397827634675,0.928905269761606,0.006359640045423762,0.8431696988707653,0.15419285784953607,0.9359159347553325,0.008964083116248711,0.945318381430364,0.002129362998520701
bam_f1,0.18765394201068228,0.06888160155561557,0.2029442866378373,0.07710492864189346,0.11834420575325338,0.04575509430154922,0.19097953404537207,0.08586253265206933,0.33671350775008335,0.018083724938866296,0.09358830279647942,0.059690922377224,0.24715614354683368,0.09815947378458935,0.3528345674168579,0.030483672803080373,0.3528345674168579,0.030483672803080373,0.08294166334452163,0.014876429896736458,0.17491017002330175,0.06419672212105913,0.2620083851434016,0.06845411728498788,0.31098118673319014,0.044533939212369776,0.14229411869235736,0.03809957690626043,0.17674425734552582,0.08275599647376458,0.12482084561875258,0.05434669721620887,0.09599775970226843,0.05210579488256747,0.2697006451799729,0.03648348841081224,0.31013806139252376,0.03181359237029253,0.22946929020670925,0.04213990500362836,0.15267920645850747,0.015284939509307153,0.3447900509399966,0.04724270890178108,0.3176100440189594,0.07275923266872687,0.328736762754197,0.03243547800419873,0.21801351484195847,0.016767196873030472,0.30719308563309095,0.05412818617197943,0.3528345674168579,0.030483672803080373,0.3528345674168579,0.030483672803080373,0.16155516880139523,0.041827511214747044,0.33365530317341596,0.026149529417959713,0.30679849437699747,0.05929945666304209,0.35439677509245027,0.04252053500591021,0.2233040190130795,0.05085185460992685,0.2771442250401566,0.10320017357800532,0.3643190280601386,0.0322367800239369,0.31282571280721744,0.019569245436200772,0.28289531951886243,0.12590449097376036,0.34210357622815263,0.04274164792110161,0.36435481745456855,0.032581911517344096
bam_precision,0.1307049158880474,0.05854363609265342,0.13973365468335922,0.06522124834261639,0.08375908803220719,0.03866669404051421,0.16157736036139425,0.08552487171886242,0.2811270705817749,0.01493748688190195,0.06397854941700558,0.04724213310622683,0.2012874243892772,0.09046027075410516,0.29928597375296373,0.02506305750369311,0.29928597375296373,0.02506305750369311,0.051645375865294774,0.009008263818709804,0.1460357334448596,0.06338364375474946,0.20342722946516525,0.06675832790355489,0.24945382059270366,0.04263177549952195,0.10661104896817697,0.03754204005482136,0.1265140354441759,0.06809907911814064,0.0824645520389504,0.036691222703988995,0.0685167517642155,0.04153828622965769,0.2083339651547159,0.03709617874608603,0.2550986996340335,0.04759093256874883,0.16378070469521766,0.037895726863847186,0.10166581570498343,0.011087235346509629,0.2809465132912796,0.04289047955589282,0.25664531672387847,0.07535568135500743,0.2766586562880677,0.04130581678309333,0.15532958516476625,0.015005478818567168,0.24635948957467724,0.05889247526676599,0.29928597375296373,0.02506305750369311,0.29928597375296373,0.02506305750369311,0.11019182327440792,0.03622211854243175,0.26406320364429725,0.03170762410547263,0.25107530844334763,0.057786496905910055,0.2998245549124905,0.040351278578935515,0.15802352480185397,0.043122740710232456,0.22245198243621195,0.09632273341359633,0.3072113208019888,0.029773643359195693,0.2608312764683278,0.012426733491576584,0.2259125421391206,0.11013414186976762,0.29239319500808464,0.042661265083236824,0.3286737180917721,0.02081608531662587
bam_recall,0.3461021505376344,0.05607522299769831,0.38776881720430106,0.06615620384425971,0.2137096774193548,0.07323042036562515,0.2506720430107527,0.07344892312240664,0.4198028673835125,0.024049306730466766,0.18749999999999997,0.07635395393397316,0.32974910394265233,0.08910553338622414,0.4307795698924731,0.047031630870267696,0.4307795698924731,0.047031630870267696,0.21102150537634404,0.04329295611878009,0.22491039426523296,0.050221862740701805,0.37679211469534046,0.04930487193899017,0.4142025089605734,0.04142832100681088,0.23678315412186376,0.08329438267004813,0.3095878136200716,0.08041417870324609,0.2573924731182795,0.10504497013434601,0.16778673835125446,0.0798291887099165,0.3862007168458781,0.03347147030200372,0.40681003584229386,0.03186572774717237,0.3882168458781362,0.028918969711581984,0.30981182795698925,0.03992150860345154,0.448252688172043,0.06003974291435241,0.42450716845878134,0.05717648715363986,0.40837813620071683,0.016881032360726324,0.3664874551971326,0.010216625672931325,0.41577060931899634,0.05926184861572203,0.4307795698924731,0.047031630870267696,0.4307795698924731,0.047031630870267696,0.3122759856630824,0.03638699015098021,0.45631720430107525,0.018470884317916617,0.39628136200716846,0.054477412794410075,0.43413978494623656,0.046586365346078705,0.3873207885304659,0.054541242506155545,0.3803763440860215,0.08476310987899387,0.4493727598566308,0.046603597218443885,0.39336917562724016,0.04794255729326954,0.3931451612903225,0.11882449101961864,0.41285842293906805,0.03991480389523726,0.4101702508960573,0.052582484683335894
bbj,0.6399084102152695,0.07542344577958744,0.650220617729643,0.15525553906813366,0.46705776173285196,0.12009481733658686,0.556424655702634,0.20393406603661357,0.7442505682577885,0.00805535812032458,0.3448321968177564,0.15627706585886145,0.7082664794758657,0.1757874976559312,0.7570363684984623,0.058789529540748474,0.7570363684984623,0.058789529540748474,0.23923652894772027,0.032761687207251214,0.6503041850514775,0.17781041074658158,0.5911218077283059,0.06758756365379298,0.6340252707581228,0.05882276814538561,0.5925758791282257,0.0489030179128295,0.6220918572001605,0.15576145733907468,0.487548469046664,0.1960607913987345,0.4482718277844632,0.19426130788799925,0.4716873913624816,0.10974322882143005,0.5593327985024735,0.12207392942547911,0.4937825912555154,0.05529715294017413,0.4765008691001471,0.1153743087816821,0.8011264874983286,0.052597868067404116,0.6256016847172081,0.11447404807003511,0.7514874983286535,0.04273624232402991,0.7120771493515176,0.07428582475140046,0.5597673485760128,0.15490434545787005,0.7570363684984623,0.058789529540748474,0.7570363684984623,0.058789529540748474,0.3923820029415697,0.12369539565616527,0.770958684316085,0.04919956409419651,0.6200026741542987,0.07840983774518308,0.7563009760663191,0.05830183754230268,0.7685352319828854,0.08860861776774509,0.553115389757989,0.08780071792407523,0.7475264072736997,0.08985852324075627,0.66126821767616,0.02086342946306805,0.5908543922984356,0.11049378021640083,0.7525738735125016,0.09556536972594308,0.8385980746089049,0.01758280811791257
bbj_f1,0.22734693466230088,0.025212597739515334,0.24728929244726977,0.08971418256493262,0.14103489113146445,0.04595467931821823,0.14552988333682185,0.0321336936341672,0.2791737320263808,0.0217784839215224,0.12445836440501686,0.030345528397522227,0.24788866964018824,0.08563411576159942,0.2757791056463768,0.041457762391075376,0.2757791056463768,0.041457762391075376,0.1165799589985756,0.007453281383190278,0.209897899152465,0.05132818324399251,0.2095879098591118,0.03663517256702637,0.21588405875525313,0.0193767590702051,0.20424795461794645,0.04464640216060506,0.1988810748598359,0.04669896333439403,0.16035304151388824,0.041208045227271534,0.1309901799461336,0.03262567747863337,0.1551850895993511,0.041679598290900906,0.19416145122505002,0.04022502205666525,0.1632479636487349,0.022574144942979803,0.16013616798045635,0.029888839488018862,0.2794279515446296,0.031453113237328835,0.2194649380168066,0.05345695633212751,0.2810244124715876,0.017390423071780577,0.20844917982507008,0.02124061355732099,0.2018899529434554,0.06656116900307389,0.2757791056463768,0.041457762391075376,0.2757791056463768,0.041457762391075376,0.13150505924200365,0.02832257638673022,0.24946321543073965,0.02214449845288088,0.21090919900198635,0.03563068051639106,0.28646599821714924,0.02328626492494571,0.26312820862201797,0.04075311917104494,0.1854130069721393,0.04158292115881928,0.2819797194413245,0.04064919010750839,0.2175073631877647,0.02452980831599925,0.2039231073806373,0.039243571476308685,0.2804902966677488,0.04493150492859369,0.30567405876788034,0.02109456975230214
bbj_precision,0.18338908940551965,0.025535323064398426,0.20542711326780694,0.09518166806538401,0.11985560713559987,0.03912205187425144,0.12982900274889408,0.03322301757875076,0.23816130637573227,0.019312520164972476,0.10135345763271397,0.021714094096944605,0.24760027538560717,0.10178911014732547,0.24259462241197555,0.036402868944004865,0.24259462241197555,0.036402868944004865,0.08991325378701856,0.005535324657900301,0.20661211867306556,0.06725316479212581,0.17103577837936398,0.03116469994947617,0.18126086059882396,0.013995397203990045,0.18625928437083072,0.03876106944546218,0.1651271424675522,0.04139767361127798,0.1273892276524466,0.03556753973663006,0.11102599004748027,0.035298314449996655,0.12910197511101124,0.03780583620725485,0.15986991914724508,0.03346860668970581,0.12886740701064336,0.01825248862171026,0.12977203963270129,0.028758887752476488,0.24081237874663497,0.03076121717380371,0.1901198787200305,0.04637511153564147,0.24735816149054568,0.018184250314246152,0.17128827017277362,0.02047522715593843,0.16895527097978277,0.0647034320127918,0.24259462241197555,0.036402868944004865,0.24259462241197555,0.036402868944004865,0.1064039461190999,0.023305691354454858,0.2188614330748985,0.02353926357516716,0.17910193784787898,0.03466122871148774,0.24800772653933809,0.022504806363007817,0.2199343524002405,0.037507262797971855,0.14879300815850363,0.03969782236011277,0.2416717560862105,0.042505088831583764,0.1812734244081004,0.02126697761292534,0.16626553611769013,0.03973027601215431,0.2525401978558847,0.05526529128185765,0.2841361928247169,0.01617521264645841
bbj_recall,0.2998853211009174,0.021647698982825318,0.3182339449541284,0.06872127645219554,0.17173165137614677,0.05689718582980778,0.16685779816513757,0.03181521439346805,0.3374426605504587,0.0267208397236684,0.16255733944954126,0.050016962235190074,0.24999999999999994,0.07151894475647923,0.3196674311926605,0.04912376982627496,0.3196674311926605,0.04912376982627496,0.16599770642201833,0.013677592249858418,0.2155963302752293,0.037629127530045006,0.2706422018348623,0.04411785335245724,0.2672018348623853,0.030757328272005235,0.22763761467889904,0.05807253092487578,0.2514334862385321,0.05565078396998484,0.21817660550458715,0.053726992826299884,0.16141055045871558,0.0262407607691046,0.19495412844036694,0.045352568654323855,0.24741972477064217,0.050928923614189575,0.22276376146788987,0.03010002531563567,0.20986238532110094,0.02782391496189273,0.3331422018348624,0.03156622193149806,0.26003440366972475,0.06481387195379776,0.3259747706422018,0.021380260232117747,0.2666284403669725,0.020439456246628174,0.2525802752293578,0.0645155872479815,0.3196674311926605,0.04912376982627496,0.3196674311926605,0.04912376982627496,0.1723050458715596,0.036677830776749784,0.29042431192660545,0.0200469518389943,0.2568807339449541,0.0342632199392914,0.3391628440366973,0.02350917431192658,0.32798165137614677,0.04444454673182592,0.24770642201834858,0.04239501722633569,0.3397362385321101,0.037645142713406535,0.27207568807339444,0.02996866320116787,0.26834862385321095,0.04698570508504419,0.31766055045871555,0.028600834663623655,0.33113532110091737,0.02942245782263189
bg,0.8970588235294118,0.004192823464575882,0.8944989328793075,0.0025783498147465165,0.8979370998297403,0.002524413896399594,0.8973375938226901,0.0018219821661924725,0.8976883048368145,0.005204338315633087,0.8994598450876478,0.0018351119446987265,0.8989772427519723,0.002685010653236155,0.8945319057096952,0.002529155198315833,0.8945319057096952,0.002529155198315833,0.8962165175895063,0.003139601377837965,0.8951643845471332,0.00209168324577172,0.8975414258650872,0.0017956214067919956,0.8964922903527494,0.003164367773992691,0.8984736577060503,0.003366449101779554,0.8977512529675548,0.004306210376590646,0.8975833912855806,0.005370417285477441,0.8978471739286827,0.001044098991782826,0.8991361118438407,0.0026449631607942054,0.8978381813385771,0.0037038734189362953,0.8966211841442651,0.0013326125405556603,0.8967410853456752,0.0027778980560691745,0.8955810412220331,0.002237078709208305,0.8946907748015636,0.0036860861381522916,0.8980540035011151,0.00441641878909036,0.8953682165895303,0.0032072992409771972,0.8985006354763675,0.000297969161178222,0.8945319057096952,0.002529155198315833,0.8945319057096952,0.002529155198315833,0.8939294021726097,0.0043474782383007725,0.8983177861442172,0.0035615500982288943,0.9010275532960841,0.002190629185104252,0.8966181866142299,0.0029258739021171265,0.8991331143138054,0.00479834061894372,0.897013860578883,0.003296961469873514,0.8983147886141819,0.004727315530678194,0.8956349967626676,0.0012099282851602622,0.893800508381094,0.0034501609769965334,0.8935337282079567,0.0055268298058732,0.8964143545718328,0.0016519228202365912
bg_f1,0.7585739173688822,0.006584496015236822,0.7642791342348461,0.0025690470070994895,0.7707709538177153,0.006578036306198264,0.769602123655958,0.006448663851592117,0.7656663478346047,0.008390443113495008,0.7721171493187072,0.0018875356819987696,0.7739741111057425,0.007863389296671101,0.7628938653379873,0.00580438515549751,0.7628938653379873,0.00580438515549751,0.7625896777110184,0.0060348508191695235,0.7674010693141583,0.004974710266203689,0.7708397263006982,0.0054474083629221836,0.7690897366455297,0.0029594702102834773,0.770824790949675,0.007536840977408572,0.7717795712366686,0.008304886758151322,0.7686721912534987,0.008245662472257076,0.7695891311651014,0.004329197644337241,0.7695436632832869,0.0022243585463394854,0.7694905633782433,0.0057540945963803596,0.7667027594096517,0.0028550732307968648,0.7625852645930326,0.00591044529331568,0.7620214596479269,0.001951238848373363,0.7625400261356725,0.004566046910324029,0.7675755273193483,0.006169427825115483,0.7582609009772086,0.004507125585619089,0.7693797443465421,0.004381133320016904,0.7628938653379873,0.00580438515549751,0.7628938653379873,0.00580438515549751,0.7636031124292675,0.0055971015822992515,0.7668604869654013,0.004485765124996417,0.7729740862326862,0.0017277649875524518,0.7642862941576767,0.004706202091333522,0.7651076240233636,0.007865269120312303,0.7677334587623115,0.007270980174303265,0.7706950016802652,0.006765191011546048,0.7639599684441245,0.004717950836937225,0.7573745390718393,0.00751495464622756,0.7617065922659138,0.010353805839970445,0.7697290565314188,0.0018644222537264124
bg_precision,0.7263295752848078,0.008733922899143627,0.7304193180337629,0.0037961201644392756,0.740878495627332,0.007359137477692978,0.7391003410703083,0.0057516941639276994,0.7351731480881261,0.010302790062239584,0.7410524810257397,0.0018223599782103829,0.7437583007296993,0.008553877928810337,0.7285710509417412,0.008371458657518246,0.7285710509417412,0.008371458657518246,0.7278039245832841,0.009083111527110603,0.7359649951204104,0.006390390543769844,0.7396202366184371,0.004166296321692895,0.7378496974403141,0.004785473761393515,0.7403762008350706,0.007826077407306436,0.7419406057717799,0.010953071332717388,0.737064800316189,0.012295026631616789,0.7406372555639749,0.004445492713227189,0.7388614187514468,0.003119722908483767,0.7375029425776112,0.007368808042057323,0.7323794024180673,0.0013393094761680643,0.7303772461189388,0.008340073202621036,0.7300491954499652,0.0037946223476458666,0.7310229631705895,0.006227151868097833,0.7372539695200832,0.008501402139479442,0.726043941954714,0.00558854793380285,0.7387484622440749,0.0025705081036035476,0.7285710509417412,0.008371458657518246,0.7285710509417412,0.008371458657518246,0.7296754850718589,0.007901248829267416,0.7362985938831516,0.00608577042717425,0.7417504770063829,0.003103371992993447,0.731640529061956,0.007357548125769663,0.7340547992518585,0.010295994821923395,0.7374773777947845,0.008158349758790994,0.7395492817094893,0.006364553210810998,0.7310446477479192,0.004430713190686039,0.7264536907882595,0.007856333171894329,0.7273564134328755,0.015475554928782276,0.7383273656766021,0.003617146612735292
bg_recall,0.7938305905820332,0.004145426095597692,0.8014354919142267,0.0011057555373839032,0.803180879105222,0.005749280009434517,0.8027356272707844,0.00763258100702057,0.7988174111277339,0.006647143147640899,0.8059058203319798,0.003142388808480625,0.8067607038540998,0.007685261632268216,0.8006518486856166,0.005416566190114229,0.8006518486856166,0.005416566190114229,0.8009011897129016,0.003150923632712516,0.8016492127947566,0.0032818896268469264,0.8048194058559521,0.00736533569379326,0.8031096388117119,0.003018198821514403,0.803893282040322,0.007691175245327911,0.8041426230676071,0.005289201996005121,0.8031630690318444,0.0035823786825474216,0.8009011897129016,0.004707747401132284,0.8028959179311819,0.003300907039257042,0.804391964094892,0.004399004000285135,0.8044097741682696,0.005042316646610201,0.7977844268718387,0.003198945675682539,0.7969473534230961,0.0040468729971127665,0.7969117332763411,0.0036098401752581496,0.800527178171974,0.005041813362795473,0.7934743891144832,0.003258935224627046,0.8026821970506519,0.00759867707715021,0.8006518486856166,0.005416566190114229,0.8006518486856166,0.005416566190114229,0.8008655695661466,0.0041874003823830575,0.8000819263375365,0.0034127868137178983,0.8069566146612523,0.003189876455956129,0.8000106860440265,0.0033187961876162643,0.7989242715679988,0.005071088060570549,0.8005984184654841,0.007478081993118951,0.8045878749020445,0.007815463904264412,0.7999928759706489,0.006339051894114376,0.7910522191351428,0.0075516951348183,0.7995654342095889,0.006159848461273215,0.803928902187077,0.00024246132669212327
bn,0.7501713502398903,0.00947793854817984,0.7619945167923236,0.006495256557381534,0.7695339273474983,0.00593244787415978,0.7700479780671693,0.004797806716929397,0.7498286497601097,0.00832782275315546,0.7676490747087046,0.005937211863089779,0.7753027187571396,0.00902468696327073,0.771932830705963,0.008995479608229445,0.771932830705963,0.008995479608229445,0.7533698880511767,0.011668230482099263,0.7769591044094128,0.007213613704259792,0.7757025359835504,0.001672392906556814,0.7521133196253141,0.010501200328004678,0.77553118574366,0.008364305035117228,0.7771304546493032,0.015379861763842784,0.7638222526844871,0.008968359931005166,0.7659926890564314,0.008532918253348004,0.7864404843500115,0.003089940328789618,0.7769591044094128,0.010442007742074986,0.7802147589673292,0.007198220941842711,0.7765021704363719,0.010068760680566747,0.7449737262965501,0.008380670249515785,0.7690198766278273,0.015840743860844348,0.7474868631482751,0.007397004602495826,0.7404043865661412,0.00464627561048701,0.785545655319473,0.0035565591131934207,0.771932830705963,0.008995479608229445,0.771932830705963,0.008995479608229445,0.7647361206305688,0.007252102620817467,0.7838702307516564,0.002481786724057622,0.7898674891478181,0.010032406558125033,0.7797578249942884,0.006815825401040157,0.7643934201507883,0.011276761087467285,0.7598240804203793,0.015094246280938665,0.7592529129540782,0.011987261677918708,0.7649645876170894,0.009333419353863082,0.749029015307288,0.00788900617688222,0.7730751656385653,0.004957873984607069,0.7710760795065112,0.010219056999975776
bn_f1,0.6653616313834962,0.014427392989720733,0.6869237850151627,0.007174239284240798,0.6959138073727971,0.007021650942662528,0.6951888934495357,0.005171930366285273,0.6727688958410108,0.013529897109222425,0.6962056463492166,0.007218689576248052,0.7028950502797371,0.009037037481364765,0.7007404561275727,0.01213856204178877,0.7007404561275727,0.01213856204178877,0.6743816674365563,0.013289446375456537,0.7089423338321567,0.007352951317186807,0.7013238150051566,0.004156367985011161,0.6802838483258881,0.01651521240746534,0.704434604790973,0.01394412791297393,0.7034985783571092,0.020067289549324036,0.6909901061482913,0.011259785047831112,0.6892721500897774,0.015612064341825762,0.7137988974093423,0.0029684460433689577,0.7066419597507936,0.01350878596042049,0.7098499712047684,0.011425167199702985,0.6981845199045793,0.01465797075988983,0.6658354332026639,0.006533300908546533,0.6948111836532229,0.01850918294230081,0.6651446871528063,0.0043558450848753165,0.6525323773196072,0.001914757219877766,0.7161821055483816,0.003378405273926143,0.7007404561275727,0.01213856204178877,0.7007404561275727,0.01213856204178877,0.691447274603835,0.008340346715862966,0.7110276756047264,0.0068035120936503395,0.7174050921980374,0.008298239695633479,0.7072062713304701,0.007504040450485907,0.6856095800095404,0.009963476478289232,0.6826306041253434,0.014064995175128105,0.6813575289579195,0.01517991742602029,0.6914889859510106,0.006913433566335227,0.6648160188734793,0.01675046869031736,0.6944656450191996,0.009342190109013963,0.6962818978451146,0.012806816127302358
bn_precision,0.6578120355529824,0.013191985457939478,0.6813359211183957,0.006317466946451872,0.6910382218686012,0.006646709285291566,0.6891735073102998,0.006219537774714126,0.6668281612242496,0.015757649309919516,0.688746418585963,0.010023299946008308,0.6965470444540651,0.007270778769524517,0.6932020984088454,0.013040100496163403,0.6932020984088454,0.013040100496163403,0.6679928714626618,0.012176572709400918,0.7031332111436712,0.008844388490929242,0.6965732335485442,0.005044770675582933,0.6725043232955589,0.01647262017406639,0.6993682605542489,0.015026108585058139,0.6977406174133405,0.01751150483582227,0.6840107036605242,0.012055723312569353,0.6819853076736495,0.01827366699613546,0.7057942449445517,0.0031972684297783003,0.6988449715576578,0.01543371552327261,0.6991919026454151,0.011753334214354063,0.6912804385504336,0.014758367679597493,0.6596343252566889,0.007428421767938835,0.6879818805358642,0.016423819806156023,0.66025963981064,0.004127674502858484,0.6445680752072995,0.0014568381538012278,0.7054377032429625,0.005484312919106921,0.6932020984088454,0.013040100496163403,0.6932020984088454,0.013040100496163403,0.6851394882108495,0.0073423709154617645,0.7021414094620463,0.008590793886635657,0.7078221354937911,0.010066457598801483,0.6990453125368753,0.007869179284697683,0.6789787625263854,0.009936483217445056,0.677131229671009,0.015877979379970677,0.6741894114336586,0.015616426479760937,0.68411945956715,0.006547054488837503,0.6576283501986044,0.018693246351460076,0.6870882549055763,0.011155941189071171,0.6893090421812633,0.012496997251412208
bn_recall,0.6730945821854912,0.01586958236524725,0.6926078971533517,0.00819187247693455,0.7008723599632691,0.008226112427533969,0.7013314967860422,0.005825793177433221,0.6788337924701561,0.011380049859211084,0.7024793388429753,0.005509641873278209,0.709366391184573,0.010878087324099658,0.7084481175390266,0.011234006307623246,0.7084481175390266,0.011234006307623246,0.6808999081726355,0.014567498052391532,0.7148760330578512,0.007441227903975033,0.7061524334251607,0.0045606563898841,0.6882460973370064,0.01657138375713403,0.7125803489439854,0.014778215738687865,0.709366391184573,0.022723021062708824,0.6981175390266299,0.010533496668239817,0.6967401285583104,0.013037653401865391,0.7219926538108357,0.0035465657258207718,0.7146464646464646,0.012351264124493586,0.7208448117539027,0.011346037950933975,0.7052341597796143,0.014749658773378362,0.6721763085399448,0.006993363733575719,0.7017906336088154,0.020796752619672832,0.6701101928374655,0.005268415818199771,0.6606978879706152,0.0032465876087536686,0.7272727272727273,0.002597270087002903,0.7084481175390266,0.011234006307623246,0.7084481175390266,0.011234006307623246,0.6978879706152433,0.010031202698606686,0.7201561065197428,0.0055287394760295695,0.7272727272727273,0.007384351442800589,0.715564738292011,0.007398611548987973,0.6923783287419651,0.010307596106815232,0.6882460973370064,0.012844894556692589,0.6887052341597796,0.015456848696605598,0.6966636057545147,0.008332205441577104,0.6721763085399449,0.014787722472214448,0.7027854300581572,0.009557695130698516,0.7033976124885216,0.013136984226430998
de,0.9116732892284374,0.0033756771777665234,0.9166350900190484,0.002718015171633748,0.9224494602953526,0.0016967970520567154,0.9203551604776438,0.003495983586221485,0.9109820166724699,0.00330325470155025,0.9205036560637404,0.0012300805697624123,0.9080300268316163,0.0019451303599964196,0.9137496671650657,0.003172959807414656,0.9137496671650657,0.003172959807414656,0.9078021629150196,0.001947283684167906,0.9201836224730149,0.0007782486991048681,0.9170831370460644,0.0025112777902875755,0.9157287548901132,0.0005896330929754152,0.9068420621428426,0.0029255616136829397,0.9103905945968089,0.0013430523226946544,0.9105646928701637,0.004370055982185693,0.9108181594740183,0.002089252489273078,0.9089081990045675,0.0031448091089982303,0.9097377260717284,0.0015482521708569685,0.9112790078446633,0.0012422660252801039,0.9079839419945518,0.0024776488281405165,0.9109436126415829,0.003451490409858204,0.918350470065338,0.0020564488962592927,0.9171548245703869,0.002236285914258868,0.911519673104889,0.0017040930153089536,0.9104264383589702,0.0051346268553018,0.9137496671650657,0.003172959807414656,0.9137496671650657,0.003172959807414656,0.9088621141675031,0.003499285780037397,0.912548901132663,0.004152250734030761,0.9143436495094525,0.0026998653844291366,0.9100680007373574,0.0017602041448596243,0.9127818855867113,0.0026863323996655043,0.9121623005550663,0.005740491704307636,0.9125847448948241,0.005715225585158617,0.9139084038260656,0.005013585831545743,0.9112687667697601,0.005425820162873644,0.9134347541117915,0.0020967355601026376,0.9151808573827909,0.0024678706353905735
de_f1,0.7263488272046933,0.00739167038267334,0.7389582611549206,0.004328963645981255,0.7497737967389744,0.005164464513940286,0.7469384568703349,0.007638561276096173,0.7284647779131441,0.004760700803617052,0.7466092804501283,0.0031488603228105594,0.7216573086439838,0.0025169847506009454,0.7323450935465337,0.007316732546919455,0.7323450935465337,0.007316732546919455,0.7203737753728284,0.00570445261744873,0.7473794179807907,0.0011438543604457055,0.7401214091450709,0.005551964087501302,0.7365290925137932,0.0017790424924521051,0.7192399540291673,0.006026452486145735,0.7256805458975575,0.0036826758660063706,0.7251727304703146,0.01009088352507626,0.7270046559461938,0.004510862529284599,0.7237447075943853,0.004697905637822559,0.7264397000721164,0.0030154696236278987,0.7286345855852179,0.0011569207062343374,0.7204533980021912,0.003403754250226508,0.7269349192520822,0.0061588567022022415,0.741923444001109,0.0038069904281790405,0.7398592033578555,0.0039872053644302045,0.7279278585488989,0.0031632269942455365,0.727459425031042,0.010715411541596782,0.7323450935465337,0.007316732546919455,0.7323450935465337,0.007316732546919455,0.7233680950095941,0.008360414458321143,0.7302846627627857,0.008181417217598269,0.7346507776314153,0.006179626315318652,0.7253207611298028,0.0044464571892387054,0.7294220895125397,0.006778251370434199,0.7301968911307781,0.011347120622258474,0.7299488595425884,0.011111798083523914,0.7326496493347665,0.010753497240171233,0.7273870642814131,0.012044658208125074,0.7335598592495273,0.004655577267166939,0.7353888531561026,0.005503302354944602
de_precision,0.6779915338025431,0.011334892165939456,0.6956987938893748,0.006468033110785133,0.7127045570559443,0.007950523838913197,0.7069881164001438,0.012565235538671815,0.6808656446314096,0.008639832152140687,0.707556142497488,0.004932608511877733,0.6699691530236734,0.00359673576677523,0.6858779746272914,0.009196195724790654,0.6858779746272914,0.009196195724790654,0.6678893205887071,0.007391395641074482,0.7097933744563281,0.0016687032882020912,0.698004337395401,0.008943624573321407,0.6926821864768183,0.0020023115503703913,0.6687361414638153,0.007895184221545582,0.6756967561665757,0.005865812461801195,0.6764874295380003,0.015402109745048008,0.6795325618788184,0.007195769213137897,0.6747398240980031,0.007703631820362728,0.6753917768497762,0.003649708546093909,0.6791460538067141,0.0020692437215543893,0.6693834680629617,0.005364257992707833,0.6779244298690642,0.010501812846660264,0.6998865568312644,0.005917371380880386,0.6977628300844854,0.006443969991230484,0.6805731199541497,0.005756414993778497,0.6793624972630862,0.017121585278241407,0.6858779746272914,0.009196195724790654,0.6858779746272914,0.009196195724790654,0.6733787686987491,0.011405479051411252,0.6817803637454021,0.012324748101060812,0.6871383185092705,0.008510618938838473,0.6749085318583011,0.008137818041543555,0.6816649153908642,0.00836073924923882,0.6834968364400038,0.01696674760545378,0.6821157050999582,0.01547153891626549,0.6858536552757806,0.015809144968696225,0.678137688997266,0.01572362658829811,0.6875807628114821,0.00883597276088532,0.691064191044389,0.00848950438834614
de_recall,0.782196423420825,0.0023737447892702235,0.7879831266224402,0.003840240482248362,0.7909395731179694,0.0026509868953975856,0.7917688203057398,0.003961537503144629,0.783278050187482,0.001946037748570939,0.7902365157196424,0.001213766096813058,0.7819981251802711,0.0025394565406605327,0.7856035477357947,0.006626233080110974,0.7856035477357947,0.006626233080110974,0.7818358811652726,0.004679647739477764,0.7891729160657629,0.0019325199427830274,0.7876946928179983,0.0029221721831485647,0.7863066051341217,0.0025463575977804935,0.7780141332564177,0.0036296178822069498,0.7836746466685895,0.0025041470081028972,0.781529420248053,0.003273530432533554,0.7816375829247187,0.0015547971099560383,0.7804658205941737,0.0024020521791476212,0.7858379002019037,0.0021974352943254826,0.7859100086530141,0.002189533667535193,0.779979088549178,0.001989091288681064,0.7836566195558119,0.00031910196248801254,0.7893531871935391,0.00244416449910163,0.7873882319007788,0.002616188947139526,0.7823947216613787,0.0022668332722264634,0.7830617248341506,0.004804284743327082,0.7856035477357947,0.006626233080110974,0.7856035477357947,0.006626233080110974,0.7814212575713874,0.004662533043573157,0.7862885780213441,0.002626684985129552,0.7892450245168734,0.0030966781023736407,0.7839270262474762,0.0019469281799827053,0.7843957311796943,0.005406691471922618,0.7838729449091434,0.0041729034599522615,0.7850807614652437,0.005532023268703406,0.7864147678107873,0.005270991317467821,0.7844137582924718,0.007119256580971913,0.786198442457456,0.003085814867864535,0.7858379002019036,0.004406685836932267
el,0.9116856969496387,0.004006991891719613,0.9132770698880247,0.0017697642599653245,0.9152104363175024,0.0017572815253972035,0.9129157703127586,0.0028906123927247562,0.9109520657510066,0.002130192505363146,0.9127089194108886,0.005775601178263514,0.9107093606928127,0.0036711298462620712,0.9114429918914446,0.009811075934653742,0.9114429918914446,0.009811075934653742,0.9076369352970379,0.004577120177729246,0.909062827513928,0.00781913611999371,0.9140631033151304,0.0033393941566241575,0.9113354294224723,0.004092409085108432,0.9096309779910641,0.003275094086607106,0.9144961112030449,0.003714710825508001,0.9143775166859728,0.0035211234671408305,0.912080092669204,0.0033521152423167354,0.9132522477798003,0.006545178025262603,0.9111534006288267,0.005026180612730128,0.9145871255998677,0.002347025560884743,0.9107617629212863,0.006668791711774201,0.9122759115229742,0.006736715602887236,0.9131336532627282,0.003057702177812018,0.9072590876496222,0.005372992513062541,0.9113795576148711,0.005608079557227108,0.9109520657510067,0.005634928379153764,0.9114429918914446,0.009811075934653742,0.9114429918914446,0.009811075934653742,0.9071763472888742,0.004803904891111754,0.9132715538639748,0.0029949453945028346,0.9136797396436649,0.0013391258451441684,0.9076507253571625,0.004700627836407763,0.9134232445253461,0.005341565148343035,0.9146533178884659,0.0014581617661532918,0.9127640796513873,0.0026040229796361366,0.9127999338077114,0.0039759004946975825,0.9150697777042308,0.003183728794562708,0.9127420155551879,0.009391647191190294,0.913958298858183,0.0024655640275248595
el_f1,0.7329704332153847,0.008653206511563311,0.7400478605901633,0.0047211459429775116,0.746551395232028,0.004369397612417265,0.7391947971108701,0.007169971946091606,0.7353329147265373,0.006195270292260323,0.739438049671283,0.016028555325741944,0.7357734218907401,0.010235310062665872,0.7361847040386007,0.02381762504267258,0.7361847040386007,0.02381762504267258,0.7268791770430321,0.011215304547967481,0.7319647035587636,0.019908030993867645,0.7438863868259911,0.008154279644812492,0.7375625380850712,0.007953156585691101,0.7315423212638164,0.006316961763246964,0.7466518505561959,0.009887360331578407,0.7464989050802332,0.006352259871483033,0.7384518663506607,0.009181680530162464,0.7418465646632303,0.01530348251286677,0.7358703002949131,0.011699312631033073,0.7454929242867769,0.004678889700878377,0.7338674260952595,0.016880567990975655,0.7405595952233954,0.016639893713782307,0.742707796475178,0.005458682885651316,0.7283979940000462,0.01173450556007662,0.7371567990962817,0.013413790426183006,0.7336692850485678,0.014750101129993783,0.7361847040386007,0.02381762504267258,0.7361847040386007,0.02381762504267258,0.7284402298017818,0.008699135346945237,0.7418696977779358,0.00970201560155974,0.7408916633876387,0.003033860573779381,0.7282165070721859,0.013057095694460437,0.7404771617545979,0.01589580326886291,0.743542788911394,0.0037552108495573985,0.7399807773813871,0.007610790008351131,0.7398056438499488,0.008545586352996895,0.7425072999713417,0.008857150197217785,0.7410064353566768,0.023369957093866498,0.7454343387959698,0.008759431424445071
el_precision,0.6972595874269614,0.007302240934472295,0.7032391285088714,0.008015551583912015,0.7079394521323955,0.00635575965136589,0.6989681529686053,0.009133450659067087,0.6970621417425684,0.0049928418080128715,0.7005617859069829,0.019989372901509737,0.6977839705981559,0.011645521990990107,0.6960995084861645,0.031124975805661006,0.6960995084861645,0.031124975805661006,0.6850845626792219,0.013319320875792661,0.6935713417545348,0.020907683564139183,0.7062030497228896,0.011159177339033197,0.6997735522516599,0.009779527953239423,0.693548688429712,0.007305683946501176,0.7102369042070878,0.011743262118697778,0.707893611851993,0.01169197760789031,0.7008198322626025,0.011776649115386064,0.7065687962346406,0.02000941027690321,0.6959588678266885,0.015503065575229194,0.7063312671909152,0.009317670751261165,0.6926055032205751,0.02190410315585449,0.6996699077234275,0.024318395750673613,0.7016205717663815,0.008072932540597348,0.688283380911743,0.015684611167591952,0.7001183292780528,0.01446322804727688,0.6934589180787751,0.022998417539464792,0.6960995084861645,0.031124975805661006,0.6960995084861645,0.031124975805661006,0.6865867581284611,0.01250333181005048,0.705837548297049,0.011462368831002379,0.7030006697738028,0.005276400628263584,0.6848082527270581,0.016690357318365726,0.7074692213114502,0.020938009506676413,0.7081841323244213,0.005558740900123866,0.7015658733630656,0.009682726869259578,0.7016421919077402,0.011052882562719834,0.7053709986516585,0.011269208789112705,0.7018066028318749,0.03186955880571652,0.7100985115459326,0.011264814145376707
el_recall,0.7725721568949921,0.011813379623986223,0.7809596250308363,0.001677675007244728,0.7896348984458516,0.0025339454031460314,0.7843516158210674,0.004832489521665886,0.7780815722391251,0.009458574275233986,0.7829537044650934,0.011243691801119211,0.7781638023188883,0.009284688818668625,0.7814118904695337,0.015048984537634662,0.7814118904695337,0.015048984537634662,0.7741345284104926,0.008883481363309045,0.7748745991283612,0.018673456553963925,0.7858523147767453,0.004538015293005995,0.779685058794507,0.006066988187756861,0.7739495107310255,0.0055116649616577555,0.7870240934133705,0.007982955548519839,0.7896554559657923,0.0029716817695243465,0.7803840144724941,0.006132392389637843,0.7809390675108955,0.010521166521336363,0.7807129347915467,0.008010401481738334,0.7893265356467396,0.002806283446505794,0.7804662445522572,0.010513531878097098,0.7850231614724666,0.007643564948567542,0.7889359427678645,0.0030748442723934595,0.7735589178521503,0.007802583155209403,0.7783488199983554,0.012357241344300897,0.779088890716224,0.006335630649799681,0.7814118904695337,0.015048984537634662,0.7814118904695337,0.015048984537634662,0.775799687525697,0.005835632640477664,0.7818024833484088,0.008151015610511722,0.7831181646246197,0.0014501432520802856,0.7775676342406053,0.008828667020367635,0.7768070060027958,0.009790647018234622,0.7826453416659814,0.004466930384115308,0.782892031905271,0.007333821407189476,0.7824192089466326,0.008091205857281493,0.783796562782666,0.006092198287142125,0.7851328015788175,0.013269567278641039,0.7845160759805937,0.007440345565106964
es,0.8379076737682883,0.0040058107216683235,0.8519242356358243,0.011084524257409807,0.8580692755727903,0.00834697812182323,0.8606454802478101,0.01276615807036042,0.8624028612480108,0.009280436387244002,0.8494368656047708,0.015804121988609546,0.8533919384491788,0.0026572397140377357,0.8602051694038036,0.017005051960002026,0.8602051694038036,0.017005051960002026,0.8664931172462805,0.017039737587959958,0.8517620158511904,0.021135854087402393,0.8669102538353393,0.016590941943165433,0.8626461909249618,0.009248507638556362,0.8595408407619696,0.010014730633236548,0.8631367126546882,0.011715100551062858,0.8728274135986528,0.01362376702985434,0.8638396650547685,0.009989011932637838,0.8493518933366293,0.011758611445925188,0.8668059696880746,0.015824642867040876,0.87331021057673,0.006709715013722447,0.858667943825606,0.02250558723168109,0.864843882769169,0.005816409706311143,0.8647589105010274,0.008337650732849243,0.8509045684181253,0.0056456538252426984,0.8694285228729897,0.014189567687249806,0.8448715373800733,0.019167631181326958,0.8602051694038036,0.017005051960002026,0.8602051694038036,0.017005051960002026,0.8369189055571864,0.02468168399444641,0.8534653235898466,0.0053234898678996,0.8637083442767315,0.005704450587159718,0.8554583095153491,0.01014793169083737,0.8555857679175615,0.02193282683664953,0.8553965115021551,0.023418662578340837,0.8465362213604832,0.015682219339385763,0.8667209974199329,0.01141087369241147,0.8575208182056947,0.019954987281039963,0.8601279218873114,0.013798211364621003,0.8723021304865048,0.006675192666086011
es_f1,0.7138620283501967,0.006944724039292492,0.7286576938486353,0.024500854744429156,0.7385363860291132,0.015579896015697585,0.7524205962024333,0.020073329898317435,0.747094605987953,0.021316377287408875,0.7280995593418074,0.02156591651648754,0.729227757343721,0.008887926165303067,0.7453497839326249,0.028406682975181948,0.7453497839326249,0.028406682975181948,0.7630377290268097,0.02794201461192137,0.7357852114870276,0.03516704499791573,0.7548032381062313,0.02304456810787631,0.745982733142371,0.016489259776302806,0.7371623888941864,0.013838595785737734,0.7509653187231593,0.01309057343931575,0.7691150222397505,0.021503966533605975,0.7509321464349894,0.018247810368158705,0.7289516241479846,0.020481067900952995,0.7620281570114789,0.0233227305643758,0.77397917780247,0.013408546925862392,0.7448303346717143,0.03477921672282494,0.7558199797382187,0.009256887134013908,0.749189362534351,0.0153488204176785,0.7254061451496997,0.01238221359513167,0.7660665266881628,0.023757985624458088,0.7266504552438268,0.034798963562311276,0.7453497839326249,0.028406682975181948,0.7453497839326249,0.028406682975181948,0.7184594545998096,0.02970458254544218,0.7351666896844136,0.011309814002621753,0.7520968114884914,0.009989545123159917,0.7370573733520122,0.023583707036765947,0.7447099486596778,0.029978862837485448,0.7462197539033474,0.02621913167594708,0.7333947420055587,0.016190156123324046,0.7564694561178926,0.022589658143030763,0.7420066000903548,0.03548999089852924,0.7494174616297757,0.024686403435680897,0.7645362623133595,0.014037633761606055
es_precision,0.6788348054102573,0.0067974183597259595,0.6971310272313358,0.02706771470204284,0.6986977751545497,0.012122957444517002,0.7114845724739391,0.024502454617021885,0.7149662772258216,0.02423830735541013,0.6944332948355405,0.02114238320895951,0.6874179926032841,0.008665035753833716,0.7174436615189385,0.02601556436853502,0.7174436615189385,0.02601556436853502,0.7262688407725086,0.03503733508731418,0.702271755424133,0.029935005067350372,0.7250615971086019,0.02576613438186948,0.7195682011296473,0.02022883119770209,0.7037615375033299,0.01908332924938361,0.7179535118993039,0.02622626542558731,0.739951359714619,0.028825348970107068,0.7161023368595392,0.017542098261246617,0.6927149145511318,0.022065135443134327,0.7301564911515165,0.026872962480778344,0.7392170919089972,0.024449711506962644,0.7149441144029806,0.03533558549990864,0.7209960755002304,0.01033982796868226,0.7162951954489685,0.018773032250708987,0.6848415541866338,0.012979123210933188,0.7363193111218621,0.02839760030163331,0.6912991036556526,0.035157354037140626,0.7174436615189385,0.02601556436853502,0.7174436615189385,0.02601556436853502,0.6838307981970712,0.03199417042752002,0.6953218201270552,0.01480101577349691,0.7213065188903861,0.008529908029051968,0.6988013791141319,0.022835680344523785,0.7203233068592392,0.036695654686264026,0.7145737212381076,0.021741395709408015,0.6931284346649815,0.01639675081319156,0.7306654605414099,0.026590154178270875,0.7081520199682177,0.03504934918443407,0.7154012083039789,0.02526016561924913,0.7406926339815993,0.017314767553871596
es_recall,0.7527732463295269,0.01113688017591115,0.7632137030995106,0.021465466059595723,0.783278955954323,0.021493961698247722,0.7984502446982056,0.0146564942546272,0.7823205546492659,0.01859746608133249,0.7652120717781403,0.022295305633107766,0.7765293637846655,0.012798055787585137,0.7756525285481239,0.03343058065386476,0.7756525285481239,0.03343058065386476,0.8040375203915171,0.022836217162460395,0.772736541598695,0.041830876794396066,0.7871329526916803,0.019923545350495696,0.774510603588907,0.014175375471904074,0.7740619902120718,0.011811224864108518,0.7876835236541598,0.006096211073753595,0.8009380097879282,0.016155641931723405,0.7893352365415987,0.01932230841633458,0.7692292006525285,0.018921965482259984,0.79692088091354,0.020659938069699825,0.8125611745513867,0.005828788339689664,0.7773858075040783,0.03480736605118215,0.7941884176182707,0.008148820372605592,0.7852977161500816,0.01128531236054293,0.771105220228385,0.012434902527265184,0.7984094616639478,0.018382429607328974,0.7658849918433932,0.03509479822553297,0.7756525285481239,0.03343058065386476,0.7756525285481239,0.03343058065386476,0.7569331158238173,0.028724152400528502,0.7799755301794453,0.010891335635275128,0.7856851549755302,0.013741482146778804,0.7797716150081566,0.02492943380064235,0.7710032626427405,0.023477571141234273,0.7808319738988581,0.03147132796795991,0.7787928221859706,0.020548066822794767,0.7842169657422512,0.017990018485689464,0.779384176182708,0.03758684890363012,0.7868678629690049,0.02452368550289403,0.7900081566068515,0.010695319955624439
et,0.8897545059042884,0.00287811848510441,0.8879738968303295,0.006851598394549327,0.8932069608452455,0.005319111258814821,0.8997389683032939,0.004277982855561522,0.8936886264760721,0.0031381030818300815,0.8907737725295215,0.004505081256138482,0.8922902423865755,0.006271879104859614,0.8923555003107521,0.0034332084174130335,0.8923555003107521,0.0034332084174130335,0.8816159105034183,0.007101272268264226,0.8881634555624611,0.005507254105834563,0.8983592293349907,0.0026059529256412303,0.8968458669981355,0.004029434899945515,0.893060907395898,0.007686343428950693,0.8896985705407086,0.00716173589389131,0.8872684897451834,0.008875892250340271,0.8856059664387819,0.004794285009580588,0.891911124922312,0.004521240056235993,0.8923958980733375,0.0046253417410402516,0.8943847110006216,0.0030474809085293876,0.8903573648228713,0.004115331444120117,0.8933934120571784,0.004990864480493193,0.8968272218769422,0.00551428211553727,0.8956525792417651,0.00428814818202925,0.8900093225605966,0.0015573978546497321,0.8925046612802983,0.006007343725624302,0.8923555003107521,0.0034332084174130335,0.8923555003107521,0.0034332084174130335,0.8849160969546302,0.0066205283298279875,0.8942635177128652,0.006420153777604873,0.8962523306401491,0.0019766173624011455,0.8924642635177129,0.004848872128140435,0.8903387197016781,0.006733482155369118,0.8936451211932878,0.004292313761740529,0.8948446239900559,0.00430785995680612,0.8940801740211312,0.008935723187882121,0.8928029832193909,0.0053866392499323625,0.8944282162834059,0.0071452343878655004,0.8964512119328776,0.003640358781232559
et_f1,0.706029563014603,0.005405122635759755,0.706461173398281,0.012489722169316228,0.7162664077407203,0.011613303989096163,0.7279419041078525,0.010139341207150114,0.7134643670264679,0.0042139502688053046,0.7106037410152712,0.010468261071988378,0.7147305723021714,0.013291739224406641,0.7144750148891204,0.008042674372487428,0.7144750148891204,0.008042674372487428,0.6943256581337387,0.014631842384964601,0.708048860738569,0.011135943076586953,0.7278329110800738,0.008489428220141417,0.7238098796133853,0.007540003123968077,0.7144994488926902,0.0134312179519659,0.7090024507294241,0.017259783628133647,0.7045607852695632,0.019418774234196225,0.6984487237286241,0.009867811742066208,0.7093370760091762,0.008935565931526498,0.7136875953471586,0.008465255396381707,0.7194824748806132,0.005732812138522455,0.7038644878695388,0.009652507987446842,0.7138293211985592,0.009613445135007913,0.7244342353421942,0.010444428773161355,0.7200963849578234,0.008190534990286307,0.7074906836828914,0.0041081750534869435,0.7108767104925734,0.015002110723097884,0.7144750148891204,0.008042674372487428,0.7144750148891204,0.008042674372487428,0.6952168390559385,0.012149284859587682,0.715049346110948,0.012475597360862765,0.7200640691393205,0.004341878604329783,0.7117966025094364,0.010155500842902438,0.7063679540985379,0.015575544670196863,0.7171000630018557,0.009860024526875597,0.7202513555520432,0.012878912518425403,0.7176566149100556,0.018634897501750063,0.7127960684601263,0.012551419209378105,0.7187683943972678,0.013301785408475207,0.7246658909406543,0.009054239404507551
et_precision,0.6851002250517362,0.009258170603482118,0.6805277555893958,0.014659986498388063,0.6963171822079807,0.013248560613981157,0.7056428037828645,0.011336172941986366,0.6928077353885076,0.006143840976658407,0.6890645371685541,0.013701350730534537,0.6907514674224311,0.015091488463660685,0.6898920465673047,0.011578341964166197,0.6898920465673047,0.011578341964166197,0.6658422234180978,0.01718614295303448,0.6859905974506352,0.012717779589044275,0.7034943667509319,0.00918775166396781,0.6996184416021544,0.011055634855459935,0.693534375690101,0.016363570368312954,0.6851185625501002,0.020950176434442722,0.6789347146083464,0.022324938656340245,0.6768793833048321,0.011850673406106826,0.6887205600114708,0.012356588301040985,0.6903675130780567,0.01136932851728366,0.6941465048061003,0.008895271650148045,0.6827644531054831,0.009644025462957376,0.693202184914995,0.013934291495538046,0.6980073950019419,0.014447023976195234,0.696459646515118,0.007185269617768741,0.6866987021730903,0.003495719847419868,0.6901332233841218,0.020761432033167878,0.6898920465673047,0.011578341964166197,0.6898920465673047,0.011578341964166197,0.6712538121459413,0.01737110665625873,0.6981074589741323,0.014842434635481525,0.6987854214805366,0.006289665762404873,0.6897164586729583,0.0129693714083225,0.6853919503597387,0.02028003411778841,0.6947963562944393,0.011218242689878349,0.6955097123213729,0.012567647239994937,0.6929673234734326,0.02177886901434491,0.6901770131587325,0.010279850791944985,0.6946172105699644,0.020445138379393463,0.699721289454397,0.011347304324621792
et_recall,0.7283243243243243,0.002510826596191401,0.7344684684684685,0.009923528725625522,0.7353033033033033,0.012161686121258628,0.7517297297297297,0.010209567194025208,0.7354054054054054,0.002869262117257676,0.7335855855855856,0.008177877994890247,0.7404504504504504,0.011288332626234403,0.740954954954955,0.007620890358859244,0.740954954954955,0.007620890358859244,0.7253873873873874,0.011753476007220437,0.7316036036036035,0.010352821385514696,0.753981981981982,0.01112146259146774,0.7497837837837837,0.004971884809353163,0.7368108108108108,0.010608130104604114,0.7346666666666667,0.013201261315774128,0.7322342342342343,0.015953331283757623,0.7214594594594594,0.008100630519249963,0.7312612612612612,0.005072896097433489,0.7386666666666667,0.005308602673343002,0.7467927927927928,0.005453202094986459,0.7263423423423423,0.011165977674875325,0.7357837837837837,0.005370538196340873,0.752990990990991,0.005768580394083629,0.7487567567567567,0.011557628128519508,0.7295855855855856,0.005172144178164771,0.733009009009009,0.008756583742528865,0.740954954954955,0.007620890358859244,0.740954954954955,0.007620890358859244,0.7210990990990991,0.00958791093743842,0.7328648648648649,0.010504818707666768,0.7427027027027027,0.0041003034233870325,0.7353873873873874,0.008448023368135164,0.7287387387387387,0.01016691048310522,0.7409189189189189,0.009814049052355821,0.7468828828828828,0.015454040504296891,0.7442162162162163,0.015231610154341498,0.736990990990991,0.016200606434267413,0.7448468468468469,0.007758913666346777,0.7514774774774775,0.006756444437226258
eu,0.836403688865707,0.007988049026579961,0.8524675670576746,0.007042740664855067,0.8563739471085019,0.0055288753822500016,0.8502064166731403,0.011083046718711765,0.8515187162214651,0.009437964792538792,0.849665405231442,0.008665390659486107,0.8457784461041628,0.009514298112517815,0.8535357178528227,0.017372373038845052,0.8535357178528227,0.017372373038845052,0.8284771776404133,0.011358545372069078,0.8408815989523799,0.0050485416597271385,0.8645057652398762,0.012840535216623976,0.8714390349465647,0.016887014583114725,0.842191124083055,0.003442437077318568,0.8506725188382958,0.019312566682024045,0.8575197815978426,0.014425908568375315,0.8443551698498485,0.012391363009605116,0.849601593625498,0.01155865724306669,0.8609489618129155,0.018729649227565183,0.8591899810229833,0.01771252516657823,0.842693293677657,0.00732816298592894,0.8364425307128034,0.00603095520587703,0.8640063700629238,0.015027831532763783,0.8627162658557969,0.01254512185104688,0.8427931727130475,0.018225374300357557,0.8443523954321988,0.010253652597653415,0.8535357178528227,0.017372373038845052,0.8535357178528227,0.017372373038845052,0.8375855907844943,0.010299351826674465,0.8582966185397685,0.014213507787628326,0.8564821493968415,0.02063610853190578,0.8544207570830882,0.006834309220034452,0.8425407007069217,0.009539378020228237,0.8570869724444838,0.017970649071952765,0.8547869802128534,0.014186293155711896,0.8567734632500639,0.013210961548818411,0.8514549046155212,0.014886832952913962,0.8542265478476068,0.01775607065586662,0.8657986438646528,0.01669419794659256
eu_f1,0.5608335241816258,0.012698360942130608,0.5922588478595213,0.008414616883528939,0.6032198773757339,0.00599481838167356,0.6017951182255368,0.01136350588761597,0.5869870602030962,0.007862860391135814,0.5947427167073494,0.017428364277459328,0.5895880344716651,0.0169889978516588,0.5862211825348794,0.016424435945244273,0.5862211825348794,0.016424435945244273,0.550589656867202,0.041793058392156066,0.5825503971349846,0.01634315940305099,0.614608371021103,0.01888460894650673,0.6069446027525522,0.012775495900435158,0.585814991738056,0.014301922014693212,0.579527213873136,0.023220126084759856,0.5821149262390248,0.021471316863130717,0.5774486722467094,0.025651029004836994,0.5869532528651453,0.014866909769379464,0.5959698860522078,0.022154004870977805,0.5899200252188804,0.029283307674392824,0.5769196355280772,0.017681467673644133,0.5649671684931089,0.016489117137340293,0.6041665047007556,0.015519634831516284,0.6013613080975196,0.011520978700642654,0.5685746319141188,0.03009090250965776,0.568044570387737,0.007866517627862127,0.5862211825348794,0.016424435945244273,0.5862211825348794,0.016424435945244273,0.5608144653637208,0.006019892385278275,0.5929420194550143,0.019393449089468096,0.5946448608934016,0.03087079081924366,0.5939609105931705,0.004931493137504208,0.57794117134168,0.008395993463922637,0.5903163842627192,0.034185812259205195,0.5973402361075133,0.018242258042011197,0.5991606985903408,0.01846680826597616,0.5906696046970097,0.01776110115715315,0.5975393509665423,0.011551172142254694,0.6106614930741288,0.02313800453456514
eu_precision,0.5105756891109932,0.017384780798390297,0.5429744929532998,0.010249024531082762,0.5575064695927108,0.011765416450422526,0.5471696048883814,0.02324263505075667,0.5370888793935056,0.014640720881863498,0.5456896338081894,0.023943488830692434,0.5330528429120978,0.02028930246218371,0.5403756584212018,0.03190150143476722,0.5403756584212018,0.03190150143476722,0.48909662987015384,0.0399748397281771,0.5273279211898296,0.018633371781383808,0.5733719962836229,0.02764879966837089,0.5702740617006158,0.03303606572086472,0.5284061104440483,0.013380831247723305,0.5332914117342655,0.03574900591315023,0.5378916696326608,0.02600951100024552,0.5285889883485727,0.03474328990260194,0.5374585478484424,0.022761038655929725,0.5483481408394385,0.03587565939069483,0.5488222517961455,0.04216210537304801,0.5232071640357422,0.01699764332686627,0.5058012385747056,0.0158749301692591,0.5664534505448606,0.027776149069650834,0.56288550143226,0.01837906411614248,0.5182460416070896,0.042547483650355315,0.5165106919988749,0.015388828872752088,0.5403756584212018,0.03190150143476722,0.5403756584212018,0.03190150143476722,0.5064832905669915,0.016994350113250498,0.5488421970113564,0.02735067203238976,0.5464099096504177,0.04369613910301189,0.5446251669530767,0.011039269310233956,0.5201227033527054,0.005513445911653692,0.5449853525169777,0.046281296312010674,0.546563075543042,0.025775925353014855,0.5504981568899284,0.028072553011160975,0.5405980365238399,0.024046397377796812,0.5503302858443356,0.02830224692280237,0.5685658857188769,0.036371239418452564
eu_recall,0.6222787725685415,0.008307487891574752,0.6515342893231295,0.011897394524413952,0.6573296678802288,0.008223920152167346,0.6696076974515194,0.017678794317220897,0.6480607771751244,0.024290546832341248,0.6539304554573149,0.014134582936901457,0.6597072590831414,0.013159933525305865,0.641745300542388,0.00577960013848308,0.641745300542388,0.00577960013848308,0.6298573445278253,0.043397628176543045,0.6509398915224014,0.017243620038783387,0.6626420982242366,0.008111611023845531,0.6503083438591277,0.014774813727526936,0.6572925180176834,0.017229474523825106,0.635615573222379,0.012230281678822433,0.6345010773460138,0.01669219846336792,0.6370272679991085,0.017315011197626396,0.6469091314362136,0.007843080059863528,0.6542276543576789,0.02218120578400052,0.6388290363325656,0.015090101615990366,0.6431198454565719,0.022069676220854022,0.6399435322089309,0.01996880274081869,0.6483022512816703,0.018159710096528617,0.6457389107660302,0.0061559762227796026,0.6308418158852812,0.014072362701704394,0.6313804888921911,0.0071763368141320675,0.641745300542388,0.00577960013848308,0.641745300542388,0.00577960013848308,0.629188647002006,0.01944026667066654,0.6452745374842113,0.014741756384369649,0.6532617579314957,0.012815123163055933,0.6533360576565866,0.006119211267600556,0.6503083438591277,0.01467985330698143,0.64499591351512,0.021397116861612053,0.6588899621071402,0.00728617315964814,0.6577754662307749,0.005195670922668011,0.6515714391856751,0.01984590952328339,0.6549335017460436,0.01317116754343929,0.6603945315402333,0.009587519947093812
ewe,0.8932417878298331,0.01892369559631845,0.8341655651833357,0.05477138092288835,0.7955402163802809,0.08086747139789993,0.8424144514613011,0.11296407382810038,0.9213663288784452,0.003285296059130155,0.6806187888578842,0.1353134516599406,0.8975987663386694,0.03624123257435304,0.9179272531453468,0.005289310413563361,0.9179272531453468,0.005289310413563361,0.48260880207568413,0.10795735377033193,0.83919567239438,0.12107181474734097,0.8807338326724433,0.01767706660403604,0.9126034170460664,0.0032018033197872935,0.876229989719489,0.027152359642594784,0.6663117442600479,0.18497916184700847,0.597579184412787,0.1211902673562869,0.5286263278993488,0.15418008533096603,0.8557913545797229,0.016362696744778995,0.8831326185930386,0.025196638577381383,0.8776129632349341,0.016853117134766893,0.8027488128457434,0.05152906645579751,0.9101067214960591,0.010508108498881672,0.9036202085475107,0.024630560665834633,0.9213663288784452,0.0025862401266485958,0.8703431732510892,0.008081005136692916,0.8879791452489353,0.021134399812324397,0.9179272531453468,0.005289310413563361,0.9179272531453468,0.005289310413563361,0.7964214030449894,0.038983128083376554,0.900536055221031,0.01316422639641502,0.8988960689283791,0.019567004277105445,0.9165565183335781,0.005479222666684123,0.8631835316003329,0.024713063324534348,0.8806848778577373,0.03410091742854672,0.9179272531453468,0.010518072291277101,0.90698585205855,0.011041454316492567,0.8876976550643756,0.027122675704436473,0.9166299505556372,0.005359005849667388,0.9157365251872521,0.006506679309977238
ewe_f1,0.5276026906378963,0.03660337636566004,0.4791521896670934,0.07355401009760061,0.4406266019437146,0.0839633122172036,0.48891162095631724,0.08244833036509419,0.5935118552096187,0.01478528565220969,0.3888582790297118,0.06925351280933227,0.5569762629284997,0.07438333798444251,0.5818195894962094,0.028924987564041726,0.5818195894962094,0.028924987564041726,0.26320571353092437,0.036551769849942094,0.5052293078609704,0.0999857494374743,0.5195492316924287,0.033820981242063675,0.5634778430525482,0.015900976017568003,0.4978930950895904,0.04280889574458106,0.34216588895314354,0.11120269901876727,0.2957018082793802,0.06112965741113391,0.26536717415680156,0.052353240146628816,0.4426765787626908,0.02617858099691119,0.5031036055714684,0.02842548177525223,0.48729578634827236,0.02804158917717644,0.4085809465140401,0.04682581658262662,0.5693350262118383,0.028861986041798703,0.5520791790775768,0.0611865366436635,0.5918101760519436,0.009967108966713637,0.480490015853961,0.01492630396561684,0.4992469130748415,0.06091308085656331,0.5818195894962094,0.028924987564041726,0.5818195894962094,0.028924987564041726,0.40527130599135575,0.02952177378607013,0.5404194911729947,0.03862079313101315,0.5352720221175686,0.0403810113568834,0.5770285814083225,0.015967498875089636,0.48410293487599476,0.03945570008377562,0.5038646719367396,0.04136069227293144,0.5890823703893133,0.030687343725255414,0.5443009038393236,0.03853519008532391,0.5282788302839961,0.053559057443635066,0.5743835371661429,0.023736452955702626,0.5618424954234525,0.0337874275073525
ewe_precision,0.5032093961459617,0.05017294741756112,0.43963719983388583,0.09105845181909468,0.4197778478740727,0.09745829546156952,0.5037157323376515,0.12198229485399838,0.5954871056474693,0.01647378544884441,0.3521425780475,0.08049707082402052,0.5772582281794121,0.07533287035022196,0.5941042727922159,0.025071354071089662,0.5941042727922159,0.025071354071089662,0.22020136181896127,0.029660659044752447,0.5264319180488939,0.12373267178505137,0.5065741190068518,0.039336367159499695,0.5685179618954954,0.021386011492595253,0.5192950730386221,0.06407346412000138,0.30830522755896006,0.11288874660747227,0.2568384150998291,0.051166832276176605,0.2385741134422047,0.041281348708479736,0.4285242136065971,0.0343011634195275,0.4967395603633444,0.04239521886112565,0.46366799677345943,0.03849817895839047,0.3752270548939856,0.05871897269449316,0.5626831975006532,0.03357081950238333,0.5484130714642979,0.06836452755370717,0.6091711721098078,0.007772327489446491,0.45556406459749055,0.014333367212373622,0.49566756229642017,0.07311905785473473,0.5941042727922159,0.025071354071089662,0.5941042727922159,0.025071354071089662,0.3669895026640299,0.033815887446572115,0.5368439368511273,0.04483565547205271,0.536092383969927,0.05151971673221737,0.583630636958314,0.018281339971259306,0.45613491659045347,0.036306529160112254,0.48991718968510767,0.05315713939842376,0.5914753057964592,0.03112113729745559,0.5493423269431719,0.04042754122792012,0.5196230469392059,0.07057004844680338,0.5851603453204911,0.024127914456021058,0.5754814358206084,0.03537264021618804
ewe_recall,0.5555278884462151,0.022729031289330792,0.5293824701195219,0.05147420894327243,0.4658864541832669,0.07431006501228994,0.48070219123505975,0.04597591832232358,0.59175796812749,0.01811807013395345,0.43774900398406374,0.0630158851643019,0.5383466135458168,0.07486370106349816,0.5700946215139442,0.032667639864505396,0.5700946215139442,0.032667639864505396,0.32768924302788843,0.049554503853177896,0.4871762948207171,0.0779859647974277,0.5336155378486056,0.031027401859370456,0.5588894422310757,0.01845263452474748,0.48120019920318724,0.045536876615523116,0.3863296812749004,0.10561164776855457,0.34897908366533864,0.07642259103630497,0.2996762948207171,0.06792090517505288,0.4581673306772908,0.018216475257143334,0.5108316733067729,0.020874297699568077,0.5140687250996016,0.01650892032667916,0.45044820717131473,0.03232195765139917,0.5764442231075697,0.027013585235847206,0.5561503984063745,0.05541760676689554,0.5756972111553785,0.01866478234220839,0.5083416334661355,0.016418535474177317,0.5034860557768924,0.04938069823203399,0.5700946215139442,0.032667639864505396,0.5700946215139442,0.032667639864505396,0.4529382470119522,0.024658519769188342,0.5441982071713147,0.03258402111032364,0.5348605577689243,0.03004877351057968,0.5705926294820718,0.013916776013264217,0.5160607569721116,0.04592914316660084,0.5194223107569721,0.028042167880184172,0.5869023904382471,0.03258180102585639,0.5395916334661355,0.03897104601327605,0.5385956175298805,0.03923953072235335,0.5641185258964143,0.02511321736449779,0.5489292828685259,0.03325454189103653
fa,0.7135869291153284,0.014727455454198093,0.7007026272881612,0.01708528484348767,0.7422299171303223,0.010122481298305954,0.7377838664671967,0.036853396956139206,0.7342833369753408,0.026514758261158414,0.7308752584424535,0.017107772348353516,0.7075860214150039,0.02177499152296067,0.7224496142273621,0.026109611842448827,0.7224496142273621,0.026109611842448827,0.7047998856969961,0.02365317630042084,0.7120446790270797,0.019333453353581838,0.7110529323763258,0.05031150478659975,0.716835319628179,0.020791334728078,0.7488779815434268,0.012895124254303413,0.708745860718428,0.04547235074737004,0.7330310467129482,0.00845969173425269,0.7449614227362122,0.023139435775338134,0.7504244339479922,0.01881554050884017,0.7652880267603503,0.03288289398325861,0.7455287354389739,0.0442852598942431,0.7405321813383536,0.0333508220629927,0.7462263199475551,0.034563839928345635,0.7103217293372106,0.0252530643525565,0.7057159906540484,0.005916915096539302,0.7817232858751744,0.028429434033612394,0.7332117463145686,0.030423483872274035,0.7224496142273621,0.026109611842448827,0.7224496142273621,0.026109611842448827,0.7112966667226975,0.024552206812922632,0.7082457850767343,0.056947330431121754,0.7578373199307458,0.036574163432234894,0.7350901817081575,0.02873967662191242,0.749470508144089,0.033224332062886004,0.7256349699954615,0.03126046551277166,0.7534543040123716,0.029174106997273297,0.747318922189911,0.01486635073498639,0.7183943789816947,0.02328413939805096,0.7197811433662235,0.02060111302026917,0.7329890235497807,0.03285283745684836
fa_f1,0.45334897487405207,0.018103141912960644,0.4174486151145447,0.03055650200344727,0.4864018337407695,0.018671691153117845,0.48668906835912895,0.06208535398965323,0.4746062372826806,0.04242992220278872,0.4703435928323176,0.02630590761212352,0.43631673277131666,0.043570087993168256,0.46615188167378063,0.02801686271344379,0.46615188167378063,0.02801686271344379,0.418985171441609,0.03211632960363571,0.44817330212741224,0.03480458530899371,0.46569918540795296,0.05151909926090573,0.46036072792264715,0.03687060597574899,0.5015349271678333,0.031261742348108155,0.466688116246103,0.05593087199952452,0.4894086657038705,0.021374221604106205,0.49091605685426576,0.03317368528459593,0.5014725317268367,0.025315146132942612,0.5348251674196258,0.049879926727639516,0.4953019195796867,0.05246285314784168,0.4919623926573434,0.05460817870477179,0.502875883294262,0.05665057123936895,0.4541953046381629,0.03655935861240595,0.440625087677438,0.014788724423999507,0.566684375101319,0.046786590432926524,0.47556607807169843,0.049740882944423484,0.46615188167378063,0.02801686271344379,0.46615188167378063,0.02801686271344379,0.44937351859462304,0.04028686202006408,0.44794516828677283,0.08100120988086842,0.5203141457564433,0.04877946474854516,0.47682921044044124,0.048944427975222096,0.5155460290539371,0.07146588406805998,0.4690292427227842,0.05417016448756567,0.5163463832387365,0.05396001734265376,0.4950881587171829,0.028133048375005965,0.4534039385861014,0.035226788949123386,0.4541684660919339,0.030280517550113607,0.4914256737712829,0.04044399132224716
fa_precision,0.4221694571509407,0.02408114875674327,0.395340565988678,0.03278629190128192,0.462851033273841,0.019189242418790053,0.4614722535868915,0.05999191695114798,0.44957576850229797,0.03703079824592077,0.44992746353211066,0.028637152689304134,0.42060580634478234,0.04287809232371482,0.43125832663642727,0.0253444779333472,0.43125832663642727,0.0253444779333472,0.39774966394111066,0.03621593856140882,0.429258422536998,0.03436130609201133,0.43946073309631606,0.05038933736696347,0.4292599225348497,0.03846776239643085,0.48186880566402923,0.03057987664774696,0.4429096896562269,0.05178734031645663,0.4607616492622614,0.026887683105628737,0.46821171215591323,0.028968237862771515,0.46653465800818783,0.022533896241104193,0.505580224672162,0.04622504306663457,0.45730854495042556,0.05048083366179946,0.46180507953964506,0.05142264047853373,0.47726923095098045,0.05761539572027594,0.4307701647177225,0.031134272485900297,0.411446626537586,0.018206628136029822,0.5397259802659942,0.047823975713661974,0.44464662346710393,0.050921791545903886,0.43125832663642727,0.0253444779333472,0.43125832663642727,0.0253444779333472,0.4202403252924567,0.044370027298059916,0.4197883160041177,0.0766860291041004,0.4853396073052489,0.04769900552052417,0.4408501344588756,0.04117467740858899,0.49056513770677945,0.07377251176025473,0.4468913203628845,0.048087048857272094,0.4846969075535193,0.04783492676304299,0.46365384918452135,0.022421047273169202,0.4306127829425833,0.032307699518214904,0.42075427379567226,0.030266273589788353,0.4645400208813107,0.035721520222066275
fa_recall,0.49052783466765965,0.02389891324175441,0.4423757214671383,0.0290525278453485,0.5125674920871346,0.019495867487509477,0.5150111711040775,0.0653808501474371,0.5027462297523739,0.049592522789424665,0.49285514801712904,0.02498366996376854,0.453267547942655,0.044334661627787424,0.5073077639173338,0.032517823097097734,0.5073077639173338,0.032517823097097734,0.4430971886054738,0.029989417025516326,0.4688838205175945,0.035638546829346196,0.49529882703407185,0.05263412135722484,0.49648575684230123,0.03509241783278608,0.5229938558927574,0.033290875903540025,0.4931809718860547,0.060771691038832,0.5220862036864644,0.014768864751222448,0.5159653695773598,0.03812359961715449,0.542101098491901,0.029089232214873587,0.5678179110035375,0.05512883480325729,0.5404021597467883,0.05576716775582018,0.5265313721839509,0.05947877167923548,0.5314652764848259,0.05530986707662539,0.4805203872649413,0.04439166231553946,0.47451591882331035,0.014272915210111706,0.5966300502699684,0.046305590141041277,0.5112874697449264,0.04806853372187493,0.5073077639173338,0.032517823097097734,0.5073077639173338,0.032517823097097734,0.4830804319493577,0.03496037820156063,0.48019456339601563,0.08590069960614208,0.5609756097560975,0.051424560690513495,0.5194330664680692,0.059580452058218,0.5439396760379818,0.07171747153125842,0.4935300688884751,0.06128084307467,0.5526205548315025,0.06220789154445236,0.5313023645503631,0.03641337403470245,0.4787749022528393,0.03886640236469419,0.4935766151554645,0.03172502867964294,0.5217603798175386,0.04695786335600171
fi,0.9083163997131245,0.002336554244857854,0.9059496772651208,0.004346688287782438,0.9093144872101363,0.0034236576724349355,0.9107966770260578,0.002673131579071903,0.9098135309586421,0.0027617884397859653,0.9071360267750418,0.0034966708078831505,0.9066399713124551,0.004082944965215592,0.9079817116901745,0.0048411990397675166,0.9079817116901745,0.0048411990397675166,0.9048858474778867,0.002382794058885998,0.9068790341859909,0.0033587057571192996,0.90803550083672,0.0019539977911123664,0.9077874731054267,0.0026297731063371506,0.907351183361224,0.0059889345401873215,0.9084777671527611,0.004460859998689998,0.9071629213483146,0.004063405220669266,0.9052623715037056,0.002429388848249826,0.9091650729141765,0.003655765311532046,0.9093055223523787,0.004113288458263098,0.9073183122161128,0.0035351595035288405,0.9087347597418122,0.0036142055036112843,0.9085823571599331,0.0031117838813973678,0.9068073153239302,0.0036808760951921636,0.90985835524743,0.002402737978451521,0.9081849151326798,0.0021512642451573857,0.9086809705952665,0.005506533418110241,0.9079817116901745,0.0048411990397675166,0.9079817116901745,0.0048411990397675166,0.9048081520439876,0.004181179074656088,0.9123715037054746,0.0027766477826579473,0.9107787473105426,0.002212986632778742,0.9099748983982787,0.0030271832930075554,0.9091770260578532,0.0021387416530378807,0.909144154912742,0.0035933199020077825,0.9088871623236912,0.0031839593994829034,0.9073272770738704,0.005328233625694776,0.9083403060004781,0.0025848725020987165,0.9072346402103754,0.006506847404539046,0.9082357159933062,0.0041661578721255465
fi_f1,0.7460859129276756,0.005002465603589266,0.7422745559894706,0.011183295008170738,0.7523302699817147,0.007647447244578405,0.7567952572998717,0.005933975144937618,0.7503514686634385,0.005080119478124036,0.7477025238558244,0.009864971065256991,0.7481659400900056,0.008295792806119839,0.7480506046031691,0.01180051701287582,0.7480506046031691,0.01180051701287582,0.741587023461977,0.005237831033270591,0.7467912508540795,0.009607939972178193,0.751170839362221,0.005434156324054207,0.7474705532221966,0.007135885847528434,0.7481271239030132,0.01229637173987774,0.7481792152148488,0.01102596417254134,0.7449714073764934,0.008270800664791621,0.7407673369585864,0.004272956264147307,0.7489389927625746,0.008457739058475676,0.7492150814513359,0.010365193058479506,0.7457968600118019,0.007884055916032015,0.7483038191508455,0.007035477014257628,0.7481504661240514,0.008043613844654865,0.7471982482843471,0.0075682938416058,0.7523466887644553,0.006087591769483095,0.7472228661795843,0.004734876605578885,0.7499700605425158,0.012746492731087161,0.7480506046031691,0.01180051701287582,0.7480506046031691,0.01180051701287582,0.7413783451457208,0.010245122744926718,0.755753413889484,0.007073812163998539,0.7534487288602347,0.006448613402421918,0.7516291199014037,0.006397411805249811,0.748902372590105,0.004549065829789313,0.751606861392964,0.006326010297191119,0.749586090797184,0.007753211570413336,0.7464720967151739,0.013402339494761958,0.7480092881082326,0.004661078814382641,0.7455586356960999,0.014013469161581868,0.7481802123065933,0.011161439003565105
fi_precision,0.7189007879669956,0.00832104017550806,0.7105389679049118,0.011865747718494067,0.7247449470642466,0.010003494322157275,0.725653023515745,0.008903213888355884,0.7228045079284542,0.008291249291775887,0.718482324048417,0.012375612083280354,0.7173156994635826,0.012255103627874629,0.7155274274899274,0.015213726246420485,0.7155274274899274,0.015213726246420485,0.7059475898155042,0.006473719131982038,0.7186201424457009,0.013496447332081976,0.7185425878558646,0.007698327262319256,0.7156047791959342,0.009402426808700206,0.7187802231106892,0.015443117072675714,0.7176603041537104,0.01519752903379535,0.7130727166652965,0.011030016248019121,0.709433413603991,0.008351232481593902,0.7206230865977973,0.011253335790795422,0.7187977133034349,0.012832195928222162,0.7109299792129854,0.012098176131274336,0.7184283013790245,0.009334001057050588,0.7195046758740762,0.01185589854904395,0.7120010595560676,0.010083469192919992,0.7218659016420218,0.005826124783405362,0.719849672988917,0.004833430829715655,0.7234846976701751,0.019391047639608278,0.7155274274899274,0.015213726246420485,0.7155274274899274,0.015213726246420485,0.7101525155852966,0.015101893949411959,0.7314702460228725,0.009747691007600295,0.7259557402482999,0.008154874887357697,0.7239505740719386,0.009552213250380099,0.7219114072286559,0.0075786308205265385,0.7219457794852048,0.00943534995450399,0.7183099617429052,0.010615981508424232,0.7141174463826547,0.016372948926022667,0.7183621426382374,0.006526163936101835,0.7135007176242323,0.020730597462518433,0.7156868897659011,0.011846804225246883
fi_recall,0.7754397416517795,0.0016019564140706264,0.7769857083963172,0.010554386372073784,0.7821217534698365,0.005451349139510672,0.7907619898309743,0.003331000210162416,0.7801119967019376,0.0018550540570303061,0.7794249003710321,0.007070167826248759,0.7818469149374743,0.004594820254857895,0.7837192524391919,0.008188922917952972,0.7837192524391919,0.008188922917952972,0.7810223993403875,0.0037209084173853743,0.7773120791534973,0.0053614064034429925,0.7869486051944483,0.006167144108498082,0.7823278823691081,0.004790659784098721,0.7800089322523018,0.008669107413406922,0.7814861893637488,0.007633549530035985,0.7798886903943933,0.005403653357436243,0.775044661261509,0.000947096932258536,0.7795966744537585,0.0051693440279252136,0.7823450597773808,0.007605047348242094,0.7843204617287344,0.003310920380144738,0.7807990930328432,0.005426284999966,0.7792187714717603,0.004043324987444336,0.7860897347808162,0.005612466794791667,0.7855228803078191,0.00698104750111695,0.7767624020887729,0.0048315462301007205,0.7786003847739453,0.005554406446896831,0.7837192524391919,0.008188922917952972,0.7837192524391919,0.008188922917952972,0.775559983509688,0.005488031851547196,0.7817266730795658,0.004238285459057654,0.7831180431496496,0.004743619384756105,0.7815377215885667,0.002683783374938796,0.7780163528926756,0.0011984858830914056,0.7838394942971004,0.0028567567240708794,0.7837364298474646,0.0044133126753199475,0.7819328019788374,0.009853925221437116,0.7802322385598461,0.004339236825160735,0.7807819156245706,0.006415556946094242,0.7837707846640098,0.010420180770248243
fon,0.8466369473182493,0.10670366717003839,0.810490088877674,0.10650141827565134,0.6137746376202091,0.17320229790933503,0.7480303922393249,0.3305469197179349,0.9631942692124372,0.007503527578235966,0.4387949645330417,0.21166224154264904,0.8353870524574536,0.23837190120953103,0.9654512574648835,0.006577533917717279,0.9654512574648835,0.006577533917717279,0.2691493537443575,0.08047572779477824,0.7791025317520397,0.24380921640332592,0.8247960299436454,0.12400323497372645,0.9326898814029776,0.03938175632610738,0.7850183643143522,0.050789471960156984,0.8095157989177671,0.24629007425683797,0.6584798272913337,0.29097298495887863,0.545434154820983,0.2958439222468042,0.7857543387444977,0.07755866243322466,0.8685830038971598,0.11373589948362989,0.7862800347660303,0.09383782879535477,0.6073751647180867,0.14910515232534083,0.9516079288978608,0.030201779853025863,0.8771062887262735,0.09500079797878852,0.9667830207194326,0.010331247988952259,0.959745703311184,0.008224340351535485,0.8437000588779544,0.09953170471880325,0.9654512574648835,0.006577533917717279,0.9654512574648835,0.006577533917717279,0.5507051335968822,0.1769558912526367,0.9583718843749124,0.012620719935803893,0.9265076961897551,0.041768249671791345,0.9471710544761264,0.02179187683646913,0.9609162531191298,0.01684656955723204,0.8241651947178064,0.13527637262545794,0.9593461743348193,0.009554805175485608,0.9210755039672527,0.06101675931961201,0.77506518630667,0.21967493417384312,0.9637409930748312,0.013716665454980207,0.9737782824459584,0.003762088225354752
fon_f1,0.33162711880891516,0.08840746892222738,0.30670182435893095,0.16620353382857894,0.17413568669210866,0.041315420723162966,0.2708678955094592,0.1077431866935155,0.5303110704372795,0.03824203236855549,0.15564466575870897,0.026792228619656504,0.4350129973472422,0.17440865807661796,0.5338097766696375,0.029175000979958444,0.5338097766696375,0.029175000979958444,0.1326947991084287,0.009156955099729646,0.3233412239541883,0.12661038080353307,0.29445105702162033,0.09588976007624131,0.44491917954016047,0.07722703473586087,0.24591742322687632,0.015991496443938342,0.34274606269573826,0.13140629531685957,0.2620149202634742,0.12103108383369826,0.18739854423494573,0.0829146324794656,0.26600905467756186,0.06112128491307347,0.37270293170799396,0.09670961407433211,0.26131449674180085,0.05133335421137199,0.19391208082014208,0.059924432103737324,0.5127269208155762,0.09534954103432648,0.39044983524895155,0.1369843710342565,0.5475164687786667,0.05096013174660452,0.5035596158310102,0.038258562319774723,0.3437176234664311,0.14704994441302896,0.5338097766696375,0.029175000979958444,0.5338097766696375,0.029175000979958444,0.18077543138167657,0.04697420234165303,0.5179448364722355,0.04415520507363813,0.4421569745834294,0.08653919122609446,0.48183553753354447,0.04891987223725916,0.5305782645650254,0.06736689372170122,0.31516735671373985,0.13754152735870137,0.5021282136865199,0.030688318005003754,0.41635159319082965,0.07604579861027912,0.3247531391969904,0.1303317693606162,0.5238939652609513,0.07519317965461833,0.5797907681561756,0.036603515030282724
fon_precision,0.241278882187013,0.08303670280788043,0.23249024080024971,0.1774142651923242,0.11809665211467164,0.032949999516724525,0.23493012404731892,0.12649292276664947,0.4661137551996989,0.047346552332548864,0.10197139720585022,0.02143940207852758,0.42140193681205784,0.22743541530363726,0.4958981190745952,0.040784678005466986,0.4958981190745952,0.040784678005466986,0.08284842575170882,0.007348615445247702,0.2870851811249748,0.1567226387539589,0.21935850189189743,0.09095267740118065,0.3757482829255394,0.09703887826592777,0.1744476493394786,0.005455102520767263,0.2761351096605153,0.12832244631242543,0.18606039324050683,0.1006971789850998,0.13453942199392163,0.07734120482932973,0.1827939190039261,0.05543780011855667,0.2879128292294074,0.1053342618492308,0.17462994912138946,0.04198176945916749,0.12668339809847295,0.0484587136361004,0.4451159773120408,0.11881618821041853,0.32504820377733723,0.16858378266458135,0.5163736175640561,0.08177842557975903,0.4352565297333495,0.05538191609485884,0.2796723769886799,0.19163804785306496,0.4958981190745952,0.040784678005466986,0.4958981190745952,0.040784678005466986,0.1164337513035162,0.034299114261078074,0.45593676470663513,0.07004062012500548,0.36703332485530654,0.10111456963486001,0.4172731033771879,0.07426590832196463,0.4591194257698783,0.07961610890412806,0.24129453927978095,0.13283490793183067,0.4479146837019029,0.04690216455234669,0.3461019218351905,0.10083796340456129,0.2582237341397872,0.14957965243719415,0.4920028623622045,0.10202461344047958,0.5734106492925832,0.04709033848533666
fon_recall,0.5493527508090614,0.05187255739773094,0.5494426465300252,0.0675776694989562,0.33953613807982735,0.06795474362224804,0.35922330097087374,0.07313777963163964,0.6175836030204962,0.03855929173758767,0.33764832793959004,0.048826536237596634,0.4854368932038835,0.08227300387376882,0.5792880258899676,0.022679391630667334,0.5792880258899676,0.022679391630667334,0.3352211434735707,0.0066716919508376165,0.395361380798274,0.0622161524064751,0.47249190938511326,0.04903265664450274,0.5577130528586839,0.02910622990988571,0.4217907227615965,0.07208538261200564,0.49406688241639696,0.09189435906025686,0.46952535059331174,0.11803756605629002,0.3354908306364617,0.06741387943516068,0.5032362459546925,0.029797685689176154,0.5625674217907227,0.021074747590208696,0.5299352750809061,0.03198115290792911,0.4314994606256742,0.04063127476972466,0.6167745415318231,0.03895836198434593,0.528856526429342,0.08074237289167618,0.5889967637540453,0.02911955388856944,0.5994246673858324,0.009424913644071286,0.5272384034519957,0.026837147603181337,0.5792880258899676,0.022679391630667334,0.5792880258899676,0.022679391630667334,0.4093851132686084,0.06442758024439746,0.6057173678532901,0.010365721183315059,0.5676914778856527,0.04046266217436959,0.5771305285868392,0.0043149946062567696,0.6324163969795038,0.04126947969046146,0.4937971952535059,0.08049698768257069,0.5744336569579288,0.024638644391407276,0.5515102481121898,0.031908295891622515,0.4967637540453074,0.08692911569010969,0.5668824163969794,0.04539725008090794,0.5900755124056095,0.05525187297304858
fr,0.8634723656836929,0.009147027286893896,0.8659564717692072,0.004845191323786224,0.866582044604798,0.004459689448118278,0.8664111031904215,0.002569684254641412,0.8620830120604623,0.0023895399819767907,0.870226370077251,0.0068844466886191155,0.8659528347178376,0.005147091225177424,0.861541091406375,0.0016899469596790226,0.861541091406375,0.0016899469596790226,0.86122466793721,0.0056544441193621675,0.8680150428444651,0.006388483232905592,0.8709610544539331,0.0054599833813930255,0.8629377191323451,0.0031081535377251875,0.8778641779536495,0.008135394790718547,0.868004131690356,0.0028829683660873953,0.865465469834296,0.0028485148562265405,0.8660473980534501,0.0020245366936170353,0.8593115789167406,0.002441166915335244,0.8642943392932482,0.003929954761304216,0.8676477006561241,0.0032891709134821156,0.8660037534370135,0.004311860025493475,0.8605845468961404,0.0014752865506860655,0.8671967062862795,0.0011505965922106948,0.8609664372899603,0.0009327033688598757,0.8649599196939057,0.002480753440234354,0.8607118436940804,0.0030997209945676997,0.861541091406375,0.0016899469596790226,0.861541091406375,0.0016899469596790226,0.8640251974918893,0.010222524096708163,0.8635123732487597,0.0025327634669399563,0.8630468306734365,0.003173140598716215,0.8587914805708716,0.0026052900754286383,0.8675895078342086,0.011181514504762893,0.8640797532624351,0.002153441572353651,0.8598171290571308,0.0011277361885432785,0.8640870273651745,0.00420642562545992,0.8651817798274584,0.004717269180147114,0.863115934649461,0.0033374948952401154,0.8666402374267135,0.003932509830277188
fr_f1,0.7588711980500437,0.008645210962957008,0.7692790809763632,0.008411921561434665,0.7695705390453623,0.006589805299123255,0.7701112724022638,0.0050616086303493695,0.7623568071229168,0.003107565543742031,0.7734456140032685,0.007503376729226931,0.7698021124137671,0.004975006644987288,0.7626671970051062,0.0035011111396846817,0.7626671970051062,0.0035011111396846817,0.7608306338821741,0.010067094395713863,0.7712257642319925,0.005618725812360337,0.7753637640387058,0.009473329323021187,0.7640603260272419,0.004639102154933082,0.782679921998195,0.006637954990195014,0.7728921153686431,0.004779368740486053,0.7678943093819737,0.003929995255997737,0.7688668803925369,0.0035488838067749672,0.7575563487503305,0.002901743108875693,0.7653707010531261,0.006495425302744685,0.7720982611555356,0.005298261282944988,0.7687905561339008,0.006131959149361238,0.7591139188242702,0.0018060917693914994,0.7699120836264637,0.0016151673496389476,0.7599431084780828,0.0016022110543783333,0.7658655486577296,0.0035238882385128824,0.7601853306730946,0.005945137772771193,0.7626671970051062,0.0035011111396846817,0.7626671970051062,0.0035011111396846817,0.7634050196487234,0.01002837499060189,0.7635012050292458,0.003540089201089686,0.7641487794909751,0.004584309869082444,0.756495171016486,0.002852658824530373,0.7694586558247003,0.013673976638143594,0.7658846263026068,0.0027790837910435205,0.7588654729257058,0.001269637051790182,0.7667695093959371,0.005794354360798226,0.76422357071955,0.005557784809010746,0.7655808975143317,0.006910532683933495,0.7716004141311535,0.006132440400523606
fr_precision,0.7517025337391365,0.007959395516709388,0.7627778063759687,0.008570169799782897,0.7592305979510984,0.0057631969181377715,0.7595818023701236,0.005984821985318119,0.7541790486948308,0.0022232295416466756,0.7641984440980745,0.006515012278366567,0.7592877803663716,0.005741892613511705,0.7542745285558434,0.003153807843299752,0.7542745285558434,0.003153807843299752,0.752322575053455,0.011575320706348294,0.7626392255116085,0.006656458951019115,0.7684602504422489,0.007881578252914575,0.7572821769552666,0.006474532967521635,0.7749025842166961,0.0048159413344816115,0.764064383445785,0.007909561880191627,0.7592107069043073,0.006743899040269284,0.760940555770184,0.005334590877051439,0.7488979602923225,0.004248355321733691,0.7565640324299809,0.006423928096890512,0.7636459249419464,0.006578851098256727,0.7607441506915672,0.006946192186276202,0.7502872044644336,0.0011643412529849153,0.7613949388501995,0.0035668400487266503,0.7508445770474905,0.0025067341385499385,0.7593851094209692,0.004966176028765208,0.7532926081617406,0.00616153095278128,0.7542745285558434,0.003153807843299752,0.7542745285558434,0.003153807843299752,0.7535097714701692,0.010995237563719238,0.7544035194972241,0.004972485093792079,0.7559231666303601,0.0034461542395164764,0.7470659192134688,0.0018286572736062477,0.7639524545077646,0.017585640980890358,0.7582159853262558,0.001617140651909538,0.7503886820395073,0.002457847299652687,0.7596072165295993,0.006478698061279486,0.755709449070431,0.004878574662397013,0.7571529896725945,0.006619301721476539,0.7634149925053941,0.005888512852073391
fr_recall,0.7661990273101384,0.010397944004153241,0.7759072203516648,0.009122594333435251,0.7802095024317246,0.008278493493354678,0.7809390198279087,0.004108361901748126,0.7707257762813319,0.005185775380394439,0.7829218106995884,0.008586952051978725,0.7806210250654695,0.005049996972314573,0.7712495323606434,0.003942396700592761,0.7712495323606434,0.003942396700592761,0.7695473251028806,0.008984285565068252,0.7800224466891134,0.005741037051982076,0.7823980546202768,0.011164726166171484,0.7709689487467265,0.002847182579938732,0.790628507295174,0.00898830904414753,0.7819491208380097,0.0020421370397806374,0.776805087916199,0.003242491384963741,0.7769734380845492,0.0030973027037566937,0.766423494201272,0.002111328254324378,0.7730140915326101,0.008042033774929637,0.7807706696595585,0.006642208683465174,0.7770108492330714,0.005303198001735236,0.7681631126075571,0.00423721515443853,0.7786382341937897,0.002941001721965361,0.7692667414889638,0.0007055415966985919,0.772465394687617,0.002759986194599826,0.7672091283202395,0.006039284228143232,0.7712495323606434,0.003942396700592761,0.7712495323606434,0.003942396700592761,0.7735877291432847,0.010147367448063192,0.7728395061728395,0.004300383994406034,0.7725589225589226,0.005869736478662088,0.7661803217358774,0.005331143358802996,0.775084175084175,0.010023209359695211,0.7737186681631126,0.004710190876358685,0.7675458286569398,0.002641396649173746,0.7740740740740741,0.005549810750781684,0.7729330340441452,0.006308596469302825,0.774205013093902,0.0076471108563743095,0.77996632996633,0.006621773288439954
gu,0.8898931799506984,0.004500596199713757,0.8880443714050945,0.003933554263583953,0.8993426458504519,0.009428602836515166,0.8983155299917831,0.006517668602733968,0.894823336072309,0.008565596149609365,0.8937277458230621,0.009013685385869285,0.8890714872637633,0.007440743745388163,0.885784716516023,0.004599522219596461,0.885784716516023,0.004599522219596461,0.8896877567789646,0.008281722066689052,0.8915365653245686,0.0025984204274186002,0.8931799506984388,0.0034861468258991363,0.8861955628594905,0.01119634808872624,0.8937962202136401,0.008172297314618333,0.8909202958093673,0.0058632633877314854,0.883935907970419,0.013869740932921627,0.8981101068200493,0.007909903630892156,0.8847576006573541,0.01420641466912175,0.8845521774856203,0.015554391525062375,0.8882497945768283,0.010869972518753464,0.88126540673788,0.010074814657764752,0.8827033689400164,0.006788295662226065,0.8923582580115038,0.011415319629786166,0.8948233360723089,0.0024189977722070175,0.8855108189537114,0.002885689880266438,0.8781840591618735,0.011153551323334593,0.885784716516023,0.004599522219596461,0.885784716516023,0.004599522219596461,0.8819501506436592,0.013384597888655841,0.8913311421528348,0.004101610279888252,0.8816762530813476,0.01209498886103509,0.8802382908792111,0.007080397674451161,0.8800328677074774,0.004696364886190716,0.8882497945768283,0.001775059079268099,0.8882497945768283,0.010018811919020485,0.8845521774856204,0.011474313922571049,0.8978362092577377,0.010692534262362819,0.8890714872637634,0.014805677076679924,0.8894823336072308,0.0028856898802664555
gu_f1,0.5860069259834764,0.038526566074858805,0.5608672757264307,0.03464591548443227,0.5921815222515107,0.034839791030539434,0.6012702107424387,0.048334713798518496,0.6065752716703505,0.028070786667782593,0.6079163914952517,0.02410252486264493,0.5915939967790064,0.0307539612247218,0.5731526976092194,0.029731883059164976,0.5731526976092194,0.029731883059164976,0.5881270476300333,0.03067698146346361,0.6011396271834601,0.02247095713169838,0.5754383886854475,0.0164793707750729,0.5639654658703256,0.049424778444363215,0.5737147078817928,0.019083779705295602,0.5734950380785317,0.021511977519901037,0.5654524248460249,0.032808723248293675,0.6089035607116113,0.028494703800181438,0.5699657173757319,0.017911838721619697,0.5758774216026918,0.033806188777337896,0.5908455161740118,0.021311239479914406,0.5659968565669803,0.014988365432515065,0.5705327166419882,0.009907293298271082,0.5985215330478164,0.02451582873235412,0.5832334438686746,0.021410034152097236,0.5651624089501197,0.022157919116091107,0.5620611811242918,0.020114831755462116,0.5731526976092194,0.029731883059164976,0.5731526976092194,0.029731883059164976,0.5480825391227598,0.040135240127625364,0.5937139844341613,0.00974801690610257,0.5696468246630346,0.02670278637818415,0.5830768122598536,0.020309971937581304,0.5454625310320271,0.033095892071964686,0.5751588661994672,0.025583359798375064,0.5870496421793812,0.05180120951701318,0.5696849585674337,0.03474995680347729,0.605290408378472,0.05045880797643922,0.5833524787332149,0.028848211897812528,0.5678246627817239,0.03880770653343552
gu_precision,0.5373496117258064,0.022113786736359206,0.5153458277554663,0.027000446102626058,0.5615396836565567,0.03708646354480662,0.5720682778939647,0.041401280878559904,0.560929328765583,0.0242347916939929,0.5691925827795393,0.032619402589071395,0.5501503151817007,0.03350465491041012,0.5158802574548431,0.015345933469780563,0.5158802574548431,0.015345933469780563,0.5375965827228756,0.02420969686988469,0.5641081917523288,0.02529828200844976,0.553920612050126,0.023058381483277487,0.5078650395330693,0.04591441725888235,0.5438210783640891,0.018785820346133998,0.5275828157349897,0.019927041482390502,0.5131114840255424,0.03661559836505809,0.5656030251757986,0.03345578796116446,0.5108699694293911,0.019337316499193655,0.514805532349392,0.04059632952693139,0.529251495284104,0.022172648776868132,0.5007819218214046,0.012034451769999104,0.5184427781564795,0.012547894601029294,0.546498755961752,0.02304808951291448,0.5405452950188856,0.011312845116156538,0.5122037907007413,0.02003072130560767,0.49553690562604913,0.016384574884208747,0.5158802574548431,0.015345933469780563,0.5158802574548431,0.015345933469780563,0.49336080586080583,0.040316447580000046,0.546024844720497,0.02058748480171355,0.510564760659487,0.022214696068896513,0.5198898952479151,0.01915979633917911,0.4911673759514536,0.020561884487338807,0.5239211513436319,0.02336318169711132,0.5298245317275054,0.0539253433244905,0.5213130986976644,0.033693082315718326,0.5575796557721325,0.04812582274000486,0.5299420261870609,0.04355284084769924,0.5168303571428572,0.025101145307501384
gu_recall,0.63681592039801,0.07362511734800367,0.6156716417910448,0.047394425082730465,0.6293532338308457,0.04559776810901328,0.6343283582089553,0.061839815396298764,0.6604477611940298,0.03473691553176353,0.6529850746268657,0.021542920492150182,0.6393034825870646,0.033651117558379864,0.6517412935323383,0.06346940707548795,0.6517412935323383,0.06346940707548795,0.6492537313432836,0.03995616518459947,0.6436567164179104,0.023102208483839204,0.599502487562189,0.011399442027253319,0.6343283582089553,0.05584563263841708,0.6082089552238806,0.03578978748740835,0.6287313432835822,0.032457682464427595,0.6305970149253731,0.035789787487408325,0.6604477611940298,0.03473691553176349,0.6455223880597014,0.031366965703777325,0.6548507462686567,0.035724892080460445,0.6697761194029851,0.03725119187032818,0.6511194029850746,0.026119402985074622,0.6343283582089553,0.0074626865671641035,0.6623134328358209,0.03725119187032818,0.6343283582089552,0.04308584098430041,0.6305970149253731,0.02890286079259269,0.6511194029850746,0.04773592304078481,0.6517412935323383,0.06346940707548795,0.6517412935323383,0.06346940707548795,0.6175373134328359,0.04926692119487155,0.6492537313432836,0.007462686567164201,0.6455223880597015,0.04739442508273044,0.664179104477612,0.029222239115598833,0.6138059701492538,0.05219436631432158,0.6380597014925373,0.035789787487408374,0.6585820895522387,0.048123239109833536,0.6287313432835822,0.044097258460785715,0.6492537313432836,0.06108472217815263,0.6511194029850746,0.0288224632493942,0.6442786069651741,0.06520070856756793
hau,0.9045219407777381,0.0034640453595667932,0.8786846682126294,0.006593171956031392,0.879866437745273,0.0039989698965604715,0.8885123082411702,0.0032256249190581385,0.9060047270781306,0.005098210773149638,0.873667722083482,0.007998372336027805,0.8834897877274348,0.0071168716214157724,0.9073983232251159,0.0038665500270412176,0.9073983232251159,0.0038665500270412176,0.8424901890831252,0.008975472402485692,0.875284293613985,0.009074748847393855,0.8860149839457724,0.003971007328314682,0.9081062700677844,0.00662706885007596,0.88472172672137,0.010179910955896206,0.8698269711023903,0.010661503706403537,0.8666885925793792,0.016379251965780366,0.8709306992508027,0.01114415262962122,0.8964223599714591,0.007478320347963897,0.9024761416339636,0.002386453005797087,0.9000122636460934,0.009329264021889362,0.8852066981805209,0.007376012542798482,0.9022921869425615,0.006025728393149895,0.9043658580092757,0.008685418317498797,0.9076268729932215,0.00465056933809069,0.8872469229397074,0.0051193573154484405,0.8942093292900464,0.012974031749667903,0.9073983232251159,0.0038665500270412176,0.9073983232251159,0.0038665500270412176,0.8821296378879772,0.010091705497726478,0.9061496610774171,0.004537864058012818,0.9078275508383874,0.006409042672067191,0.901768194791295,0.007906387658523762,0.8896550570816981,0.009245735961026012,0.8984904566535854,0.011584846219452221,0.9042766678558687,0.006048485562603681,0.9036133160899037,0.012392917188560627,0.906066045308598,0.006106415403713686,0.9060437477702461,0.009821964406026616,0.908814216910453,0.007410804157484829
hau_f1,0.5475085799357226,0.015872050672604537,0.4948109609774368,0.01012659773352559,0.5024510010668619,0.01390497973063404,0.5208998554157505,0.006797741124384304,0.5445212759717664,0.008773641715442907,0.5006240762538483,0.007885547399465348,0.5110627347313514,0.008295414760397763,0.542599343378845,0.005858764320426949,0.542599343378845,0.005858764320426949,0.4599114285317565,0.01511340207260653,0.5120109200658352,0.014175346705940983,0.5127974025342984,0.006007528524875989,0.5476427638050256,0.014358719618062945,0.5186235375082643,0.01192558501564056,0.4890643158076727,0.00849054583179409,0.48781080496458096,0.013645661552047406,0.4938229641933161,0.015026342237824624,0.5236952686168727,0.006408274654416032,0.5398713904713275,0.009772704180641339,0.5282895417024491,0.011327011007502838,0.5058537887141319,0.01164345485506158,0.5459407118257229,0.019194508746609776,0.5469392928276294,0.016092720510656463,0.5498704607908703,0.014391799968982169,0.5087696921643068,0.009830248385039373,0.5115881172444905,0.02459485310928858,0.542599343378845,0.005858764320426949,0.542599343378845,0.005858764320426949,0.5000590274091322,0.01711419316513281,0.5422175624627918,0.007273919045247782,0.5457461365605267,0.017538674819888782,0.5371436674805261,0.007886866928314194,0.5078276019885005,0.020985405356820943,0.5186992913780872,0.009106272367556777,0.545813539654485,0.013058787484705642,0.5352252068799357,0.019321500297090777,0.5358941779844436,0.017471463219398284,0.5484751273078257,0.0203416028561006,0.5492625196337155,0.016596997272131972
hau_precision,0.47299546197796466,0.02201681002428256,0.41176900472287276,0.014121259832579813,0.42169659180063224,0.016050012212528973,0.4410396016855589,0.009411122098024286,0.4737641141951538,0.01183538810352832,0.4197896410808047,0.008050147761605201,0.4319808393815294,0.009671493266709892,0.4733086266323544,0.007139134174639259,0.4733086266323544,0.007139134174639259,0.3689559163408114,0.017013404436349685,0.4334056576768199,0.014328250467445368,0.43294628240995464,0.005104324399596495,0.4828191571421287,0.017057985628062187,0.44002301713051917,0.015603548410080331,0.41287215585615655,0.014681113128003957,0.4068889421996064,0.015671371255831106,0.4218362779315046,0.024108786442390985,0.4513756602202421,0.012855477085040309,0.46503763860148756,0.010310031020196089,0.45361070794907754,0.020648183185177686,0.4240837151023832,0.018005768783836144,0.47118291593038375,0.022432903006992508,0.4710159739512537,0.022225305489870673,0.4784731820011381,0.018036027892755203,0.42888770625533235,0.01094687040871499,0.43840538203448753,0.03683051759779751,0.4733086266323544,0.007139134174639259,0.4733086266323544,0.007139134174639259,0.41911206453145666,0.016742733593020802,0.476676655051675,0.01749157883457898,0.47418828724043227,0.0176221616964481,0.46232928546766794,0.014387535701654824,0.430128881603512,0.025988050070945082,0.44222849411831466,0.006678336429838311,0.46995459447115384,0.018375762747922544,0.46325928871341016,0.02537713523616121,0.4633982180831272,0.022089277283944195,0.47837921981159154,0.027038579947871087,0.4837920290021228,0.021419095305488453
hau_recall,0.6503579952267303,0.00462811307805097,0.6202267303102625,0.009068427299266504,0.6218675417661098,0.015968286027533,0.6353420843277645,0.009079870114290746,0.6404385441527446,0.013424544768659872,0.6200775656324582,0.00905369385769301,0.6262927605409706,0.007333887855008832,0.6358144391408115,0.010867203870458232,0.6358144391408115,0.010867203870458232,0.6107547732696897,0.007972988075711656,0.6255966587112172,0.015684295260256484,0.6288036992840096,0.00926703693544194,0.6329057279236276,0.0162134983223492,0.6317124105011933,0.006883159300187826,0.6006861575178998,0.019031604745242334,0.6091139618138425,0.007284675087753469,0.5968078758949881,0.015783286475431146,0.6241050119331741,0.01081966721350197,0.6435710023866348,0.013351419151107494,0.6335769689737469,0.015951324068246824,0.6273866348448687,0.006710752911218324,0.6491646778042959,0.012002582553392668,0.652744630071599,0.014224190171788968,0.6467780429594272,0.016450549019202138,0.6252983293556086,0.007408345478197749,0.6161992840095465,0.010932865275542112,0.6358144391408115,0.010867203870458232,0.6358144391408115,0.010867203870458232,0.6198538186157518,0.016860887930701604,0.6296241050119332,0.01657899018769706,0.643123508353222,0.023328738849640165,0.6413335322195703,0.008657978437309918,0.620450477326969,0.011560342725618091,0.6274612171837709,0.020975722060037588,0.6514767303102625,0.013255528975560244,0.6342482100238663,0.006248320633414896,0.6357398568019093,0.011448490245704998,0.6433472553699284,0.013537054062695049,0.638126491646778,0.014065841568169812
he,0.8088956660188719,0.00750740089923141,0.8152233721229718,0.0066847045035753,0.8142399728394484,0.004887120988159481,0.8153931255707227,0.005257362591740281,0.8099873562949261,0.0023473801796427174,0.8174272401601537,0.004054952061214624,0.8139824158842399,0.004708280643145949,0.8176262614437237,0.006567351064830981,0.8176262614437237,0.006567351064830981,0.8070459387951017,0.004631365373465441,0.8114829427052846,0.006950143355312319,0.8168887119810813,0.003932935067805048,0.8195989135779345,0.0048549520403740045,0.8194847690182397,0.003489228522850296,0.82579784120443,0.006554092538061651,0.8249754150179119,0.009271268770309699,0.8193003816525791,0.005871436195674691,0.8232398323538365,0.007620822913493176,0.8215247371748344,0.005318415961727839,0.8238807979582757,0.005970090427377795,0.8175560186377578,0.007405987830976761,0.8062205858250018,0.0050724494851112495,0.8135931536678451,0.007312337079364569,0.8061679037205273,0.004628266913769033,0.8081815308248846,0.00253338662973465,0.8160955536303823,0.006694559218388304,0.8176262614437237,0.006567351064830981,0.8176262614437237,0.006567351064830981,0.8161306750333653,0.005134094540769183,0.8158145824065185,0.004563704398879413,0.8242583530403428,0.005786439891481237,0.8167335924512398,0.006206558177914244,0.8090273712800581,0.005275476867385984,0.8099112599217964,0.004345465804360434,0.8143189959961601,0.0076289895137465966,0.8161453089512749,0.00783398590513944,0.8081786040413028,0.006566224017909077,0.8162594535109695,0.003652530538365787,0.8212818141375354,0.0042386118653194305
he_f1,0.4978127548598025,0.01599387464238241,0.5097698935607525,0.012212984905617882,0.5060785569349019,0.010812743493958011,0.5113461159430949,0.009778774045207514,0.4962016981413639,0.010547630289504532,0.515390006789395,0.004146256591094248,0.5063415776401803,0.009334599622810493,0.5136514381364592,0.013485636881441661,0.5136514381364592,0.013485636881441661,0.49816220971712044,0.01382185515460741,0.5010433262865395,0.012269323527216491,0.5108152099809765,0.009849302063438162,0.5139842626935077,0.011275097645830352,0.5164430295366134,0.009250264432747497,0.5318544329372767,0.012947571686279843,0.5312766510290637,0.018654618914193098,0.516143571474223,0.012839380475659861,0.5230485295103213,0.014332840907203359,0.5198249391368943,0.010813924020364747,0.5253526171789904,0.010937211462694876,0.5138378301115526,0.013216537434726948,0.4964463865703616,0.00700758365952991,0.5088516471359765,0.015389560551793002,0.4925045540410624,0.011121426270048338,0.4940933919789219,0.008181038740663607,0.5114833939818559,0.008759724163813246,0.5136514381364592,0.013485636881441661,0.5136514381364592,0.013485636881441661,0.5132840320399892,0.011256768447925482,0.5087750004887105,0.003380774777170899,0.5235705371784689,0.014884437739590783,0.5138776986550542,0.013893377155633047,0.49708173300826264,0.007082185153171387,0.4973274231798664,0.006524762024380057,0.5060652775429376,0.017500814586685214,0.5087662359793099,0.012916806101485712,0.4957248319763858,0.01023365852469468,0.5105464653416283,0.010482188203430807,0.5166226432922462,0.011306051706597608
he_precision,0.4951209701440569,0.018183999285036296,0.5048236566868025,0.01385554848922021,0.5060579177766851,0.010251475776771815,0.5083511934104901,0.0075871609196022415,0.4939674590661004,0.005328728270632817,0.5119596328966152,0.00797345399152151,0.5059156795545747,0.0103271354172135,0.5008942280766213,0.017009025777046105,0.5008942280766213,0.017009025777046105,0.49266756161757197,0.010755457830810087,0.4994042355883881,0.012656732006531262,0.5082796706979322,0.007476728535744654,0.5054472968661728,0.0070716567858468355,0.5190068224262213,0.007012409856684246,0.5266841937287919,0.01677149482565252,0.5238572430323972,0.02187421673031634,0.5147097501443528,0.014262226549071513,0.5198867568664711,0.01733815514260559,0.5124768574126353,0.013202984525504566,0.5167068812444238,0.014973244579651579,0.5077992800924365,0.015814197247353796,0.49029736416901243,0.009490997729903092,0.503927229408146,0.013958185412633786,0.48858332967400275,0.009916883333264582,0.4935943864403741,0.00790254120684149,0.5044365179106862,0.0161841250510668,0.5008942280766213,0.017009025777046105,0.5008942280766213,0.017009025777046105,0.5072824985097883,0.01229432942925888,0.5029893758987461,0.003758236264011788,0.512268322264564,0.01191137334893507,0.5011850668522021,0.015950545600806443,0.49362236995167597,0.009001761204876755,0.49338706169626906,0.006295794364384729,0.49798158891958405,0.018129765931632683,0.49882481858002903,0.015091265734775858,0.4942406926147365,0.009817498816384601,0.5007629669466369,0.011712065777206309,0.5099231757287672,0.013829264783023015
he_recall,0.5006570302233903,0.01620027695494372,0.5148379325448971,0.010916117878368584,0.5061140312454373,0.011784315197354811,0.5144364140750475,0.013248232334390679,0.49868593955321944,0.018621533502690923,0.5189443714410863,0.0048017862866318855,0.5067893123083662,0.009020174717891002,0.527193750912542,0.0116637192156402,0.527193750912542,0.0116637192156402,0.5038326763031099,0.017540515916811314,0.5027011242517155,0.012072880922464028,0.5134326179004234,0.013304382168967156,0.5228683019418894,0.015858862907204074,0.5139436414075047,0.012159680338744653,0.537195210979705,0.00973119520817933,0.5389837932544898,0.015986679796865796,0.5176485618338443,0.013010361153797698,0.5263724631333041,0.013769392628704852,0.5274492626660826,0.009885240572734254,0.5343845816907578,0.008268630756383863,0.5200759234924807,0.011364944960783167,0.5027923784494086,0.005696874170735176,0.5139983939261206,0.019047990081216777,0.49666009636443276,0.016218730181591284,0.494634253175646,0.009931408611872718,0.519053876478318,0.01003701044528376,0.527193750912542,0.0116637192156402,0.527193750912542,0.0116637192156402,0.5195283983063221,0.01313688617812879,0.514746678347204,0.0066163761485601505,0.5354613812235363,0.019197280712230036,0.5272850051102351,0.012556347696478572,0.5007300335815448,0.01061891500136103,0.501387063804935,0.00916650119176671,0.5144364140750475,0.017181024073577033,0.5191816323550884,0.011996323707542176,0.49726237406920715,0.011969656961839442,0.5208607095926412,0.013276763446294233,0.5235800846838955,0.010608537609255519
hi,0.812947543713572,0.004235563121650029,0.8155703580349709,0.0037496520396994837,0.8198168193172356,0.0031974511959843807,0.8176103247293922,0.008257696055598458,0.8126977518734388,0.0040753994984143475,0.8174021648626145,0.0025089956991372724,0.8167360532889258,0.011090057562546166,0.8141548709408826,0.003283035932860637,0.8141548709408826,0.003283035932860637,0.8118234804329725,0.007733542939491802,0.8209825145711906,0.007419996585737169,0.8206494587843464,0.00418423770081438,0.8120732722731058,0.005967959474705858,0.8176519567027477,0.004175391522418301,0.8122814321398835,0.005181801126561714,0.8114071606994171,0.005473509502783095,0.8135303913405496,0.005515359248218593,0.8262281432139884,0.004147625610485187,0.8175686927560366,0.007060599393302833,0.818442964196503,0.002840346276616582,0.8180266444629475,0.010435489630145267,0.8129059117402165,0.0067308314010632656,0.8097418817651957,0.007825629852829143,0.8052872606161532,0.006376626810506496,0.8058284762697752,0.0076831766410066825,0.8238134887593672,0.002149865859676627,0.8141548709408826,0.003283035932860637,0.8141548709408826,0.003283035932860637,0.8068692756036636,0.004291931380136473,0.8263114071606994,0.004378554269867358,0.824091035248404,0.004259773531601357,0.8163197335553706,0.010289753009675528,0.8134471273938385,0.003137257637730342,0.8147793505412156,0.008248735818522677,0.813488759367194,0.012439533320221869,0.8118234804329725,0.010813632938539045,0.8106577851790174,0.0064194288983834375,0.816902581182348,0.0040574980579682115,0.8114487926727727,0.008883265503435428
hi_f1,0.6718601415965223,0.005357148647315831,0.6708742723217407,0.008534326325542031,0.6811957422987531,0.004022280478040043,0.6738349850373601,0.015516470126705642,0.6690770727966435,0.0069972336692924715,0.6748055004392659,0.0036019238301900026,0.6728120534702354,0.018236363226359697,0.669219067922339,0.003607000864825195,0.669219067922339,0.003607000864825195,0.6679052433936827,0.013777264933709971,0.6796022184401117,0.014032776336237512,0.6764995947623322,0.006713365798743014,0.6669934193192428,0.01122713374108825,0.6741688633020527,0.006346232554741772,0.6659510195366877,0.008699248927378883,0.6645137996785542,0.014641510172427383,0.665591774245111,0.006708609940455894,0.6876935474195887,0.008626832194954678,0.6738252610940377,0.010551245761696745,0.6707454804086126,0.0063872925363150255,0.678499367869551,0.01849287417063948,0.6680068818958518,0.01043419686337487,0.6628496117131605,0.017483610245622245,0.6542291801041346,0.007830246645224933,0.6618514541975976,0.011596668473895698,0.6867723995770543,0.0031559616244667588,0.669219067922339,0.003607000864825195,0.669219067922339,0.003607000864825195,0.6557672821094023,0.009816097743744222,0.6896343317134561,0.0038361503483771878,0.6860408639440854,0.008155446081047629,0.6709700630350258,0.015479919983008723,0.6689680050386818,0.010006600061845087,0.6714674723731754,0.014781436141465015,0.666159594222997,0.020652430752417943,0.6651001571922166,0.019427178082210995,0.6659239338932647,0.01089895906101019,0.6752907369681515,0.011878720627795384,0.666842987233661,0.014238117434771737
hi_precision,0.6505730630645277,0.00729819884241653,0.6497780552334544,0.009171083812994281,0.6634513412041376,0.0038638559422139226,0.6555287907974903,0.013982307258504913,0.6492802025533202,0.00430807929208704,0.6530416365449856,0.0050694819736794875,0.6549045309650199,0.018611410025857807,0.6445704011176197,0.005455744605669464,0.6445704011176197,0.005455744605669464,0.6486764448347097,0.012686371021215993,0.6619180328282791,0.013539646769354742,0.6553711327802401,0.006348688536331979,0.6390699968328134,0.011003672460992878,0.6589374458332944,0.00822053162861251,0.6392204171364777,0.008657389586228319,0.6401969464211926,0.014269906089022164,0.6418815661888482,0.003523648192714712,0.6606780059279134,0.008844762825902892,0.6470066077744909,0.010524648112843723,0.6411827856920702,0.006452670182659226,0.6542874079316897,0.020942755620745,0.6449545415030322,0.012646627205079992,0.6413454769341637,0.016627044534274767,0.6349870740843312,0.007568252853707173,0.6412535728072934,0.010042602831769195,0.6572967449028562,0.0066555324502382,0.6445704011176197,0.005455744605669464,0.6445704011176197,0.005455744605669464,0.6290633046433467,0.010892443131954557,0.6640922256846995,0.0037272976816357184,0.6553252118808819,0.01231252576543981,0.6428331118937947,0.019274163367951735,0.6467488085883946,0.010687224494047522,0.6493002876448651,0.015561744082022674,0.6425513377302878,0.020538340193161145,0.6393643693913731,0.018566457664045487,0.6451546064388678,0.009655707519635449,0.6487263355059965,0.01443442129375979,0.6407215890657089,0.013209463912581085
hi_recall,0.6932681867535287,0.006219565275455787,0.6934039087947883,0.008681968290835795,0.6999185667752443,0.004534010067451186,0.693200325732899,0.017317728272098338,0.6901465798045603,0.010502465864361097,0.6970684039087948,0.0035495919735673126,0.6917752442996743,0.019022401569432152,0.6965255157437568,0.0033903355040165043,0.6965255157437568,0.0033903355040165043,0.688314332247557,0.015109100419608706,0.6982899022801303,0.015571997295617245,0.6991042345276872,0.010731486102481404,0.6974755700325732,0.011716200789851899,0.6901465798045603,0.005700325732899038,0.6950325732899023,0.009600835604683737,0.690757328990228,0.015225690335964418,0.6911644951140065,0.011172982682420405,0.7170195439739413,0.00868196829083574,0.7029723127035831,0.010912761089970259,0.7031758957654723,0.006957657773059887,0.7046009771986971,0.01564104520341582,0.6927931596091205,0.008261225729388283,0.6805103148751357,0.019310723574193753,0.6746742671009771,0.008129738942384336,0.6838355048859934,0.013841652152196203,0.7190553745928339,0.0017591587129228727,0.6965255157437568,0.0033903355040165043,0.6965255157437568,0.0033903355040165043,0.6848534201954397,0.008920562825817041,0.7172231270358306,0.004328235265771436,0.7198697068403909,0.0064806386462070145,0.7017508143322475,0.011310622502714788,0.6927931596091205,0.010222491887975327,0.6952361563517915,0.01484342519019396,0.691571661237785,0.020765472312703606,0.6929967426710097,0.020417936557102587,0.6881107491856677,0.013479597196455095,0.7041938110749185,0.010973359951518564,0.6952361563517915,0.01682570181600604
hu,0.9199475574871943,0.003311599771355965,0.9149416812648292,0.0025813190871102907,0.9174224449519923,0.0012598182604230338,0.9206349646317937,0.0020596641265875452,0.9162776903119941,0.001870956760666254,0.9169706410625984,0.0023815643674202024,0.9163137237510256,0.0030965294967159173,0.9172173315298136,0.006765213505749084,0.9172173315298136,0.006765213505749084,0.9156789808634721,0.003336082646955828,0.9142071534691886,0.0007218901817991054,0.9184979045169301,0.0026436123507924407,0.9183925760028384,0.0004726066364935112,0.9149915737188726,0.0018826807496215292,0.9207929574029314,0.0033845125881139405,0.9197535312770251,0.004065590340770236,0.9166463401113156,0.004257017794108069,0.9196232565359115,0.0029445333520703703,0.9185367097589641,0.0009243703282743959,0.9182456704437103,0.0015942052538617788,0.9194042840987205,0.0051717645053395815,0.9137193161407632,0.008361909340623629,0.9166241656872963,0.0017524109337769234,0.9168819433665211,0.0026143319130820133,0.9202968046654988,0.001347978080696598,0.9190467215114089,0.0050285324545459795,0.9172173315298136,0.006765213505749084,0.9172173315298136,0.006765213505749084,0.9135474643546134,0.00714496909790289,0.9206017029957647,0.0027210071632652825,0.9192047142825465,0.002895162057412377,0.9194652637647737,0.0014941672259611402,0.9203605561345544,0.004025833704196461,0.916516065370202,0.003110766572472421,0.9174169013459875,0.004891303827284797,0.918655897288068,0.0022105460573390427,0.9157593631505422,0.005419972373669432,0.9182623012617246,0.005515107914786628,0.9192379759185756,0.004828294130340598
hu_f1,0.7697651214115055,0.010193779529470225,0.7583811301374095,0.007942182306304314,0.7643948565265007,0.003927016062883443,0.7744548593309833,0.004046264192476361,0.7615635943475116,0.0056857414245209716,0.7638412223369181,0.006485584012681799,0.7648525713420313,0.008135532878571373,0.7665678668253864,0.015286035840216846,0.7665678668253864,0.015286035840216846,0.7608378017777618,0.008109307031588124,0.7573112344961616,0.001915457936973554,0.7677098468165036,0.006204536933769505,0.7673276665994367,0.003319078806696077,0.7586990011826293,0.004428108590965216,0.7709703644315853,0.008142584051118005,0.7708979819982966,0.007352797832129846,0.7608758460293295,0.007093241331687318,0.7663550603690276,0.006551776773779057,0.766321182932613,0.0026058370076158873,0.7666538123915062,0.0032183417005875966,0.767534211110859,0.012653556618016424,0.7576301165252006,0.019169120716559993,0.7641695240854968,0.004937579825586917,0.7633263478864025,0.007036953808953678,0.7665087113291638,0.003404689243864217,0.7673676391694778,0.010212438264547891,0.7665678668253864,0.015286035840216846,0.7665678668253864,0.015286035840216846,0.7540315033252393,0.01922874362934996,0.7730044511115304,0.006345909161806214,0.7670226298558112,0.006484574984835861,0.7693197459654861,0.00516093968093556,0.7694688394273137,0.00930271735858423,0.7637715928194921,0.006850085708191574,0.7644017638212639,0.00962535874818724,0.7684084790384256,0.0038487090981193677,0.760025439343314,0.013934435889427872,0.7661416757544508,0.011577578513352381,0.7681111506697089,0.010133022919501486
hu_precision,0.7458527231583689,0.01352238719536205,0.7307702698789744,0.007676199856782269,0.7388955667712238,0.0032577507326439774,0.7501379976867109,0.004766430298899636,0.7344287266268585,0.005364586068784992,0.7389590793982352,0.007852848423963409,0.7379584374093696,0.010921004149616664,0.740397946480834,0.02057178087909166,0.740397946480834,0.02057178087909166,0.7303175094117742,0.008459650671134055,0.7316841216680161,0.003646726464143419,0.7424236457185727,0.007865962860510516,0.7409222480686664,0.0030261963244965547,0.732766894995972,0.006084649544888147,0.746077668538531,0.00967612084459891,0.7462198631199709,0.010650686286598718,0.7346213884398104,0.00989048172638546,0.7409139620546745,0.008601724940262323,0.7392024865244715,0.003051843577045122,0.7370152371960036,0.00540553414748884,0.7395229722465816,0.017231624983754305,0.7287721613862954,0.023561008722875684,0.7345030697201673,0.006090916597487102,0.7354203273290266,0.0074351920048397495,0.7411343302764729,0.004317695108453507,0.7408288080035177,0.016313822079387957,0.740397946480834,0.02057178087909166,0.740397946480834,0.02057178087909166,0.7244389796375063,0.02417274819959844,0.7476478002033149,0.007218406290679791,0.740941731674419,0.010320964233396327,0.7427976493861183,0.0072393934546628015,0.7442933134934276,0.011071678107669451,0.7347626702229809,0.010438211854886584,0.7364003665546266,0.014148333045670671,0.7407525002728468,0.006739811447027675,0.7339176673528227,0.01448166186913408,0.7395235340547354,0.01917236334645616,0.7434311212545814,0.012126974790278104
hu_recall,0.7952967842470604,0.006733097967596568,0.7881605043207254,0.008235444776716989,0.7917197903385749,0.004911953094655266,0.800414364640884,0.004754824189721478,0.7907812721348633,0.006105876529502545,0.7889691646597724,0.007018165267255496,0.7938093214336308,0.005411395399852176,0.7947655475279785,0.010767407119822015,0.7947655475279785,0.010767407119822015,0.7940218161212637,0.007691451056651983,0.7848137129905086,0.002724944618454629,0.7948009633092505,0.0057267073742479,0.795686357841054,0.003865136732607268,0.7865490862728433,0.0037397902366018377,0.7975988100297493,0.007126584531574759,0.7972977758889361,0.004016582640667955,0.789099022524437,0.003923113799582138,0.7936322425272702,0.005721886851160893,0.7955092789346933,0.002769384264765582,0.7988206544836379,0.005821525716070039,0.7978290126080181,0.008377585405663199,0.7889396515087123,0.014001899844055733,0.7963415497945885,0.004096969665757296,0.7934374557302735,0.0067698511108979864,0.7936853661991783,0.002485757302801095,0.7959873919818672,0.0042853095339283305,0.7947655475279785,0.010767407119822015,0.7947655475279785,0.010767407119822015,0.7862303442413939,0.013492126728584814,0.8001487462813429,0.005779467768818682,0.7950665816687916,0.0051806803981785205,0.7978290126080181,0.004353837021681838,0.7964477971384049,0.00928737927178078,0.7952259526845162,0.0056756667062979604,0.7946770080747981,0.004696787805251314,0.7982362940926476,0.0022132265985406485,0.7880719648675449,0.013655742330745183,0.794907210653067,0.0033195250389916535,0.7944999291684375,0.007920555591267414
ibo,0.9131641970813141,0.044186055409588726,0.8499026637909302,0.07522997856417944,0.8554487269264166,0.06109085243995357,0.8496785804319207,0.18383674861976781,0.9447704546091147,0.0023919679510491123,0.6327308758858295,0.28365108180435633,0.9336188061959048,0.028453066165816446,0.9498438419091901,0.0013425718391427309,0.9498438419091901,0.0013425718391427309,0.3060208397523879,0.11814849142249559,0.8527877370381782,0.19065812890211975,0.9372986751071399,0.007833892350349285,0.9481702193215876,0.003299435944320981,0.9328625248592477,0.010783965422917121,0.7462921206688888,0.22345273536989818,0.6268346825018907,0.24186825731045883,0.622409036161452,0.3231276750511188,0.9229503375255595,0.01954981665139831,0.9398861376432033,0.011907774810304549,0.9315950533598498,0.008159877898784619,0.6953551721240301,0.09303871285370788,0.9472353715582197,0.0024386900651794043,0.9303555922803283,0.02578815267543512,0.9503795411893223,0.0030314513349781746,0.9300579815691438,0.009106596318911343,0.9381319850984566,0.01443352004031499,0.9498438419091901,0.0013425718391427309,0.9498438419091901,0.0013425718391427309,0.7721877538444302,0.11900471146194243,0.9395745217220806,0.010282307461486355,0.941293661241982,0.007478584309150328,0.9495007142657068,0.003052586965645436,0.9232969664715274,0.006226050955702527,0.9209125794795664,0.038440415849718995,0.9493361530489343,0.0022113896833706277,0.9425156158090809,0.0024493106207604917,0.893700456569844,0.07910147532387578,0.9495532338029747,0.0018208927439729568,0.9500434161508081,0.0017880655072412468
ibo_f1,0.40026510658360615,0.07060273326441106,0.333137457825155,0.10231631636109409,0.31067792269053524,0.07460403004158432,0.3587353405763074,0.10998591420594207,0.4418385293513196,0.008605046278955013,0.23297988927414576,0.09635932939155019,0.4144773580801937,0.05818716707948954,0.46593544560541494,0.01633611303751926,0.46593544560541494,0.01633611303751926,0.11727861429250955,0.015809011118361027,0.39826503262003665,0.10875562372612238,0.43213978495184235,0.01824148646729649,0.46142119254238645,0.010601230992303664,0.39875723758012044,0.004955831574640239,0.25418414596568284,0.11635650830354971,0.1959574961069591,0.05848500981629148,0.18487839729158645,0.06810451789326759,0.39278554812764777,0.04417955003052831,0.43735141889450657,0.0382972496566192,0.41471210584201096,0.027476740918954756,0.2093390247633823,0.03974693358991885,0.4646992900515149,0.018420473085166957,0.4109950477597323,0.07122973282460801,0.4706057778541146,0.018832080626022128,0.4054621667358418,0.024073254701560517,0.436258321756678,0.043152708158376366,0.46593544560541494,0.01633611303751926,0.46593544560541494,0.01633611303751926,0.2657971285084455,0.08589468300411104,0.431759184196337,0.036122801350139344,0.44685893849412617,0.0319415138903713,0.477893676350939,0.020939543847046906,0.3817821573732878,0.01766784474909259,0.40028731261997536,0.06191829794308189,0.47176528033473,0.022901129932311737,0.43606748724550054,0.02001171539809017,0.3895100284784852,0.10906261144598266,0.4702523594531676,0.01208376173949984,0.4557497302970415,0.021401094669446924
ibo_precision,0.34024109224928195,0.08500224102929359,0.26427541705679525,0.1216314270282438,0.2696120213544794,0.10617796919237718,0.3514669513500374,0.14021396453271368,0.4168897847880001,0.004900507597973004,0.18428997995504465,0.10566693625494679,0.40544294213439236,0.07780744989329208,0.44413096265879143,0.014253149009712284,0.44413096265879143,0.014253149009712284,0.07526384158818512,0.00894160150101008,0.4030903589331349,0.14833543402963736,0.3977331458537979,0.029568237331369356,0.43593072197447,0.013361371278385213,0.3844528637553561,0.049271694637046295,0.20140331446228105,0.11096377778729918,0.13814951590401867,0.041171316970870855,0.15287371754094942,0.07028774906011843,0.3411854737080691,0.05536515264296555,0.4036914951283783,0.05551874272175282,0.35637969061554453,0.04266962550580291,0.145060759088445,0.03494133936402171,0.43484738436132475,0.01642231113334258,0.3680295025294621,0.08733657843774915,0.45304948057900174,0.02067310735459197,0.3564396515372389,0.033680696485367145,0.3977128100019751,0.06063196269886948,0.44413096265879143,0.014253149009712284,0.44413096265879143,0.014253149009712284,0.19929866536897656,0.09251068676890854,0.4024925796658437,0.04027153274950168,0.4114623510857954,0.04088140605399327,0.44815907741347594,0.023186256328057195,0.32948507213997447,0.01791637240935654,0.3556876867814469,0.08379674647930474,0.44404636085011906,0.022394962759189094,0.39958076871283643,0.019219640018363186,0.3534390352305487,0.14733093736304603,0.4464948229037402,0.011142351520900342,0.43368385721310565,0.019640434244537916
ibo_recall,0.49504002784545764,0.03029243549723955,0.4808562478245736,0.03307991251442491,0.38583362339018445,0.03980527009412309,0.38270100939784196,0.05548568461251371,0.4705012182387748,0.021618324542224916,0.3453706926557605,0.09134403745660287,0.4266446223459798,0.03527286902021179,0.4900800556909154,0.020121835618231287,0.4900800556909154,0.020121835618231287,0.269317786286112,0.060584787673643316,0.40741385311521056,0.04774205365800429,0.47432996867386,0.010919860384302793,0.49042812391228685,0.015723542876344677,0.42359902540898015,0.04751354337135381,0.3693003828750435,0.09140928018729172,0.33962756700313257,0.10711282298927567,0.24312565262791502,0.0757043713886869,0.4658893143056039,0.028871484418400945,0.4803341454925165,0.024597368247900826,0.4993038635572572,0.005558203767027926,0.3824399582318134,0.02734551634109071,0.49904281239122866,0.022235312486726187,0.47076226940480337,0.04457946393203641,0.4900800556909154,0.02434155988758481,0.4718934911242603,0.01689087491187848,0.48607727114514443,0.01692461220989774,0.4900800556909154,0.020121835618231287,0.4900800556909154,0.020121835618231287,0.42829794639749386,0.042260795467249916,0.46597633136094674,0.031737733827946986,0.48973198746954405,0.019419170794793297,0.51192133658197,0.017902970538372996,0.45579533588583354,0.03627765979681213,0.4696310476853463,0.019745778590991355,0.5032196310476853,0.023945769787781655,0.4810302819352593,0.03444879092705516,0.4665854507483467,0.026035409892044212,0.4967803689523147,0.015442033990172722,0.48059519665854505,0.028276303376200112
id,0.6997242617330272,0.025212828256591373,0.7131270821877931,0.025886081705472633,0.7144168256946017,0.015721222788261633,0.7006299123459585,0.007562410131648689,0.7075961445159621,0.02262979353800418,0.7011474269819193,0.00990915264424982,0.7091972054209659,0.017287431566273218,0.6831193194682537,0.0037821826801600874,0.6831193194682537,0.0037821826801600874,0.6995706245754763,0.01276205993751662,0.7162726008344924,0.021146638217804943,0.7105031212601481,0.018933127436571117,0.6964412782611509,0.009052080519260021,0.7109033864863991,0.009253203161883888,0.6973671442895495,0.012622385411064346,0.6955639292298735,0.0040348051665882595,0.7011797716466669,0.009916953464150311,0.6946178477860077,0.009510587367317674,0.6895437785037358,0.0029419831514129716,0.6883834136559175,0.005271196362458637,0.6979695636704726,0.020007736909012263,0.698046382249248,0.0062933580869786,0.709007180515574,0.01804842134919668,0.7003873273603519,0.014398961603350297,0.6835236277775981,0.00574107928746565,0.6912823042339167,0.0063491785304285895,0.6831193194682537,0.0037821826801600874,0.6831193194682537,0.0037821826801600874,0.7013293657211243,0.01522513794991333,0.6977148494355856,0.0107061858205597,0.693554516932432,0.005532519607260648,0.6946218908691011,0.00825287051192311,0.6855289969919461,0.008924031142673362,0.6975773846104085,0.012745993710657162,0.6939588252417763,0.006725906603767479,0.6917634311220364,0.006374559583074361,0.6998859850567649,0.01448594713831195,0.68981870815409,0.004838192736208037,0.7052147685739237,0.015806739680279517
id_f1,0.48322532458586864,0.009099327378723033,0.49688465723764774,0.010343685276920617,0.4855652750162479,0.008228308573686935,0.48805200300132046,0.005307274431159621,0.4890992923991878,0.009784548339550222,0.4795450586955211,0.01571721451917196,0.48294645687542337,0.018001893889316972,0.4798354178798344,0.012554741902852655,0.4798354178798344,0.012554741902852655,0.4860759539536659,0.019016712807750906,0.4845243215285362,0.007340644496900228,0.48922097946484866,0.01713204153755696,0.48248623852875583,0.010066288046824832,0.47906976303034887,0.00833659656375844,0.4886974917492357,0.008990102023822364,0.4821189997010651,0.02055080565781787,0.48108856733895444,0.015017095455165804,0.48043635718466465,0.014024856148213307,0.47110321744511324,0.007775148199877475,0.4688911011397012,0.009674737421065203,0.48152128832238894,0.011418714032527836,0.4920450558657832,0.008104895714430349,0.4857255211219318,0.005939517775154658,0.47750298563898774,0.01348103069341802,0.4708463038488094,0.010746895479084199,0.4838593235797928,0.01285432511217102,0.4798354178798344,0.012554741902852655,0.4798354178798344,0.012554741902852655,0.4856458790290502,0.015163480163962982,0.4942655862832512,0.0048498372635568015,0.4902931875410445,0.00850560888980088,0.4928646510450309,0.00841247763759153,0.4756417995967867,0.005823663183795992,0.49044872845375387,0.0032772938066082118,0.48232501198330463,0.015319526999754892,0.48845189523766686,0.017039415064639254,0.48250760113932606,0.008582600415832862,0.4828947199026404,0.01494543459420256,0.4954638368302259,0.015565869782658592
id_precision,0.4652613040433005,0.008970363936522629,0.4746544721212469,0.015060929273425746,0.45156720355961777,0.013291320039338134,0.45511233000371976,0.015202532549553989,0.46480408945729274,0.018908597091893103,0.4465181184158882,0.027761374324403412,0.45077839051897906,0.025371225876111132,0.45440931046320976,0.020123545223736158,0.45440931046320976,0.020123545223736158,0.4567730275164074,0.02986195234049227,0.4520719599574816,0.01773743577083415,0.45782555177577383,0.02269968170239097,0.4531258177384763,0.015208633722278429,0.4457555791744736,0.015192243390381522,0.4615874453615664,0.015108510552056408,0.45143772863143133,0.032532174208379006,0.4503835004803796,0.024246694263569825,0.45425888995983676,0.02311772045846084,0.43467950499440794,0.016210861915184508,0.4307438184354906,0.017193570580910516,0.4566955970319905,0.01835401105632598,0.47027149545793995,0.012770788755682308,0.4539550760840809,0.012621923929061812,0.4482088186690802,0.02303116691906048,0.4494612980615476,0.017954015739366207,0.46117893708147556,0.018677077949523706,0.45440931046320976,0.020123545223736158,0.45440931046320976,0.020123545223736158,0.4622515046594902,0.023719788808099614,0.4769563118034984,0.004341446633634263,0.46895128286367793,0.013351220500493168,0.47179495876418387,0.012837349776290795,0.45591701609252444,0.011687664778876217,0.4651806914290819,0.00762723561258491,0.45462411917684964,0.028153278044826622,0.45995934481174,0.025589998864561637,0.45714526700818425,0.022146242311039187,0.4562576844530325,0.021136224164323744,0.46799220063634017,0.024306574030890725
id_recall,0.5026426137852713,0.009584156948560636,0.521446667249061,0.006625486232500602,0.525399668035293,0.010034106974981093,0.5268192539530008,0.014074222458578237,0.5164890364287587,0.0036610148104831808,0.5187385341137416,0.007900086932496804,0.5204420372149908,0.009455390371199128,0.5086485542063424,0.007906363549537216,0.5086485542063424,0.007906363549537216,0.520201799598148,0.008321731270712328,0.5226260155499257,0.009346066440298747,0.5255962260854372,0.01380688924836644,0.5161614396785184,0.009189610600839445,0.5185346961358144,0.0033543328817752975,0.5195466060976675,0.01029810051631947,0.5181270201799598,0.005563160578739636,0.5167947933956495,0.004361764341910559,0.5102865379575434,0.005394323329431467,0.5147418537608107,0.010540541043259449,0.5148728924609067,0.005409392945342804,0.5094784659736176,0.004539874100997496,0.5160740805451209,0.005440868216657654,0.5226478553332751,0.010071811001935096,0.5114222066917096,0.0029300058862150825,0.49464925307940943,0.00396009335850097,0.5091727090067266,0.009841643875321738,0.5086485542063424,0.007906363549537216,0.5086485542063424,0.007906363549537216,0.5119682012754434,0.0069896406035281815,0.512885472176116,0.005824524591598974,0.5138027430767886,0.00437755562727968,0.5160304009784222,0.005497381924539966,0.49735738621472875,0.0058521382918196715,0.518760373897091,0.006562361272163187,0.5144797763606185,0.0022762321457689017,0.5212064296322181,0.009164905764985298,0.5118371625753473,0.01240233076686567,0.5130601904429108,0.00746396762935054,0.5269066130863982,0.0098491369564525
it,0.9035006368166587,0.0016476133203694723,0.9070371332121527,0.0020271920257499154,0.9083664107034661,0.002528217159827649,0.9100017311520817,0.0017837415227456343,0.9058840622720135,0.0020518663529870457,0.9101532069592314,0.002932879260347973,0.909052688850144,0.0013006584602446648,0.9054203608215553,0.0013475560934196513,0.9054203608215553,0.0013475560934196513,0.9026783395778462,0.0014425501851867619,0.9080974638622004,0.002065063403111502,0.9092196213723089,0.0018488746795785448,0.9061839225433097,0.0018372462911410098,0.9108116630188821,0.0019271839893660735,0.9039643382671168,0.0011551534369856169,0.9024681282536385,0.0015346849798030231,0.9039086940930618,0.0009549398215086738,0.9044218570315687,0.0018752607478926637,0.9068918400910091,0.0009911535394475366,0.9075750268946842,0.0022510298525435218,0.9051637793523019,0.0013620818835449284,0.9056491202037813,0.0013483879240828256,0.9072597099083726,0.0016457252569942588,0.9066754460807953,0.000813322885549486,0.9039643382671168,0.002146440053353664,0.9050432169751828,0.0026343635961233246,0.9054203608215553,0.0013475560934196513,0.9054203608215553,0.0013475560934196513,0.9045826068677276,0.0011843461822793363,0.9073246281114368,0.0022854288577035496,0.9068083738299266,0.0036095380129346644,0.9066198019067404,0.0027573647457820893,0.9040447131851962,0.0017912583345685007,0.9053523512754881,0.002337183431242556,0.9060695428521967,0.001975014182814695,0.9063539464084778,0.0018693229554087457,0.9052596109853965,0.0011582763498236598,0.9059768025621051,0.002387816517014111,0.9064528693845755,0.0012721468043475658
it_f1,0.7677981086339799,0.003441094895205185,0.7778361941254328,0.005966133643343133,0.7802026273117189,0.0042472666359475685,0.7845968607917505,0.0030837756737972094,0.7745432142459181,0.004317921568037899,0.783332294910835,0.005032986540980426,0.7815097245097895,0.0030986111531264575,0.773759033934334,0.0024298311204533733,0.773759033934334,0.0024298311204533733,0.7672368890042607,0.003495603221200008,0.7812022911732343,0.005198477190132644,0.7817116257478772,0.0035053819536390285,0.7769160515944636,0.005481704060853641,0.7845252276757769,0.003221788145678854,0.7725320804840932,0.003693692281823801,0.7706884734483317,0.00192261418225625,0.7716751284346208,0.0018213661134186719,0.770463959774786,0.0034440908950241714,0.7765322625154644,0.0016016288201751345,0.7789328400777432,0.0028752044369485547,0.7719765333119788,0.0030154211807711176,0.7744525807072289,0.001771288427773195,0.7770161815676582,0.0025645204870098815,0.775375968035568,0.0009742214788604164,0.7706505528018037,0.005068811082778226,0.7716738110186032,0.006106413896480738,0.773759033934334,0.0024298311204533733,0.773759033934334,0.0024298311204533733,0.7692329122111973,0.0017543534206414797,0.7747089557654819,0.005266110124693398,0.7762266060633285,0.006255648835172065,0.7761966341741722,0.004976252586197632,0.7706207396132028,0.0032880601759508136,0.7745829537056064,0.004079053576384604,0.7759521156481313,0.002664556064822142,0.7746159989021411,0.0043174116101130835,0.7731403281448254,0.003963329133421157,0.776190920710547,0.00368930366246308,0.7763893317939773,0.0024450300526751506
it_precision,0.7593918044362788,0.002932621924593363,0.7675667337561025,0.006321047586411882,0.7701835481542968,0.0031282182285990463,0.772462955609681,0.0036955745021263055,0.7648831310762132,0.004840578280395834,0.7738100838427728,0.005483563375021308,0.7718106863172534,0.0030116894898631766,0.7633200909240337,0.0030998072652627016,0.7633200909240337,0.0030998072652627016,0.7564238120005339,0.002650164905959022,0.7713703841771564,0.0055568923212269425,0.7718266016905942,0.002393293574845613,0.7670681466181257,0.005934934105629212,0.7752566645979375,0.0025272500665163055,0.7608660047336759,0.00484780036738191,0.7595368772372226,0.003701862516247705,0.7618220395254414,0.004208961958877924,0.760862795447677,0.003803600596425453,0.766705552678049,0.0023969028737888328,0.7678617092305108,0.004263195042212399,0.7628514210077424,0.0019199458923778814,0.7641003253627828,0.0011543170164600412,0.766079383377074,0.0033659993147696888,0.7661237616574413,0.0016828978089546804,0.7625027602978764,0.004931077081726452,0.7627413158035047,0.00832042259758743,0.7633200909240337,0.0030998072652627016,0.7633200909240337,0.0030998072652627016,0.7595403549228955,0.0028719498636027184,0.7657118538413776,0.006587797187988188,0.7665085658128437,0.006887629474061904,0.7654500732958864,0.00605659873163198,0.7628220956680729,0.004212097856212029,0.7653751937851634,0.005514194637862982,0.765931820219532,0.0022257795385076007,0.7642910812325971,0.005792227353506595,0.7640519342253675,0.0037255162858177947,0.7659692648302492,0.0049894768926896415,0.7655443607632275,0.002893608411156712
it_recall,0.7764019201396465,0.004986779486278521,0.787184522510728,0.0061869722359842744,0.7904938540984798,0.0059541572385409655,0.7971307004145756,0.0042767633142941,0.7844570514219216,0.004523279318116816,0.793094043203142,0.004758056905211882,0.7914575605498582,0.0034923623698435153,0.7844934177031057,0.0028430897208076155,0.7844934177031057,0.0028430897208076155,0.7783656993235872,0.004476599109557994,0.7912939122845298,0.005385648570212663,0.7918575896428831,0.004908729560995055,0.7870208742453997,0.005022015334505769,0.7940213833733363,0.004258841924600067,0.7845661502654738,0.0027714828544996065,0.7821841588479161,0.0022349735344838768,0.7818023128954833,0.00209203597884011,0.7803112953669358,0.0031365083018213414,0.7866208451523747,0.0024873933762402847,0.7903483889737435,0.004368194414458314,0.7813295512400902,0.004710802215349825,0.785093461342643,0.0030922745931168337,0.7882755109462506,0.002718161595883204,0.7848570805149465,0.001325250356992399,0.7789839261037166,0.006083902406196641,0.7808386064441051,0.004953785225036701,0.7844934177031057,0.0028430897208076155,0.7844934177031057,0.0028430897208076155,0.7791839406502291,0.0023902359044519444,0.7839297403447523,0.004595168999306304,0.7862026329187577,0.0062410302597950135,0.7872572550730962,0.004497280436015438,0.7785838970106918,0.002636743480591193,0.7840206560477125,0.0027920842456378627,0.7862389991999418,0.003223291847575855,0.7852389264673795,0.004300610666420872,0.7824569059567968,0.0052316911799707155,0.7866935777147429,0.002464603807528929,0.7875481853225689,0.0023821070835826825
ja,0.6617008751274032,0.008973882208717537,0.6646168681685587,0.00961163929609638,0.692901451516536,0.015304672446893083,0.7024489948335852,0.0062787892699652575,0.6584916353284364,0.007598556098527896,0.6842413365901662,0.0033620856908980375,0.6987982374442062,0.013524330997964852,0.6592121217446315,0.015058835079570763,0.6592121217446315,0.015058835079570763,0.6527035813446737,0.010732684505683269,0.6958503936316031,0.011512298570725164,0.6807948634590377,0.011279098596153718,0.649230748954416,0.013713442620391095,0.6837207412223667,0.007493647982481092,0.6721446332548413,0.015431900038449152,0.6656602555090851,0.013270025373984343,0.6667959002565634,0.016672491815868454,0.6673758039574034,0.017302624293347904,0.666778327417144,0.013072902438753583,0.6583345780761255,0.0185070149420154,0.6533636611253646,0.014939296148253461,0.6586563806979931,0.010549813934332419,0.6735899992970864,0.011307781590770593,0.6683664727796718,0.012076607272423863,0.6650671721786807,0.0031864642385977687,0.6509353143780973,0.027770029941431823,0.6592121217446315,0.015058835079570763,0.6592121217446315,0.015058835079570763,0.6524081379819351,0.018799299528698122,0.6764093417214354,0.01105114886127524,0.656444399536077,0.014164232958599367,0.6478919182511511,0.009090769822058229,0.6626926422521351,0.01460221599582923,0.6654197272695322,0.017941105095775116,0.6567365479914244,0.015364529454538685,0.6587112958211787,0.014000753609948758,0.6653077004182336,0.020146079512944094,0.6647146170878291,0.020862317329995307,0.6679271517941869,0.007044716568244414
ja_f1,0.227978790347397,0.009354305602371412,0.20181120351409676,0.019725627535142638,0.2290331298855857,0.015987210596459377,0.24518925252462265,0.012751121633933927,0.22371376993870615,0.01379253076003327,0.23433866060914826,0.024689859464923285,0.2514482722436358,0.029436977531433844,0.20991073971783453,0.012498396857810847,0.20991073971783453,0.012498396857810847,0.20658602018909628,0.008219843902467132,0.23750602783073213,0.011619129524244182,0.24633530764024508,0.012378705400084672,0.21458631931420555,0.019557937999596983,0.24387091293476845,0.025346986707484708,0.2100474317358622,0.024185842537823667,0.22111152922603047,0.013516467585819167,0.2174945452580563,0.02013560250448651,0.19870667839525508,0.014199496094234057,0.21628554585729498,0.019482640004314333,0.2165550849215736,0.016804072681987726,0.21095269010828385,0.013825018204004605,0.20561987165219345,0.011699308476725909,0.21998481020646718,0.017948448524182325,0.22064571027250252,0.013345747214279712,0.22045810365250773,0.0234495936940411,0.19827919806575892,0.029270307208110243,0.20991073971783453,0.012498396857810847,0.20991073971783453,0.012498396857810847,0.2067305767364241,0.008156347874492213,0.20649993897436503,0.02905192013521025,0.20772423150256752,0.013512318322874637,0.2067256759435122,0.022009079741950918,0.20246654960305605,0.0060128080737853985,0.2150257700619176,0.016237620433638803,0.19984098848120815,0.013436592012942124,0.21118723244381937,0.022722390634572615,0.227881659134931,0.01164765953014246,0.23576466787606443,0.035380462728075615,0.21399545117151578,0.02042387630504397
ja_precision,0.17186212881092253,0.009448050806459048,0.1475201110983247,0.013874711340305193,0.1881371470968497,0.01947302160409045,0.1968397333131791,0.010072430822232624,0.169467802428325,0.014175578252093606,0.18021138954024085,0.02127545522649779,0.2013594808564163,0.026622058809678054,0.15168643225876616,0.011649340759722923,0.15168643225876616,0.011649340759722923,0.1547151226560152,0.006766032086239076,0.18742143268953,0.013309921199496744,0.18995725443764822,0.009976126724476782,0.15668973573817782,0.016124515416732748,0.19221255551846073,0.02253181276113831,0.15402550665368447,0.019829073104882845,0.16201933594810286,0.01182528496876579,0.16354660630792434,0.018195958030360098,0.143379281699012,0.012125375787173202,0.15780113613908947,0.015581182169806593,0.1585991706986325,0.0159512876186469,0.1562428542021123,0.012474771121852829,0.1538624893544155,0.008155622009933203,0.16471083698701056,0.017220453082657367,0.16881245961360827,0.014376394960065162,0.16777854685899096,0.017460502566479744,0.14292129994096142,0.02401002928772363,0.15168643225876616,0.011649340759722923,0.15168643225876616,0.011649340759722923,0.15219951889277775,0.0065944769922556615,0.15184923181006987,0.02360494943372309,0.1508404023506728,0.011556262286996305,0.14848843368549702,0.017838029962103406,0.15234910845748062,0.0022332755248665377,0.16280773648781607,0.015577070895162241,0.14643609628901882,0.010985955934313549,0.15377006957887887,0.01776698226819758,0.17545756725767342,0.010638919553754372,0.17428483159135696,0.03051954312429803,0.15456516416947952,0.01582883760708732
ja_recall,0.338878434324426,0.007027975966609777,0.31945803537824613,0.03429255233582655,0.29378998870907036,0.005772337593672608,0.32561159202107637,0.0237006646699065,0.3297704177643959,0.006655585613306898,0.335735792246895,0.03272118561131259,0.3350018818216033,0.03092438537900373,0.34134362062476475,0.011610641043734115,0.34134362062476475,0.011610641043734115,0.3109145652992096,0.012141507540157349,0.32485886337975156,0.010265367031062105,0.3504516371847949,0.018070439562956717,0.3408543470079036,0.02413724086996534,0.33387278885961613,0.028272986109140728,0.33048550997365445,0.02861547208893395,0.34875799774181404,0.01855669489627132,0.32504704554008274,0.01820798305470061,0.3239367707941287,0.014396152554644668,0.3439405344373353,0.025951304697312876,0.3422657132103877,0.011357142866613776,0.3250282273240496,0.012935987180822029,0.30987956341738804,0.020143368643276236,0.33234851336093335,0.015322342640879727,0.31947685359427924,0.010752586587116447,0.321791494166353,0.03781505723521264,0.32489649981181784,0.03294151157552915,0.34134362062476475,0.011610641043734115,0.34134362062476475,0.011610641043734115,0.3226194956718103,0.01687623657155867,0.32333458788106884,0.03731826372603988,0.33391042529168236,0.015805987125074587,0.3405532555513737,0.025993771941483567,0.30254045916447114,0.022477606126513474,0.31804666917576213,0.02144324500880587,0.3149981181783967,0.0198499147905522,0.3372412495295446,0.03130520955493844,0.3253481369966127,0.015695475197047132,0.3656943921716221,0.03401419486819738,0.3479488144523899,0.029054317999330954
jv,0.7853982300884956,0.00803349785563828,0.7999016715830874,0.0022529870673332836,0.7883480825958702,0.01003961546541895,0.7927728613569323,0.003128791067197157,0.8171091445427728,0.0014749262536873503,0.7957227138643068,0.004585732081164605,0.7791297935103245,0.010245165183960007,0.8101032448377581,0.004565923210670303,0.8101032448377581,0.004565923210670303,0.7960914454277286,0.009121915100924017,0.7971976401179941,0.0019041216058049784,0.790929203539823,0.00988494064055213,0.8008849557522124,0.008078503798011288,0.7940019665683383,0.011167961348673112,0.7968289085545722,0.01894098587521706,0.8008849557522124,0.014993068517184738,0.7940019665683383,0.021893258680641407,0.8027286135693216,0.010102616808276605,0.7994100294985251,0.00893112198848817,0.8082595870206489,0.005317922235197606,0.7901917404129793,0.0098113087726033,0.81452802359882,0.007746288720053519,0.8064159292035398,0.011061946902654902,0.8045722713864307,0.008386785697754154,0.7894542772861357,0.017383910725896897,0.793141592920354,0.01657242260637476,0.8101032448377581,0.004565923210670303,0.8101032448377581,0.004565923210670303,0.7946165191740413,0.012065281407874192,0.8008849557522124,0.008767234267515727,0.8075221238938053,0.007472312759867591,0.8045722713864307,0.003128791067197157,0.7942477876106195,0.006540872515068803,0.801622418879056,0.007663941626410961,0.8049410029498525,0.005300850209647934,0.8067846607669616,0.012914381058568096,0.7938790560471977,0.01742557384311433,0.8001474926253687,0.0039022880694167855,0.8097345132743362,0.006429054488998019
jv_f1,0.573090598627292,0.011964175004377253,0.5884890480663486,0.02437053725817382,0.5850481381503105,0.036973971459088074,0.6028675286643415,0.01379867241145307,0.6046776682348787,0.010786844289268195,0.5842513630001849,0.010030388547975251,0.5667336076804502,0.029921611734554786,0.6080713349068975,0.004751589768791854,0.6080713349068975,0.004751589768791854,0.5619376749521267,0.02661835911432123,0.5816714347212968,0.007066729350557889,0.5719535157851318,0.009381682634437222,0.5893907300291737,0.019194138004624526,0.5788525068013992,0.015191831568383437,0.5825454134877495,0.03988891404204203,0.5885316114814118,0.019255685302542295,0.5884454083773777,0.04290356633865463,0.5832633387306508,0.018100231817956253,0.5687527999844155,0.02106485140388743,0.6021118978931725,0.013651647789182418,0.5690608117138113,0.031108592362692967,0.6097016954316903,0.015221172713925295,0.5898359515581758,0.01090236428536812,0.6044143671460034,0.020914231028020952,0.5672648258403263,0.03220799783190644,0.565023271686273,0.03705570362013735,0.6080713349068975,0.004751589768791854,0.6080713349068975,0.004751589768791854,0.5578625706602967,0.02328433590576642,0.5800455014016577,0.013960974106338328,0.5989075620168784,0.020474955568901648,0.5917282204684582,0.009207444412206276,0.5648313064203724,0.013866331357236772,0.5765868955842616,0.022646632276169965,0.6027882181756136,0.024464887130707227,0.6006554146210394,0.023672636199689658,0.5722065101428719,0.027986285217094366,0.5911118338089866,0.006238012276298003,0.5963431091800797,0.015191440287612113
jv_precision,0.5299706161052103,0.010919112399268061,0.5535733037518784,0.020692502526169762,0.5475139707508749,0.03442522156708655,0.5657364884976825,0.01681718007218995,0.5740033321656819,0.012705718705933561,0.5511546406422572,0.0064531371045752975,0.5383612511519488,0.027108239046207554,0.5766550007185548,0.0048679167211969805,0.5766550007185548,0.0048679167211969805,0.5314458442321037,0.02530531313374715,0.5482147197446628,0.0018250958814830076,0.5375760677975189,0.006641016641034689,0.561999436644386,0.01732963239413611,0.5464250494383078,0.012545292149192781,0.5479962103881978,0.036938337932797875,0.5503418907820259,0.02044574255573937,0.5501923170037888,0.04007468820115222,0.552632541876728,0.017871390824804278,0.5403064224318623,0.018101443755347276,0.5699475625569042,0.011310071502144555,0.5292701565083766,0.026904352901526957,0.5761739793680437,0.016664420481609973,0.5593555086497214,0.007464462097835571,0.5700773881268055,0.019684069337921144,0.5310492139439508,0.03282304076224746,0.5352781095169699,0.034074412889220626,0.5766550007185548,0.0048679167211969805,0.5766550007185548,0.0048679167211969805,0.5275747745936343,0.021094027753893504,0.5486365593923733,0.013766160686745698,0.5653432279429204,0.01650888676095971,0.5576276806389302,0.006039832436323944,0.5299383747160528,0.011764984397768364,0.5425076637554839,0.022376166025089194,0.5705723576973355,0.02232622306781958,0.5701814575770922,0.024223695494421466,0.5396477881239189,0.024624792094101206,0.5616426362696566,0.00910351969986569,0.5675611210494931,0.01426223960424896
jv_recall,0.6239316239316239,0.015604631267953445,0.6282051282051282,0.03001610755798503,0.6282051282051282,0.04099001301976686,0.6452991452991453,0.01103414058748552,0.6381766381766382,0.01305577121070042,0.6217948717948718,0.01895175882571237,0.5982905982905983,0.033468205482822554,0.6410256410256411,0.008547008547008544,0.6410256410256411,0.008547008547008544,0.5961538461538461,0.028239640458118255,0.6239316239316239,0.017094017094017117,0.6125356125356125,0.017792017089454115,0.6196581196581197,0.02261325906892815,0.6153846153846154,0.018463648713412727,0.6217948717948718,0.04379038788871624,0.6324786324786325,0.01846364871341273,0.6324786324786325,0.04681389380386033,0.6175213675213675,0.018951758825712362,0.6004273504273504,0.0255220411213233,0.6381766381766382,0.017792017089454094,0.6153846153846154,0.036927297426825385,0.6474358974358975,0.014596795962905364,0.6324786324786325,0.024174590809796528,0.6431623931623932,0.02247825333056911,0.608974358974359,0.033010342524947243,0.5982905982905983,0.04069189987773706,0.6410256410256411,0.008547008547008544,0.6410256410256411,0.008547008547008544,0.5918803418803419,0.02645893963106366,0.6068376068376069,0.024174590809796528,0.6495726495726496,0.036261886214694776,0.6303418803418803,0.01459679596290538,0.603988603988604,0.02150949981558616,0.6153846153846154,0.02516171186987991,0.6467236467236467,0.027474788492857373,0.6346153846153846,0.023536626270453442,0.6068376068376069,0.03916731363210125,0.6239316239316239,0.008547008547008517,0.6239316239316239,0.017094017094017117
ka,0.8731796486859291,0.00277341465908543,0.8769729373420735,0.0030491723267174332,0.8792220553948316,0.0015817649871406293,0.8785720389155406,0.004289944893202374,0.8735519585942555,0.005627150945591756,0.880366450604851,0.004028252643949759,0.877836574260568,0.005706404106957768,0.8800429682254856,0.005061810064968726,0.8800429682254856,0.005061810064968726,0.8779128672745694,0.004468113549443064,0.8774917298372823,0.004742348875656028,0.8825819997314486,0.0018238841385384297,0.8784530218136986,0.004836209764583715,0.8788558489276254,0.0017850556766026864,0.8808120018066186,0.006315100487592726,0.8824507757473664,0.006572967817844513,0.875236508343404,0.0029362457816921703,0.8824660343501666,0.0054507203428379464,0.8823226034838442,0.004493430287486677,0.8830092406098559,0.003137904862110549,0.8793990551873145,0.0051696050207830965,0.8693772048681047,0.0016812552395821822,0.8775161436017627,0.0064141407037346596,0.8753555254452461,0.0015164072853866156,0.8727737698514423,0.0014108853691980688,0.8806777261019763,0.005918269486367408,0.8800429682254856,0.005061810064968726,0.8800429682254856,0.005061810064968726,0.8714371162461396,0.003050906659367852,0.880418329854372,0.005319917209262018,0.8837904810732291,0.00577873513015027,0.87499847413972,0.004172770826628496,0.8756729043834914,0.003946745103431513,0.8758682144993347,0.0038191873350405478,0.8779342293184897,0.002936854691992971,0.8789809694705875,0.007550283129289225,0.8760238522478974,0.002361358714534091,0.8779555913624101,0.004605064189142382,0.8801497784450873,0.0036990730583321718
ka_f1,0.650454635588924,0.008831206863225846,0.6537714172790269,0.009860814383698513,0.6596279994737272,0.00961385461538781,0.6592948322206965,0.00821318217028056,0.6482582791280175,0.013744777665309994,0.6644482109285492,0.009050509244687966,0.6589936880561725,0.017658896661047672,0.6674616272273409,0.01123456760756272,0.6674616272273409,0.01123456760756272,0.6565947459398518,0.01118334786464216,0.6522653157427077,0.01904161335750137,0.6679883255189369,0.00676574017589963,0.6666297074923584,0.007384977454693354,0.6594724520604047,0.005297071245099507,0.6661481635745841,0.011984362765557251,0.6707355802531731,0.017875210949931726,0.6546035347111636,0.011244610889971305,0.6657721607885168,0.013572800241329525,0.6692177129396342,0.008403966326816502,0.6725466319384428,0.007679581167676136,0.6635175579718359,0.014250864750725276,0.6433477174920063,0.004998091096313069,0.6641444836664399,0.016563353714488624,0.6549513230676353,0.0030109459603075163,0.6539991396620186,0.006360720116853167,0.6703037009624986,0.010988538188132791,0.6674616272273409,0.01123456760756272,0.6674616272273409,0.01123456760756272,0.6518950090376922,0.007307110678263321,0.66735079936205,0.0060582944164591845,0.6774911806048323,0.01453792283108159,0.657627013819186,0.007818711884143289,0.6560106744654528,0.011680841285069065,0.6524142310382848,0.00655390863250245,0.6611258247624662,0.005057186873977732,0.6607242277767543,0.016841242634254853,0.6550655042213516,0.007575078463608201,0.6638327224650236,0.008394405297820404,0.665729928560567,0.01226503984592969
ka_precision,0.63113219879091,0.010206468524587701,0.6379629929990784,0.011003731690557255,0.6554773717086422,0.012290439514627093,0.6509095601391106,0.010363184496207186,0.6302636182967435,0.01291850755558175,0.6513220547033274,0.013184943855167776,0.647204983091104,0.01997904102290135,0.6380078401281437,0.019767626688512098,0.6380078401281437,0.019767626688512098,0.6366111909749571,0.016538420861081253,0.6399874926089228,0.021642239422098697,0.659460766707334,0.004506697599489884,0.640607276377475,0.008562055226262,0.6517364526793409,0.0061869301193261264,0.6511207417138647,0.01805086083426581,0.6527487406949899,0.01996763674599418,0.6369920561925009,0.011036407498344218,0.6454815370715601,0.018899222864876584,0.6452401092610256,0.008978484991064661,0.6447724813661121,0.0038478864398960432,0.6363060643510694,0.018576764753028156,0.6222627086180389,0.005075827120389637,0.644713630490614,0.011472499112720073,0.6379156096454618,0.009184808631174978,0.6338881520930146,0.009461541267486424,0.6467766885933688,0.021583517869231603,0.6380078401281437,0.019767626688512098,0.6380078401281437,0.019767626688512098,0.6242823484911761,0.014942129180170698,0.6451066811600127,0.009769823980743818,0.6509754416594873,0.018516739062913578,0.6268741953544053,0.013533601082497931,0.6328527791886785,0.021821311876104078,0.6308352370423619,0.011031555310249807,0.6370759235638372,0.004716815370605703,0.6355485214963096,0.01943785653135511,0.640742760153441,0.002219230800472637,0.6383428044677373,0.01966501868067972,0.6436530793467654,0.016536825040168526
ka_recall,0.6712491383931991,0.016328303240054423,0.6704066784100482,0.009471361349161336,0.6639733476296239,0.012599246262561266,0.6679558857317913,0.008652328115798016,0.667362334380026,0.016147068952458706,0.6781994332541932,0.0073343726050986826,0.6712682852109979,0.01609601051559506,0.7001225396339128,0.010651689835036239,0.7001225396339128,0.010651689835036239,0.6779696714406066,0.005846231376308471,0.6651221566975569,0.018122723494087785,0.6767634219192771,0.009752480090741497,0.6948954583748181,0.008182869973435694,0.6674963621046182,0.010338336046291894,0.6819905031783717,0.005295563532914492,0.6897641112047178,0.01566609122225396,0.6732787010798805,0.013614163897813268,0.6876005207934441,0.013032294345762653,0.6951635138240024,0.012877503057753361,0.7029754154859462,0.01624100157621907,0.6932679788619132,0.010754445598577245,0.6659454698629088,0.007303116041930761,0.6849008194838018,0.023472499312121545,0.673029792448495,0.004173537830192046,0.6755763192157463,0.010786395677838826,0.6961208547139466,0.012559903848307937,0.7001225396339128,0.010651689835036239,0.7001225396339128,0.010651689835036239,0.6823351458987517,0.00848435228301788,0.6912767098108294,0.006940626817752343,0.7064409895075439,0.014656010446164089,0.6916979398024048,0.005532160368817724,0.6813203645554109,0.008323031622514906,0.6756912001225397,0.009982723103019096,0.6870644098950754,0.0055689708071232115,0.6880217507850195,0.014309117795344698,0.6701577697786628,0.014871396368833271,0.6919085547981926,0.010012815507567522,0.6894960557555334,0.010635685316642303
kin,0.826890338376786,0.04305908606043449,0.6490321161460625,0.11528177210227067,0.5648491746207847,0.16476938971262914,0.744251994108533,0.09225153924171389,0.8986256431836874,0.006137666750140405,0.4592666271351785,0.10934717294171575,0.7619789973029323,0.12102946897054384,0.9055962559855136,0.00318506975670447,0.9055962559855136,0.00318506975670447,0.3754662483980183,0.12055241727242251,0.6329166586966086,0.16728150728260263,0.7802128961915875,0.052119572252600825,0.8859819430364009,0.002761676534845173,0.6378134623845139,0.14509348046935794,0.46619579563495855,0.14420184908206676,0.4011935958989269,0.1284330637636951,0.35006407926700966,0.13663106749678833,0.8355314753533923,0.01948071407372794,0.8465301555117734,0.0634294647585481,0.8474004858547409,0.04233223743309076,0.6342460643853172,0.0778774946702627,0.8930210983377647,0.011778952053710465,0.8217735610857132,0.08123511821197663,0.9076302148090055,0.001486015566805998,0.7412249660475525,0.07008301340092257,0.8840547829912585,0.01776881292703653,0.9055962559855136,0.00318506975670447,0.9055962559855136,0.00318506975670447,0.6993343407486754,0.06859333099441545,0.8800139635417663,0.014237627887633322,0.8883681784272844,0.02248369925009911,0.8952017062300349,0.012352803491741154,0.6971106945427418,0.03588806125720103,0.8312802463704355,0.07957056081619557,0.8846381912431378,0.026020537053276935,0.894976950592016,0.0036564444568274205,0.8236289906080836,0.06906929760127298,0.9039910862870368,0.003312257951562599,0.9005814954379388,0.006099057566832257
kin_f1,0.34846532045447215,0.03494991961595087,0.2538463825273667,0.05270736451429788,0.21638883592585392,0.044384683000815356,0.27094009889072473,0.024924266766828213,0.4200434648654162,0.01570244612777349,0.1837838683886883,0.02247831880023636,0.30772517198463467,0.059377423955037714,0.44156820072773567,0.0037546240475759313,0.44156820072773567,0.0037546240475759313,0.16174920132476414,0.014510542799260511,0.24078346175767537,0.06045686461755049,0.30308277912698284,0.03288661308475982,0.3997638599109071,0.01089028014952124,0.24327688260209937,0.05289489538795784,0.17855619910962378,0.03602077180293974,0.17058614756860369,0.02933109750411209,0.13917204386390014,0.021584610645300612,0.33425999240171206,0.01179682241921919,0.3625360678129836,0.05080437610447267,0.3442659617706084,0.0341463767278995,0.238054253337333,0.021548047051501217,0.4139752314906648,0.02039123620341093,0.3443009715467024,0.06458215209613113,0.44212434497990616,0.0043395423892416615,0.2845759876943135,0.023122639775556893,0.4011746050682353,0.016063433304118004,0.44156820072773567,0.0037546240475759313,0.44156820072773567,0.0037546240475759313,0.26393338781098075,0.0228991859996453,0.3965454602296013,0.013906761300477619,0.41134568378241804,0.03860501836919447,0.4229038415651287,0.022788186461382174,0.26762628741692135,0.02019379834249697,0.35083131115854627,0.056680041531150284,0.41546636880472027,0.02517368289125194,0.41361580574572815,0.004979855584566643,0.3530895966491511,0.05768879173877035,0.4388099424197576,0.00878433120945438,0.41450469500127723,0.006977779227961016
kin_precision,0.25858165517844145,0.0371653982123447,0.17801357630903886,0.0446963020510106,0.15806772971615624,0.03773048571357464,0.20836240220138805,0.02559809503129658,0.3539860538454259,0.01927461539416603,0.13060334462970655,0.01798850313442446,0.24746728015903838,0.057233632960651794,0.3757508509082905,0.008710474072931459,0.3757508509082905,0.008710474072931459,0.11015210618417963,0.009686746809878754,0.1869995148729456,0.059293999475253906,0.2322547693733517,0.042143043533556385,0.328704071311984,0.012770601944946187,0.1893609077629221,0.06080955452242444,0.12847397082011072,0.025828176952143365,0.12334293638500854,0.017760632930600807,0.1051883265984308,0.014916340897801554,0.2630071556290599,0.015443852439844273,0.2943055211723653,0.05871247518201023,0.26703912218934406,0.04225884264972771,0.16737145554191804,0.01849677948006065,0.3382611194786847,0.025096007562988912,0.268406113467747,0.06941564764527557,0.3767931916500948,0.007403627109470916,0.2067653253542017,0.01977654808031956,0.3306682815608583,0.024357321255776884,0.3757508509082905,0.008710474072931459,0.3757508509082905,0.008710474072931459,0.18854374781614214,0.020233209418237842,0.3242108128127154,0.019929863438503,0.3389369421045406,0.0432710525343214,0.3491440068030083,0.02806671266163291,0.19214282678564976,0.015741045430191464,0.2787481375355737,0.06296814011524962,0.3433827228717717,0.027114621024273068,0.343838321081332,0.00940072175066756,0.2758024373219486,0.061349953154838786,0.37065881374896714,0.009232686976253636,0.3524724687896128,0.016823492415654364
kin_recall,0.538892606222817,0.008970432052892803,0.44730679156908665,0.047435220168579165,0.3471896955503513,0.05840437063242507,0.38976246236199397,0.022045451334273092,0.5168952827032453,0.010618439271700817,0.31281365005018397,0.04070740347143772,0.40975242556038804,0.05631443446539162,0.5357142857142858,0.010082698672411962,0.5357142857142858,0.010082698672411962,0.3065406490465038,0.04088334349046377,0.34284041485446637,0.05001076002025458,0.44421211107393777,0.01969907285268779,0.5104550016728002,0.013124465830581786,0.3545500167280027,0.045350990209862996,0.29449648711943793,0.06549541785203462,0.2776848444295751,0.06536576299577662,0.20583807293409165,0.03741529838437511,0.4597691535630645,0.01633387602661886,0.47858815657410503,0.01806314484669532,0.4915523586483774,0.007937726640946998,0.41343258614921374,0.021325196533407854,0.5346269655403145,0.014212568907691151,0.49113415858146536,0.022437982786359598,0.5350451656072266,0.006261280452396417,0.45692539310806285,0.025112626743271447,0.5118768819003011,0.015644632913349124,0.5357142857142858,0.010082698672411962,0.5357142857142858,0.010082698672411962,0.4408665105386417,0.020402449349741583,0.5115423218467715,0.006601382217887257,0.5254265640682503,0.021288642716537996,0.5373870859819339,0.009770738393670304,0.4418701906992305,0.03523578161058538,0.48310471729675475,0.03223950941892704,0.5268484442957511,0.02431705432568072,0.5195717631314821,0.015392186619652365,0.5001672800267648,0.03756718613877111,0.5379725660756106,0.015467147048141613,0.5046838407494145,0.021980196621278966
kk,0.8086567540322581,0.00980895423582711,0.8044669858870968,0.00813337888986605,0.801789314516129,0.008842139512524617,0.809633316532258,0.001794970025440334,0.8109564012096774,0.002899782971955337,0.7992061491935484,0.0032737855485802984,0.8025453629032258,0.007723242503019628,0.8083102318548387,0.008790737178824755,0.8083102318548387,0.008790737178824755,0.8033014112903226,0.009751320059643765,0.804655997983871,0.007396558898474648,0.8136970766129032,0.006166675556069635,0.8025453629032258,0.00406754344545587,0.7999936995967742,0.00655029868365555,0.8062626008064516,0.005246638482954197,0.8114289314516129,0.012482856906232295,0.80859375,0.006679616068900456,0.8131300403225806,0.005895058954567527,0.8126575100806451,0.010399228576355134,0.8055380544354839,0.004980507604327505,0.8142326108870968,0.013389456291827969,0.808625252016129,0.008077221777706827,0.8082157258064516,0.006972699260210223,0.8091292842741935,0.005427009009573495,0.806609122983871,0.0076470562883125415,0.8103893649193549,0.007498185733011684,0.8083102318548387,0.008790737178824755,0.8083102318548387,0.008790737178824755,0.8016003024193549,0.003337826540336653,0.8199974798387097,0.006663352838686441,0.8129725302419355,0.011706040682333295,0.8053175403225806,0.004063637977973068,0.8127520161290323,0.004568842285244296,0.802671370967742,0.005011890574937297,0.8044984879032258,0.008631015871990314,0.8059790826612904,0.014892203988740988,0.800749747983871,0.004297072075542365,0.8137915826612903,0.010853957066001658,0.8158392137096775,0.010085106959489486
kk_f1,0.46283661644814306,0.021655344573256605,0.4458607683374299,0.03641191784549508,0.4565891339629038,0.01957507535813367,0.4631475216345057,0.01321723756341018,0.44856754924417674,0.013136397393975575,0.4125217274008604,0.004472797041632719,0.42625438626623496,0.02196520274043149,0.4703083943214377,0.019440226906409765,0.4703083943214377,0.019440226906409765,0.4516876450989281,0.03622658574093514,0.44216755228429394,0.0360300041603567,0.4510687740765584,0.038251071921061294,0.4385325628932156,0.013355563655007008,0.433827988043037,0.029660256572310296,0.4438311849300085,0.031533362795405834,0.46848470043440144,0.025393292386950636,0.4442516066729178,0.022327917108817256,0.45531827183198204,0.026327391192774368,0.4765708602190605,0.010445639496651726,0.44153575969303865,0.021793787245101014,0.46739776769946384,0.023909090589032175,0.4384497797032112,0.03293412431177647,0.42834748623326724,0.02387110938243321,0.44381809752162404,0.0239245794254801,0.45125574942915436,0.02679095731248939,0.4682277393860681,0.012888004383195276,0.4703083943214377,0.019440226906409765,0.4703083943214377,0.019440226906409765,0.40594673655770763,0.00923679950520726,0.4737785643014977,0.01742302052159342,0.4615997147827385,0.03102441318604476,0.45246172153328035,0.023307988437495705,0.4718544817972138,0.009783832531933405,0.43219923091192713,0.037523385596457605,0.44799572268572296,0.04028542240258173,0.45616759005589635,0.041593489199043765,0.4259621216613745,0.03005784178877048,0.47496887585548186,0.02478213922585868,0.47151291247600413,0.030193685182203542
kk_precision,0.4063661543821973,0.025285393902374886,0.39019660341214857,0.03276044227077529,0.39709796123848473,0.017908634939592164,0.4052648650569908,0.01299384139100594,0.39576144978587546,0.012051436398343987,0.36349403898298505,0.004386521729463498,0.3771583556730519,0.021969141592775136,0.4096207695711209,0.023564835399402982,0.4096207695711209,0.023564835399402982,0.39283617459263626,0.031450735533085264,0.38974671543579487,0.03218989411378818,0.3994283441121813,0.03210318352103633,0.3824272913680796,0.007686693094788293,0.38251769683271764,0.022580038839607703,0.38989812694970305,0.023339360115788386,0.4118965959099414,0.028305499354221497,0.3917801915321522,0.01870554791506496,0.40305604084192337,0.025722132129302088,0.4178340255562122,0.014444963501340469,0.385651131389548,0.017352537628260556,0.41286136194563466,0.0281861236675724,0.3861976603699735,0.029342748997075056,0.37886246717228733,0.025033032543177153,0.3948401046404522,0.02133287968681611,0.39552529777875506,0.024568792438231374,0.4075508210412346,0.016888108624152152,0.4096207695711209,0.023564835399402982,0.4096207695711209,0.023564835399402982,0.3578681341300246,0.0058591145730697795,0.42222378875171007,0.02112504433042008,0.40709002900715663,0.032718187447961324,0.3946056161664684,0.01919048712080707,0.41782541264415674,0.013412222880984082,0.37909327339614035,0.030082027434296898,0.3913008793149907,0.03292146643196384,0.3977339793695414,0.03888676985056084,0.37283162755897714,0.021975181804809837,0.4176026143318652,0.030072428326550577,0.4174044316385302,0.03130682671210688
kk_recall,0.5378923766816144,0.016543378247261653,0.5201793721973094,0.04185564803436067,0.5374439461883408,0.02736406009361522,0.5403587443946188,0.01351257324961369,0.5177130044843049,0.01603308864490471,0.47832585949177875,0.009072640302238233,0.49013452914798206,0.021555782189369658,0.5526905829596412,0.0178679529554847,0.5526905829596412,0.0178679529554847,0.5316143497757848,0.045332900002226756,0.5109865470852017,0.0417618577890361,0.5181614349775785,0.04757803155289792,0.5141255605381165,0.024002553705959887,0.5015695067264574,0.04416452276224847,0.5152466367713004,0.04424413201287352,0.5434977578475336,0.022367648275049196,0.5130044843049327,0.027999687830118008,0.5233183856502241,0.027802690582959685,0.554932735426009,0.012041005903226468,0.5165919282511211,0.03101635240500556,0.539237668161435,0.022384124262887814,0.5071748878923767,0.038592822044829445,0.49282511210762325,0.02117934260575011,0.506726457399103,0.0279709456280205,0.5253363228699551,0.02994651827137813,0.5504484304932735,0.00876831651782508,0.5526905829596412,0.0178679529554847,0.5526905829596412,0.0178679529554847,0.4690582959641255,0.015959758224262054,0.5399103139013453,0.011057244848374852,0.5336322869955157,0.031953098274170186,0.5302690582959642,0.030098339362421195,0.5421524663677131,0.007557084998364406,0.5026905829596412,0.04870926797063087,0.5239910313901345,0.051371557436036386,0.5349775784753363,0.045569599983900755,0.49708520179372195,0.04395152647484941,0.5470852017937219,0.014433611604870989,0.5419282511210762,0.027569055471953558
ko,0.7803094033377458,0.005165977127964754,0.7895908849108656,0.0070307089168947165,0.7918022342360175,0.004140638588446892,0.7955166825430208,0.008402764116176006,0.7788619746885554,0.0034294057735753413,0.7899403708881274,0.007345896579903194,0.7847939579132285,0.0032851708456022675,0.7847011740254599,0.01026383662754123,0.7847011740254599,0.01026383662754123,0.7854743730901983,0.007326300139373292,0.7865506661883142,0.0038058823640493176,0.7948702881248995,0.004796398208675581,0.7840424084223028,0.0052187293352305006,0.7875032474360719,0.007915389141287754,0.7822826073509581,0.011365833388573623,0.7846918956366831,0.004199356803129521,0.7855918993480385,0.011416552350499815,0.790763054693009,0.006317258756197703,0.7854650947014215,0.007496356295967931,0.7882919104821051,0.007747002939677525,0.7784413543973377,0.009311497539005455,0.776755780436208,0.006662397152161027,0.7839186965719447,0.007369824804663663,0.7768547499164945,0.006320844297045226,0.7836403449086388,0.004968136064330996,0.7757877352071555,0.011019485070286054,0.7847011740254599,0.01026383662754123,0.7847011740254599,0.01026383662754123,0.7784351688048198,0.007678513120549472,0.7853506612398402,0.0029532755037035003,0.7821465243155642,0.010454085069765109,0.7779712493659767,0.0065202160261952765,0.7819362141699553,0.007768778335754441,0.7858424158450138,0.008744313206104033,0.7858486014375317,0.011893784084320564,0.7860063340467384,0.009386799861265645,0.7869681936832729,0.006069424920590222,0.78730221567924,0.008322568577495184,0.7823784840349857,0.007778055678498467
ko_f1,0.4701357527467645,0.004510021269641001,0.49006409570055576,0.014177641556165547,0.49421502297183667,0.010640277074898327,0.494826070776333,0.010815637489734336,0.475294247337937,0.006650194632045434,0.4917858959684153,0.013759267420145296,0.48102030709129195,0.0034665119762655344,0.4971203225676888,0.015934370500200124,0.4971203225676888,0.015934370500200124,0.49110001833179756,0.01547776577601825,0.4820978770802016,0.010115136166154844,0.49972772580882596,0.004022175845183548,0.49321876349154953,0.010149909733681732,0.482053235397521,0.011918157100695178,0.4830785918884327,0.012654958701931361,0.48813986476483023,0.00536912245695233,0.47961401920091085,0.018960923145569405,0.5012169667154581,0.010716769250312496,0.49774560753492836,0.010184796322416432,0.5068939696566019,0.014126997050401921,0.48211986791810907,0.01348093278101363,0.4683069784101704,0.012020402172717833,0.48685886690939273,0.005781345687291033,0.46797239224068593,0.010928134201821352,0.482849459114731,0.007986178919343473,0.47976337418735054,0.0153017177226239,0.4971203225676888,0.015934370500200124,0.4971203225676888,0.015934370500200124,0.4761708843373724,0.007416688463673316,0.4862522563153677,0.006004564965934601,0.4969277651299343,0.011252960973953884,0.485699886552911,0.012092586456677374,0.47628612172710594,0.012928054566815072,0.48613700452897557,0.00851037314911707,0.4928988325745676,0.017893321896401297,0.4948407070491333,0.01712629023236857,0.48417806733770735,0.009630859127175715,0.5001113451735226,0.01125605581782813,0.48932171743555986,0.006259516035266263
ko_precision,0.45042914902042497,0.003607881636999677,0.4660252630332603,0.011326306508198016,0.4792422873876992,0.008957288422724245,0.47855621461068737,0.012814874373180912,0.4529559122580205,0.005445719043563029,0.4695413757397296,0.007967787265594274,0.4623463858192492,0.0042074019852038555,0.46236151129103087,0.01737059025575159,0.46236151129103087,0.01737059025575159,0.46342087180145647,0.016002741099370128,0.46625167522154265,0.008022969640611537,0.4784714983242856,0.005597230217184006,0.4613917542581011,0.008518871261988878,0.4657954327932811,0.009083855682022033,0.4573860709600761,0.01484290798063251,0.46165706816071134,0.007287212350491682,0.4550589817718622,0.01736943007630338,0.47041518205039135,0.009697063864914417,0.46555329573281906,0.01034856299661622,0.47038965491531504,0.014349672119773272,0.45167855180822125,0.016016083722757132,0.4457177468727397,0.011592447622158518,0.4589319194097258,0.008293047317331381,0.44598842962496765,0.00943039824942635,0.45711761757097874,0.0036986644531889494,0.44983733775573237,0.020423146616970825,0.46236151129103087,0.01737059025575159,0.46236151129103087,0.01737059025575159,0.4473357145018876,0.008417265218309041,0.45710202703344816,0.006191112406412529,0.463177192811821,0.011266726108274254,0.4518790292729342,0.01448057613723547,0.45253362943831893,0.01349232987013519,0.46295423537484304,0.015791720668184888,0.4625317030554621,0.018336918331268447,0.4610589309175343,0.01654544427585148,0.4620402982503302,0.008097710879279199,0.4678350148930865,0.014149744370238441,0.4593225299245217,0.006017847937532302
ko_recall,0.49188795673576924,0.013641483173672994,0.5167614227275878,0.018061873249260858,0.5102613880607363,0.014962110319656857,0.5122720654510158,0.008882925521122314,0.4999826665742217,0.009182528522423577,0.5164147542120224,0.021942437481630623,0.501282673507592,0.00393393671942201,0.5377522013450738,0.01834091600748853,0.5377522013450738,0.01834091600748853,0.5224121195313042,0.01706025940370097,0.49911599528530814,0.013592751221214274,0.5229841225819871,0.0035772428314537878,0.5298134923386257,0.013491597525789318,0.4996879983359911,0.018887634196528887,0.5118907300838937,0.010686840693077279,0.5178707619773972,0.0032463058610856456,0.5070027040144214,0.02133079293245467,0.5363481938570339,0.012315843219687426,0.534753518685433,0.010890229688212216,0.5496429314289676,0.016048867820752735,0.5170214241142619,0.010366103570407476,0.4933092976495874,0.012505206805014267,0.5184774318796367,0.0056839542589708,0.4922866255286695,0.013814801965436817,0.5117173958261111,0.013288517628023957,0.5142654094155169,0.013018791359787415,0.5377522013450738,0.01834091600748853,0.5377522013450738,0.01834091600748853,0.5090653816820356,0.009346322908984973,0.5193787700201068,0.005934144156908453,0.5360535256188033,0.013140825122181494,0.5250641336753796,0.009468388128376715,0.5027560146987451,0.014106114706171652,0.51202939749012,0.002905956284453055,0.5275774804132288,0.01783079661054669,0.5340081813769674,0.01852840790534341,0.5087533800180267,0.016550907626854485,0.5374921999583998,0.015587431088801512,0.5235907924842266,0.009839423128281887
lt,0.8866831072749692,0.0020415134508018407,0.8901082340046582,0.006278311172986879,0.8859638306617346,0.004719786521158811,0.8941567337991506,0.003322394114081679,0.891012467461296,0.0018288680053136378,0.8890841211124811,0.002585402788498627,0.8928586107685984,0.00597526815216997,0.8889060145225374,0.005024312628578617,0.8889060145225374,0.005024312628578617,0.8837100972735992,0.00280194626930397,0.8870461707083162,0.0036180667087329908,0.8929750650774079,0.0027931875230334186,0.8919064255377449,0.002413114612328335,0.8887895602137279,0.00837945056734448,0.8878956021372791,0.005435154160605505,0.8850184956843403,0.007167984239625326,0.8852890806959858,0.004603796746821325,0.8890258939580764,0.004336161741028582,0.8889128647759967,0.0057276681097157426,0.89140978216194,0.004849605315505202,0.8882997670913824,0.002024030623168125,0.8889025893958076,0.003063097555920526,0.8925126729688998,0.004647071115991169,0.8939854774626661,0.003481672348341327,0.8857000959035485,0.004806976330687196,0.8856555692560625,0.0058623122732532505,0.8889060145225374,0.005024312628578617,0.8889060145225374,0.005024312628578617,0.8857583230579531,0.0036974196775760027,0.891375530894643,0.0019638933169298274,0.8913892314015619,0.0011795438946430798,0.8852993560761748,0.0027360110128400333,0.8890875462392108,0.004104157538116717,0.8912522263323743,0.0034302286521311733,0.8932936018632689,0.005075361371280633,0.8922078366899575,0.0010845850061563446,0.8913926565282916,0.0060621130821495815,0.8920742567474996,0.005982385607964778,0.890495273325113,0.005822520675105778
lt_f1,0.7188169200358561,0.006355513499496806,0.7281329861583536,0.009857329854231208,0.7193646199012749,0.008035195369421672,0.737679978589159,0.005614943335343973,0.7292026349588934,0.004157191772755858,0.7245231774925694,0.0055101163288523705,0.7341214356650394,0.010597297578210789,0.7268157662623762,0.009911038687747812,0.7268157662623762,0.009911038687747812,0.7191146517553733,0.004719740413501077,0.7237140848782387,0.007246533301600858,0.7355847315625822,0.0048378058721910665,0.7313936517625901,0.005865557643291538,0.7272138288323782,0.013329709922117131,0.7240308299306153,0.008039256523637624,0.719228774068016,0.011641147615199908,0.7192682881038575,0.008666606459758083,0.7261727903816582,0.004733845970195449,0.7271945643003186,0.010114807925636403,0.7314079666193478,0.00666387621070755,0.7266270156537222,0.003971162991481135,0.7248342964048429,0.005737348916849018,0.730336055847405,0.008860572391655224,0.7334962994054847,0.00888562003614101,0.7203862996125889,0.00855194752242315,0.7163117368292132,0.011065433662069182,0.7268157662623762,0.009911038687747812,0.7268157662623762,0.009911038687747812,0.7196984137084519,0.006352829454039933,0.732175938503024,0.00510255470982359,0.7315016592920609,0.003921905384015226,0.7192623783570138,0.006729161265190447,0.7268856110610279,0.007299022000803861,0.7302482068116385,0.005975403981489439,0.7347693775728463,0.013236357184132047,0.7330704605861398,0.003372793638860769,0.7301571761726542,0.011093994399362773,0.7307445639472785,0.012542878772790712,0.7312073485278066,0.010430719971717715
lt_precision,0.6794167688776699,0.008508305802016353,0.6900804718105723,0.010937573676543562,0.6787315327808616,0.007235721027579261,0.6996722764405778,0.0067922009826337035,0.6883340983992808,0.0046764452421431575,0.6857342834338243,0.0072143917115266454,0.6940695126386377,0.01356576836682662,0.68637065525895,0.012253161928121476,0.68637065525895,0.012253161928121476,0.675562422328392,0.005255262198730145,0.6847704540798641,0.005225770892190221,0.6992147021716046,0.0084109718788735,0.6933216132502895,0.00739425013961374,0.6887287005704111,0.015931570836763418,0.6831915017805188,0.01212473643868835,0.678043149261183,0.014610601239037962,0.6810194383441375,0.010454659646023283,0.6866760406753437,0.006856518498292634,0.686677187553153,0.013553778179004147,0.688661811843983,0.008637742409206972,0.6857182040045642,0.0038373654938591057,0.6852047421354632,0.007055415494163554,0.6900347579707217,0.011244257525515373,0.6947018352828603,0.008127313307207798,0.6811209164674641,0.008855601709728472,0.6762196096060732,0.016109012431595012,0.68637065525895,0.012253161928121476,0.68637065525895,0.012253161928121476,0.6776667941378962,0.007564954771878823,0.6948398358319555,0.004423078345340117,0.6925830115817332,0.004519110381188589,0.6786802940044496,0.009554473218914937,0.6886225236809397,0.01007958143337479,0.692490554159086,0.006647993509413122,0.6948159877122857,0.014580275069122517,0.6936258745007097,0.0038795308170786824,0.6889428416796999,0.012526810148608705,0.692160080082985,0.017756660916671524,0.6922234248214427,0.01377855333781991
lt_recall,0.7631094568062827,0.005938097493185118,0.770635634816754,0.008522883829798844,0.7651750654450262,0.009101109806508391,0.7800842604712042,0.0064987956563464285,0.7752372382198953,0.004161413047367174,0.7679769306282722,0.0036219494939893565,0.7791230366492147,0.007245284628758042,0.7723535667539267,0.007079080099054294,0.7723535667539267,0.007079080099054294,0.7686722840314136,0.004095423837226086,0.7673633835078534,0.00980342294918456,0.7759939463350786,0.002865458953739777,0.7739078861256544,0.004898994359133906,0.7702879581151832,0.010064721970253127,0.7701243455497382,0.0030514218644682248,0.7657886125654451,0.008248248019972178,0.7620868782722513,0.006598941543153018,0.7705129253926701,0.0031417411499040223,0.7728444044502618,0.00597293248312162,0.7798797447643979,0.008402418569964498,0.7727625981675392,0.007368433464849237,0.7693676374345549,0.006850716535060155,0.7756667212041884,0.006286987135528197,0.7768938154450262,0.010473840191973158,0.7644592604712042,0.00821365904692236,0.7619982547993019,0.0057313071435928335,0.7723535667539267,0.007079080099054294,0.7723535667539267,0.007079080099054294,0.7673020287958116,0.0053073303610302784,0.7737647251308901,0.0068868064120324,0.7750736256544503,0.005247731164911511,0.7637707242582897,0.005373329921550511,0.7696948625654451,0.005346641936151126,0.7723740183246073,0.006061950428680614,0.7796138743455497,0.011623595215478868,0.7772823952879581,0.004124259233817127,0.7766483965968586,0.010267557568744408,0.7740101439790577,0.0077718838929266894,0.7748895615183247,0.006298685349812386
lug,0.8740203323032827,0.043333385602070965,0.7605916073267948,0.0853022937626585,0.6710219893412155,0.14598077468116027,0.819416453938824,0.061890179596555475,0.9386112230731336,0.0036802423743467817,0.6075395225939362,0.1012936969619638,0.8402189977159747,0.06728611527099228,0.9383872990281696,0.0015381370738209868,0.9383872990281696,0.0015381370738209868,0.42443683102691565,0.112220856411071,0.7175422096824757,0.13304204747516749,0.845167719109678,0.0374528724348143,0.9245375968471494,0.0014866937769446073,0.7948967710152717,0.07729002917615027,0.5821913207040172,0.14628328996616854,0.4622464060190783,0.13802636717918748,0.42835550181378473,0.16513097531833315,0.8893703255855614,0.009145636612961073,0.8924380850015675,0.0451185909771394,0.8900197053159569,0.03106646535370656,0.7593824174839894,0.06562080924824815,0.9323973308253839,0.007561828023189708,0.8751175601236061,0.06138485789275319,0.9393277800170182,0.0007734298911357785,0.7886157015540328,0.04437815283956954,0.9230261095436427,0.014294067655469792,0.9383872990281696,0.0015381370738209868,0.9383872990281696,0.0015381370738209868,0.8067311567916162,0.0347640234802122,0.9214698374311434,0.006433391460871473,0.9324645080388732,0.010623412335393708,0.9324980966456178,0.006588734341112289,0.7984571633301984,0.04391695548657191,0.8808836042814278,0.05616617830542098,0.9113820592055175,0.0425345103652824,0.9286242106677415,0.004594810094038208,0.8926620090465314,0.044544226311018176,0.93670786869094,0.0038054572183980934,0.9302700523982266,0.003865182425094176
lug_f1,0.514791336632872,0.055408489102812,0.40538787044655394,0.07053711773989564,0.3361130241355432,0.05980455052087935,0.42661343243455746,0.028062444255535002,0.6347873132221031,0.023837967293266555,0.3023174127655651,0.04137643446127539,0.4774718627480218,0.059962771033046404,0.6314357550733045,0.007728527443025479,0.6314357550733045,0.007728527443025479,0.22955936256424203,0.014970714210611543,0.374546066897602,0.08007437964120082,0.4603467843186662,0.03234226849531121,0.5871864115675232,0.004743531267904734,0.41445009175061087,0.07091454519801169,0.2742211709728887,0.06694076253934533,0.23908261820389812,0.051569606756116715,0.20644829716282978,0.04264115572226123,0.5020775400418903,0.012942465280368532,0.5327487441652815,0.06670033434239378,0.5175718658914151,0.044705281021168476,0.3825118729115143,0.045463901018321394,0.6151920688648362,0.02607118750090027,0.519255759727048,0.06979338790457572,0.6334631832224438,0.005087853862154627,0.4152449286850605,0.026175252622325874,0.582956795385819,0.034537864907018566,0.6314357550733045,0.007728527443025479,0.6314357550733045,0.007728527443025479,0.42345028998259315,0.02988576199190494,0.581309996573215,0.014133912059834974,0.6188136090458235,0.03472178351685273,0.6274444506237647,0.010503895311398155,0.4204934848979729,0.04027417330320249,0.5151178542009566,0.06397346728934417,0.5875724637022747,0.0591927138181774,0.5967469462909684,0.02937514454424428,0.5383663635340482,0.05966703519828249,0.6223763375493618,0.014185420289235794,0.5890754445525028,0.009948750552943444
lug_precision,0.4445285466846482,0.07003737383005218,0.3358873864361309,0.0805148977571372,0.2877704924772129,0.07071855681102178,0.39407438335775036,0.04280857366499704,0.6389940186206915,0.03044940513627503,0.2448556414819709,0.042476932111831185,0.4576920658167183,0.07143223556684396,0.641979162426271,0.016617338601250135,0.641979162426271,0.016617338601250135,0.17694782303374398,0.010989013184661495,0.340290296204243,0.09939232931615538,0.41702019814833147,0.05668660919092393,0.5859586088463865,0.014742519662018637,0.3969448476569197,0.1287652836969331,0.22664414622764745,0.0605343644421985,0.19609058959670383,0.03690360152221699,0.17733901637180377,0.038318077357777376,0.4754123453711185,0.017780183110369795,0.516411436891854,0.09663675363226877,0.47496983755352884,0.0720949129400335,0.31356809108290024,0.0483733395739079,0.5990956290639304,0.0357658356644005,0.47495474705966234,0.09998502773594667,0.6409840553826261,0.013017250263425133,0.34575080939750996,0.025476208966137736,0.5770828069106834,0.05509083354559856,0.641979162426271,0.016617338601250135,0.641979162426271,0.016617338601250135,0.3572118180475608,0.030421082942082622,0.5623004891423031,0.027006223725493425,0.609336474849905,0.043294884896617425,0.6182656460315832,0.025057565375613114,0.3546250965745362,0.03934508977140545,0.47814483652554707,0.09053928881721886,0.5693217085630381,0.07642132066573114,0.5915372711324862,0.021757536952100958,0.5064695670589618,0.08198007451553965,0.6330503423503239,0.021850606177077434,0.6077266391185465,0.03631175447622277
lug_recall,0.6157881269191402,0.021742226627229844,0.5165046059365404,0.044537531734771145,0.41069600818833163,0.05535410218193905,0.4669907881269191,0.007363098551657136,0.6307574206755374,0.017946061051818434,0.3985414534288638,0.04286340805897835,0.5008955987717503,0.05393680669969861,0.6215455475946776,0.01124731882079625,0.6215455475946776,0.01124731882079625,0.32778915046059365,0.03180536007958251,0.42105936540429884,0.0546139938168529,0.5179119754350051,0.007201252445993031,0.5893039918116684,0.022804923163152472,0.4502302968270215,0.033640573106621045,0.35069089048106444,0.08431891897448145,0.30693449334698053,0.07931772128825768,0.24718526100307056,0.048350824233087744,0.5321136131013307,0.009659460638780372,0.5543756397134084,0.03109156339921117,0.5701125895598772,0.01305767740242897,0.4923234390992835,0.03103711197555028,0.6326765609007166,0.02005886652739608,0.5816274309109519,0.01725155765280993,0.6264073694984647,0.011610166855799069,0.5199590583418628,0.025564642546164695,0.5904554759467758,0.021617391771231394,0.6215455475946776,0.01124731882079625,0.6215455475946776,0.01124731882079625,0.52021494370522,0.02610365175483933,0.6022262026612077,0.002449915833562762,0.6289662231320369,0.027192962164463288,0.6375383828045036,0.009167936084781742,0.5174002047082907,0.043071924848013005,0.5644831115660185,0.034672230677490985,0.6084953940634595,0.03873488018888212,0.6024820880245649,0.04077579632513972,0.5794524053224156,0.036698814398053364,0.6123336745138178,0.012869108981605131,0.5731832139201638,0.01973250595826853
luo,0.8107318781634129,0.06011770231713162,0.5277871926970354,0.11754620929469327,0.571391449746927,0.12057319034667813,0.6857657718727403,0.10318744036298803,0.8814906453362256,0.0293563289103591,0.3884501536514823,0.09579460955561861,0.6943013376717282,0.1786084498447086,0.9238408351409979,0.001792964527776161,0.9238408351409979,0.001792964527776161,0.24239651120751984,0.05747041091830937,0.5257027295733911,0.16499390498981215,0.7401199837310195,0.058271052896590854,0.909955712219812,0.008919306332071341,0.5414633044107013,0.12734928228224304,0.30646127078814167,0.11613440675021686,0.24567290310918288,0.0629032952776114,0.19733482465654373,0.025046744533309108,0.8031001446131598,0.05777794337831952,0.8999627169197397,0.016006577105761057,0.8826825741142443,0.02121160974431875,0.5376841558206796,0.050445009179183035,0.8918903651482284,0.03294383049279391,0.8903312545191613,0.03768529121094214,0.9261286605206075,0.003383962453898491,0.7522708785249458,0.06570813438288196,0.8742543383947939,0.05054404235881559,0.9238408351409979,0.001792964527776161,0.9238408351409979,0.001792964527776161,0.6222602584960231,0.1217638587433647,0.8782424981923356,0.03625685870633659,0.8812138467100507,0.03985085881986711,0.8919016630513377,0.03147021261220627,0.69130174439624,0.05409891673150471,0.7965078181489516,0.20719297699591788,0.9118424620390455,0.010169108638736546,0.9068092462039046,0.01645085779820318,0.7823345986984815,0.14313081540940742,0.9220049258857557,0.003875005090504923,0.920700018076645,0.0086060758806783
luo_f1,0.31886448447434473,0.03739761053543177,0.19999147966028535,0.0350601863296259,0.1972264179251897,0.02179577293770712,0.23919867609361414,0.03233775529781353,0.3834469354518249,0.04288540781449152,0.16177012257871515,0.009635969286434981,0.28745360565625766,0.07927957824409154,0.44290869452749704,0.006725276674582051,0.44290869452749704,0.006725276674582051,0.13670903143904034,0.011555264036450835,0.20670578617188207,0.03921686575743803,0.2741500221071991,0.030430134605336463,0.4159453988108902,0.01564212897560549,0.1994030026863572,0.028432145293585558,0.14524897435628864,0.027283129007385998,0.13592736969884683,0.02071084923801721,0.11685901079864738,0.015635731499212085,0.3031579466252236,0.054513558954750144,0.3971693346549791,0.03133622433878165,0.3645880169757043,0.031228519392657826,0.18630293250843794,0.017863403968366463,0.40530097260328524,0.04616781089459481,0.39741231856936887,0.05555724695842661,0.45676657704633444,0.012473464647274527,0.27073634454024437,0.026975276505857744,0.38078527224745423,0.06901759925565322,0.44290869452749704,0.006725276674582051,0.44290869452749704,0.006725276674582051,0.21787162469748766,0.025417783962360434,0.3904183687043139,0.049781477568870025,0.3795444481555771,0.05931558949347797,0.39611011794249823,0.04684235662337578,0.23542916681870757,0.02004074553723758,0.3497002691594708,0.10660273861550641,0.4334876933420302,0.01671051043741701,0.40579852233181457,0.022153452065435893,0.3138933534356003,0.08296422996063926,0.44250383089642126,0.01101310774350145,0.4427011181886047,0.015750359388284032
luo_precision,0.2369678714898502,0.039268221115962794,0.13326081215498395,0.02520934874096335,0.13526503024676012,0.014587689346855011,0.1753857864767029,0.03360190869697389,0.3194511777116996,0.05382364559531541,0.11125008101504111,0.008257928018782657,0.22515483928318838,0.07468256183040442,0.40545155183547255,0.009226661270857073,0.40545155183547255,0.009226661270857073,0.0948030282143654,0.008029139846195101,0.1517932259883276,0.03358704599739443,0.20056966734765458,0.028888010581979505,0.36650394217404253,0.016625234272701524,0.14357726296903728,0.03062131861806819,0.1028105485196815,0.015718597130797363,0.09869460202306465,0.011634044652445967,0.08899297914354107,0.009830722255166015,0.2339564810989005,0.057882040026997615,0.33976877547749273,0.043818091945883875,0.29365637376074805,0.04129553670732051,0.12491226567977848,0.012867044053711394,0.3417041435921973,0.065322100644459,0.338686941851592,0.07445249663334515,0.42225701093993634,0.018837570514137796,0.19527814264866442,0.023699054289782882,0.31778961358608804,0.08566060629366587,0.40545155183547255,0.009226661270857073,0.40545155183547255,0.009226661270857073,0.1512175197721941,0.019635612584186043,0.32853776327983414,0.06349850417140918,0.3151103393439761,0.0693606960573348,0.3318804302489761,0.05892451596560784,0.16523794606606165,0.017187296263637918,0.29369385958059535,0.11813086584603241,0.38097784860418415,0.022947912472190937,0.3511386428766896,0.0390865681528654,0.23969482687307855,0.07717608114306836,0.4026552522198587,0.016574058759612306,0.4045761365459694,0.03093687703153045
luo_recall,0.4934913993491399,0.009651575775000833,0.4020223152022315,0.05571095329775404,0.36622501162250115,0.05310775121940727,0.3820316132031613,0.023357468513448977,0.4840771734077173,0.014471141923564837,0.3013714551371455,0.04084842082530462,0.402370990237099,0.06977993283987706,0.4882612738261274,0.012378191092929893,0.4882612738261274,0.012378191092929893,0.24837284983728497,0.037545536141543434,0.3275220827522083,0.05337044434395161,0.43596001859600186,0.029354735311517503,0.4812877731287773,0.02132594366028547,0.33647140864714087,0.03787984543745776,0.24988377498837744,0.06922432982787331,0.21966527196652716,0.050255816877114515,0.17061831706183167,0.030445333505651137,0.43758716875871684,0.03252611857475212,0.4818688981868898,0.01822621644250365,0.48523942352394234,0.004181947549516077,0.36727103672710365,0.03314186317177426,0.5068572756857275,0.013156890348023698,0.4907019990701999,0.01331541691661954,0.49790794979079495,0.012282514935958066,0.4429335192933519,0.025566332587408105,0.48616922361692233,0.024651029971392353,0.4882612738261274,0.012378191092929893,0.4882612738261274,0.012378191092929893,0.3908647140864714,0.03696150291099772,0.48721524872152483,0.02195391716060923,0.48442584844258485,0.023781201384197762,0.49542848287618163,0.010398945649965996,0.4113203161320316,0.027591142137952843,0.45746164574616455,0.04562183328813423,0.503951650395165,0.021021845894931803,0.48523942352394234,0.019860085249911685,0.4678056717805672,0.05017529460794935,0.4916317991631799,0.013466060769837512,0.49093444909344486,0.019433340963516222
ml,0.8367028393042961,0.0028658626908322072,0.8434294633566226,0.005069356918612241,0.8493756503642039,0.007353399510526246,0.8454363014716813,0.006193003248391071,0.841831425598335,0.007678413301706527,0.8520514345176156,0.00529257270193923,0.8446187007581388,0.005303695215452057,0.8464025568604132,0.007143033742221854,0.8464025568604132,0.007143033742221854,0.8364798572915118,0.004500743799758435,0.8543927456518507,0.002715407315558218,0.8455477924780734,0.0060383814513423,0.8442099004013677,0.010432692002315138,0.8386725137505575,0.007601643510055369,0.8428348446558644,0.008601763764183333,0.8420915712799167,0.00783639527440412,0.8397874238144789,0.003564355572095214,0.8518656161736287,0.006253516608739526,0.8495119171497943,0.004808544093536713,0.8534264902631188,0.0028542729941855344,0.8508993607848967,0.010821202696687016,0.8437267727070016,0.008508775972959154,0.8449531737773153,0.003586245899157065,0.8409023338784005,0.00963726856705921,0.845213319458897,0.0065894723580691835,0.8442099004013677,0.015897943952811314,0.8464025568604132,0.007143033742221854,0.8464025568604132,0.007143033742221854,0.8391556414449235,0.01095078229745703,0.8477776126059164,0.004188792271028758,0.848706704325851,0.006345744057824185,0.8419429166047272,0.006816942076667927,0.8452876467964917,0.007815688311382787,0.8436896090382042,0.006780239522220929,0.8444700460829493,0.011728577536046975,0.845510628809276,0.011375968384877335,0.845807938159655,0.006912442396313308,0.8452876467964918,0.006482406382064411,0.84744313958674,0.0028345267233444694
ml_f1,0.6058344302444345,0.013103777493642183,0.6160183121545336,0.015480171925048657,0.624829018763766,0.012930099052052975,0.612408563776352,0.010531544995499822,0.6178924917683095,0.01222539582686945,0.6309541944686358,0.010011326124253359,0.6123959836862457,0.009462590522946563,0.6246523267884315,0.014761029881606167,0.6246523267884315,0.014761029881606167,0.6046672014864178,0.007595510387878515,0.6285875675959866,0.007685609305344596,0.6165627254122292,0.008914138914242723,0.6233908620431141,0.020485913247949662,0.6004021043705108,0.015190335444188836,0.6152381847390296,0.015072374752199797,0.6140341809721229,0.01323731362019481,0.6105680187523145,0.004002563632915856,0.6337006096991367,0.008773089685717645,0.6310779011252841,0.006452795481276895,0.6404133994341427,0.005735902299396333,0.6358794260513063,0.017404518678462464,0.6216028000206184,0.015067508168840758,0.6252326684867102,0.00525071737596497,0.6153850091201412,0.015910418463347738,0.6311695937234281,0.008377616939058367,0.6213398684787472,0.030706040198805355,0.6246523267884315,0.014761029881606167,0.6246523267884315,0.014761029881606167,0.6086836236853024,0.01939147046524125,0.6284182888239838,0.010254672189040309,0.6219494534009429,0.013563833005024454,0.6206049312381968,0.011548272989423842,0.6260912544814179,0.016017382121186162,0.6188198611555951,0.013811109703712061,0.6206993654040118,0.022878287795551865,0.6224689797759757,0.019813599081567383,0.6203764479741921,0.017554657344135586,0.6223741490843012,0.01603527984531814,0.6203459242315701,0.003776423944467353
ml_precision,0.5777474936989311,0.003673593235878834,0.584997786348247,0.015532194256520884,0.6080788413290151,0.015263118271494106,0.5946502430790954,0.011900090945637794,0.5874362023996111,0.007607176020359404,0.6039545467743863,0.007268281966954439,0.5896951931130843,0.012532606745205671,0.5873198229404735,0.023093169838430624,0.5873198229404735,0.023093169838430624,0.5699716997520922,0.013564247065149946,0.6078487900310159,0.0065032030000079935,0.5946858165094611,0.011086353841497067,0.5843399155311652,0.021853587479433535,0.5847483767603094,0.019270225110323357,0.5848297180384452,0.023977871685625027,0.5869101397951153,0.01805318534567886,0.5815741101970152,0.007829482772404087,0.598360232105883,0.012778149444043563,0.5926762553095932,0.01020084028530386,0.6007289866385964,0.006903693807931334,0.6004543586016593,0.022375633304618548,0.5885449157696546,0.01742415285835157,0.5882808472236428,0.0032356289604861814,0.5889408481095143,0.01947031616134359,0.5956771560066493,0.012260532973280058,0.5848313625746773,0.043066334637678005,0.5873198229404735,0.023093169838430624,0.5873198229404735,0.023093169838430624,0.5690537961900208,0.027120342524585336,0.5986599920521677,0.007912178565268433,0.5842699977540645,0.012737933844365236,0.5786410252794382,0.015470796572097727,0.5968742319280265,0.020994441106517308,0.5880016450123443,0.023049065658282814,0.580100742747856,0.026462304275538612,0.5881047354480664,0.024930175407298177,0.5872601338818169,0.02581096688753213,0.5897565188988222,0.02661045533494284,0.5879533228377151,0.0010492646824059818
ml_recall,0.6323366555924695,0.031213474734360893,0.6505398671096345,0.01599601074520028,0.6426495016611296,0.014035889557266082,0.6314368770764119,0.015001986601485443,0.6517857142857143,0.019137565609085267,0.6607142857142857,0.019199045899873556,0.6370431893687708,0.010786688670419781,0.6675664451827242,0.015047899445177253,0.6675664451827242,0.015047899445177253,0.6441029900332226,0.009310726312735405,0.6509551495016611,0.014878859725634212,0.641749723145072,0.008958299937632037,0.6681893687707641,0.021418267372471142,0.617109634551495,0.015057446999875011,0.6495016611295681,0.014273475918770982,0.6438953488372092,0.008204674148802585,0.6428571428571428,0.013202235899852048,0.6735880398671097,0.007272384018030852,0.6750415282392027,0.012837981234342821,0.6857696566998892,0.013706416162222101,0.6758720930232558,0.011575880286350803,0.6586378737541528,0.012225582594584542,0.667358803986711,0.015649039602505622,0.6445182724252492,0.015947420624490224,0.6713039867109635,0.00925809668173091,0.6638289036544851,0.023583506419436403,0.6675664451827242,0.015047899445177253,0.6675664451827242,0.015047899445177253,0.6546926910299004,0.014487345134977044,0.6613372093023255,0.014182567568209455,0.6650747508305648,0.02068506545749545,0.6692275747508306,0.0068615912133963295,0.6586378737541528,0.016790287043251705,0.6534468438538206,0.00774328143463287,0.6675664451827242,0.019364512998657178,0.6613372093023255,0.01625270482371087,0.6578073089700996,0.009421206825677455,0.6596760797342193,0.019798999071528586,0.65656146179402,0.00851075645013254
mos,0.8305579741692062,0.0838606642123401,0.7276429400667538,0.11760795453668015,0.6549122043244813,0.1297552423405118,0.7257927006240024,0.21008570123451872,0.8837523581483093,0.03940250535715993,0.5010339573356551,0.19226399171585723,0.7813180235089248,0.1851814460645323,0.9464428239732985,0.006281883374656443,0.9464428239732985,0.006281883374656443,0.31190139312146276,0.10621160597296861,0.7153442896531708,0.2051598114988104,0.792247133942824,0.07601915570581405,0.9383979103178057,0.01421030717321194,0.7495465099405021,0.03351183412169079,0.6801443912349441,0.16615820991448324,0.52154984762734,0.18079350182776607,0.45005260484690174,0.18644316279484976,0.7346901755913511,0.06176824144658672,0.8183772311710927,0.07586158612656428,0.9046129008852126,0.003200307763834095,0.5127430706718908,0.07493232034908598,0.8850493397184734,0.06568882432502969,0.8655220577564939,0.06441987135011243,0.9491184153243362,0.003100757971679305,0.7778352198519809,0.06316377553970039,0.7973534320127703,0.09822763967888787,0.9464428239732985,0.006281883374656443,0.9464428239732985,0.006281883374656443,0.5186837904513133,0.10310277661079993,0.8375326512842839,0.05106375396262622,0.8642976345958496,0.05782540690257163,0.8799521114497171,0.05732041640105892,0.7037168045276447,0.08322453986875732,0.7997659991292991,0.14127354433700368,0.8950805398345668,0.04481051154026038,0.9238046002031636,0.010087070639447873,0.7403406617326949,0.1501915826919386,0.9454179364388332,0.012046680973986928,0.9465063125816282,0.0048731764111427925
mos_f1,0.30124511908657553,0.07511473971034571,0.2403651898643068,0.09811505422600501,0.1753038359941091,0.0503956791743323,0.20615583909312446,0.059853571178177196,0.36333830825165936,0.058526370566964706,0.12865342276083708,0.036211217143079524,0.30035520315170483,0.11982724212965026,0.4825806763940834,0.04689128558925486,0.4825806763940834,0.04689128558925486,0.09087601281447655,0.013120515680900042,0.2124985001140627,0.06623316271986321,0.25583686554491325,0.06743294730050059,0.45644997580691465,0.036870476621885535,0.20952203947688547,0.012548290614636724,0.17787229274648092,0.07825720098797755,0.12885837407171588,0.0389094885148937,0.11369223566687178,0.030303360527207963,0.21342874864521605,0.03751622118203391,0.279649305567757,0.046136870995169846,0.38070953740352215,0.014480299726319349,0.1345179719595898,0.014162489471160743,0.37343906759803336,0.08300276210571084,0.3460833813491211,0.08155101812799855,0.48958696614907327,0.020384479572675345,0.24802757225837135,0.047919580566065205,0.29916014088542586,0.10771555825404298,0.4825806763940834,0.04689128558925486,0.4825806763940834,0.04689128558925486,0.14768472242368486,0.02160272415492139,0.3170315792084585,0.04295785505171309,0.34022604673221396,0.09226112205846572,0.3750547120329487,0.08027180919991933,0.20770408412922023,0.027033410650372004,0.2750049830475846,0.08712503386700424,0.38711819030199346,0.08594746654460622,0.4179827912292424,0.020386398027142344,0.25207782165265524,0.08876479445743775,0.4819416933537284,0.04263926882995913,0.457496572151479,0.0368863337155032
mos_precision,0.22131725078084796,0.06946893063088663,0.1731207262843345,0.09304546412967135,0.12518594687908496,0.04242614511264242,0.16045161396870056,0.05886750053478465,0.2900876045366705,0.06821468752936227,0.08692805024662068,0.028110976897324506,0.25603865806840975,0.12634710373915237,0.46075863816939394,0.04178001994907291,0.46075863816939394,0.04178001994907291,0.057589223156071026,0.007308575306516285,0.1705697475171863,0.06231160407149041,0.1883510617106319,0.05693980665909075,0.42683591404348253,0.04168182513029067,0.15443526275187433,0.0034479053412603375,0.12393233581153253,0.06075568669684023,0.08432031055357155,0.025555352784903142,0.07622098109736233,0.020124033607663024,0.14969535922123847,0.03305751063561464,0.21007715307356506,0.047675868492752085,0.30277601142517635,0.018304421454329697,0.08790450954035622,0.010384567421580749,0.30502068508968694,0.09530655990971072,0.2779105618006092,0.09193076138189545,0.4720909420583964,0.026511923638642992,0.17635112162610314,0.04298046674009555,0.23007515003811935,0.11907939417711617,0.46075863816939394,0.04178001994907291,0.46075863816939394,0.04178001994907291,0.096380007310988,0.015573669777539344,0.24588533872301438,0.0582231608493446,0.27024645234005007,0.10311598426443692,0.30252828601812537,0.09194777791873215,0.1422799068016879,0.021626897348932587,0.20639513966229836,0.07515049859948685,0.3199204128274524,0.10613755608056312,0.3592930269833657,0.037300927014524865,0.1844415217724813,0.07958687172921652,0.46122833831172383,0.05511012105154922,0.43700048212564,0.030772708498262035
mos_recall,0.4824198552223371,0.050559498765684795,0.42244053774560497,0.05894519131334024,0.30067218200620477,0.07392073376309112,0.30299896587383657,0.04835023672207227,0.4950879007238883,0.024021647474605945,0.25465356773526365,0.06400661769992132,0.374870734229576,0.09020244128320942,0.5069803516028955,0.055370833448281975,0.5069803516028955,0.055370833448281975,0.217683557394002,0.04984945791062494,0.2867114788004136,0.05640413304282809,0.40330920372285417,0.07016325650514389,0.49095139607032057,0.031810937777191385,0.3304033092037228,0.057938758336427865,0.3267838676318511,0.09898843761901449,0.27378490175801445,0.08283935821328527,0.2246639089968976,0.062945218859224,0.3774560496380558,0.04282164813035376,0.4276111685625646,0.03021465834524594,0.5139607032057911,0.017242328852671258,0.2877456049638055,0.025685426270183127,0.4966390899689762,0.04267467515715315,0.4772492244053774,0.03767115946243433,0.5100827300930714,0.033106845618092275,0.4234746639089969,0.036790288809771074,0.46328852119958636,0.05285858439635663,0.5069803516028955,0.055370833448281975,0.5069803516028955,0.055370833448281975,0.3167011375387797,0.03238840660206176,0.46044467425025853,0.013009044080050847,0.4769906928645295,0.05159156520510457,0.5087900723888314,0.026161552514319612,0.3870217166494312,0.03559733043740879,0.4245087900723888,0.07494145182105755,0.5072388831437435,0.03356797526337094,0.5043950361944157,0.02765038844245347,0.42114788004136505,0.10571843326391793,0.5062047569803516,0.035568528483805255,0.48138572905894517,0.05181993719283375
mr,0.8445146818923328,0.009134465689112298,0.8440728656878739,0.006042988246572284,0.840742251223491,0.005607838853580667,0.8546084828711256,0.011131602009752188,0.8384991843393148,0.01310192075870105,0.848321098423056,0.010175724986073255,0.8376835236541599,0.012576054781923016,0.8388730288200108,0.008684346489174077,0.8388730288200108,0.008684346489174077,0.851515769439913,0.009743377732647369,0.8514817835780315,0.015560428501654403,0.8461120174007613,0.007621728922948074,0.8434951060358891,0.01274700903465825,0.8398926046764545,0.003336158562209882,0.8453643284393693,0.01070506096933659,0.8436310494834149,0.010319397168743867,0.8472675367047309,0.01211677402763729,0.8510399673735727,0.0044153725804682116,0.845500271886895,0.005521491131897077,0.8497145187601958,0.006320517560558185,0.8475734094616639,0.011995099593790358,0.8374796084828711,0.012578748592552988,0.8376495377922785,0.014775318437777763,0.8388730288200109,0.00717404970884366,0.8482531266992931,0.0070658996229207805,0.8484910277324633,0.015108897705495996,0.8388730288200108,0.008684346489174077,0.8388730288200108,0.008684346489174077,0.846757748776509,0.011519887100669582,0.856715606307776,0.00574297380670683,0.853520935290919,0.0069932741384186505,0.8387030995106035,0.007489237912365026,0.8453983143012507,0.007915423241475253,0.8428493746601413,0.009844408368804585,0.8410481239804242,0.00807796585999009,0.8467917346383904,0.017615039748301448,0.8457721587819467,0.01010594238256253,0.8410821098423056,0.014516061442044807,0.8410141381185428,0.013572803306224079
mr_f1,0.6204579512318751,0.023223985202884507,0.6199466234048587,0.010976924464201093,0.6177087788110598,0.009345060212842937,0.6442487570314257,0.026976444513484663,0.6150625192887854,0.028697182210963897,0.6287892589259902,0.023681167680248274,0.6080341854098027,0.01669987926095404,0.6187514628118713,0.013848292221948229,0.6187514628118713,0.013848292221948229,0.6268393113016227,0.020438326263482826,0.6407029296769546,0.0231168589333169,0.6111512758467186,0.019036129416717455,0.624435125850869,0.028534667633538343,0.6131873448599658,0.010002532214479408,0.6184394542017261,0.023917428106267125,0.61870433774282,0.010661122787339671,0.6297682606586366,0.025891555993640427,0.6430405103676944,0.0067081995096598054,0.6254861529195868,0.020051538467284136,0.630343860671152,0.0047737721739931896,0.6336429772994475,0.026830815886500985,0.6086976769161104,0.02195992514989457,0.6185563395422697,0.019293150758078526,0.6145153697818142,0.010337676018464735,0.620924659482022,0.011009248890053124,0.6346474342675618,0.035923004533748,0.6187514628118713,0.013848292221948229,0.6187514628118713,0.013848292221948229,0.6325963320729866,0.020321517062706893,0.6528495463664182,0.00829984773811819,0.6435684818263542,0.011580004609230015,0.6089025078782369,0.015418551985875002,0.629634464592206,0.015901388147196507,0.6161001689910047,0.01908656281458366,0.618393673783126,0.02067640718377762,0.6223134179272551,0.03530918045835177,0.6231130403598358,0.02010257518610722,0.6196775778996074,0.03117226432222545,0.6174886865121847,0.03321448986052642
mr_precision,0.5834826633649889,0.025755966031973238,0.5908481403753143,0.012976074970881853,0.5891531816182554,0.019101419643169398,0.6161524914799535,0.027065991826588715,0.5821003094052298,0.02784208985135644,0.5994241772554108,0.020578903613391448,0.5777988236075964,0.02002763824952937,0.5782177017440581,0.022185046512808778,0.5782177017440581,0.022185046512808778,0.5949050599786959,0.019493803474244144,0.6125722777372106,0.02135308811901762,0.5832548312816316,0.013381649923043469,0.5910160618099357,0.03252728016306315,0.5844592594542682,0.0146603789052048,0.5823595763598156,0.03170273713628864,0.587035450993221,0.014160211255858708,0.5963451131313143,0.03391931578125706,0.6013505151368238,0.011843668947432323,0.5861995199899394,0.016076535891725807,0.5916603936319491,0.005293941181598083,0.5952899974384711,0.034753113306512165,0.5766548158030338,0.021036553061516767,0.582035759653698,0.022105851489469086,0.5821768061375554,0.011783131624550927,0.5860644816626683,0.011536720802476048,0.5926438349920224,0.04795085657894398,0.5782177017440581,0.022185046512808778,0.5782177017440581,0.022185046512808778,0.592164753817876,0.025504506228844304,0.6147677765762001,0.011043463321425653,0.5999803765339459,0.018682589282986828,0.5664984501192042,0.0120169445841419,0.5915919442153097,0.021377331618556535,0.57729044427384,0.026578131998977895,0.579925331687746,0.01922420637175816,0.5863003934337216,0.03892757847408979,0.5911495426470571,0.024199467911173948,0.5814151442761242,0.03963032598367853,0.586389720667529,0.03870002699049529
mr_recall,0.6627768987341772,0.025203921498359688,0.6520965189873418,0.009302196215431057,0.6482067510548523,0.005147473970449152,0.6750395569620253,0.0268395274810428,0.6520965189873418,0.030995263086273695,0.6611946202531646,0.027347758454979144,0.6418117088607596,0.01666251433746897,0.6677215189873418,0.007250910909740292,0.6677215189873418,0.007250910909740292,0.6625791139240507,0.024838076534482525,0.6716772151898734,0.02731436155321529,0.642009493670886,0.02726466776071797,0.6619857594936709,0.023649417922802667,0.6451740506329113,0.01361893600598666,0.6596123417721519,0.014024602769965044,0.6534810126582279,0.010100589663610554,0.6675237341772152,0.01726515256550256,0.6910601265822784,0.002778389702756595,0.6704905063291139,0.025882871217964096,0.6746439873417721,0.014098787909422376,0.6776107594936709,0.01644986305247968,0.6445806962025317,0.02425049335146295,0.6602056962025317,0.02010282578786806,0.6558544303797469,0.014544917967444766,0.6602056962025317,0.010545226278023326,0.6839398734177216,0.022381458220167436,0.6677215189873418,0.007250910909740292,0.6677215189873418,0.007250910909740292,0.6791930379746836,0.015523272840465636,0.694620253164557,0.0059729702810686095,0.6942246835443038,0.005106781838353653,0.6582278481012658,0.02060002621248656,0.675632911392405,0.008985614471202955,0.6600738396624473,0.01174337767838202,0.662381329113924,0.023418924233569092,0.6631724683544304,0.03059554786900339,0.6588212025316456,0.014904455786843775,0.6639636075949367,0.02492925651403105,0.6522943037974683,0.026715840120358148
ms,0.7987742594484167,0.013153125783836117,0.7816224038134151,0.016252737694784386,0.7807286346612189,0.021553348765064314,0.7907728975144706,0.009437802633292436,0.7901770514130064,0.013826662263852318,0.7801327885597549,0.007958991159128688,0.7777068437180796,0.023740585986740698,0.7699182839632278,0.03263864709431337,0.7699182839632278,0.03263864709431337,0.8017534899557371,0.015416985493589962,0.7712802179094314,0.03523647684097836,0.7402536601974804,0.02172539680529085,0.7599591419816139,0.02947428230805145,0.7820905686074225,0.015066153823518955,0.7623425263874702,0.03070870378299013,0.7788559754851889,0.010349801943187416,0.7763023493360572,0.02224419729261357,0.7499148791283623,0.043880999574242276,0.7877936670071501,0.015026666920399941,0.7647684712291454,0.015053564580568422,0.7818777664283283,0.04084060627543924,0.7940926115083419,0.005315796729995232,0.7645131086142323,0.027719055632216348,0.7840909090909091,0.01551871229024208,0.7865594143684032,0.016377087584089838,0.7867296561116786,0.0052146521595153985,0.7699182839632278,0.03263864709431337,0.7699182839632278,0.03263864709431337,0.798689138576779,0.00496043659664061,0.7774089206673477,0.026039196718318797,0.8032005447735785,0.006219456932843131,0.7814096016343207,0.042025580341513144,0.7761321075927817,0.028674154629614205,0.7870701395982295,0.021356745836274855,0.7928583588695948,0.011017482171235791,0.7851549199863807,0.019663719724120277,0.7689819543752128,0.03458631859721558,0.7731954375212802,0.04499137999244527,0.7621722846441947,0.0280745789081306
ms_f1,0.6648075621988982,0.019772911888662363,0.6459173510909377,0.015491892153387218,0.6255801454883732,0.048892705449026,0.6400489084293265,0.01965431146667035,0.6468219452297778,0.01252585543121161,0.6366429809637376,0.01547598093045929,0.6278587217206826,0.03454424536957952,0.6154860546082794,0.04248626633538619,0.6154860546082794,0.04248626633538619,0.6719170584708626,0.02049232823417719,0.6297676291359989,0.03957914030360055,0.54851635564615,0.055526231381811446,0.5875746273140238,0.04211901127300344,0.6366647502104972,0.023606266378687006,0.6130757888861385,0.050547553886187535,0.6420338628428071,0.009898097935419315,0.6342524527689216,0.03229262728372085,0.5945088415174461,0.051617020069253915,0.6472470865117241,0.01830244061344425,0.6026924102035417,0.029571238435827776,0.6414766603933894,0.056774153727622144,0.6475549821569011,0.0067804913605122984,0.5804762552825187,0.03799878741315213,0.6170655459965393,0.020834077128268878,0.6539323717398633,0.020791853788508192,0.6366914888223166,0.012592084002764074,0.6154860546082794,0.04248626633538619,0.6154860546082794,0.04248626633538619,0.6676143223765649,0.00594687220971425,0.6330725359322636,0.038446395544574935,0.6662771879646991,0.008828770254816152,0.6502118335972275,0.046225332191086,0.6315752446310636,0.0386801546214341,0.6339132970271774,0.04799407423559463,0.6397159845994044,0.03109974240258466,0.6316033719416643,0.019262518419778035,0.6214682392132725,0.05481322794613747,0.6040238565663436,0.04563300228174637,0.6040456049003486,0.032615558651733836
ms_precision,0.6333643216824693,0.021030986450740374,0.6161677653647084,0.015829640813859097,0.5897856089481324,0.05560263680750013,0.6044611971063416,0.02509342634319474,0.6145464067120479,0.011630184762267317,0.605784657850114,0.017205754634999522,0.5941397996877291,0.036194180187064766,0.580030258175052,0.041920386948187914,0.580030258175052,0.041920386948187914,0.6396681693757346,0.02216602333150174,0.6000994246475374,0.03733684766512722,0.5061763352203411,0.06193666084768278,0.5493797594788945,0.04454346691911309,0.6043932298825663,0.026282498059605794,0.5790693107401698,0.056629436306334706,0.6102213518858558,0.010869630262424214,0.6031165835185773,0.034764896324548614,0.5623593503107207,0.04929651645117942,0.6143837724319678,0.01894755942030993,0.5647665812796765,0.03141860848905013,0.6096179761120536,0.05675499320088151,0.6132981632046974,0.007671344398616983,0.5418394341585349,0.04297129488948501,0.5790056995250241,0.022947694515152002,0.6259762895563945,0.021756996459339772,0.6018780986050221,0.01307806979940748,0.580030258175052,0.041920386948187914,0.580030258175052,0.041920386948187914,0.6361291471078225,0.009844770134918144,0.6046548299566501,0.04089109947226898,0.6345863269246637,0.011863472346606292,0.6204772755070231,0.04595860846199403,0.6010717665514441,0.03904656838719516,0.5979200902943603,0.05169336338065408,0.6042422150907267,0.0368560946997429,0.5965801929490777,0.01773759228829409,0.586344046409534,0.05780678874767298,0.5677739546804748,0.04287778628815661,0.568942820795727,0.03402402420860308
ms_recall,0.6995515695067265,0.018130498296031423,0.6786995515695067,0.015332126454958454,0.6663677130044843,0.03956366816163727,0.6802690582959641,0.014018982466598951,0.6827354260089686,0.015384499370769907,0.6708520179372197,0.013913394652580109,0.665695067264574,0.03254649906939927,0.6556053811659193,0.0432543696925112,0.6556053811659193,0.0432543696925112,0.7076233183856502,0.01856884921168254,0.6625560538116592,0.04248114708970721,0.5991031390134529,0.04568418892650059,0.6316143497757847,0.03876525347827118,0.6726457399103138,0.02049086934313158,0.6517937219730942,0.043534726096295,0.6773542600896861,0.008737684750777559,0.6688340807174888,0.02911116451330973,0.6307174887892376,0.0555492990728141,0.6838565022421524,0.018019244443551127,0.6461883408071749,0.02788934852998426,0.6769058295964125,0.0567006032410959,0.6852017937219731,0.007118613392998921,0.6253363228699551,0.032248565403345385,0.6605381165919283,0.018255766386573447,0.6845291479820628,0.019979075703986996,0.6757847533632286,0.011909467436198572,0.6556053811659193,0.0432543696925112,0.6556053811659193,0.0432543696925112,0.7024663677130045,0.005875409269666204,0.6643497757847534,0.03529711086826427,0.7013452914798206,0.005994002288718482,0.6829596412556054,0.046391790737549767,0.6562032884902841,0.04246931137328285,0.6746636771300448,0.04290818291709978,0.6798206278026906,0.023841437413903613,0.6710762331838565,0.022598702054911973,0.6612107623318386,0.05058261510128721,0.6452914798206278,0.04934909155507894,0.6439461883408072,0.03257634833400276
my,0.8277397260273973,0.014383561643835625,0.8315068493150686,0.011015833864671042,0.8359589041095891,0.00944940734546801,0.8383561643835616,0.010311954146699704,0.8191780821917808,0.019914120993019684,0.8424657534246576,0.011994452544807008,0.8404109589041096,0.00530545663864029,0.8366438356164384,0.02226817562603947,0.8366438356164384,0.02226817562603947,0.8256849315068493,0.006557719916139283,0.8544520547945206,0.009838566861376807,0.8383561643835616,0.005703194519085316,0.816095890410959,0.005957985548264783,0.8369863013698631,0.013281314677853005,0.8263698630136986,0.014031347545944673,0.8517123287671233,0.009449407345467958,0.8219178082191781,0.025370218051304315,0.825,0.024667045349820664,0.8136986301369863,0.009556369651349948,0.825,0.006364091262450428,0.8123287671232877,0.012149894699223838,0.8068493150684931,0.0013698630136985968,0.8182648401826484,0.010462501586657225,0.822945205479452,0.014252501401838896,0.8198630136986301,0.0117574367028162,0.8280821917808219,0.018997848459100214,0.8366438356164384,0.02226817562603947,0.8366438356164384,0.02226817562603947,0.8263698630136986,0.014938208039228842,0.8424657534246576,0.009941342948437164,0.8280821917808219,0.01836161576519007,0.825,0.014556473177438432,0.827054794520548,0.010574005641013162,0.8273972602739726,0.0235148734056324,0.8157534246575342,0.02687865324705284,0.8236301369863014,0.02790342924459164,0.8116438356164384,0.014518824744826167,0.8410958904109589,0.00806553503774234,0.848972602739726,0.01701334568270439
my_f1,0.5948416805934555,0.024029246092865095,0.5918069059375634,0.007449867658652094,0.5866815311313103,0.019678898423017704,0.6041481578893324,0.020288753767018032,0.5895752773706455,0.029140068496751048,0.6057291513100567,0.01806179208717262,0.6122386289414764,0.012490746123458121,0.6167283590148271,0.044630538631359414,0.6167283590148271,0.044630538631359414,0.6020268776803341,0.016142593619809614,0.6309090592445545,0.01632491849412226,0.609042813196383,0.015195867036025636,0.5913152186024122,0.009265837386711268,0.5990084022263312,0.019561459435716747,0.6028221772606961,0.018127253898073643,0.6329629319020462,0.023078150076312087,0.5999879606566751,0.01788157615144886,0.6192723540334699,0.02030887141485064,0.5871919736345796,0.03277546733358311,0.6081999591291315,0.017605260076790096,0.5924220296879306,0.01815419157791185,0.5699455488320369,0.012265693174159896,0.5872468382350471,0.01614249291454609,0.5899233592911931,0.015411440500869919,0.5962567688453031,0.02657483611848316,0.5958716292577455,0.03566816359148493,0.6167283590148271,0.044630538631359414,0.6167283590148271,0.044630538631359414,0.6077799364553242,0.01670917816962996,0.6400103960381578,0.008410998478763728,0.620566615335451,0.012398951029872624,0.6014558405074162,0.02323655812035554,0.5951559702629703,0.009530691052998105,0.5888358042695334,0.018749511028582612,0.5855778678079863,0.03689802116368797,0.5979019735564252,0.04101723208665866,0.5698845809635937,0.012737158384323542,0.6271658012511228,0.02904498545457561,0.6290224378670537,0.020319753538149715
my_precision,0.5352077768334143,0.028726206586439082,0.5308803422083122,0.017847404650664242,0.5539831340604634,0.011527481679791196,0.564072864072864,0.020326746760066006,0.5258114408687987,0.04131446345827973,0.5443881227348761,0.015330839772483952,0.5552424200370814,0.021090136623777404,0.5367645171757544,0.05375847904589951,0.5367645171757544,0.05375847904589951,0.5239365654532377,0.02206386320703947,0.5867879706031578,0.013845810628488952,0.5612288594154395,0.016093625867598372,0.5183237189431186,0.004066030072373002,0.553563842203548,0.03004703517507036,0.5220079188516341,0.01949475427217112,0.5618111785874944,0.018994152850891968,0.5322904637723276,0.029576937264845192,0.5351891169300935,0.026454751776041938,0.5041277631215946,0.03565196128217788,0.5160091093735933,0.0054366142367956284,0.5143708434748107,0.028409491996330492,0.50178713174493,0.014351284226829639,0.5120638256047798,0.016745002603070346,0.5383822699040091,0.027467337894091077,0.5412530316109672,0.03878789034675519,0.5076729661974551,0.05127508944836681,0.5367645171757544,0.05375847904589951,0.5367645171757544,0.05375847904589951,0.531396289696972,0.011754968735453265,0.5641932838325447,0.009479150650868382,0.5370699980938975,0.013831504886650716,0.5229975375220426,0.02548042765835033,0.5356236229523901,0.03167214675516378,0.521924016384202,0.03460246114530741,0.5100867965165694,0.04528859639428509,0.5168853532778461,0.044194014120188356,0.5091743713295594,0.028418083628631918,0.5519680133879001,0.034073246687324775,0.5557284497376663,0.030348630181684773
my_recall,0.6722689075630252,0.0302987502139831,0.6694677871148459,0.037892855065738626,0.6239495798319328,0.03387503255587627,0.6512605042016807,0.03396178054056626,0.6694677871148459,0.012836346484470122,0.6890756302521007,0.025210084033613467,0.6806722689075629,0.008403361344537785,0.726890756302521,0.039115518329884975,0.726890756302521,0.039115518329884975,0.7086834733893558,0.012836346484470155,0.6827731092436975,0.030201482707069783,0.6659663865546219,0.018633241870658356,0.6890756302521008,0.0314424990485205,0.6498599439775911,0.012836346484470107,0.7142857142857143,0.03290571463437179,0.7247899159663865,0.029411764705882356,0.6946778711484595,0.025672692968940265,0.7352941176470589,0.010848692846519424,0.7037815126050421,0.029411764705882373,0.7415966386554622,0.0457063553839796,0.6932773109243697,0.017826221374450755,0.6596638655462185,0.010848692846519396,0.6862745098039215,0.03498598318430472,0.6526610644257703,0.012836346484470173,0.6659663865546219,0.03456292067017665,0.7247899159663865,0.01863324187065836,0.726890756302521,0.039115518329884975,0.726890756302521,0.039115518329884975,0.7100840336134454,0.028702943322015687,0.7366946778711485,0.01283634648447017,0.7352941176470589,0.02223320429466041,0.707983193277311,0.02210046756030746,0.6722689075630252,0.026573761850154483,0.6750700280112044,0.039712736355063956,0.6890756302521008,0.03068473711513534,0.7100840336134454,0.037266483741316726,0.6470588235294118,0.030298750213983136,0.7198879551820728,0.029511635162052522,0.7254901960784315,0.01283634648447019
nl,0.9215691461221035,0.001370074772313591,0.9252489448500453,0.0011832472892595212,0.9269565830776285,0.0021346683902102224,0.9248492223045179,0.0010709163244858144,0.9240615337589203,0.0010837033274954187,0.9253665103046121,0.0008743358479874681,0.9228094616677835,0.0012888439709640186,0.9230093229405472,0.0020820346333254598,0.9230093229405472,0.0020820346333254598,0.9205345701219154,0.0007464789197988591,0.924384838758979,0.0005595074081770043,0.925228370895496,0.001158044593006234,0.9224567653040832,0.0010259171855253578,0.9216279288493869,0.002259202556573674,0.9233678975769759,0.0023165541196333655,0.9216073548948377,0.004188884258004775,0.9222451474858627,0.0019458976946032755,0.9211253365311137,0.0012862900086330709,0.9220952515312901,0.0018650219491187481,0.9228858792132519,0.0015383077715255572,0.9220394079403708,0.0016251094231685922,0.9239292726225325,0.0025789923721355502,0.9252371883045887,0.0017049659574255441,0.9237176548043122,0.002160828322129489,0.9233620193042477,0.0013830939922393646,0.924452438895355,0.002783513693277604,0.9230093229405472,0.0020820346333254598,0.9230093229405472,0.0020820346333254598,0.9203170740309667,0.0013688636488213308,0.9258161981683303,0.0001580224326930423,0.9251049271682008,0.0017221232416954615,0.9214339458493517,0.0013479713783249151,0.9233238105315135,0.0014548061950039625,0.9229270271223504,0.0019096667690817837,0.922938783667807,0.0009488814099417417,0.9225037914859098,0.0019355471962493808,0.9239645422589027,0.0018578193929028484,0.923317932258785,0.002132174119615973,0.9235589414406471,0.0021479651479774397
nl_f1,0.7902001025356251,0.002061171472867142,0.7974217568900163,0.0006229147494870547,0.8019338602018772,0.0045422455623629334,0.7995781497103847,0.0023127734897740696,0.795906397184812,0.0028366834692042466,0.8008183092081439,0.0019621679848937975,0.7942966167373118,0.002555250934026564,0.7938822875633054,0.006436612815380413,0.7938822875633054,0.006436612815380413,0.7869374964978673,0.0012793573708638933,0.7989409396940442,0.0011642721488525057,0.7986909383948632,0.0033095194897387174,0.7939377042528702,0.002039592175178775,0.7915948255116274,0.004869462037860637,0.7947340464431472,0.006299412272020671,0.7899919718239141,0.006715874935368982,0.7926630259196946,0.0031019115471664785,0.7907711793130439,0.002003849699755783,0.7917786840917157,0.003623937992803073,0.793935015161281,0.003634913426349289,0.7923443420221384,0.0022602329846754263,0.7954734265356231,0.004479144626279755,0.799016291740309,0.004763939010314139,0.7950178896038501,0.0044152346630827585,0.7950093483246526,0.003130374120254922,0.7967889096344489,0.007835410929362555,0.7938822875633054,0.006436612815380413,0.7938822875633054,0.006436612815380413,0.7882275842621078,0.004171405457401375,0.7994996523430787,0.001153847324542566,0.7975302713464139,0.0035544239089389086,0.791036377719959,0.00299222391027227,0.7951183496250671,0.004006553505220143,0.7952798169089313,0.002731650287250114,0.7953896876096064,0.002872591041797112,0.7943189867428563,0.004230618126759311,0.7969904094912487,0.005390594306548447,0.7944462569177849,0.004354339908386278,0.7964557172483919,0.004673383220368789
nl_precision,0.7730168615719282,0.003568257542539138,0.77876201757545,0.0012737093743540977,0.7830765649061079,0.0047455383224478875,0.7796863334716908,0.0034732204042272007,0.7778635407955854,0.004393459866419999,0.7830731101115525,0.003029670540637283,0.775238050066617,0.0031441352863472915,0.7742855210593451,0.0093793222267992,0.7742855210593451,0.0093793222267992,0.7656318000500792,0.0019784644987359233,0.7812126135726207,0.0012537861295591455,0.7796775432866256,0.0046550203046577645,0.7749197312547713,0.0017884429879528986,0.7731897422606135,0.005205483032356812,0.774811486712976,0.008648599152048282,0.7690694892944032,0.009689306526116237,0.7733765261181489,0.00510128612707471,0.7702687379346759,0.003982866628758758,0.7718135783147755,0.0042174477902787695,0.774403808902816,0.006889581733572871,0.7717627444370081,0.004079887939878894,0.775460489292425,0.006513702616619208,0.7792984893552155,0.007203437918508515,0.7770788744600514,0.005311062192296104,0.7775660538839361,0.0049583059447731994,0.7763965043818084,0.010727214242134487,0.7742855210593451,0.0093793222267992,0.7742855210593451,0.0093793222267992,0.7676965400829951,0.006869994418110869,0.7804595020475462,0.0028145829502489376,0.7791883856665792,0.003680559612151229,0.7717079281211422,0.004205162739932981,0.7775415872521432,0.005747494951016431,0.7774476854782723,0.0039150827374382835,0.7766473602056871,0.0043528351758200835,0.7747447272660183,0.006314650396856574,0.7800664976788269,0.005810120982235338,0.7757981170193287,0.006825600945780566,0.7776050555389409,0.005887541132756164
nl_recall,0.8081721999270339,0.0016521082522429325,0.8170010944910616,0.0016478058796987871,0.8217256475738781,0.0047580648289605254,0.8205217074060562,0.0029340315458513217,0.8151526206980421,0.0012853907587715987,0.8193907333090114,0.0015665063740051336,0.8143195913900036,0.0025724205240964253,0.8145202480846406,0.0035854985696451925,0.8145202480846406,0.0035854985696451925,0.8094673476833272,0.0019290063559108848,0.8174936154688071,0.0014934296854701497,0.8186610726012404,0.0023084470670795268,0.8139182780007297,0.0033756173700548015,0.8109084275811748,0.0056149117999826715,0.8157241882524626,0.003954330216662306,0.8121123677489968,0.004091742251989971,0.8129514775629332,0.002687225906334723,0.8124042320321051,0.0004653077093447598,0.8128055454213791,0.0030322648311097867,0.8145020065669464,0.0005568893660151128,0.8140642101422838,0.0016970167997313352,0.8165632980663992,0.003426557950209176,0.8197738051805911,0.0024715293134788333,0.813808828894564,0.0037197789910119344,0.8132615833637359,0.0013746247438577923,0.8183144837650492,0.005894165294578865,0.8145202480846406,0.0035854985696451925,0.8145202480846406,0.0035854985696451925,0.8099051441079897,0.0013551209213865426,0.8199197373221452,0.0016782196278730677,0.8167639547610361,0.004429296931828012,0.8113644655235316,0.002407051032937894,0.8135169646114557,0.0024746687898010654,0.8139608415420163,0.002590381152099109,0.8150674936154688,0.0022627326394728023,0.8149215614739147,0.002666008888207977,0.8146661802261947,0.004995201285038074,0.8140277271068953,0.0017188375965621336,0.8162531922655965,0.004227574214054263
nya,0.8703520703753221,0.042962114312331795,0.6874237051677033,0.1242919449809995,0.5843990389273189,0.1989552384966768,0.7559970160243368,0.10438035203828354,0.9333740239105582,0.0033821230341803225,0.4977038888565948,0.12491535285372588,0.8061820612683834,0.13464437511751082,0.9395793369373558,0.0012002334864925854,0.9395793369373558,0.0012002334864925854,0.352172101765196,0.1613929423022658,0.7185083996977272,0.1320079838052734,0.8249966091185645,0.08071288502284486,0.9289658780445271,0.002579084450141284,0.715190180007363,0.13627847434788898,0.5786006316727703,0.16837586703380117,0.43570888798465385,0.16954132545716336,0.391113952992695,0.15728013186361545,0.8753269778527001,0.030500084435234234,0.9084026041969424,0.03821843081741598,0.8971594101803949,0.02730574826856451,0.663697223352516,0.07293796482391103,0.934328314828809,0.006941109940741064,0.8666802301924084,0.08477482162154545,0.937806390358271,0.005412878973959335,0.787038113507334,0.0838957561972743,0.9310779127671529,0.007341336751772548,0.9395793369373558,0.0012002334864925854,0.9395793369373558,0.0012002334864925854,0.761708229184832,0.07620359743164357,0.9283797399678351,0.005504630094263587,0.9197862775872425,0.029019698479889045,0.9318965684279873,0.007771506688248103,0.7103654401364103,0.05627496742664228,0.8772791567362281,0.08085476427966742,0.928166598849038,0.016064397648808012,0.9274399813985932,0.006733507570263947,0.875472301342789,0.08450338510697418,0.9382375167122012,0.003413797406552331,0.9360818849425487,0.0030234478802467343
nya_f1,0.3010988874006441,0.036587444626230974,0.21711017424047982,0.06077989971354691,0.1814273549916321,0.06288376562185051,0.21781226884406119,0.034970490700449726,0.3806601561622349,0.020991810450502517,0.1396777426782767,0.015204940997189246,0.28332219682914894,0.061057705296799644,0.41755201614703735,0.009460943283955107,0.41755201614703735,0.009460943283955107,0.12398126855178365,0.014091120210985362,0.220150399491168,0.02632512596707351,0.2805111330244739,0.06520966107273887,0.36725468874325,0.019128510426564747,0.22168406763746917,0.04554974929735571,0.15957592962183553,0.04143671844685158,0.1390675810342223,0.03223671051405596,0.1165737462178689,0.026317516234212034,0.2909511007484304,0.03238209860612842,0.3523204480206045,0.04660236269955949,0.3158334970175808,0.037978856287181825,0.1812099500956411,0.021593027765334474,0.40440751793885554,0.027684608198079854,0.3061900565446054,0.06458832302378162,0.4058668719759826,0.03338312213481783,0.23195642086557103,0.026640553337866732,0.387024604530845,0.022682250807359854,0.41755201614703735,0.009460943283955107,0.41755201614703735,0.009460943283955107,0.2154559955119738,0.03359319721271017,0.37802940960437226,0.015088758593567664,0.36930843621383885,0.06799535180577918,0.40400615907359433,0.024822911449416556,0.1990642060175411,0.024665337712988997,0.312353632034142,0.08330725867843068,0.39457423163270555,0.04650617003330034,0.3725302270532556,0.012800175057388346,0.3246374616191989,0.08943928811917441,0.4038288828527544,0.02848649825559272,0.39623718465891405,0.008410802600334819
nya_precision,0.24768812970058696,0.04612677388791599,0.15889345568479174,0.05998327433340218,0.14014403691122942,0.06369134351300094,0.1745768076979574,0.03657554138963252,0.3854262914366449,0.02894327550231291,0.0994709515057331,0.013459040091284735,0.2515291044958686,0.0691474267026895,0.424706380555121,0.008702292699420201,0.424706380555121,0.008702292699420201,0.08307649072870292,0.010329648427683013,0.18064665534308166,0.03322637940326414,0.24188799152691717,0.09191984096209287,0.35150058761427105,0.015483655517351669,0.19152815456661804,0.08636104795499165,0.11710528438969557,0.0346393300722431,0.0992527331237846,0.021922397813004858,0.08657062822004205,0.017932852023801533,0.2533980677161879,0.04254970016381878,0.334449164174292,0.07041876819138963,0.2733069625029768,0.05757309867520091,0.12845500812980004,0.017654636486045476,0.3918978453848443,0.03340979808649424,0.26959193369217743,0.08460779134779725,0.41526097698487313,0.04920154865010876,0.17765401026079378,0.02628668079116299,0.38063801655502316,0.03725201572020501,0.424706380555121,0.008702292699420201,0.424706380555121,0.008702292699420201,0.16239496870822023,0.034604874540883054,0.3654137250638727,0.024962298280628993,0.35613689749764277,0.08885569209679503,0.39700555739010596,0.03514675536895799,0.14709031653579646,0.021765793902783402,0.28536495065500644,0.10551062759680914,0.3840722789700579,0.053147238926790616,0.35872560601285386,0.025446894833093123,0.29325268866942367,0.10723179553470277,0.407501611392452,0.031895927864157084,0.3983193521362962,0.02267225739434829
nya_recall,0.3891034251175285,0.007146352885486218,0.35569173942243115,0.037710310952965904,0.269140362659503,0.05609465841056018,0.29239422431161854,0.026184001958753544,0.3763431833445265,0.01525901751057404,0.23791134989926122,0.033836603128283786,0.3290799194089993,0.04912346104274302,0.4111820013431833,0.01974163492814354,0.4111820013431833,0.01974163492814354,0.2461383478844862,0.02879241250534053,0.28559435862995297,0.017145328960671214,0.35107454667562116,0.028327186889592994,0.38482202820685024,0.02659649999443592,0.29482874412357285,0.03507633573223994,0.2553727333781061,0.05347032495796999,0.232622565480188,0.05998531537284357,0.1787273337810611,0.04712032461725478,0.34544996642041637,0.020540121951014303,0.3785258562793821,0.02729034197597337,0.3818838146406984,0.013466417866706217,0.3090161182001343,0.031535472366482645,0.41814976494291467,0.02387281686521345,0.36920752182672933,0.010485221622562763,0.3980020147750168,0.023257144622740207,0.3362995298858294,0.023363765999729978,0.3953156480859637,0.02298076239812786,0.4111820013431833,0.01974163492814354,0.4111820013431833,0.01974163492814354,0.3250503693754197,0.024927422662529498,0.39237743451981194,0.012977832099485874,0.38792813969106776,0.04126180294646129,0.41185359301544655,0.015782404298186687,0.3103593015446608,0.03301446912482696,0.35795836131631964,0.05337428778303877,0.4068166554734721,0.04413001231795069,0.3888515782404298,0.017290496828246626,0.3771826729348556,0.042814846995393466,0.400520483546004,0.027565784048400724,0.3963230355943586,0.02731099327379379
pa,0.6660341555977229,0.007900060719036577,0.6495888678051865,0.029171037463884154,0.7129981024667931,0.010886726425084462,0.6963946869070209,0.014779660272672931,0.676944971537002,0.031232535804173928,0.7020872865275143,0.02271762807851737,0.7082542694497154,0.019681667150539664,0.6579696394686907,0.006819689643531931,0.6579696394686907,0.006819689643531931,0.6427893738140418,0.030375352169985048,0.7204301075268816,0.007183944776470919,0.6650853889943074,0.03896494074955456,0.6641366223908918,0.029680880978241776,0.6913345983554713,0.024027096664418227,0.7191650853889943,0.046350590665556614,0.6783681214421252,0.0677200509637369,0.6916508538899431,0.021384113225018243,0.7267552182163187,0.017077798861480045,0.715370018975332,0.04982003457941862,0.7120493358633776,0.015752573567883933,0.752371916508539,0.02694675319941907,0.676944971537002,0.027774727074581493,0.6997153700189753,0.021489092320504985,0.6750474383301708,0.03284340752513014,0.670303605313093,0.027904062940897062,0.7424098671726755,0.021094504928086392,0.6579696394686907,0.006819689643531931,0.6579696394686907,0.006819689643531931,0.6888045540796963,0.02674557180501709,0.7087286527514232,0.04011835770752561,0.7305502846299811,0.03488572355000043,0.6742567994939912,0.028420799416395918,0.7239089184060721,0.024861788750200526,0.6635041113219482,0.02215595178764957,0.7071473750790639,0.017112902287752956,0.6818469323213155,0.03271984100285286,0.6750474383301708,0.03057227709904359,0.6432637571157496,0.007099919139988543,0.6731499051233396,0.020163615596831216
pa_f1,0.4906727953262693,0.022131857572155002,0.45571826346439787,0.04679166199302174,0.5555663344706047,0.00983316338331649,0.5294286534596612,0.01685150204212054,0.5041407118222864,0.02411630082571213,0.5414967720013592,0.035106825518109924,0.5706612245361952,0.03218334049799854,0.44168903933739045,0.0064626115552693176,0.44168903933739045,0.0064626115552693176,0.47939137075534244,0.03854128901060995,0.5521127181294814,0.019067201211636086,0.48459799255486025,0.04133061758505191,0.46863824876895127,0.028745622313066117,0.534354367796996,0.0350642795277455,0.5436102729894928,0.06288611680281266,0.4811634238556466,0.06250273511973875,0.5132277089586944,0.030821438865293992,0.5489389516946064,0.026018621359292397,0.5352357777671256,0.0660633228196211,0.5394163311054838,0.0157739245939066,0.5946751525297531,0.028143213550092683,0.4968415864242246,0.04290879564471399,0.5530372667094503,0.036252047280879204,0.5158805132888002,0.032607755116984105,0.4909321712733072,0.031166594173571253,0.56483691386167,0.02671668805685107,0.44168903933739045,0.0064626115552693176,0.44168903933739045,0.0064626115552693176,0.5117019496703257,0.03235624298886394,0.5255222695589667,0.055238630285269284,0.5514405305501195,0.06267914302819824,0.490141344189574,0.04529316912373308,0.5783065457484062,0.0483156308240622,0.48897973909111114,0.04500808823253671,0.5280899998291158,0.03149933333774608,0.4835112507320172,0.04297343736337444,0.4864729695006095,0.04593746019724533,0.4484829314341628,0.0383748638579189,0.4824861543786777,0.024861087723667203
pa_precision,0.4670541176498487,0.019288280487656753,0.43543481791886257,0.04702418272477214,0.5416449705954423,0.012574542758662443,0.5074536451748841,0.01688760903297215,0.485539901650511,0.024830966159147403,0.5154097729896114,0.033874935120533856,0.5534686201352867,0.03452568077326512,0.4180555088699644,0.011766406753005483,0.4180555088699644,0.011766406753005483,0.457117977972641,0.041879261397628646,0.5329123766623767,0.021083087259949895,0.46835748792270526,0.046839977834496664,0.44289457835184964,0.028433531135066286,0.5146594272092756,0.03303636272100838,0.5173259017970154,0.06389067148248627,0.451939392321852,0.06198459356845613,0.48359379104126354,0.0357502455114237,0.5211170675166619,0.02896645477523378,0.508271081944891,0.06924063796981872,0.5097273397199705,0.014803344967367965,0.5704188616700824,0.029006547683607675,0.4762684012684012,0.04554911197886992,0.5285638619854721,0.0319753991145262,0.492892880226951,0.02526721611897626,0.46676661669165415,0.03262664150873377,0.5360183547103052,0.025513483612286947,0.4180555088699644,0.011766406753005483,0.4180555088699644,0.011766406753005483,0.48529216817613874,0.03523737735474568,0.4965021104780741,0.05644049315871368,0.5277652015320601,0.06541184749073597,0.46208961197367415,0.040586823919816085,0.5547826022932537,0.055541378133853604,0.4658560858011675,0.042411629856567504,0.5041834271922767,0.03374292887039635,0.46403527028527025,0.04602554119132028,0.4633661936974096,0.047530392862081765,0.4302097149442282,0.03925696489099989,0.45830735711774445,0.030427068892061263
pa_recall,0.517799352750809,0.0340959668377111,0.47815533980582525,0.04714822745738985,0.56957928802589,0.014830342054873278,0.558252427184466,0.020595343141355745,0.5242718446601942,0.029126213592233018,0.5598705501618123,0.03675668832233184,0.5889967637540453,0.02966068410974651,0.4660194174757281,0.009708737864077631,0.4660194174757281,0.009708737864077631,0.5016181229773463,0.04982137319851343,0.5728155339805825,0.017725649110199547,0.5024271844660194,0.037497185198241016,0.4975728155339806,0.028991056419367174,0.5558252427184466,0.03913717353542984,0.5728155339805825,0.06140344971200738,0.5145631067961165,0.06291981260590157,0.546925566343042,0.024433121149743515,0.5800970873786407,0.024271844660194164,0.5655339805825242,0.06210304550937049,0.5728155339805825,0.017725649110199544,0.6213592233009708,0.030701724856003712,0.5307443365695793,0.04042069901875984,0.5800970873786407,0.042964136075572,0.5412621359223301,0.04147574633649287,0.517799352750809,0.02966068410974651,0.5970873786407767,0.030185692728442803,0.4660194174757281,0.009708737864077631,0.4660194174757281,0.009708737864077631,0.5436893203883495,0.03500535218897075,0.558252427184466,0.053471558711515516,0.5776699029126213,0.060631048528139844,0.5218446601941747,0.05099013351646839,0.6043689320388349,0.04147574633649289,0.5145631067961165,0.048218978724114334,0.5558252427184466,0.03749718519824098,0.5048543689320388,0.039635756355714834,0.5121359223300971,0.04440266256961891,0.47572815533980584,0.04231940721884147,0.5097087378640777,0.02021034950937992
pcm,0.6938128893148059,0.05188739029716818,0.7524017728797316,0.022194450849236994,0.8237302347867753,0.026800729404971475,0.81745927168184,0.022184673116076938,0.6887038811691423,0.07436609890685794,0.7911835170100623,0.03902954489218472,0.7934834690943939,0.03849873628310433,0.7784439386679445,0.039966988081882454,0.7784439386679445,0.039966988081882454,0.649101581217058,0.02141389498288886,0.7553186391950167,0.04690244402585238,0.7844873023478678,0.010167092515102732,0.7909080019166267,0.030547860819845875,0.8008325347388596,0.03653288431022507,0.7380570196454241,0.07240323471857711,0.7173873981792046,0.03392902117461471,0.6915728318160038,0.08999956427537521,0.7163512218495448,0.04724839036734114,0.7501736942980355,0.03437909070741536,0.7587925251557259,0.04007337679535095,0.6497364638236703,0.03307206982362802,0.7628713464302826,0.03040981511522817,0.7807079540009583,0.028496903861586466,0.793591279348347,0.023879519821126356,0.6982810253953042,0.08096531640022685,0.7334211787254432,0.05773228628963613,0.7784439386679445,0.039966988081882454,0.7784439386679445,0.039966988081882454,0.6643207954000958,0.051666761811117505,0.7700826545280307,0.038150734710906964,0.7219753234307619,0.06375543970179494,0.741105654048874,0.050295973368346805,0.6666207474844275,0.07426098890492207,0.7547676090081457,0.06824595028751512,0.7674472927647341,0.025827674066705223,0.7947412553905127,0.029489777834919195,0.724209391471011,0.06472179683661028,0.7880570196454241,0.011711575147550952,0.8066722568279827,0.022045499502252874
pcm_f1,0.3117862337441766,0.017798389653530953,0.33418472607321337,0.01739577409603437,0.3939479940954598,0.025453018753436082,0.3837066767096407,0.02650866684607422,0.30447303302108014,0.04195957005804695,0.36169103728630325,0.03153358106957417,0.37096215735854343,0.0362068854146014,0.35640230003474116,0.028831520543081354,0.35640230003474116,0.028831520543081354,0.2776886131284152,0.017563260259427116,0.3439166524783004,0.028017726753901743,0.3467571960399139,0.01067096795260407,0.3545681672074547,0.019063174005555617,0.3801282344360667,0.019818313963593633,0.3235400403313371,0.03650105449503311,0.30980240249058566,0.02989674903472318,0.30501210308244153,0.0383508057706148,0.3032284916940219,0.030540403422926632,0.3383109631693916,0.014801672361215145,0.34502123323789324,0.022419806614369243,0.27643966239612516,0.01690366916478638,0.34341521821043586,0.017215174345220862,0.35493142954129187,0.026544705782970565,0.3596694914892553,0.016953612976327515,0.31576188855648296,0.03824254642572934,0.32843072257622685,0.024694683299477653,0.35640230003474116,0.028831520543081354,0.35640230003474116,0.028831520543081354,0.2703924749047586,0.014333995308236267,0.34466800951750626,0.01914998650324799,0.32403564331149315,0.034602004597333494,0.3331478945525022,0.021085936399689233,0.2910404687317253,0.020099553499197016,0.3322057561875882,0.04417389930185144,0.3505258760964433,0.029185314778779087,0.36066131441350363,0.02801652620531958,0.318151794961031,0.04256178437976879,0.3624510701652768,0.015549347084206347,0.38016351109772434,0.02046800019899152
pcm_precision,0.2210005458370872,0.014287920686313807,0.23994075124947914,0.014856338154181841,0.29648415278701284,0.024774742511837075,0.28948362486837265,0.026777902168929345,0.21380396517353173,0.034997757159435074,0.2683656722671854,0.03076240848460104,0.2776075509203904,0.034052865549470415,0.2598105470940033,0.02927757173739331,0.2598105470940033,0.02927757173739331,0.19091892960909174,0.013049655038762736,0.25110806725955886,0.027453162543737912,0.2524454872823928,0.010199605239350337,0.26328913473328763,0.02093613868774264,0.28549060589202313,0.02102354437583718,0.23184832530185095,0.033404344364700474,0.22207511358477658,0.025609341381191746,0.21972787975475128,0.03401326066658416,0.21368086752359855,0.02662234584276234,0.24460460126967631,0.0109648576710992,0.25148163675673296,0.02021367829142121,0.1909683868213412,0.012176240073224582,0.24813734428217685,0.013860757310297402,0.26000750645026255,0.025378028747843968,0.26341960683406845,0.016339220051457024,0.22584751089080246,0.03175844777665351,0.2349063389975976,0.020539766260858277,0.2598105470940033,0.02927757173739331,0.2598105470940033,0.02927757173739331,0.1874544979778367,0.01121421954484766,0.2516118749827114,0.017841021998504236,0.22876027417362152,0.029017304596698386,0.23930268381637768,0.019976425699945788,0.2041514763680117,0.01753122303642819,0.23895861817973996,0.03714823184060837,0.25270654356481626,0.025445563656121266,0.2644745625542279,0.02616863221527056,0.22572414526221585,0.03988057699908686,0.2657480224978255,0.014144620991067912,0.2828241093916001,0.02014391505112435
pcm_recall,0.5295094532447624,0.0231748815416148,0.5508431272355646,0.020195271175645922,0.5881451200817578,0.018821132477003965,0.5705160960654062,0.01849224170875965,0.5306591722023506,0.04130568387613796,0.5569749616760348,0.018032335571951677,0.5605518650996423,0.03150206804969297,0.57026060296372,0.010430462198872356,0.57026060296372,0.010430462198872356,0.5093254982115483,0.02773600916199308,0.5476494634644865,0.015091404625061138,0.5540367910066428,0.012956464711312544,0.5447112927950946,0.013615649049028357,0.5698773633111905,0.01046690515261694,0.5389626980071538,0.028698369978831,0.5131578947368421,0.02868927021800649,0.5010219724067451,0.030768272358080224,0.5238886050076648,0.022098307170330823,0.5485436893203883,0.024926840683384598,0.5505876341338783,0.027616901618541988,0.5005109862033725,0.028001857452877393,0.5576136944302503,0.021624539279670677,0.5604241185487991,0.015784842709395543,0.5677056719468574,0.01609944458990576,0.5256770567194686,0.04091374557809633,0.5463719979560552,0.02645762347776155,0.57026060296372,0.010430462198872356,0.57026060296372,0.010430462198872356,0.48530914665304037,0.020377076526919172,0.5479049565661727,0.016278874181873584,0.5569749616760348,0.031457831316548564,0.5494379151762903,0.008503225999697212,0.5077925396014307,0.016711540578234003,0.5466274910577414,0.04556739344991809,0.5728155339805825,0.026574557926085627,0.5682166581502299,0.02248726372279257,0.544200306591722,0.025464003385668614,0.5701328564128769,0.013630822362744578,0.5807358201328564,0.01897541607320098
pl,0.9066976821664843,0.002288696887617472,0.9069475512826615,0.002445053689796755,0.906319903859883,0.0010671760387810684,0.9054572604826043,0.0013862807978533079,0.9078637380419781,0.0013356949369511856,0.9058945314359145,0.002619541696383395,0.9086192946551807,0.0013818696055359206,0.907494883632383,0.0013315547733976595,0.907494883632383,0.0013315547733976595,0.9040800057112941,0.0020459128214634164,0.9063615487125791,0.001508296020372028,0.9091963733282566,0.0017379593308256879,0.9080719623054591,0.0018334806230596657,0.908259364142592,0.0016881486221366553,0.9073788729713007,0.001015699380085088,0.9070308409880539,0.002576565103318881,0.9077269049545477,0.0018278093067190956,0.9076436152491552,0.002418183992282275,0.9073074817952501,0.0011465217318909076,0.9076079196611299,0.002558359052135948,0.9066649612107944,0.001981176596755084,0.9061979439341297,0.002403944663524735,0.9071736233401552,0.0009165472498908815,0.9073253295892627,0.0023861496174952803,0.9068077435628956,0.0022488194224609724,0.9071052067964399,0.0024497946951026594,0.907494883632383,0.0013315547733976595,0.907494883632383,0.0013315547733976595,0.9057041549664461,0.002280754930192134,0.9088959354623769,0.0016313103587074097,0.9075880887788936,0.0009720693107922592,0.9069772976060159,0.0016529108746668293,0.9061087049640665,0.002574357111966805,0.9063555994479082,0.0017793341277563602,0.9065757222407311,0.0015491676535617466,0.9072896340012373,0.002323015819151637,0.9063377516538955,0.0009178271333467117,0.9077239303222121,0.0028858676320398617,0.9085122078911048,0.0030708196381053522
pl_f1,0.7652273272172874,0.0039048182813895037,0.7702702670595606,0.005694930524074915,0.7700712111136108,0.0033618532025225523,0.766794494564698,0.0032096190667644086,0.770569382292284,0.003179514017909593,0.7697012680676107,0.004626209232885198,0.7730166448645897,0.0028763075389540184,0.7696767642135329,0.005001759967159482,0.7696767642135329,0.005001759967159482,0.762548107499032,0.003679024302448522,0.7694340343185966,0.005415610796044482,0.7738238848674476,0.0037866688396700444,0.7716405819686079,0.005131059220185275,0.7721157672623458,0.004709168102505116,0.7703759025029415,0.002458733988170323,0.7685467534712386,0.006428292634341434,0.7715267152273265,0.00343937044798934,0.7714389898142949,0.005190559806868832,0.769070426134196,0.002721882486762671,0.7712910592335231,0.005658206447758832,0.7669543822530566,0.0036276789033178715,0.7677070358562497,0.005661420473755205,0.7698168046663014,0.0031228993323199885,0.768628197807489,0.0046593657720555405,0.7670433707817831,0.004522533131918187,0.7693215776108613,0.006256411396662636,0.7696767642135329,0.005001759967159482,0.7696767642135329,0.005001759967159482,0.7649946516289734,0.004396020120121893,0.7742182038147951,0.004518676317561308,0.7701387390579383,0.003378841135256266,0.7680919101734989,0.004206092214447739,0.7651979453360412,0.004711736141927691,0.7674487110542884,0.0033765285760159612,0.7683571296919935,0.003199034160447437,0.7676693461055795,0.00444553317216023,0.7669284118751909,0.0018176361470135236,0.7707508867466806,0.0059943209560997775,0.7734645159021106,0.0057346763858567885
pl_precision,0.7441211659555369,0.006624229527811323,0.7462005727701007,0.00683299265303941,0.7468161650426725,0.0052535940865982515,0.7419058626695691,0.005520316579138148,0.7484793648317011,0.006390604420780428,0.7457398351347888,0.007244566501340339,0.7514538756814603,0.005186037014030748,0.7467679213092682,0.008276215003980318,0.7467679213092682,0.008276215003980318,0.7349683782748067,0.006068864099375958,0.7474624288203666,0.008175882227809149,0.7513125850874601,0.004552574224509627,0.7491128893295147,0.008154558835628167,0.7494904645151965,0.007435647253963367,0.7463267762729263,0.002858203513811518,0.7432536706792362,0.00858149559452908,0.7493168430342348,0.004935647787367797,0.748585146785878,0.009164180670641455,0.7459511483259269,0.005594827833950516,0.7465644502759269,0.009754442488555322,0.7437474191755168,0.0068111914005799966,0.7466672099281916,0.008245532115970901,0.7452810919676073,0.006630215283541681,0.7468248842614524,0.008502532974444553,0.7455104278344227,0.005943611035677538,0.7476473703050039,0.010002850011752752,0.7467679213092682,0.008276215003980318,0.7467679213092682,0.008276215003980318,0.7400941529388938,0.007002561627526771,0.7543720223272299,0.006817006129406277,0.7473859290798527,0.006496069170053222,0.7450955705849672,0.009254626231351447,0.7424461735509884,0.0074360606418996,0.7457694697432293,0.005934566556427389,0.7462322700708999,0.006167770576369286,0.7452682069659621,0.007405404306861421,0.7457871820086219,0.001930490736303844,0.7484237404587335,0.009880322868343151,0.7507415660668598,0.007653334574036049
pl_recall,0.7875909183604106,0.002807335233213701,0.795952008700972,0.004786865330486533,0.7948303990211406,0.0012551103798684562,0.7934368839643804,0.0035670312710750435,0.7940316769764122,0.001936232315191666,0.79527224525865,0.001739605715516874,0.7958670382706818,0.0006155519773052869,0.7940656651485283,0.002068909293936673,0.7940656651485283,0.002068909293936673,0.7922982801984909,0.002243905884349049,0.7927571205220583,0.002448642786233124,0.7977363877370675,0.004215812273103506,0.7955951328937529,0.003055156692848126,0.7961729318197267,0.002592921096154002,0.7960369791312624,0.003802424382012654,0.7956461151519272,0.005145102806659879,0.7951023043980695,0.0024996908447008402,0.7957820678403915,0.003210218391711888,0.7936917952552511,0.001704386247850048,0.7977703759091836,0.004030716356569539,0.7916864931004011,0.0021427828666944772,0.7899870844945959,0.003221294646492178,0.7960539732173204,0.00090585545997967,0.7917884576167493,0.002993018326596132,0.7898681258921896,0.0037587804185507646,0.792332268370607,0.0032661672572229777,0.7940656651485283,0.002068909293936673,0.7940656651485283,0.002068909293936673,0.791652504928285,0.002709406673430316,0.7951532866562436,0.002669027482697714,0.7943545646115152,0.003218364646949951,0.7926211678335939,0.002631761618024495,0.7894092855686221,0.0020180313215246715,0.7904459248181632,0.001956313837422087,0.7916751637096957,0.0006424873395762418,0.7914825640677045,0.001532611567134437,0.7893243151383319,0.004985768670128781,0.7944905172999797,0.0016709603090587755,0.7976174291346612,0.0037299857476097795
pt,0.8625137513751375,0.0029741991779902834,0.8662148357692913,0.009017080693837179,0.8723833097595474,0.004966764163685044,0.8735148514851485,0.005307856793542624,0.8699041332704699,0.0033607201203584925,0.8687725915448687,0.004378119303096073,0.8718843312902719,0.003941349853182244,0.8691301272984442,0.006339101972825053,0.8691301272984442,0.006339101972825053,0.8713185604274714,0.009748823834007237,0.8697941222693697,0.006147974277027785,0.873943108596574,0.006270554850749011,0.8724618890460475,0.004966067920285321,0.8731101681596731,0.0061771916324361,0.8727447744774477,0.006613287714791485,0.8788857457174288,0.006101943437737289,0.873011944051548,0.007656933575049581,0.8689179632248939,0.0028009042616243102,0.8743477919220494,0.005071303251184271,0.8771412855571271,0.001612465339996474,0.8683207606474933,0.01167269226591399,0.8700927235580701,0.0030817777008659156,0.8742181360993242,0.0023435956583993597,0.8668041804180417,0.0031724337228199893,0.8691340562627692,0.009273199275111062,0.8627416313059877,0.00811311123371087,0.8691301272984442,0.006339101972825053,0.8691301272984442,0.006339101972825053,0.8643800094295144,0.005315918254538641,0.8681911048247681,0.0040134045248299026,0.872100424328147,0.008074784183235569,0.8624823196605375,0.0018224240309851032,0.8662934150557913,0.011173642056198828,0.8660773220179161,0.009430391807885807,0.8646275341819896,0.007732035421071004,0.8695426685525696,0.005881357325090556,0.8697391167688198,0.006408300202947038,0.8666745245953167,0.010376096498098307,0.8723400911519723,0.003186536209426719
pt_f1,0.7595834180193182,0.004770229103280485,0.7688620295915367,0.011087393166080817,0.7781864172292039,0.00752465756594927,0.7805273640749453,0.00843300197879357,0.770801198842387,0.0050345512258310856,0.7705999690025569,0.003924213309477189,0.7776067433353554,0.006056202020121308,0.7720951732046466,0.009654161283305991,0.7720951732046466,0.009654161283305991,0.7761142837731089,0.014789383584224878,0.776227357185272,0.007507269783760062,0.7808156010651731,0.009106036351581403,0.7776219566393542,0.00985690927119167,0.7777394541359735,0.008576395656315716,0.7786300519585857,0.008609763138453339,0.7850659818698016,0.008067466010365678,0.776971254904921,0.011894072861909279,0.7719780567199676,0.004064530937468959,0.7839019372815591,0.0061775126739400665,0.7871082581592219,0.003789966047496434,0.773743493931458,0.015067287069520735,0.7730024060647476,0.004792446233068793,0.7798580340108153,0.0030598873130102777,0.7674867628554671,0.006968188606578913,0.7734164718813019,0.013713427298290613,0.7658986828615995,0.012783981772103123,0.7720951732046466,0.009654161283305991,0.7720951732046466,0.009654161283305991,0.767923677868282,0.005220065845669067,0.772807779066885,0.004275493074505276,0.7790750401566039,0.01025367695999118,0.7644345977593394,0.002146302412383356,0.771659362169898,0.012389897771598959,0.7701561826939127,0.012955808413549132,0.7692734049789152,0.01143701838042213,0.777092070399792,0.009732600289603656,0.7741172448134536,0.011468128670861708,0.7706154534001861,0.013585518722329902,0.7809142171810101,0.0027965468744673523
pt_precision,0.7369564809499235,0.005606396150923792,0.7471028088585357,0.010822533686364957,0.7582065121811697,0.00854997688028529,0.7578172697798464,0.010905663002275443,0.7498537662300161,0.005395953547054348,0.7476176584902446,0.004018631174535918,0.7543023597378478,0.009124607773127008,0.7518273204119252,0.01009277109807804,0.7518273204119252,0.01009277109807804,0.75260944246034,0.020261181970235225,0.7540288222247344,0.006482267481342857,0.7641512917525117,0.008546238543628688,0.7574875107431185,0.015016731614568225,0.7558339355852912,0.010491112406966104,0.7581878472424791,0.013919559231610482,0.7675675765994893,0.010446341187315853,0.7576250137413121,0.01483121378560087,0.7531427660545638,0.005039771730398493,0.7668735955384463,0.006912312429895696,0.7690585619301658,0.007682305729110753,0.7558094965327684,0.015032834993813419,0.7516706482882798,0.005485464449921717,0.7576584636888561,0.004790874715269558,0.7443146749713048,0.00838345623398403,0.756340408892813,0.015007960875337355,0.7469804939058624,0.014701826331279078,0.7518273204119252,0.01009277109807804,0.7518273204119252,0.01009277109807804,0.7475721507391215,0.006052340975379792,0.75235052181296,0.006031739819052827,0.7607826348448005,0.010699920301558957,0.7426433732080301,0.00152149364630911,0.7561892160552766,0.013117597281071276,0.7505207677654927,0.012945742535331435,0.7478407600497657,0.014344873244035508,0.7598575641341655,0.01170745884559506,0.7533891060093763,0.01465916204481097,0.7492525988366735,0.015312053903409015,0.7627482043783382,0.005513844890516433
pt_recall,0.7836493445692884,0.004236718945870446,0.7919592696629214,0.012775612589456689,0.7992548377028714,0.006664957039563418,0.8046582397003745,0.005696361272412934,0.7929541198501873,0.00472930556486198,0.795041354556804,0.003968612725997855,0.802434456928839,0.004484147326189166,0.7935003121098627,0.009866592831087675,0.7935003121098627,0.009866592831087675,0.8012445380774033,0.010440213893080067,0.7998010299625469,0.010159838223047384,0.7982404806491885,0.010618880661800945,0.7989232209737828,0.00427231548751674,0.8009714419475655,0.00706004852680741,0.8002887016229713,0.004997210949761586,0.8034098002496879,0.006765930675949558,0.7973626716604245,0.009085873163736604,0.7917837078651686,0.0032375913929725583,0.8017127028714107,0.0060605378022401376,0.806062734082397,0.001593365937629656,0.7925639825218477,0.015586039164294309,0.7955875468164794,0.0046956610746510296,0.8034098002496879,0.002453009458245356,0.7921543383270911,0.005358533009224441,0.7912960362047441,0.012672899162047972,0.785814606741573,0.01082999486494558,0.7935003121098627,0.009866592831087675,0.7935003121098627,0.009866592831087675,0.7894233770287141,0.005072135379573555,0.7944366416978776,0.0051511918228095786,0.7982794943820225,0.010261205082932821,0.7875507178526842,0.003880706287578214,0.7877848002496879,0.011905838177993566,0.7908668851435705,0.013751349304472535,0.7898200166458592,0.008778812334445286,0.7951388888888888,0.007675962262724743,0.7960557116104869,0.008528316331053791,0.7932467228464419,0.011829227143599328,0.7999960986267166,0.003610896085202076
qu,0.7549371633752244,0.006953291465363431,0.7630161579892281,0.01087127595726207,0.7450628366247756,0.005385996409335764,0.755834829443447,0.007616949168975333,0.7567324955116697,0.014985019779232668,0.7396768402154398,0.011211845598560899,0.7534410532615201,0.003737281866186905,0.7616696588868941,0.017915879569027775,0.7616696588868941,0.017915879569027775,0.748653500897666,0.00999598628874326,0.7517953321364452,0.007808490933991598,0.7634649910233393,0.015118857087564073,0.7517953321364452,0.015189754813281926,0.7517953321364452,0.013223446914413113,0.7589766606822262,0.011761366850409046,0.765409934171155,0.01168116175699764,0.7562836624775584,0.00448833034111309,0.7616696588868941,0.006110286611807942,0.7598743267504489,0.021007431859327443,0.7778276481149012,0.023241289322718583,0.7553859964093357,0.007528273863201194,0.7585278276481149,0.01650338986611333,0.7607719928186715,0.006933949866101997,0.767504488330341,0.011425423753463006,0.7504488330341114,0.006473162074441693,0.7549371633752244,0.011401890414875902,0.7616696588868941,0.017915879569027775,0.7616696588868941,0.017915879569027775,0.7517953321364452,0.012297260675065513,0.7612208258527827,0.009995986288743272,0.7648114901256733,0.0190564731634837,0.7510472770795932,0.013474961399398827,0.7585278276481149,0.009778656276701518,0.7657091561938959,0.019028262232896005,0.7589766606822262,0.01797574900763087,0.7690005984440456,0.025975504984094185,0.7675044883303411,0.02724728291521774,0.765409934171155,0.00988791839728199,0.7625673249551167,0.01305993587240884
qu_f1,0.6097834154908659,0.01031283252899066,0.6102020831478678,0.014813610081576004,0.5955594073189636,0.028008883494898,0.6115129885070064,0.017189996175516656,0.5910381602876227,0.03333111623255321,0.5946703961065133,0.019366623164081047,0.6055754759792318,0.008778617284519943,0.5997152270619104,0.019074147922515862,0.5997152270619104,0.019074147922515862,0.5948092440994233,0.02064099898889301,0.602321995508341,0.00403240944164693,0.6189745465124411,0.017415668612141937,0.5969306737618061,0.02099955537768159,0.5928488292678538,0.022778911445122025,0.6120901346547329,0.02819862611812918,0.6313790854343353,0.025929782221913285,0.5985793470877382,0.014118243382635306,0.6234418968968485,0.016456191502534773,0.5956690003652308,0.039287337629846396,0.6329089263563885,0.03340645300522637,0.6113293474295124,0.010211390284508773,0.5878232175700531,0.03524396936059017,0.6100804368937872,0.017788826533862368,0.6004359458743563,0.015068007892644961,0.5885383106877715,0.028618029893752124,0.6116635856041469,0.014117929178657378,0.5997152270619104,0.019074147922515862,0.5997152270619104,0.019074147922515862,0.6015995393751081,0.01880991422493727,0.6089141447914268,0.01032782806122319,0.6090311387087937,0.036262504014671605,0.5937420299577543,0.029149690336683076,0.6092158435016573,0.011537530250536053,0.6059967880063879,0.036200647376712525,0.6051655025552602,0.04084812755483265,0.60109077800199,0.028435056123009162,0.6254620723988464,0.02318954955319447,0.6073788138955298,0.03118347414876663,0.6001119678876407,0.023826152082628387
qu_precision,0.5733466090082076,0.006569394311637252,0.5902809917355372,0.01651605008158933,0.5801839213040036,0.028781778221642792,0.5927353252247488,0.019139505623850896,0.5774908499609397,0.03332405268846239,0.5745924037742941,0.01746258070173495,0.5836870025422807,0.016385969823753475,0.5783782261238273,0.016678260179868364,0.5783782261238273,0.016678260179868364,0.565850026981958,0.02718396493621002,0.5779291477064469,0.013977043449305978,0.6013437905744464,0.014313185840231682,0.5792207134925808,0.011954228416189702,0.5810066789514614,0.02097366106229964,0.5808197315179353,0.028190494900018046,0.6034902849276336,0.032458560534826125,0.5707837818051669,0.016833668533347168,0.6036606380331794,0.01280480624393908,0.5804764588417507,0.04170401458707539,0.6136582090327711,0.037612961290308326,0.5867288890048925,0.009967048462943393,0.5713922764227642,0.03378933866679851,0.5843916363818016,0.017925480376711985,0.5798851973983963,0.017848220095459055,0.5614891320257611,0.02311681184560335,0.5970090412111018,0.009420079110155166,0.5783782261238273,0.016678260179868364,0.5783782261238273,0.016678260179868364,0.5727866160660205,0.024572155533501075,0.5937556952797521,0.007768628804527242,0.5938780470866032,0.03657304074806355,0.5710992693615036,0.030069723047360976,0.5848932342030725,0.013814057294978806,0.5883153997449182,0.027733802276390662,0.5810649308668631,0.04234815912059096,0.5792583565398627,0.0251073657337285,0.6017799637388624,0.02937129786810274,0.5869385168133885,0.02975614838204457,0.582893911444844,0.02652527463350475
qu_recall,0.652046783625731,0.022075539284417377,0.6315789473684211,0.017543859649122792,0.6198830409356725,0.02819780924266943,0.631578947368421,0.016015279459215395,0.6140350877192983,0.03508771929824561,0.6162280701754386,0.021929824561403483,0.6271929824561404,0.006202691063039871,0.6198830409356725,0.028197809242669427,0.6198830409356725,0.028197809242669427,0.6286549707602339,0.018260228065492407,0.6293859649122807,0.014980922172455531,0.6381578947368421,0.028982788891226605,0.6257309941520468,0.035451332318661224,0.6052631578947368,0.025823862182245156,0.6549707602339181,0.02819780924266943,0.6578947368421052,0.023208344833899962,0.6293859649122807,0.014980922172455554,0.6447368421052632,0.023208344833899906,0.6118421052631579,0.03815201272134471,0.652046783625731,0.03545133231866121,0.6345029239766081,0.013399344137297783,0.6052631578947368,0.03721614637823934,0.6432748538011697,0.018260228065492348,0.6228070175438597,0.018949534205870935,0.618421052631579,0.03545133231866126,0.6228070175438596,0.023208344833899913,0.6198830409356725,0.028197809242669427,0.6198830409356725,0.028197809242669427,0.6374269005847953,0.018260228065492407,0.6286549707602339,0.01826022806549235,0.625,0.03607883824343003,0.618421052631579,0.02996184434491111,0.6359649122807017,0.018260228065492413,0.625,0.04607003291400219,0.6257309941520468,0.04831202234461495,0.625,0.03678288194564071,0.6461988304093568,0.018260228065492348,0.6293859649122807,0.03387903574928792,0.6140350877192983,0.023208344833899906
ro,0.8612669086110194,0.017343811936639572,0.8682515521430071,0.023169350254340974,0.8711158933445308,0.024725628401060074,0.8659945712486128,0.016537822770067562,0.8691138538136228,0.014292221043503403,0.8577352208991932,0.019241988943709584,0.8478712396148886,0.01678944680438333,0.8756298551333194,0.02587135636926715,0.8756298551333194,0.02587135636926715,0.8678204013076992,0.031317243557424136,0.8504843885906241,0.009728173611076842,0.8708721993941393,0.017963274353150222,0.8783179868630215,0.023035958205768665,0.8758473051198225,0.006570205238184923,0.8526926306949402,0.023344543094324197,0.8589536906511502,0.024275682133644824,0.862867790408206,0.013581893876947382,0.8441895863951291,0.012211903958260543,0.8715170510782521,0.024105500403274468,0.8733166371734501,0.01958105672677634,0.8756710956480009,0.018428401674595526,0.8630552472931226,0.023627522663147386,0.8659908221109145,0.019371832822713236,0.8639512912030233,0.014273565471656015,0.8719557001889565,0.011249188379868809,0.8672580306529498,0.017521164139733196,0.8756298551333194,0.02587135636926715,0.8756298551333194,0.02587135636926715,0.8633739239974806,0.024763032265627215,0.869979904621937,0.024694655247264077,0.872075672595303,0.021303807411458518,0.8664707117363006,0.022999038074931498,0.8630514981554243,0.02307327737487778,0.8616080801415674,0.021305665298344455,0.8742614198734291,0.020355030398928893,0.8524264419183588,0.017227490749924357,0.8783704747907981,0.021800131578056235,0.8804587444887676,0.028565096171982034,0.8853663657358808,0.004129256077112444
ro_f1,0.7268702972435886,0.020549046957100255,0.7379630121082442,0.03465252496975481,0.7472145477011914,0.037685613791021574,0.734642935541249,0.021706454437224486,0.7388837681287901,0.02163854690580748,0.7281924648085962,0.024239483674662315,0.7135564935979157,0.024390921778890358,0.7503596136601148,0.03903103084766479,0.7503596136601148,0.03903103084766479,0.7344342236876875,0.04585858040500592,0.7178196012812119,0.016986842395843554,0.7432814758482597,0.02580548039031238,0.7547455765582853,0.03046016757884651,0.7498387532334679,0.012046408653879301,0.7132115419093682,0.034385466418526835,0.717344376415871,0.02809677874167518,0.7308637630258802,0.014373400188408188,0.6997225064347583,0.009834060939007926,0.7427680647094334,0.031069291043389714,0.7427785784852018,0.029421022396459138,0.7508474748134666,0.025001529550197743,0.7270408371906304,0.030630084285288985,0.7397862636738595,0.0239723703331863,0.7340636071274373,0.018657003813962517,0.7418287087100403,0.017333847916022077,0.7328871747163466,0.020663030049665146,0.7503596136601148,0.03903103084766479,0.7503596136601148,0.03903103084766479,0.7279809025252595,0.033153655335191795,0.7342740640377982,0.03633302733403792,0.740460075503872,0.025312022538493486,0.7307750235776854,0.037037624464220306,0.7261862725286259,0.03150731075588475,0.7267944783843011,0.023249694263689117,0.7441017365895345,0.02671918886915821,0.7174829282763728,0.02576601756233318,0.7504837768626678,0.02660910216498465,0.7568592116580839,0.0434769737039615,0.7609650110548651,0.011203418312671177
ro_precision,0.6930162219195517,0.021321705904808367,0.702610786151839,0.034403216311530094,0.7124391914106006,0.03828714446292763,0.6980578342493283,0.02070691805807876,0.7053144689654515,0.021218767952977453,0.6968128059711607,0.02088500069362786,0.6792145827079685,0.025548064093980423,0.714244035377362,0.03906155136365191,0.714244035377362,0.03906155136365191,0.6929317634363342,0.045444169553301966,0.684613333174402,0.017944612833930406,0.709047977869162,0.02551156902059889,0.7202210908950133,0.030391311281058746,0.7159897424229361,0.01030385963385855,0.6758063234580167,0.03253147231813229,0.6769696265195596,0.03199744130502969,0.694565959112579,0.009811321087052847,0.660300004786779,0.009643950850691198,0.7047292769686887,0.031225104399894798,0.7049186401046497,0.02815250727049811,0.7140727789739142,0.02605930644660932,0.6917840482075277,0.029216692784718556,0.7063444715448826,0.021915642067956993,0.6995590419361166,0.0178538596919521,0.7073293855259017,0.020038214792850687,0.69513182261247,0.01891599658320489,0.714244035377362,0.03906155136365191,0.714244035377362,0.03906155136365191,0.6890049017205092,0.03106220811341064,0.6952571718183499,0.037976844597439316,0.7040881385705269,0.02348807648931607,0.693035234114461,0.03339850887028728,0.692422919384615,0.03258548735572727,0.6914042230157156,0.01775469723609969,0.707334374284683,0.025494810420222957,0.6832329425397872,0.029007054676077254,0.7127975978681796,0.024269881951592402,0.7213223332844921,0.042386048163270094,0.7256824482139028,0.01293733949989248
ro_recall,0.7642215568862275,0.019803743324858205,0.7770744225834046,0.03488051268818785,0.7855859709153122,0.0369265000043746,0.7752780153977759,0.022877435418936914,0.7758340461933276,0.02264224691953101,0.7625534644995723,0.02830824033266649,0.7515825491873396,0.02306316149972391,0.7903336184773311,0.038780107847981506,0.7903336184773311,0.038780107847981506,0.7813729683490163,0.04764627578189979,0.7544268605645852,0.015961296633158702,0.7810094097519247,0.026411200154773006,0.7927715996578272,0.030775070019394165,0.7870829769033362,0.015257895186706004,0.7550256629597947,0.03678711496822242,0.7629597946963216,0.02331393544353976,0.7712147134302823,0.02014204804398558,0.7485029940119761,0.016940145484327176,0.7851582549187339,0.030700157989603374,0.7849657827202737,0.03125464711745558,0.7916381522668947,0.0237592931639734,0.7661462788708298,0.03317270526478185,0.7765611633875107,0.02646286855494883,0.7721556886227545,0.01971500117196244,0.779961505560308,0.016054550348824463,0.775,0.02312340698454195,0.7903336184773311,0.038780107847981506,0.7903336184773311,0.038780107847981506,0.7716424294268606,0.03570739549256287,0.7780795551753635,0.03555390347125119,0.7807955517536356,0.02740557219345499,0.7728828058169376,0.041482777796453166,0.7634302822925577,0.030072987189726036,0.7660607356715141,0.02997605688766645,0.7849443969204448,0.02885330393503973,0.7554106073567152,0.02174338906911608,0.7924080410607357,0.029820313066152085,0.7961077844311377,0.044917511316490355,0.7998716852010265,0.009338063232338267
ru,0.8356174952306139,0.00583589448107465,0.8513915385478622,0.007208724884076211,0.8454824093816631,0.001638585144362925,0.841470513971496,0.006790939627174714,0.8425120637414432,0.0009984923364410646,0.8455806026259679,0.005789787243974942,0.8501220401750645,0.004859001658091939,0.8469202390304118,0.004683083336495541,0.8469202390304118,0.004683083336495541,0.8407130232297161,0.00577290540205542,0.8483720962854898,0.00415435678805592,0.8504201268095612,0.003984817646994816,0.8526750645269892,0.0035289119627568088,0.8475970710357984,0.0024470970611100646,0.8490699697003703,0.009186461510808186,0.8505884580855123,0.008304393299238965,0.8465134384468634,0.007583979880919601,0.8499396812927842,0.009004109871300556,0.8481266131747278,0.0041852662903316285,0.8436027101335428,0.0030201922904440582,0.8455911233307148,0.004999216642722884,0.8415266243968129,0.003207067408965207,0.8398012288183144,0.004812380542671173,0.8433011165974638,0.003082785248852222,0.840800695769274,0.004858049891426746,0.8507111996408933,0.004926206953648656,0.8469202390304118,0.004683083336495541,0.8469202390304118,0.004683083336495541,0.8415196105936483,0.0029534552435034295,0.8497187464930984,0.007927226721272272,0.8539165076871282,0.002973940764432839,0.8422911289417574,0.0063007366462556665,0.8448476601952642,0.0042040013017690045,0.8427961227696106,0.0044616811788119265,0.8434799685781618,0.007658764750528382,0.845559561216474,0.004489380119005107,0.8433993098417686,0.006142504721182347,0.8456647682639434,0.00635051883186044,0.8489051453260016,0.007936314828063167
ru_f1,0.6259583353973244,0.010609307646502465,0.6517783801650541,0.020651143102421443,0.6456130290067099,0.0018446492457718476,0.6397210919289384,0.01867039345396019,0.6416618342480732,0.002895315304827985,0.6433042070954677,0.011494448063261999,0.6578511399739687,0.012133310686398273,0.6494434901337613,0.01298649685588294,0.6494434901337613,0.01298649685588294,0.6349690918813102,0.01190364239518156,0.6539736627468096,0.012609688170898997,0.6515507887696034,0.009229627786889058,0.6604284304428016,0.012193628185542671,0.6500944864415602,0.00710861287827257,0.6541479014143963,0.018861205787149185,0.6564636848534653,0.01828937583544105,0.6413379188488177,0.016129522372278462,0.655224888820785,0.01896777973730529,0.652715475810803,0.007793465366101906,0.6388436949491498,0.005640011684799956,0.6447355536886462,0.004782592816253096,0.6429675931965182,0.009764018521629628,0.6329719489325238,0.012103157103683477,0.6416210070452272,0.007136103264118055,0.638049338079356,0.00966604116734307,0.6567579764661897,0.01303962620976496,0.6494434901337613,0.01298649685588294,0.6494434901337613,0.01298649685588294,0.6384833789660119,0.007948011270319251,0.6555811069186573,0.017377162248606904,0.6636217240392774,0.005614568525030422,0.6403423141673528,0.009099470214361471,0.6471891557638965,0.008018684852854464,0.6459727900032004,0.009087065959611222,0.644422991889678,0.017032850508051877,0.6500839040916107,0.007317789159830768,0.6398950742100098,0.012152978392965174,0.6466654128932361,0.013291634467169274,0.6557783041613932,0.013356127043217867
ru_precision,0.588047372348955,0.013833934551503762,0.6124904105016985,0.020895090050550895,0.6089779507095918,0.004749933892858623,0.6012057643419866,0.019407652116712304,0.6061179166112619,0.006706417296899437,0.60444292295421,0.01158231814619793,0.6212967708263731,0.01362940649393439,0.6111948680215098,0.018618548806749374,0.6111948680215098,0.018618548806749374,0.5918010666993614,0.013215002411408282,0.6171154751523662,0.013936710374245148,0.6151986799863605,0.009329175696282034,0.6232381599763748,0.013810273431130927,0.6136290704141084,0.009207216073532006,0.6197372100594915,0.02086206089294885,0.6185591583994422,0.0210614000144304,0.6088763532245907,0.017283458786326807,0.620078099040441,0.021376701855561012,0.6175549393983777,0.01107373887869392,0.6004939867943249,0.00881241906154925,0.6086408130111202,0.007499263518457972,0.6099908073595466,0.013744000742829715,0.5977820562908638,0.014837974401698867,0.6069074932480792,0.010670187688290315,0.605609707969825,0.011267322798290362,0.6193755304846339,0.01602131263341,0.6111948680215098,0.018618548806749374,0.6111948680215098,0.018618548806749374,0.5964266560882138,0.008700561993761124,0.6243776704638926,0.021267611933777842,0.6295251697283466,0.008008096639141898,0.6003963315292802,0.010954907454394447,0.615560233404496,0.010382846409992609,0.6101018946053965,0.013027644812908424,0.6090919965249453,0.016098248240951404,0.6143947378186565,0.008637197715486298,0.604858487855857,0.010247000801837318,0.6076040666571028,0.016906237937483293,0.6180868244656479,0.014260629391687102
ru_recall,0.6691713886835838,0.00794011493116664,0.6964769647696477,0.020531822245876036,0.6869918699186992,0.005027362159660747,0.6835222140100189,0.017571988403908684,0.6816949987681695,0.00343933507290332,0.6875256631354192,0.011964478508173367,0.6990022172949002,0.010635226073977821,0.6929662478442966,0.007591255517707062,0.6929662478442966,0.007591255517707062,0.6849593495934959,0.010598171084481207,0.69553256138622,0.011026087213895178,0.6924940461525828,0.0101969201844154,0.7023692206619035,0.010606440263976315,0.6912416851441242,0.008181040487200742,0.6926377597109304,0.016331534392493696,0.6993717664449371,0.014870570934483292,0.6774862445594153,0.01517108716876569,0.6946497495277983,0.01623212499952898,0.6921655580192165,0.0036291992763380645,0.6824956885932496,0.0052229333438636675,0.6854110207768744,0.0013926486117849526,0.679806192001314,0.0069271935003953865,0.6726410445922641,0.010486434876963095,0.680606881826394,0.004013281167714046,0.6742013632257535,0.009110334517788083,0.6990227478032356,0.010878819130899178,0.6929662478442966,0.007591255517707062,0.6929662478442966,0.007591255517707062,0.686930278393693,0.007075334657458221,0.6901535682023487,0.013301910542316869,0.7016917138868358,0.007040338091146598,0.6860064055186006,0.006775441022364536,0.6822698530015603,0.005253243193469486,0.686396485176973,0.004534532000960401,0.6841586597684159,0.019408502056202818,0.6901946292190194,0.006384250887871858,0.6792518682762585,0.014667215095513511,0.6912006241274534,0.01032070103855826,0.6983863020448386,0.01250636604836456
same,0.9203246656019166,0.0005647149717249143,0.9210608404871231,0.0007332789113717845,0.9210452435615891,0.0012176261810745586,0.9215848971850669,0.00020791741115907427,0.9210265272509482,0.0009184563169454784,0.9207613795168696,0.00023108728260950355,0.920886154921142,0.0005533898198627354,0.9206677979636655,0.0008152205279431708,0.9206677979636655,0.0008152205279431708,0.9208830355360351,0.0009617356521948996,0.9208923936913556,0.0009001718876557697,0.9212448842084249,0.0002741985051291932,0.9213478239169496,0.0010651318477681083,0.9211637801956478,0.0006985472751492909,0.9212136903573567,0.000597479654523837,0.9205835745657815,0.00034554377509545567,0.9212230485126772,0.0006415526943445998,0.9212791974445997,0.0005121367923976337,0.9209454232381713,0.0007914063012864498,0.9212480035935317,0.0008130213169605668,0.9206022908764225,0.0010827157583498622,0.9209610201637053,0.0010366876440502228,0.9211637801956478,0.0006804836906205021,0.9210452435615891,0.000710918747334181,0.9211731383509683,0.0008253117236051795,0.9210920343381913,0.0009763891313796126,0.9206677979636655,0.0008152205279431708,0.9206677979636655,0.0008152205279431708,0.9208923936913556,0.0005286905318487565,0.9211700189658614,0.000566080308221985,0.9209953333998802,0.0011203587649035965,0.9208456029147535,0.0009178911043090367,0.9210546017169094,0.0005449319665418599,0.9214725993212218,0.00035795538749702657,0.9215942553403873,0.0005885533829162663,0.9208580804551807,0.0008405686603943783,0.9209797364743462,0.0011504174986234172,0.9211887352765022,0.0005074924169393821,0.9208705579956079,0.0007517912257499692
same_f1,0.8171538049429107,0.001343698827452913,0.8187702696162444,0.001958817644571451,0.8192659218200347,0.002516736783529157,0.8201726271679863,0.000757981553878797,0.8179560647932386,0.0019101127358727044,0.8174001795589093,0.00035668429655987194,0.8199281731004913,0.0010400164026401564,0.8181421441933696,0.0018775294354393237,0.8181421441933696,0.0018775294354393237,0.8191889996254387,0.0015984859833620155,0.818963827503628,0.0015598424325995858,0.8188610461667201,0.0006023026432074359,0.8197835278399898,0.0022673252012911415,0.8195003944406138,0.0010744517028342285,0.8190484403848184,0.0014084461932364187,0.8184380136175744,0.0005899738050104754,0.8190041590879695,0.0011456346070334682,0.8182998453855049,0.001318025971168808,0.8182100735133978,0.0022181028408322432,0.8184075700459954,0.0017292503025566966,0.8174726115957978,0.0019751483058193576,0.8177659764211223,0.0025123326945263196,0.8184353037649101,0.001226121835075555,0.817947450192373,0.0014113796032879827,0.8178541479465896,0.0015395374538268497,0.8178923807658319,0.002194285790471189,0.8181421441933696,0.0018775294354393237,0.8181421441933696,0.0018775294354393237,0.8167885814713484,0.001327832034969794,0.8185098859341035,0.0011464326234579439,0.8184828909254622,0.002390673356291053,0.8173072575864994,0.001770936744334535,0.8186293696873607,0.0015826268388924882,0.8197368353630239,0.001186861871832366,0.8193751892580778,0.00037741332582285524,0.8181949617021437,0.0012610800315770957,0.8188968398596078,0.001348424700271007,0.8188002184911559,0.0011283678905959548,0.8182616376883421,0.0005932508395122882
same_precision,0.8155458424358977,0.0021265388023486045,0.8167127020486082,0.002295568299583737,0.8176463618037193,0.0030667205422558177,0.8183803987363536,0.00015896873611065886,0.8168038119404445,0.0012933091370244836,0.814735451656394,0.0011845147459608669,0.8182326315232302,0.0016471294015884491,0.8168535611072373,0.002630771817522343,0.8168535611072373,0.002630771817522343,0.8175818415471074,0.0011595631349933045,0.8172037007220595,0.0017349190106264185,0.8168763286761187,0.000903070620941423,0.8178216172965138,0.0034697096979720136,0.8184345917690301,0.0006782190368371964,0.816623804460012,0.0012750271054354835,0.8163003015862692,0.0010192426893129234,0.817339671603411,0.0002056740696324174,0.8168627459599025,0.0017041252992454868,0.8161694139451018,0.002440343923731399,0.8168102139830191,0.002129990057407141,0.8163220909965084,0.0022889803208056016,0.8161937713713581,0.003207834387564571,0.8171521193157737,0.0012045169683899996,0.8170006428476418,0.001513144865218339,0.8162427212007272,0.0019059641404621298,0.8163901335163988,0.0024014997889522864,0.8168535611072373,0.002630771817522343,0.8168535611072373,0.002630771817522343,0.8152451970612259,0.0016830955816719223,0.8168905561492419,0.0008752999060078382,0.8166439625466961,0.003758668372617554,0.8152289617612596,0.003261565209903559,0.8177715775139199,0.002165351243593149,0.8183339368009686,0.0011303029642935642,0.8178629985886908,0.0005475747573280707,0.8168707260196882,0.0022583020089312713,0.817356818140059,0.0015400087226099112,0.8172529999361914,0.0016274079866195447,0.8159491691955317,0.0007330340105750712
same_recall,0.8187706923852023,0.0014872591276646069,0.820306127345137,0.0021596052282458504,0.820893911040737,0.002328874289241908,0.821973513746941,0.0014134444913061364,0.8191125665755002,0.002593294691837659,0.8200842090110839,0.0008996689218367595,0.8216316395566432,0.0006284816898147849,0.8194364473873614,0.0013799095214979326,0.8194364473873614,0.0013799095214979326,0.8208039441485533,0.0023168876641456587,0.8207319706348064,0.0015181407678004659,0.8208579242838636,0.0016211358290414164,0.8217575932057003,0.0010602360632399617,0.8205700302288758,0.0017333517459035953,0.8214876925291493,0.001593608019683646,0.8205880236073125,0.000905408494703441,0.8206779904994962,0.0023214480130336564,0.819742334820786,0.0009557403333353748,0.8202641427954512,0.002710498065013719,0.8200122354973369,0.0016044067745662478,0.8186267453577084,0.001718344089004394,0.8193464804951778,0.0021759344260588835,0.8197243414423492,0.001883612538267158,0.8188966460342594,0.0013786576187485248,0.819472434144235,0.0012731719243506852,0.819400460630488,0.002042809842798498,0.8194364473873614,0.0013799095214979326,0.8194364473873614,0.0013799095214979326,0.8183388513027205,0.0013439339354312098,0.8201381891463941,0.002156804960957475,0.8203361163091982,0.0019369435210591542,0.819400460630488,0.00045662075501836513,0.8194904275226716,0.0013819414446441503,0.8211458183388514,0.0017102861590731738,0.8208819154551126,0.0012242551530322833,0.8195264142795451,0.0011095754598960843,0.8204440765798187,0.0016708348029890203,0.8203541096876349,0.0008716425375262573,0.8205880236073125,0.0010048406443746876
sna,0.766380655226209,0.09381979697765082,0.5287766510660427,0.14799483858027762,0.4227574102964118,0.2093324731847265,0.5567537701508061,0.11777835038462754,0.8684022360894436,0.004174786614855481,0.31303952158086323,0.06298118707503658,0.6023660946437858,0.1389446421548202,0.8769695787831513,0.0017618622707407162,0.8769695787831513,0.0017618622707407162,0.2677587103484139,0.09332705731226904,0.5156591263650546,0.10724813142520828,0.6378705148205928,0.13446067160146044,0.859464378575143,0.005921390797221304,0.4966913676547062,0.215943288644733,0.38704498179927194,0.14444245013613666,0.30365314612584504,0.14143366768412247,0.28682397295891837,0.15981235669982158,0.7788936557462298,0.04884058217009727,0.8321307852314093,0.06448125258995037,0.8142485699427977,0.04645642042961856,0.5266835673426937,0.09983315347987386,0.8728159126365055,0.004317242838166796,0.697906916276651,0.15918720024957922,0.8752210088403536,0.003142793368360274,0.6203393135725429,0.09226373802945693,0.8728484139365574,0.0033322862991433328,0.8769695787831513,0.0017618622707407162,0.8769695787831513,0.0017618622707407162,0.5869214768590744,0.09565267049084762,0.8729849193967758,0.0037113847273969325,0.8597113884555382,0.025458603382783433,0.872029381175247,0.004566144647379845,0.5259360374414976,0.07198304700715318,0.7490379615184607,0.16395048526284337,0.8482254290171607,0.048369409781122794,0.8535296411856474,0.02711907541498048,0.7633645345813833,0.11377147386677214,0.8749414976599064,0.002535368067365005,0.869708788351534,0.004419157040809499
sna_f1,0.1754175033517513,0.02081129649673439,0.132798111119983,0.019986688872350944,0.10414257186837775,0.015633178085872095,0.12309589365161286,0.01557235061059952,0.21570367269296548,0.015458856161393319,0.09238709283182304,0.012591697177813329,0.14726254655105755,0.03451337971648739,0.2526491282801083,0.01627730198097827,0.2526491282801083,0.01627730198097827,0.10306606898729807,0.006824071534555992,0.11632054996001913,0.014168879393759054,0.15024414258938704,0.033258530079636583,0.24730598197031078,0.025044790396275288,0.12748045610508585,0.02540496117567453,0.10359700003293508,0.022108965234608067,0.09993033943472131,0.022935252016795728,0.08585786039972332,0.014580257695965246,0.19434338131321288,0.02065079760548473,0.23654203446906327,0.034338562434599054,0.20758118943278012,0.027979607376026106,0.13871626102674445,0.0077396868311235215,0.23425654217641934,0.01928772730151714,0.18469090758573037,0.016541377443059817,0.23573998740726881,0.018693953983681958,0.1445764034709506,0.015449637685120293,0.23494793980182116,0.007929102329160454,0.2526491282801083,0.01627730198097827,0.2526491282801083,0.01627730198097827,0.14789383048100424,0.023615561825935494,0.25373719985459187,0.011385143211623705,0.22580984974233115,0.020861774023523693,0.2449129028892622,0.005441037888575547,0.13358742608358362,0.022845604444125957,0.17854246706647936,0.031396088872306396,0.2499241665603323,0.032084354442821886,0.21988580152147216,0.006178441075428604,0.19894731728448434,0.03953992537314844,0.24021279778068574,0.016429390406526738,0.2498838158298898,0.018675963686945365
sna_precision,0.16571303344614333,0.03157813884924976,0.11141949813926336,0.02758157360042711,0.08880063008839058,0.015267207503708384,0.10659214833066442,0.01523811460713697,0.25295510996932913,0.02135663799910709,0.07583708613020658,0.00782215630535179,0.14033986223049622,0.04119698293304588,0.3007488945405743,0.01417331469901338,0.3007488945405743,0.01417331469901338,0.0804227603541514,0.009837630164910302,0.10250413407436758,0.01570525732635819,0.13946904569866725,0.050919683182258264,0.2758169648405586,0.027148925434270468,0.12001036460534173,0.04398429976970736,0.08734641418608047,0.019224665956575855,0.08399948542977945,0.017634857784792117,0.0748239442718492,0.012068997138937398,0.18900108625911388,0.030239360881326654,0.25776668316300827,0.060232410524148024,0.20614534167534887,0.05062273556454442,0.11422947020475804,0.0064621653221404165,0.2724573400116469,0.025193342078816447,0.17367242537628408,0.03175226553192101,0.2805750292909233,0.02344597679152398,0.12439795100805073,0.013938942668688519,0.27620190545979745,0.009548077289688916,0.3007488945405743,0.01417331469901338,0.3007488945405743,0.01417331469901338,0.12380346658006458,0.020270980171561107,0.29125768438879496,0.012837148814186138,0.25817763181457154,0.041797999696713654,0.28464512449271323,0.005972605533668865,0.11362979029212555,0.018528182352336078,0.18326453817677707,0.05842592786970042,0.28035060828913805,0.04422726210482474,0.24454877857878307,0.020625814743424904,0.2001591947323985,0.06772800547822722,0.286152353923368,0.01453483828678728,0.29042284707897115,0.011625492361468743
sna_recall,0.1882005899705015,0.007173258509278076,0.16836283185840706,0.006936336318275865,0.12617994100294982,0.016159475839206718,0.1499508357915437,0.015973753210071488,0.1880530973451327,0.01177603387489172,0.11858407079646015,0.022858343443344944,0.15671091445427726,0.027005116986584775,0.21792035398230086,0.017152109278333966,0.21792035398230086,0.017152109278333966,0.14739429695181908,0.012095594347832275,0.13517699115044243,0.014172345261488637,0.16865781710914446,0.01961208280395595,0.22441002949852504,0.02490995726147123,0.1423303834808259,0.01667036444913028,0.12758112094395277,0.026812304076756024,0.12345132743362827,0.03197246417254296,0.10081120943952798,0.0185260366508481,0.20147492625368726,0.014314132062991404,0.2225663716814159,0.019984388984602874,0.21356932153392327,0.00922507125139347,0.17676991150442478,0.011743661320634268,0.2055309734513274,0.015917135528404666,0.20154867256637166,0.014686938134350023,0.2033185840707964,0.01594808415271246,0.17264011799410028,0.017660355790685953,0.20471976401179937,0.011340638812236627,0.21792035398230086,0.017152109278333966,0.21792035398230086,0.017152109278333966,0.18414454277286132,0.030393860815352253,0.2249262536873156,0.01221134429949932,0.20199115044247784,0.007831937106452932,0.21511799410029497,0.00910281659245397,0.16209439528023595,0.029542248814846565,0.18097345132743362,0.016864111829431122,0.2260324483775811,0.02461831158457029,0.20140117994100293,0.015860544334956313,0.20626843657817107,0.020412148089542132,0.2070796460176991,0.017137940707619752,0.21961651917404126,0.022296280213211665
sw,0.8055651572761838,0.0013461598623744654,0.8062564811614241,0.0041190374309758295,0.7979173867957139,0.005199072387527151,0.8066885585896992,0.005469947795459437,0.8046577946768061,0.008204618307225476,0.7996024887659869,0.005890637998391057,0.7983638668049314,0.002518434496415959,0.8102315935015555,0.005070363112268292,0.8102315935015555,0.005070363112268292,0.8119166954718285,0.0024005261723701174,0.8006826823366747,0.002618736185232606,0.8041825095057034,0.003447967048610453,0.8075959211890771,0.008787085335458513,0.7993000345661943,0.0027231163595901726,0.807250259246457,0.014471347528370667,0.8123487729001038,0.0021137964983243903,0.8153301071552022,0.005168580439533777,0.810274801244383,0.0024700321341093166,0.8121327341859661,0.004028605539128254,0.8129392787187464,0.003496714115795222,0.8145091600414794,0.011227696381437677,0.8122191496716211,0.0033468573679635775,0.8093242309021776,0.007415469201440381,0.8093674386450052,0.0016637318905627268,0.8082440373314899,0.005981216902543485,0.814898029726927,0.008333010227344924,0.8102315935015555,0.005070363112268292,0.8102315935015555,0.005070363112268292,0.8097995160732803,0.00443000539854003,0.819002765295541,0.010039456422782287,0.8187435188385759,0.0029579689600521242,0.8110525406152783,0.0052845501256082155,0.8062996889042516,0.008729104775103483,0.8085464915312824,0.008831166562429547,0.808676114759765,0.0035783385535821262,0.8086329070169375,0.0012807773980536234,0.810101970273073,0.004343470749841189,0.8132561354994815,0.008013221208499052,0.8069910127894919,0.0027304194001519667
sw_f1,0.6914223022010528,0.006292655817598492,0.6935677254510917,0.00859276804035781,0.6823464074609069,0.007789861353081492,0.6935268079294197,0.009218719562662916,0.6914292888279291,0.012392202577183037,0.6849127497819367,0.007884732835627656,0.6836211592005728,0.0015312553765092632,0.6984997212486312,0.008426470282124251,0.6984997212486312,0.008426470282124251,0.6994581952854354,0.006226295275806104,0.6852061076097168,0.00834588686130208,0.691801422872482,0.002850430231280363,0.6955804278992466,0.013716489451681252,0.689927829860915,0.008957225457079061,0.68994196740126,0.022014996545024708,0.6981451645439081,0.004185773186787697,0.7025932369690098,0.005909732919874733,0.6945649941142532,0.003717458180503929,0.6993468826726337,0.0055287921544447845,0.6978585313251346,0.00515452521324481,0.7005126542254072,0.016313598109376305,0.7010513510490084,0.004162187686486263,0.6972720760544376,0.008226498791689,0.6955819935028595,0.0011534951605553104,0.6965092660343568,0.00799092846402229,0.7020356949232632,0.013801847371764936,0.6984997212486312,0.008426470282124251,0.6984997212486312,0.008426470282124251,0.694422214036861,0.005283048577317483,0.7043952884933993,0.014518901516630586,0.7090747115640944,0.007176254803317646,0.6930924862534935,0.00787255236502387,0.6911059800846412,0.010633799470380007,0.6934755683632242,0.010753087858492643,0.6930983007647129,0.0021624735174358358,0.6972356729001705,0.00846908692132853,0.6983397551715192,0.007927215792314103,0.7007121577244179,0.014190796865943257,0.6980676859979289,0.005790774710049103
sw_precision,0.6883948210766325,0.00972311100362707,0.6858926150884394,0.007101866261606739,0.6745698380228187,0.010203519009240327,0.6860175519550152,0.01019293914409398,0.688389358423521,0.01446048188794154,0.6755802224888287,0.008669279905871146,0.6805294603917057,0.004383044939689332,0.6970861186322331,0.009815140940961517,0.6970861186322331,0.009815140940961517,0.6880524259758094,0.0038909493631390634,0.6759759746071878,0.010967592289953785,0.6864714962613336,0.003497538668758742,0.6894410818125827,0.013802890888893577,0.6878826855189912,0.01116033172381877,0.6800144048332522,0.02292653033255044,0.6876606155176985,0.004630784506839205,0.6929435024634534,0.006335880331260903,0.6888527961798572,0.004967419445548482,0.6964974589863165,0.008722795448582584,0.6902906217808363,0.0042730248573798904,0.691502003476235,0.013999055316382238,0.6965615236577231,0.0022357432053545156,0.6887587878788086,0.009074626292775213,0.6943800670820135,0.004404453750931148,0.6927222772773617,0.008671038347332183,0.6972737853070501,0.01494183576303786,0.6970861186322331,0.009815140940961517,0.6970861186322331,0.009815140940961517,0.6885806391747178,0.0067121961244363485,0.6990773255866711,0.013127911439900414,0.7040330192814602,0.007430799230776419,0.6869678627910902,0.00817110466254131,0.6869913210219015,0.013689650376991689,0.6897961327815965,0.012632446620413866,0.6906688742178677,0.004439370302824275,0.6946135324511743,0.014183507133014247,0.6946749656064009,0.00975800139684852,0.6963011831300645,0.013977520505752617,0.6958275504140536,0.010530144152002973
sw_recall,0.6934673366834171,0.004663119231850958,0.7015633724176439,0.012572116414514466,0.6903266331658291,0.005897440026319848,0.6993299832495813,0.009658762642102884,0.6945142378559463,0.010624198762193176,0.6945142378559463,0.007408628983649075,0.685929648241206,0.003019724686318279,0.6999581239530989,0.009030091563169088,0.6999581239530989,0.009030091563169088,0.7112646566164154,0.008952076351102121,0.6954215522054717,0.00791593907244992,0.6972361809045227,0.004859546394620112,0.7018425460636516,0.014031079701986676,0.692001675041876,0.007086007898658298,0.7001675041876047,0.021043842038015338,0.708961474036851,0.004458045623302974,0.7125209380234506,0.0058576592011047824,0.7003768844221105,0.0025009035269638333,0.7022613065326633,0.004859546394620121,0.7056113902847572,0.007188382573748632,0.7097989949748744,0.019468233804144232,0.7037967615857063,0.006505404912189283,0.7060301507537688,0.00904626004802885,0.6959798994974875,0.0033500837520938215,0.7003768844221105,0.009410471128242974,0.7068676716917923,0.012664764067240325,0.6999581239530989,0.009030091563169088,0.6999581239530989,0.009030091563169088,0.7003768844221105,0.004706788190979153,0.7097989949748744,0.015971563082510118,0.7141959798994975,0.007345238479577262,0.6993299832495812,0.007706406332686877,0.6953517587939699,0.010491321844842864,0.6972361809045227,0.010471803089620913,0.6957007258514797,0.0025586687297352068,0.7010050251256281,0.0038380030946028733,0.7020519262981575,0.006092449146508987,0.7051926298157454,0.0148409088330564,0.7010050251256281,0.002215872119819549
swa,0.89002325172434,0.013984822522052118,0.8554143300963286,0.01728985587642329,0.8622384181011743,0.009247578200178769,0.8561470525020027,0.01229702804138847,0.8775962797241056,0.024236467862892828,0.8638210984974306,0.012125059367471658,0.8531233513745873,0.019073030957105868,0.8871656343422106,0.004220854185858938,0.8871656343422106,0.004220854185858938,0.8505197444264249,0.007192791679467166,0.8484485824263859,0.025026334041346226,0.8691943961390414,0.015369545105923414,0.8935647433517653,0.010225432600106351,0.8720324742570195,0.011056316115339984,0.8734246468278004,0.0193749711761398,0.8653500459172707,0.033551298178561,0.8727505422145803,0.015880125483184595,0.8827937239883547,0.01612957675433878,0.8816067136911624,0.008653407147077274,0.8802194259364192,0.01733804377015481,0.8726968092381641,0.01720961015153391,0.8755788507004827,0.010027982041957496,0.8806883682760507,0.024665576313316555,0.8850016608374529,0.017206837817336524,0.8772299185212685,0.003530948312491665,0.8722180972664569,0.018308171473498235,0.8871656343422106,0.004220854185858938,0.8871656343422106,0.004220854185858938,0.8760526778561519,0.010547601736912765,0.8948836436819789,0.013825115626200262,0.8833994411770453,0.009576505454784482,0.8644854334785752,0.015372062041876895,0.8860518962855859,0.014061795186871756,0.8761112956486059,0.01975775828543809,0.8850798178940581,0.019120721634849874,0.8790714941675296,0.025511715178887867,0.8892661052384767,0.014135388246995662,0.879061724535454,0.016657880669790764,0.8913177279743645,0.019964528600128078
swa_f1,0.5842559272982434,0.027743352488952853,0.517116614742735,0.032341702586247884,0.5367612036321039,0.0129686577807695,0.5323144184469213,0.021882356565951444,0.5619659512683413,0.03972290267408669,0.5312824373089589,0.024119483263890247,0.5127068377863535,0.03362660556138446,0.5649860267126359,0.017328301181291528,0.5649860267126359,0.017328301181291528,0.5214007682260764,0.014798108090433726,0.5148113752704095,0.04358663541017686,0.5436703649547959,0.028979441017547597,0.5693099494042905,0.02345818791575392,0.5490302068209298,0.013120146836728111,0.5347736507455988,0.028072492238925134,0.5389224794039688,0.04028892873232656,0.5316502217197424,0.02287024487081677,0.5635520487320085,0.030233307516169507,0.5600624619031177,0.02453094624383126,0.5664274518307706,0.026524776103688155,0.5538918467520905,0.03308497589960113,0.5753143048464737,0.02162936198540834,0.5699812104516426,0.04429115369904186,0.577936118747858,0.02056489542683955,0.5694696800396438,0.024244495746131127,0.5485351883674474,0.029774150361247333,0.5649860267126359,0.017328301181291528,0.5649860267126359,0.017328301181291528,0.5478844679932675,0.018666718607728075,0.5924959663494944,0.021149475948892098,0.5701764171899079,0.024252147252828433,0.5405477648189658,0.028893129715179912,0.5698348928259162,0.035731863166259814,0.5531866952211012,0.02223519981912241,0.5782316810978274,0.029941732512464618,0.5581233960163272,0.05196471342764349,0.5748892339450872,0.015863392843572886,0.5667901582978144,0.029351938556271037,0.581086149461828,0.036105418146929365
swa_precision,0.49602667761601205,0.03211986246264229,0.4310752336695287,0.03310269034888949,0.44889807642058,0.015652068372955446,0.4451271279991862,0.018882394072976528,0.4771592647088805,0.04138750117804731,0.4507245525269657,0.024383406497998108,0.4293593796491601,0.03266980385217239,0.484806877791366,0.020494132828514477,0.484806877791366,0.020494132828514477,0.4229467351311465,0.017288471353484568,0.43165997683469265,0.04644238466858723,0.4593781696731841,0.03207085510291113,0.4973101463289433,0.029624629875894308,0.4677110175743444,0.017458762422248315,0.4559129786784183,0.03169897724615194,0.4530654904731317,0.04567719199796656,0.4544734792372048,0.029163521139338795,0.48544680384387073,0.03333107347739499,0.4789171791426468,0.021238231456797162,0.4862396502330905,0.03801909977115051,0.4667949292823892,0.03370311194328188,0.48340225192284986,0.019821381151964333,0.4848810297798443,0.0490035046377982,0.49415101394385963,0.027455272206808386,0.4780131988581553,0.020924834505173757,0.46798886912610566,0.03813077197045113,0.484806877791366,0.020494132828514477,0.484806877791366,0.020494132828514477,0.4674133597874122,0.02238662642773647,0.5166414044953891,0.03010343487365175,0.48666029396395316,0.019047408057346928,0.4536185807038716,0.03332914893999579,0.4867273231876739,0.03413259344206429,0.47148911319654185,0.026142761860543186,0.49463489349953865,0.03390180604122403,0.47607980859653454,0.05467074451987404,0.49072679959826826,0.014277287153477003,0.48181158540179736,0.035364598025260076,0.5052630782037851,0.039857070521792395
swa_recall,0.7112808145766345,0.01937739396513346,0.6465032154340836,0.02716111029199177,0.6677384780278671,0.011858742287104504,0.6621784565916399,0.028840635248765824,0.6840166130760986,0.03321345442464606,0.6470391211146838,0.02126851933769701,0.6365219721329046,0.03353909090446882,0.675955698463737,0.012660121890051975,0.675955698463737,0.012660121890051975,0.680131296891747,0.014950031656496445,0.6387995712754555,0.03663089449640087,0.6664657020364416,0.022407197461414865,0.6661977491961415,0.011937943087205716,0.665058949624866,0.011929168965461952,0.6479099678456592,0.03028143730229363,0.6668006430868167,0.028526177661760962,0.6418140407288317,0.024191432805653817,0.6722266881028939,0.026684636679078996,0.6743703108252947,0.029884751168146133,0.680198285101822,0.010962076998172653,0.6817390139335476,0.03411842228351665,0.7104099678456592,0.023231552461647566,0.692457127545552,0.02954243355590326,0.6967443729903537,0.00944161531989409,0.7042470525187567,0.029384850042498786,0.6667559842801,0.010557251229654676,0.675955698463737,0.012660121890051975,0.675955698463737,0.012660121890051975,0.6621784565916399,0.010891714408736701,0.6956055734190782,0.01936812854296635,0.6889067524115755,0.039470099150001714,0.6696141479099679,0.018679983984923227,0.6879689174705252,0.043932554927504634,0.669949088960343,0.02328403286407937,0.6966103965702037,0.02452451697701083,0.675174169346195,0.041878080153808776,0.6942658092175777,0.025689025106757458,0.6890407288317256,0.01674866015863552,0.6842175777063237,0.02691514812437375
ta,0.7968620403649433,0.0026578265858298276,0.8073334254907382,0.006127644533139493,0.8155584738733757,0.0035627658194248837,0.8151783245783799,0.006185196937018783,0.8021150124412497,0.006034551032124919,0.8065040088471108,0.003704753465097341,0.8041194359966823,0.00987783803425479,0.8040503179430467,0.00570911218042003,0.8040503179430467,0.00570911218042003,0.8047760575062206,0.008194012549455574,0.8150055294442908,0.007898735043287877,0.813208460049765,0.005318498369701605,0.8004216201271772,0.0032170228159018313,0.8088194636439038,0.003683415149149708,0.8011819187171689,0.011429585052742108,0.8071260713298314,0.007095858357616768,0.805605474149848,0.00409666616332248,0.8078518108930053,0.008386577016982697,0.8050179706939453,0.007273286358101102,0.8080591650539121,0.005252365742596673,0.8074371025711916,0.009783236684207879,0.7970693945258501,0.009444672851832314,0.807367984517556,0.002320006612325937,0.7948921758363284,0.0033584546898690415,0.8006635333149019,0.008879450844761785,0.796931158418579,0.011417666489855802,0.8040503179430467,0.00570911218042003,0.8040503179430467,0.00570911218042003,0.7898811169477468,0.01058115910050293,0.8030481061653304,0.0032170228159018577,0.805087088747581,0.006739157916002453,0.7987282278131048,0.009138232723825506,0.8044304672380426,0.00958417626148237,0.8013201548244402,0.00568325271237809,0.8042576721039536,0.013539142908754393,0.8053635609621232,0.0096686250760551,0.7953414431849599,0.0017284120664925826,0.8031172242189659,0.007498273569784951,0.8016657450926181,0.009067821516163452
ta_f1,0.5449478686538163,0.009459395845519889,0.5651926218897971,0.01195804473685761,0.5736781788656892,0.012606447776712574,0.5779711536361856,0.009255090217481747,0.558830846755863,0.014395273855018813,0.5624162734310538,0.013171904516439509,0.5638097475479491,0.018444983102302304,0.5578957427121529,0.012408453040384147,0.5578957427121529,0.012408453040384147,0.5578482841324421,0.006798456429290894,0.5764233378753545,0.014791068645975305,0.5719606702671237,0.01387291683744071,0.5572269209977396,0.006584156970729066,0.5590549450027267,0.010032999487263921,0.5585786411268661,0.019586946578275914,0.565596552955029,0.009021245260297881,0.560784814175886,0.002294375393488791,0.5697732888924487,0.01377652996728308,0.5659734456673536,0.009757519269715622,0.569356709604896,0.010284244658338732,0.5641945502922909,0.01910744495166968,0.552357583558964,0.017096383612607353,0.5675449283855531,0.004597735293053218,0.5448448589669269,0.0054258638687231815,0.5528865532804531,0.017965419928419307,0.5568519487764345,0.012773960298620166,0.5578957427121529,0.012408453040384147,0.5578957427121529,0.012408453040384147,0.5398656367084438,0.021005944178412894,0.5536284914281479,0.013050168868633983,0.5612703936381591,0.018321651667860886,0.5541383090667715,0.014744565694757916,0.5566032942642154,0.020799116817782654,0.5536179637433286,0.004211849524321434,0.5583649804292962,0.0178753002922203,0.5546922284418312,0.015230992780296566,0.5409873691761454,0.0034602048498154105,0.5545168604707557,0.015798913588011877,0.5617550819306081,0.01592240932244688
ta_precision,0.5277543255849014,0.007011509859918996,0.5453047985741186,0.010623357682054625,0.5630398014902794,0.01131556609152714,0.5666019014242187,0.00978426262289266,0.5408066725207781,0.015941292171993207,0.546064618333334,0.012441736653231025,0.5498200852050269,0.016549821063525316,0.5375338715480922,0.010667388363810086,0.5375338715480922,0.010667388363810086,0.5399881670275857,0.011893988198665259,0.5626906645955094,0.015698035861490992,0.558200826472735,0.01353969730789443,0.5370875513403143,0.004980447806798673,0.546882994109769,0.0058516156278770656,0.5436167099125473,0.019037561019888353,0.5501860186631442,0.011188734767296158,0.5431180105946065,0.005769887835795098,0.5481054819633748,0.015139685479257897,0.5423488294760316,0.01350371828122584,0.5424671862927233,0.007388395360250489,0.5383756076219609,0.022034394954710126,0.5320252002588512,0.018564568627654127,0.5448486985170627,0.00226490946989902,0.5306625028935148,0.005539720632876996,0.5328445961627931,0.013912414017702265,0.5353136229384478,0.021562376813389027,0.5375338715480922,0.010667388363810086,0.5375338715480922,0.010667388363810086,0.5187715242378708,0.024113070770725276,0.5355979364701511,0.012615153331155662,0.5400932823249773,0.019032423718720454,0.5305382491977386,0.01678469946102485,0.5383495854643557,0.017594370797905826,0.5362367310927452,0.010255199270755211,0.5361046174928287,0.01961021765217382,0.5323838733339464,0.015915094592684795,0.5248600215952577,0.0045331913841897805,0.5358172265435732,0.024153647598903878,0.5429226627211083,0.011642666649970127
ta_recall,0.5634568896051572,0.01589119276897772,0.5866236905721193,0.014459595846032465,0.5848106365834005,0.01599978215283221,0.5898468976631749,0.010277263749507895,0.5781627719580983,0.014072722962589032,0.5750738651625034,0.01934483758262784,0.5785656728444802,0.02107445097602264,0.5799758259468171,0.017174167192543947,0.5799758259468171,0.017174167192543947,0.5771555197421434,0.010221831846944942,0.5908541498791298,0.013931673370121835,0.5864222401289283,0.01439019988851964,0.5789685737308622,0.00959095947964394,0.571917808219178,0.016817593292352707,0.5745366639806607,0.022686814304355298,0.5791028740263228,0.01020328762461599,0.5797743755036261,0.00869121122071636,0.5932715551974215,0.013181284939366057,0.5903840988450174,0.009545718852493668,0.5991136180499597,0.0149526356805982,0.5926672038678485,0.015604284231295003,0.5743352135374697,0.015685561598199643,0.5922643029814665,0.008997117499029879,0.5598307816277196,0.006785820626731033,0.5745366639806607,0.02261036315416062,0.58058017727639,0.00866627225619218,0.5799758259468171,0.017174167192543947,0.5799758259468171,0.017174167192543947,0.5628525382755842,0.018357430700877534,0.572925060435133,0.013785256427994998,0.5844077356970185,0.02193375058126391,0.5799758259468171,0.012696173454140758,0.5763497179693795,0.02701840246462365,0.57232070910556,0.005519399029823877,0.5825946817082998,0.016236455825632462,0.5789685737308622,0.014675034520169506,0.5582191780821918,0.007932817311642448,0.5749395648670428,0.011213873620815487,0.5819903303787268,0.020871925157297626
te,0.8488044144696505,0.008193520687170117,0.8390251379521765,0.006343652355448128,0.8475168608215818,0.007915671903623559,0.8515328019619866,0.005582991367115377,0.8393623543838136,0.0049263787680197645,0.85,0.007062963386237882,0.8428571428571429,0.0033871802126138263,0.8423053341508278,0.006798732691908821,0.8423053341508278,0.006798732691908821,0.8362660944206008,0.00651131194369713,0.844206008583691,0.0019271899013490704,0.8460453709380749,0.004442200070375822,0.8400674432863274,0.010540626359832656,0.8457694665849173,0.006949934370988103,0.8421827099938688,0.013016656784515595,0.8461679950950337,0.015613126101797728,0.842152053954629,0.008028137158600327,0.8497240956468425,0.006248219230643331,0.8452789699570815,0.009192927853503856,0.8458307786633967,0.005406946699758207,0.8469037400367873,0.005478889780991154,0.841814837522992,0.013757971382225126,0.8419987737584305,0.0064003858547377005,0.8409871244635193,0.004114005439051598,0.8438074800735744,0.0011030495621102674,0.8369098712446352,0.009230811192018145,0.8423053341508278,0.006798732691908821,0.8423053341508278,0.006798732691908821,0.8324034334763948,0.014766370567618469,0.8565603923973023,0.007336556615282588,0.8473635806253832,0.012494984416318324,0.8331698344573881,0.00908329700021226,0.8500613120784795,0.013927921795745802,0.8445125689760883,0.005722752612913831,0.8396382587369712,0.014499539599028671,0.8390557939914163,0.013474715497140362,0.8446351931330472,0.003064786320564958,0.8398221949724096,0.0147252416134583,0.841814837522992,0.006389805077989259
te_f1,0.5129014148270398,0.037005710810723104,0.48206374583728206,0.013164087559076736,0.4958650163450942,0.021741384210769862,0.5120079445807613,0.01476127356483311,0.48708955421870537,0.009253182970029751,0.5149133488773318,0.022434481181030252,0.4939656420824005,0.01200903261150489,0.49876770001620374,0.015722044458481153,0.49876770001620374,0.015722044458481153,0.4731622929194178,0.01273518596929549,0.49757142847028,0.008937705684600828,0.4828758502926688,0.010884714855892732,0.4862475515833928,0.015725718365864866,0.4917317033956766,0.01306786644705315,0.489781695342187,0.015960172805341632,0.49497469815250117,0.03706770521562042,0.4927698384153889,0.017020892856885808,0.5115391739735223,0.013443977577662167,0.510289030584854,0.017279963205525044,0.5129447405059527,0.009375959417200971,0.5177916525929285,0.022729729362740404,0.4991447879644254,0.03853976094649575,0.49721209061009236,0.012452911149271951,0.48721348946941045,0.01802215942188305,0.501350275736915,0.01010294963490455,0.4858957575510335,0.023824383476201503,0.49876770001620374,0.015722044458481153,0.49876770001620374,0.015722044458481153,0.4851316934506113,0.027745565433648707,0.5373771892689561,0.015168746957280523,0.5122612895695513,0.027559508351642198,0.48238203540509283,0.017558904683920237,0.5208462103029496,0.029927948789006693,0.5043503263995374,0.02094703425635358,0.4966418440072362,0.030686145845674945,0.48373239241120747,0.023925280934883282,0.49311330749862253,0.01073389232642491,0.4867084419955754,0.024088327070041313,0.4870941643234658,0.012155506938526456
te_precision,0.4868196743131338,0.036083848340341104,0.45736374951300585,0.018313954056383572,0.4775270834971794,0.023322523917256012,0.49150343017632414,0.021339173353655438,0.45717971078330827,0.01428926869312146,0.4884106770056443,0.018664429190683365,0.4695555137095808,0.01357126604384026,0.4637307775835353,0.02401243696341473,0.4637307775835353,0.02401243696341473,0.44237137527441966,0.01554544789669245,0.47308821550450975,0.009035266705317577,0.4684566932133707,0.013659995415502831,0.4502248923949456,0.02500035059521049,0.47372616906377296,0.017693175430434558,0.46350486698438964,0.028064158151545882,0.4767464146976181,0.03765201695539255,0.46538500773690383,0.021513131652891797,0.47589626369639815,0.013620469923359054,0.47225659986939256,0.023183912195292516,0.47218716248142406,0.01459569229602404,0.47608094920311445,0.024078279601553055,0.46699633115203576,0.042159861608121,0.45833025900713875,0.01133605938186578,0.4659839490611899,0.008048328466233297,0.4630445945573225,0.00727394725203482,0.44854368558925134,0.034270770993697235,0.4637307775835353,0.02401243696341473,0.4637307775835353,0.02401243696341473,0.4464209513287405,0.03869930635956266,0.5065721746028109,0.01567155208645259,0.47585855065466715,0.03739045822645925,0.4418565721417674,0.018403145265894937,0.48898330384397787,0.039938640877771374,0.4755548145614921,0.023768714894371074,0.4578657791193135,0.03564137894251513,0.45311246246066417,0.031073980543351008,0.46582733622077227,0.016672829158343044,0.4570151220660394,0.03596752984741465,0.4592671606645671,0.016026929026658223
te_recall,0.5429120409906063,0.04546877497174208,0.5098206660973527,0.00998330652818114,0.515798462852263,0.021547612715941467,0.5345858240819812,0.010869275885019503,0.5215627668659266,0.013014304572269984,0.5450469684030743,0.03378226099521243,0.5213492741246798,0.017114964435590515,0.5405636208368916,0.02172736650983359,0.5405636208368916,0.02172736650983359,0.5087532023911187,0.01284509731553484,0.5247651579846285,0.010092284600760535,0.49829205807002563,0.009470996162604132,0.5292485055508113,0.012323543714484887,0.5113151152860803,0.009943659820500177,0.520068317677199,0.007542067349554133,0.514730999146029,0.036825692930517635,0.5241246797608882,0.019763171158553812,0.5531596925704526,0.01756185977690447,0.5552946199829205,0.010232814954750192,0.5616994022203246,0.009771035123447114,0.5676771989752348,0.022141574999938844,0.5362937660119556,0.033951835059257834,0.5435525192143467,0.01905076331540233,0.5108881298035867,0.030348026334808362,0.5469684030742955,0.02142882985356206,0.5313834329632793,0.022565687893635875,0.5405636208368916,0.02172736650983359,0.5405636208368916,0.02172736650983359,0.5322374039282665,0.012845097315534878,0.5723740392826644,0.018933969796228137,0.5555081127241674,0.01754974397016611,0.5286080273270709,0.02000917935757474,0.5580700256191289,0.021944450751161998,0.5377882152006832,0.030412039117205584,0.5429120409906063,0.023741570335343416,0.5192143467122118,0.016021915490430156,0.5243381725021349,0.016603093164153305,0.522203245089667,0.025775214812615813,0.5187873612297182,0.012941722654903837
th,0.25041833740418623,0.005866095745173204,0.29232622119560103,0.01795176498608653,0.28551286719053276,0.01905814277471308,0.3709826950573496,0.12172675568595832,0.25347509385465966,0.005536200398756209,0.26990538582282264,0.00723596635545818,0.3430951422226616,0.07573856786971486,0.27137499186231273,0.018194821330017433,0.27137499186231273,0.018194821330017433,0.2991811678244285,0.010841304758366668,0.29463913275159914,0.012291954726278155,0.3014096885496109,0.009863079529789208,0.2822023354559636,0.008438770169491756,0.2590611640630086,0.01834389719652744,0.2686515791935612,0.008142664496458937,0.3123841133055406,0.05664325364546978,0.255867573908284,0.013337632024694769,0.25475361494151716,0.015777931665779187,0.2664736929668681,0.006405034457699374,0.2601811509462623,0.015343234438060424,0.24492991944292405,0.012425643102376052,0.2562177958561691,0.0071129232004109415,0.27202660963453945,0.030695976370895706,0.2582877823777478,0.002287171254558626,0.2523496818465678,0.005911863967030759,0.24790771018741992,0.006854328331351933,0.27137499186231273,0.018194821330017433,0.27137499186231273,0.018194821330017433,0.24658096576866784,0.013678054044614049,0.2499475571265645,0.00554986671116393,0.24516259701931584,0.009313673559872874,0.2641523423277884,0.02198760928734877,0.2562153846895743,0.0068464794175340515,0.2684526579494957,0.020284919185091916,0.29314300387956704,0.03264394213998232,0.26450678381721426,0.012974230968818183,0.288202523526958,0.03166989022549083,0.2751261642920694,0.015032406484144847,0.2834332360025751,0.011151382376268396
th_f1,0.05768694919500525,0.009838247196625424,0.028482260758867273,0.00722174040185489,0.03594875112854558,0.011841172139184106,0.0318774478064226,0.015721375458591504,0.06269429853808554,0.009118228440644542,0.05712183302515145,0.009897766958065438,0.0352721001395339,0.012188180287884785,0.05200423039548205,0.005026068908699517,0.05200423039548205,0.005026068908699517,0.029621374155176575,0.006092136464084333,0.0354850411844823,0.00981968692116803,0.03768415499111528,0.004517174843317378,0.05555598951271988,0.009311964604446207,0.05097711827023482,0.017456361718364094,0.04394837527182083,0.018660640572964536,0.044864243772387596,0.013218180113640666,0.05247716733460238,0.012664801504995722,0.04072836596592745,0.016177932201196614,0.048160263391290474,0.012714054017015367,0.04553503785024105,0.012733250146136155,0.051538544032341246,0.008945856740089051,0.06379514492142996,0.0054952949529939975,0.056827480803733274,0.02095844450395769,0.06799423268636348,0.00889333616425098,0.06361807069776836,0.006654813502990199,0.045383050533652276,0.024338419158857576,0.05200423039548205,0.005026068908699517,0.05200423039548205,0.005026068908699517,0.04205639814703147,0.009868768134236773,0.050490250679268774,0.008137305640135472,0.05573995655357902,0.01081999386494147,0.039560372959167145,0.014357106337408493,0.05157524756709415,0.010377990894911782,0.046885081245366826,0.0072712623383340185,0.04141070592757275,0.01628891141063732,0.046472056466902674,0.02658484229365538,0.044734442022540476,0.0065040324360938605,0.048105548146376347,0.02227449956963917,0.0454668082754126,0.013682089983186709
th_precision,0.0462380943146331,0.008967650766049655,0.02076051136498215,0.0051588201724050275,0.029243532591390776,0.010773825899213552,0.02469153613802585,0.01188274857354251,0.0516158967917064,0.008313573345746924,0.04578200266740145,0.00916889579927479,0.028534723896968525,0.011220941013763345,0.0396457379138587,0.004948899333635813,0.0396457379138587,0.004948899333635813,0.02152252772587555,0.004762911239287146,0.028101837762534027,0.007875881372500152,0.0282108009629941,0.0036495960693608805,0.04325510846868137,0.00775325220260332,0.04208265849072278,0.01506272713966352,0.03398631288214743,0.015517074795864519,0.03364645075391175,0.010625934613447147,0.04256358780727755,0.011227640508670004,0.03185410352648608,0.013857575874013801,0.0375375654624653,0.011346663435147192,0.03544355048509365,0.011158196216169715,0.04146701543681702,0.00837961510947296,0.05248531803209172,0.005315558544083302,0.046952506749614896,0.01734917057023628,0.05702014566142595,0.009214959574669793,0.052140029541249674,0.006401832654450487,0.035348785801808724,0.020958650671778968,0.0396457379138587,0.004948899333635813,0.0396457379138587,0.004948899333635813,0.03408144069222613,0.008874408553043287,0.0415433205631073,0.009365880841907771,0.044197290433198574,0.009571342990612856,0.029820490307669076,0.011830646730140715,0.041188600161094796,0.008951987064918218,0.036674966291242825,0.00594837547273749,0.03160586089536902,0.014331776833760504,0.03595025543499587,0.022228259584821546,0.03465682582592568,0.004877880522973266,0.037107632241061776,0.019273668315805837,0.033999139939494424,0.010830739089086522
th_recall,0.07687390123062166,0.010006471938560748,0.045389164136167476,0.01208447501919625,0.04708060305790843,0.012463865542235528,0.045002930051675404,0.02316493470640794,0.0799371370731447,0.009935169892108337,0.07631452772894352,0.010147060367172753,0.0465079111395237,0.012423848575474331,0.07590165681103825,0.004721937536954807,0.07590165681103825,0.004721937536954807,0.047586702892760076,0.008139822888557097,0.04867881306270307,0.015039372534414274,0.0567764104203292,0.0058365469816871905,0.0776996430664322,0.01161239669733829,0.06476746044430233,0.020593763781196966,0.06251664802088322,0.022995163440923103,0.06749773586915983,0.017065765513876906,0.06857652762239623,0.014229978797688048,0.056776410420329174,0.0189634487244419,0.0675909647861062,0.012983072415047614,0.06404826594214474,0.013833136181862575,0.06840338820521011,0.009374954518122194,0.08141548132757973,0.005423872401320436,0.07223909221671722,0.026644290682727962,0.0844254435032763,0.007619236383222805,0.08172180491183202,0.0066531679315035615,0.0642080869426242,0.027611023379582576,0.07590165681103825,0.004721937536954807,0.07590165681103825,0.004721937536954807,0.0550316978317617,0.010748878193809522,0.06515369452879438,0.006017488041771697,0.07563528847690582,0.0122359747667932,0.05905385967716155,0.017388908949320225,0.06902935379042135,0.012004152323711291,0.06506046561184803,0.009621994591488015,0.06075861701560915,0.017308203603637533,0.06632571519897708,0.03206829898926822,0.06355548452399973,0.011316192957715836,0.06917585637419417,0.0248455078535632,0.06877630387299552,0.01828728061479859
tl,0.7870650529500757,0.0024283774642580437,0.7831208126215691,0.006840094649779202,0.7854621424969382,0.0071592872264562195,0.7890101577696131,0.006098530823221353,0.8102982494056624,0.010595710710489523,0.7823643829695267,0.00925214096208932,0.7913334774151718,0.012505896891212573,0.8186189755781283,0.003907680354716836,0.8186189755781283,0.003907680354716836,0.7840393343419062,0.01424594378126657,0.7902528636265399,0.005550891905509829,0.7825084648080111,0.002878032469625848,0.7985735897990058,0.010436737815128272,0.7799870326345364,0.005493090567166165,0.7843094877890642,0.008959758986264265,0.7959260860168575,0.009141038868862377,0.7893883725956343,0.004409822330611026,0.7924681218932353,0.007896371605563989,0.802301707369786,0.008286976256770206,0.8025178301275124,0.007568154871360777,0.7862545926086016,0.007200488977288822,0.8092176356170304,0.016006099684910267,0.7941971039550464,0.01260000620308337,0.8032742597795548,0.00823231036322115,0.8003566025502485,0.006093422640293167,0.8025718608169441,0.016930842205907813,0.8186189755781283,0.003907680354716836,0.8186189755781283,0.003907680354716836,0.7940890425761833,0.0049295417021642885,0.8081910525178302,0.01099822078850325,0.8058677328722714,0.005896033224855759,0.8099740652690728,0.007142685485048936,0.7941430732656148,0.006088629826588917,0.8088394207910093,0.009490553785492737,0.803922628052734,0.010473037679004404,0.8003566025502485,0.006429122307896328,0.7874972984655284,0.012747426408115482,0.8053274259779555,0.005729970960115697,0.8015993084071753,0.005546682963740388
tl_f1,0.7048360447529539,0.009094498432374722,0.7160535798569124,0.010834471192094592,0.7159238361418249,0.01158063651689137,0.7138607528287049,0.007146136842648867,0.7413932491441904,0.016728350698954345,0.7170249255187063,0.011732006991678113,0.7204024153521057,0.009710503498530624,0.7502917725536276,0.003286359345402339,0.7502917725536276,0.003286359345402339,0.7074893242216789,0.012060654947145675,0.7178935962224752,0.007051469819501836,0.7080488344360671,0.005178880728352828,0.7340988344869734,0.00946074873819644,0.705085945951784,0.011176375836796391,0.7049303954304234,0.008577819386357509,0.7214995463802845,0.006047539326499234,0.7175427114183496,0.0036980604394460164,0.717248666493061,0.008354085612685015,0.725811624721808,0.005370167212136368,0.7227644285187115,0.014396726451197047,0.7084673317248248,0.008520263319138199,0.7433572890554807,0.017738655102468723,0.7270456547472921,0.016994363604830278,0.7361994486167323,0.008403634979509224,0.7327694456269789,0.015281221555435879,0.7267749783863905,0.019590808773714902,0.7502917725536276,0.003286359345402339,0.7502917725536276,0.003286359345402339,0.720469806811107,0.004604716642005141,0.7340323115980318,0.015971446810704025,0.730733610033965,0.011580991717824887,0.7425248311219784,0.010578797856411828,0.7118183251804364,0.003108213894169295,0.7420592281406361,0.011515489680460206,0.7270785492028119,0.010270169603030708,0.7302156247745646,0.013191254555044305,0.7166901587204381,0.012301334218907454,0.7410502483801157,0.009175730592556115,0.7329914979079795,0.01081055494178311
tl_precision,0.6801769759799297,0.01217700289839068,0.6956774115652671,0.012500563693147422,0.6939361106297325,0.012524241220845552,0.6915474548117871,0.008159498844487394,0.7200824411010904,0.01868809761442747,0.6951524257726112,0.012457553447342144,0.6995880054646612,0.011104639260321706,0.7289234086557727,0.0038869650228260996,0.7289234086557727,0.0038869650228260996,0.682165496624725,0.012000278835861793,0.6974288540932989,0.005282663123870624,0.6853153153153153,0.006391292645780087,0.7138319265929194,0.010668415390523149,0.6833904992533367,0.013492798314065994,0.6809607640026389,0.009245928205724117,0.6961354522798568,0.0072003313933157185,0.6933678813029638,0.005218639779177959,0.695148466115603,0.010226829041469385,0.7025037961148922,0.006187931795736119,0.6972481388150075,0.01662328927617541,0.6835868041343466,0.010618248763002078,0.7240305844514842,0.02065286886789032,0.7039808930756065,0.019088168344025026,0.7158536852842274,0.008225797932490158,0.7098452154487565,0.01784903558845546,0.7041034805794165,0.01773864755452547,0.7289234086557727,0.0038869650228260996,0.7289234086557727,0.0038869650228260996,0.6997169929879408,0.005149385615873878,0.7122052523173605,0.017126453367535863,0.7087767388009545,0.013686276069610454,0.7209269589965863,0.012866029126045394,0.6860667965739863,0.005767516105281998,0.7228414627394972,0.011461025727034852,0.7038189485339403,0.011494764595495643,0.7078108873162765,0.014838995538323605,0.6941264044186612,0.015527995809040965,0.7205033682066138,0.009647737515600713,0.7126127999422633,0.012336729671465159
tl_recall,0.7313829787234043,0.005659912916208707,0.7376692456479691,0.008946930423196556,0.7393617021276596,0.010783835385994627,0.7382333978078659,0.007512043970168319,0.7640232108317215,0.014667070491395647,0.7403288201160542,0.011209115828957934,0.742504835589942,0.008370833122242922,0.7729690522243714,0.004955005205976608,0.7729690522243714,0.004955005205976608,0.7347678916827853,0.012166098283761249,0.7396034816247582,0.009119500425413084,0.7323500967117988,0.00413152985750364,0.7555609284332688,0.008444994775905677,0.7282398452611218,0.009508627468570341,0.7306576402321083,0.00814908101854578,0.7487911025145068,0.005140302617376428,0.7434719535783365,0.0021444446640312854,0.7408123791102514,0.00626764090755115,0.750725338491296,0.004827523898088898,0.7502417794970986,0.011933232765235093,0.7352514506769826,0.006717816242480575,0.7637814313346228,0.014823009131639251,0.7516924564796905,0.014675039560438627,0.7577369439071566,0.008668168703899847,0.7572533849129593,0.012535281815102252,0.7509671179883946,0.02183346059084079,0.7729690522243714,0.004955005205976608,0.7729690522243714,0.004955005205976608,0.742504835589942,0.0053191489361702525,0.7572533849129595,0.014878118322649007,0.754110251450677,0.009221492418045013,0.7659574468085105,0.009815175594866747,0.7396034816247582,0.0021444446640312676,0.7623307543520309,0.011722358372389913,0.7514506769825919,0.010769370140870479,0.7556415215989684,0.014092516437391655,0.738555770470664,0.009735440922334956,0.7628143133462282,0.009187620889748522,0.7545938104448743,0.009906077087562505
tr,0.907427703684141,0.0049595432256634405,0.8975802191997888,0.0034680721913479223,0.8935791628152647,0.002230879671461832,0.904760332761125,0.0029539538889403936,0.9035685989700251,0.0028298648061530905,0.8953387032879968,0.005424556388530109,0.8952429684405123,0.003042561940668259,0.9060940182226329,0.006992336795469336,0.9060940182226329,0.006992336795469336,0.9000363132180114,0.004716197609031312,0.8971609665918394,0.004638503529131602,0.9015746731810379,0.0030631617377397525,0.9059487653505875,0.0032261281894009975,0.8953387032879968,0.0027866626503574533,0.9020401426119107,0.004301018540604344,0.9038293938993793,0.002119278892131863,0.8973128218671595,0.008197157764066876,0.8990888683480787,0.005470594803803726,0.9040109599894361,0.002403815862154019,0.906711342928826,0.001159788766045312,0.9003202165588273,0.007419537646677741,0.9031493463620757,0.0048470634302154895,0.906902812623795,0.002695837607589873,0.9075960649676482,0.002415393986965095,0.9089330516307936,0.003386314218573644,0.9012577578238479,0.007487194209627555,0.9060940182226329,0.006992336795469336,0.9060940182226329,0.006992336795469336,0.898474844843523,0.0013154311658909528,0.9010993001452529,0.003643527737698912,0.9053908622738677,0.0034786479152604287,0.9013468902680577,0.003984570889136151,0.9042387429024166,0.010347508624495908,0.9055757295655619,0.00454900474890751,0.9055031031295392,0.006375897006332772,0.9084444737884589,0.00311145332417332,0.9009738544830318,0.0030501173794839605,0.9063416083454378,0.007646129371920839,0.9059322593424006,0.0038781893383207943
tr_f1,0.7636013978251655,0.011098534424435343,0.7412459401985723,0.009711241204871816,0.7361668008638806,0.007491786748501909,0.7569829483978922,0.011733270152391392,0.7540453467627293,0.0050381457598326585,0.7388353791594776,0.010540749465591234,0.7403602497380718,0.006294916105559073,0.7623723140954859,0.016053644821819507,0.7623723140954859,0.016053644821819507,0.7513933904297772,0.011099183688719776,0.743823985120761,0.010543258426342949,0.7488101500832838,0.007430833037464192,0.7610452364683251,0.008528419166668914,0.7389073891478809,0.010303470538405867,0.7501761778060317,0.012121419490863287,0.7534422024155124,0.009481282602392147,0.7401066016265445,0.0186742993950815,0.7433278422747764,0.014572054200591945,0.7558555605256075,0.009814265990515823,0.7573472883773289,0.003562976810508874,0.7486226200858737,0.018532728511214774,0.755346362243833,0.012057225658099175,0.7613021093232512,0.005570622035931253,0.7664147354928955,0.004377732802207549,0.7622222638235864,0.014805368046154208,0.7488851347171662,0.01911013034953239,0.7623723140954859,0.016053644821819507,0.7623723140954859,0.016053644821819507,0.7422269445349498,0.004370802930749819,0.7511703835264834,0.009301847515383672,0.7585264093665608,0.012054258076075058,0.7509636604597337,0.008334916011451698,0.7575366793918513,0.022694413786581904,0.7603808107785408,0.006930047234392923,0.758985340990421,0.01584427823640703,0.7646741527123535,0.009084188402312931,0.7513634481651735,0.006896357070114402,0.7608761974945573,0.017081302095080894,0.7601738264751082,0.011981941644094935
tr_precision,0.7381803431959734,0.014145347826520773,0.7132015452187455,0.011077088999517407,0.7021031615656478,0.004409920079322607,0.7284189095861018,0.01124009847435613,0.7264596545493881,0.0063420142306553715,0.7113472425420492,0.012164317375433813,0.7098068136076158,0.00928088930420831,0.7359090910307489,0.01741658747621038,0.7359090910307489,0.01741658747621038,0.7218372899264032,0.015770995100716785,0.7154624204284348,0.010314634627541695,0.7219152350099642,0.009329154711865765,0.7369170748604694,0.011009506817616364,0.7090138599750074,0.012332439305210656,0.7214948992086752,0.01260996210373965,0.7269459578247333,0.013863827642694917,0.7113587393696262,0.020798986395754497,0.7137942372639552,0.017970023617555737,0.7271151085145515,0.013227082017031468,0.728322212373104,0.006690141900641719,0.7186908667550003,0.021782264448791003,0.728882656677646,0.015146926997899048,0.7331052359473671,0.006962380955098786,0.7394437759210039,0.004331688697032483,0.7372771788701434,0.017147875799852313,0.7192556340772667,0.024074622267607954,0.7359090910307489,0.01741658747621038,0.7359090910307489,0.01741658747621038,0.7130926355701883,0.004847143719060835,0.7192326559921801,0.011742410743081829,0.7324269161778048,0.014739580859255526,0.7191693050830591,0.010212327631608922,0.7315502265307385,0.025069356527833694,0.735635959043714,0.00813211410390346,0.7329349917336176,0.018263061980206215,0.7394508342258552,0.01103519019292854,0.7226641774680798,0.006210024767731937,0.7349062396718382,0.02269297694850005,0.7363100335297295,0.011968174088487424
tr_recall,0.7908662692279385,0.007771545007642449,0.7716015308751012,0.008548642479275488,0.7737359240450431,0.011675464639997572,0.787885478766468,0.012553021863156917,0.7838190917789063,0.004144032762005561,0.7685839405313903,0.010661788155541812,0.7736991241628027,0.004029601108296328,0.7908478692868183,0.015417979575829523,0.7908478692868183,0.015417979575829523,0.7835430926621034,0.0060522102650544425,0.7745271215132111,0.010781214130336931,0.7778023110326047,0.005605513197465883,0.7868366821226171,0.006680268341409556,0.7714543313461397,0.008267315572916567,0.78124310002208,0.01190290849490749,0.7820526974313683,0.0087918864545688,0.7713071318171782,0.016490659166007882,0.7754655185103407,0.011174305097355399,0.7870022815926989,0.006258721332248177,0.7888422757047178,0.0059777630239861565,0.7812798999043202,0.01742490291611055,0.7838374917200265,0.008550886394183894,0.7917678663428277,0.004764649268769441,0.7954294546257452,0.004624307036461527,0.7889342754103187,0.012099702042914738,0.7811511003164789,0.01361966906405216,0.7908478692868183,0.015417979575829523,0.7908478692868183,0.015417979575829523,0.7738647236328844,0.005960066332097508,0.7861006844778097,0.006583340198399784,0.7865790829469346,0.008971601980255959,0.7857142857142857,0.006242110533334032,0.7855118863619637,0.02113124092824722,0.7868550820637374,0.005719985052690196,0.7869838816515787,0.013304993903989535,0.791694266578347,0.007046737053739001,0.7824574961360123,0.008994115067655474,0.7888790755869581,0.012338812654741266,0.785640685949805,0.012147380444983633
tsn,0.880192530995992,0.017419486316579042,0.7118402816795895,0.09790663974673781,0.7598606585009552,0.0752038535256164,0.7972525002809304,0.11609868363270794,0.903163276772671,0.009241803459299824,0.5729763643855115,0.1770554162625733,0.8206820991122599,0.08304716024695204,0.9099617934599393,0.0035847559337181156,0.9099617934599393,0.0035847559337181156,0.3934899052327977,0.1374704665690452,0.699189047458516,0.19904181849302513,0.8299902610780238,0.06198855797339037,0.9043619133235944,0.004041740563636664,0.7794321459340001,0.07376101774923519,0.5768625688279582,0.1782985732351966,0.4569146346031389,0.13934215144300566,0.4170974266771547,0.12378420193212371,0.8377064838745927,0.0273784306648288,0.8819342997340525,0.01115580669956934,0.8746956586882422,0.019537429521116364,0.7340525152638873,0.022015537796787294,0.8971888227141626,0.00891299021653605,0.8912799190920329,0.0277734965479123,0.9100273438963179,0.005707061184315302,0.8161310259579728,0.007884959004390783,0.8836573397760048,0.030406590412612677,0.9099617934599393,0.0035847559337181156,0.9099617934599393,0.0035847559337181156,0.7412068771772109,0.07494413903415471,0.8869442259429898,0.013142381257027658,0.890455856463273,0.018934196148018348,0.893087238266472,0.014317003077776318,0.8179383451324118,0.023019804997197576,0.8429411544368282,0.12212673551087674,0.9058414803161403,0.009212050179430267,0.8927313930404166,0.009813806975817489,0.8565194591152563,0.10100454861322421,0.9073304116567404,0.00404551396694961,0.9115069108888639,0.00445732474984389
tsn_f1,0.36221967472769157,0.02422608862986536,0.23908817638545862,0.03247459189524384,0.25106854108476245,0.0387232561925716,0.2717681085680352,0.046104073335713154,0.382522880523137,0.030408055583318362,0.20541136047993092,0.0271437060416299,0.31994440404124314,0.049438421959218576,0.3970383967950592,0.017865003399885795,0.3970383967950592,0.017865003399885795,0.16371107752952863,0.013770576252986194,0.26374733274994683,0.0399440141730079,0.3149591553593498,0.05837497398728942,0.3605221993281483,0.02854693693351573,0.2687877666505982,0.021384490730304604,0.18896932727517374,0.04780815808579006,0.16940594460580471,0.015716925498993894,0.17142323926268535,0.010413633189804988,0.30150106746291166,0.028671445648378882,0.3536884886886386,0.022309242039119315,0.33115161048524566,0.020818694008285933,0.24123004200078502,0.020902044910415786,0.38186642042016705,0.01870763791718224,0.36515210667986053,0.0395766854996016,0.3942348005794318,0.016016476779464814,0.2912257179447076,0.012708669740907884,0.3586527523714892,0.035174002578466944,0.3970383967950592,0.017865003399885795,0.3970383967950592,0.017865003399885795,0.2510473301539743,0.0355354761603886,0.37290093038617933,0.01564126481444586,0.36408825070288725,0.04569249140823802,0.3720039281996716,0.01779699320360154,0.29638761118264884,0.013590727587674262,0.368335183996102,0.10367692452670892,0.41063393587512853,0.06206977439740803,0.36472100543942726,0.011430695745723668,0.3716356432395208,0.11306798103254712,0.39286733924356926,0.01969155475129688,0.37388845777472035,0.025969163342006288
tsn_precision,0.28687289545532735,0.032495210555959025,0.16230556195462928,0.02973672623303408,0.1847702156119878,0.038417639947527615,0.21983895593309288,0.05487650053913189,0.33621315515595274,0.034887059458468296,0.14585970714277072,0.025295590788316242,0.26253929799335396,0.04282612397838975,0.3566629244126045,0.008941822430887432,0.3566629244126045,0.008941822430887432,0.10676185131827232,0.01198625409763128,0.210172822605072,0.04300755477572764,0.24337327763170588,0.0595148952252795,0.313357815740506,0.01968882864548333,0.20797712550788514,0.039990463311939554,0.1335168210804746,0.03934409633200972,0.1170051536543436,0.006462061321147076,0.12390782489353244,0.0063017164897392845,0.23996774416710467,0.036286333894875435,0.2975568971152299,0.02748949753053101,0.26277800946303276,0.03175457628248512,0.17141298827784832,0.016326465886076585,0.3219238864188396,0.020249076437235534,0.2990292730314882,0.05088017319039028,0.3597245508326554,0.022286287820959417,0.21608657727538813,0.011574174358207864,0.30675583389871036,0.0446853362016354,0.3566629244126045,0.008941822430887432,0.3566629244126045,0.008941822430887432,0.18019295756597112,0.03035614328157702,0.3199549492602374,0.0231601072759579,0.3121855350916669,0.04577233262993645,0.32205441658224465,0.025642463501394024,0.22296128976257618,0.01717843981868064,0.31138321972196625,0.10857591861306101,0.3618035863594421,0.05308038455710518,0.3135854925682383,0.01740870680956727,0.3152163794404591,0.11914744193716079,0.35668004770508455,0.012838730701351966,0.3279085712421198,0.015553850665058069
tsn_recall,0.4952901281085154,0.009559377032448125,0.4619442351168048,0.030399562771500875,0.4012810851544838,0.05812666344639535,0.36586284853052,0.010194234558002026,0.4442351168048229,0.0224688040932563,0.35644310474755087,0.0569671547272074,0.40994724943481536,0.059645551841282084,0.44837980406932926,0.033891534741065925,0.44837980406932926,0.033891534741065925,0.3573850791258477,0.035974378475815354,0.35870384325546345,0.031906476642555394,0.45422004521477016,0.045258184800382024,0.4124591811102738,0.048612206018221665,0.40146948003014316,0.06048189528088793,0.3321401657874906,0.06518172294620275,0.31066314996232103,0.0615337387443999,0.2805199698568199,0.038313546157470256,0.4101356443104748,0.01644548066525637,0.43839487565938207,0.02758125000753294,0.45497362471740765,0.040968558333427406,0.4086284853051997,0.03861865194334836,0.4706103993971364,0.030533146900636084,0.4770158251695554,0.01959306706857573,0.4365109269027882,0.00888190766552987,0.44724943481537305,0.020244049945700875,0.43481537302185375,0.02316159016776291,0.44837980406932926,0.033891534741065925,0.44837980406932926,0.033891534741065925,0.42351168048229076,0.03783689588736454,0.4483798040693293,0.016314024497492606,0.43839487565938207,0.047915549381681265,0.44159758854559156,0.008185968719819298,0.4459306706857573,0.03460658832312117,0.4691032403918613,0.07257483151566775,0.4747550866616428,0.07465636738801876,0.43820648078372265,0.0333538748701292,0.4674076865109269,0.0742556277399615,0.4378296910324039,0.03314607827823499,0.4365109269027882,0.04858250549445222
twi,0.8863069028880491,0.04047998606460645,0.6115435287591444,0.16276340853266397,0.5217123738862115,0.2347881190584405,0.6496636965641577,0.280597408300278,0.9490690982214055,0.004889804745201819,0.33279305204035636,0.18890772198739011,0.7360538085497348,0.22876024006603116,0.9479249731303956,0.0086915731690134,0.9479249731303956,0.0086915731690134,0.2057778317096002,0.07687688166510175,0.6418541760565821,0.308603521170547,0.7543944804631973,0.06039468274095522,0.9107755781298755,0.035484051421015274,0.6737856672329507,0.17223524813502647,0.5114845889817287,0.19233591807030437,0.3721266858509864,0.19254192473307705,0.282685573622716,0.2035407745115704,0.8061748084457234,0.05479063315685692,0.8456124536282633,0.09575606648932204,0.8285459210206982,0.0503589426675088,0.556400166418195,0.0812530275599735,0.9532468883264571,0.004691541921670364,0.9043182054571299,0.044058738923706674,0.9511493256596055,0.007953073423420573,0.7566567278022397,0.08100872046315312,0.8372048677322054,0.06999794178915877,0.9479249731303956,0.0086915731690134,0.9479249731303956,0.0086915731690134,0.611768886731616,0.1380349512855442,0.8644818500156017,0.05031268628554591,0.9323492701868737,0.01829705532092073,0.9482976805464064,0.0073053198517074305,0.7001438823978088,0.176018232891228,0.8129615504628506,0.16468822526611726,0.9153780813368928,0.03490928128048069,0.9247304371944666,0.027368338684564678,0.7573414693339805,0.16078899456105886,0.9476042714003398,0.011563255901400388,0.9545036924037029,0.006060846490367456
twi_f1,0.27503968716049476,0.05612725332617812,0.15784441543986277,0.06438806010187076,0.13445861962314423,0.0610119915198765,0.15860198617208476,0.0669189455199579,0.3994694461306287,0.011029996433274122,0.09265957714760152,0.022213633978830284,0.21678161521480305,0.10396281794782208,0.39661400823843546,0.028858285777244287,0.39661400823843546,0.028858285777244287,0.06732017900829093,0.008862431713484218,0.17446446840869362,0.07555280529545393,0.17969479502422414,0.03440030617838148,0.3266058018580892,0.04280580094300391,0.1591622368220608,0.028557756893732963,0.1046354683207401,0.034662104569474196,0.09499829858332207,0.021621483190651717,0.0665380556029836,0.02347434918673164,0.2003561152173561,0.04484074011364842,0.2592494936402705,0.07588419583531433,0.20224352900214204,0.03338474237531985,0.11655294108041682,0.01760198740817379,0.41477287707146704,0.024426185599244418,0.3037391608332965,0.09828001795206015,0.4158122627787866,0.032108988894053996,0.1705535172743659,0.04097367160390196,0.25077470122988416,0.0684737434437081,0.39661400823843546,0.028858285777244287,0.39661400823843546,0.028858285777244287,0.1401587184106395,0.04082205018155513,0.26060072805790196,0.05729712689565079,0.3543448293629559,0.05509485935628752,0.401876181866882,0.024739629925631824,0.16178481800528854,0.06468219716051758,0.24652001918279712,0.08173526941531783,0.34223752638055027,0.06330943259547246,0.3413190805466688,0.05341388138042794,0.21780610041103726,0.07324971176875446,0.4015214997422834,0.05113336303233662,0.40840621432326374,0.015230743557024732
twi_precision,0.18819048894051996,0.049194896425561324,0.09852200423604668,0.04652485321845372,0.08811317250097869,0.047881234393487654,0.10964122099053353,0.058235238869488996,0.31856441004643826,0.014727702539349744,0.057483845670848625,0.01401667233520532,0.15920918935164935,0.09269368355961036,0.31986828813831963,0.02671521116771837,0.31986828813831963,0.02671521116771837,0.040423775716132704,0.0050520062739201985,0.12645262615516123,0.06418120875181393,0.11728823896311777,0.02708003109480696,0.24407271129944078,0.04633781827470957,0.10452932002126747,0.02473336286132541,0.06431134953020864,0.022138940979355547,0.05763959068203078,0.01205497522264731,0.041529431828681025,0.013946090327635108,0.13283782567451005,0.03839413508655814,0.18492128757180057,0.06895058222117717,0.1289762748078787,0.025308906177133408,0.06979150866342733,0.011398883442854564,0.33619555909417664,0.021262101134956628,0.22461671659165566,0.09455623607152154,0.33767065523486145,0.03979160269115099,0.10795962250730651,0.03033789861278976,0.1748337630160764,0.06662472812936397,0.31986828813831963,0.02671521116771837,0.31986828813831963,0.02671521116771837,0.0860812131800128,0.02924231560497895,0.18080572906130882,0.05000001870164527,0.2720657537796038,0.05400046814739352,0.32144340559220724,0.02343767807802436,0.1020350524721956,0.04436014874586218,0.17084214067699507,0.06508448660788937,0.2589486426174025,0.06972089052262406,0.25904694778969883,0.05931648176394741,0.1460669515288035,0.05645462499346961,0.3265400960837541,0.051259756860401066,0.34346618716412797,0.03011991561719668
twi_recall,0.5256309148264984,0.019074742306700063,0.41679810725552047,0.07111652548670996,0.30717665615141954,0.07772441121524869,0.3111198738170347,0.04889377899816886,0.5362776025236593,0.011803335604965109,0.24132492113564666,0.0600060478972608,0.3639589905362776,0.08533278520462202,0.5220820189274448,0.02942390868482276,0.5220820189274448,0.02942390868482276,0.20425867507886433,0.043301246250016794,0.2925867507886435,0.08433693618482556,0.39195583596214506,0.031716153799906784,0.501577287066246,0.01830378042642398,0.3470031545741325,0.05058806589873784,0.2847003154574132,0.08439591307048422,0.27208201892744477,0.08459220572561846,0.16995268138801262,0.07184740249900787,0.42152996845425866,0.03264069729743674,0.46017350157728704,0.033319605953119245,0.47515772870662454,0.020132304940637016,0.3459516298633017,0.04028520032490122,0.5417981072555205,0.034134085884604516,0.4826498422712933,0.06195747426309893,0.5441640378548895,0.011873385689417659,0.4152208201892744,0.038985376148631595,0.47318611987381703,0.01151887607792145,0.5220820189274448,0.02942390868482276,0.5220820189274448,0.02942390868482276,0.3891955835962145,0.04227158764434509,0.4787066246056782,0.03471226254520306,0.5114353312302838,0.04161916341311913,0.5366719242902208,0.029378074277642167,0.4006309148264984,0.10332534573835932,0.46569400630914826,0.062036059154971915,0.5169558359621451,0.021602691644639117,0.514589905362776,0.029798483068037777,0.45268138801261826,0.08808363352014079,0.5232649842271293,0.0425258551262001,0.5067034700315457,0.01568720162758752
uk,0.891917865570526,0.006530241651085275,0.8945091471924083,0.011268199720868366,0.8946709040623176,0.007644927983983471,0.9006812818756185,0.002835202384928982,0.8886827281723377,0.010012199523584423,0.8976935373372916,0.00610749395466711,0.8899070056583187,0.007790105430956111,0.8972875593108524,0.004994201840406238,0.8972875593108524,0.004994201840406238,0.8941507447159422,0.007380297631071516,0.8799827459338764,0.015534752961385767,0.8904113064880363,0.01649576852817155,0.8949373271421684,0.004432116945516052,0.8948865798888636,0.004294411351259024,0.8981312323970465,0.003570212936780044,0.8932626677831063,0.010342657577454907,0.8963265332013904,0.009813999096029605,0.8991430057598132,0.005961122823600296,0.8943220166958463,0.00814338850328926,0.8920225317804673,0.0032979858676083166,0.8928027708000305,0.009825659128716586,0.8823710385425388,0.01918883031983168,0.8935956966329197,0.007120448784627472,0.8920288751871305,0.0029896855379737144,0.8950229631321205,0.007015478929284997,0.8883623861358503,0.014140451836979461,0.8972875593108524,0.004994201840406238,0.8972875593108524,0.004994201840406238,0.8923682474436071,0.007108981820745039,0.8943029864758569,0.009674959600334298,0.8928154576133567,0.004690742279352111,0.8865798888635152,0.01480407425779422,0.8982803024536297,0.00286747007533101,0.8998724975260713,0.003124776544903484,0.8965644109512573,0.003667227943462665,0.892555377940169,0.002652565613045316,0.8958824947349724,0.006453389875432508,0.893272182893101,0.007271868473034313,0.8858059932506153,0.01979825084159426
uk_f1,0.7275096872895138,0.014684442302809662,0.7496201886367707,0.01126878138650459,0.750492997139677,0.008678164616141923,0.759695141420269,0.004320654303279114,0.7283454518895252,0.013278463131353158,0.7457468519272968,0.012629806874647567,0.7334559449401529,0.004570313646710488,0.7487264363476639,0.015543732171929983,0.7487264363476639,0.015543732171929983,0.7440816597640676,0.01522042527534691,0.7256109421181729,0.022546833748130757,0.7385440436158741,0.02511231877695721,0.7443099805646327,0.02086768877045321,0.7371861328992831,0.016243114118498356,0.7484108217138962,0.008704202514771841,0.7466240311202484,0.01737584984354565,0.7485316230211756,0.012851254066566752,0.7457069847343905,0.014231671084962424,0.7454324252439212,0.013617569152071206,0.7350844649777462,0.013987284830761431,0.7329921726399964,0.025817881381844196,0.7222126718462962,0.0185495476373654,0.7358265243851889,0.02102989377721909,0.7334451988019934,0.00914083937512464,0.743353523663883,0.014497074234086764,0.7290122937969011,0.02048109422118372,0.7487264363476639,0.015543732171929983,0.7487264363476639,0.015543732171929983,0.7374409807854767,0.01947235832604497,0.7404541592389112,0.020108246670896775,0.7338868707749165,0.009247914110325611,0.7285372035412168,0.027613080771270265,0.7441321854902611,0.00839921077628282,0.7563074995136946,0.011372793888542374,0.7482609190589885,0.017363723120263803,0.7372681731221611,0.008293744558162069,0.7377626115935102,0.020003654595072747,0.7396458437428798,0.01329748424485171,0.7343391206619525,0.0348800722917803
uk_precision,0.6840685829250673,0.019991545990870892,0.6996860314317974,0.011170649404899152,0.7015117014307856,0.018703981484072735,0.7066002697713852,0.009636855238227247,0.6859872939019087,0.018561993391514837,0.6961835294557297,0.01681739182805861,0.6833237667975565,0.012114924802491954,0.6897218202225006,0.021688646641365005,0.6897218202225006,0.021688646641365005,0.6844140895883309,0.017309288700050173,0.6791286691854158,0.024652258280339213,0.6995017741050594,0.019056696752747092,0.6962697239952123,0.016212858725176495,0.6937511688789073,0.015031754200694433,0.7015953715661559,0.012168557559746194,0.6927500204249871,0.013500670558313492,0.7105497277024144,0.0225825238411213,0.7021551831566611,0.01967412288838266,0.6945786016309377,0.013258243011570898,0.680827643238376,0.01571981891888489,0.6875967628743771,0.031049093027653796,0.6743160702366822,0.029655413279114615,0.6863630075120504,0.020127024304289233,0.6938667088893844,0.013287979769921838,0.6932857541660861,0.02621318209718035,0.6808302169850656,0.030214647441799854,0.6897218202225006,0.021688646641365005,0.6897218202225006,0.021688646641365005,0.6868915366219829,0.008816576882480696,0.7031154774724746,0.024372768841992083,0.6842006123295705,0.018101128012281868,0.6733468051661015,0.02778415448105464,0.7068639715091435,0.007968229187424401,0.7098034614243444,0.007029379154009118,0.7008037613266925,0.01164106518329762,0.6928238279949941,0.002965519017705059,0.6914035758291206,0.015833851545592036,0.6870364716562033,0.02005176241023231,0.6835348147011103,0.03251571568620076
uk_recall,0.7769953051643192,0.010198701274361328,0.807306803785677,0.014461513867324327,0.8073626946866383,0.015325661449854195,0.8215217229301737,0.003986710149815972,0.7764550264550265,0.010160308327256238,0.8031336165138983,0.014393383076708679,0.7918250242193904,0.011737897472791354,0.8190066323869141,0.010212101306714641,0.8190066323869141,0.010212101306714641,0.8153923541247485,0.019067564018550632,0.7790632684998882,0.021806960838534797,0.7824912437588494,0.036284166792974484,0.799705641254937,0.03043880931611337,0.7867016916312691,0.024830465385349273,0.8024442954020419,0.02306781286367594,0.8096728519263731,0.023927766338469776,0.7912474849094567,0.012466422919492019,0.795439302481556,0.0193628013436212,0.8045495193382517,0.020680797017383973,0.799239883746926,0.024998355141708603,0.7856025039123631,0.03272145531377025,0.7780013413816231,0.008329279260740544,0.7934644906475893,0.03147845287379734,0.7780944928832253,0.015457401984792113,0.8018481257917878,0.012396678922592441,0.7854534615097996,0.025330120624308568,0.8190066323869141,0.010212101306714641,0.8190066323869141,0.010212101306714641,0.7963708174975781,0.034685676793086206,0.7823235710559654,0.022602990004844684,0.7921789999254788,0.02437047428029664,0.7945450480661749,0.04162905762361831,0.7856583948133244,0.01388861086854613,0.8094679186228482,0.019681816747023465,0.8029845741113347,0.03030484312145387,0.7880803338549818,0.021103177497146637,0.7910239213056114,0.0292041590086409,0.8018294954914673,0.026373864522742582,0.793539011848871,0.040759781885452505
ur,0.7296598368808435,0.028205873462657977,0.7207579073005769,0.039511149439674216,0.7400537099661826,0.02806446389759669,0.748259399244082,0.03617479039976317,0.7904814004376368,0.018844742028282947,0.7564650885219812,0.02932041914473728,0.7649194350507261,0.023927598735110918,0.7576586433260394,0.010395498946579191,0.7576586433260394,0.010395498946579191,0.733986473045554,0.021497106044325868,0.7222498508056495,0.04415118448805572,0.7659140640541078,0.017260658487979662,0.7607917246866919,0.030795401597967387,0.7558683111199522,0.04041389510992705,0.7365725084543465,0.0255671250685221,0.7547244877660633,0.05135548648177646,0.6907201113984484,0.01978378511406167,0.730007957032027,0.020664280297088024,0.7667594987069823,0.0244457606241925,0.7856077183210662,0.02852551359453573,0.6852993833300178,0.05381178844075464,0.7531828128108216,0.02859386842111347,0.7406007559180425,0.0264149694989707,0.7678038591605332,0.030956832419504348,0.756266162721305,0.016732151151700136,0.7807837676546648,0.009140490822392348,0.7576586433260394,0.010395498946579191,0.7576586433260394,0.010395498946579191,0.7641237318480207,0.02831153992224745,0.7464193355878257,0.029865105721963964,0.7576586433260394,0.04146426077755707,0.7675054704595186,0.02369604883572625,0.7098667197135469,0.03192475056054241,0.7510443604535508,0.02705902782168933,0.7605430674358464,0.025576409872371593,0.7882932166301969,0.016317069930477747,0.7567137457728268,0.03974336376249956,0.7490053709966182,0.033318488086699335,0.7521881838074398,0.02512214449424764
ur_f1,0.5239515335495891,0.03503470662364517,0.5065926543727814,0.06259335281410906,0.5386271800581351,0.03763333922477316,0.5440794220820414,0.048958755670672455,0.61915207775349,0.021284748850575557,0.5556087488359763,0.05660369013397387,0.5846694107951049,0.031342630689016465,0.5469815161867103,0.02928173158486749,0.5469815161867103,0.02928173158486749,0.5194104041582203,0.043227673401452005,0.5125800562627667,0.052284839266085,0.5821090080753168,0.02347879789697088,0.5781820843855358,0.05400941294324965,0.5671763339195239,0.07133498795493341,0.5268109331017253,0.038858234694716796,0.5562345253244885,0.07923681557324591,0.47549526550701127,0.04061520001484051,0.5261830363128062,0.031248211073179093,0.6021597785361565,0.03243853694912732,0.6023087820122939,0.06427511769295761,0.4640387532268895,0.09174506488030111,0.5676555208279777,0.03493514200416115,0.5411041805119783,0.04946121861095175,0.5984318692204493,0.05251206760315112,0.5714776730505671,0.030132539539184607,0.6026275283730738,0.02246495510913061,0.5469815161867103,0.02928173158486749,0.5469815161867103,0.02928173158486749,0.568518412747351,0.029950741936851186,0.5452060848153526,0.02852335273968801,0.5676548623398849,0.0702513876972924,0.5790552800035246,0.0386908877927361,0.5073520450122875,0.03293692930971009,0.5645525933766675,0.051333665462764716,0.5672325405701786,0.05143727666451481,0.6284157940262238,0.014872283598044662,0.5615564818843191,0.0730434024374362,0.5283840607803494,0.04452344820363089,0.5585153783421039,0.028377860748747707
ur_precision,0.48850554037660454,0.034918317545166576,0.4738282816994967,0.06556013180718112,0.5106854131392469,0.04162785346089963,0.5050660117115289,0.04786225537959862,0.5903923545102869,0.02219240587341017,0.5180442124777165,0.05496345505596784,0.5532760754582641,0.031071638384850143,0.5092607325225099,0.033973339260884056,0.5092607325225099,0.033973339260884056,0.4854833044531507,0.04392052940152729,0.4831652900587709,0.048525075771091566,0.5454602730505732,0.029173524123913486,0.5372114514866131,0.05730163853647194,0.5318110959397819,0.07606665952742339,0.4851534671858294,0.03583329292077937,0.5201012786761908,0.07629569758685847,0.4303082344040002,0.03822215888296313,0.48076920405156887,0.02395228999243934,0.562928395662943,0.03204305417322606,0.564138244151533,0.0673514409058081,0.41974885246349236,0.07831484095992838,0.5430622605465213,0.03289192015059766,0.4980849221977515,0.04477384425275247,0.5586416959765517,0.050239266080445134,0.5390842703171119,0.03328735383070539,0.5639304836498873,0.02930386103787868,0.5092607325225099,0.033973339260884056,0.5092607325225099,0.033973339260884056,0.5287373028262013,0.031413243778730504,0.5017392389566903,0.02563467024361475,0.5243621804152037,0.07298011904060905,0.5429761803308435,0.037855441058423936,0.47147808729973734,0.03241049241665347,0.5380325936042255,0.05177576710398263,0.5333645839905508,0.058615145255738584,0.597511082755653,0.011798168603660411,0.5320550794073208,0.07697910010908321,0.48826759160257593,0.04159621049902457,0.5235369655685118,0.02728528725159306
ur_recall,0.5654411764705882,0.03911240484473804,0.5448529411764705,0.059189358082462944,0.5700980392156862,0.03423894746508128,0.5899509803921569,0.05208318915781661,0.6509803921568628,0.022198179997047967,0.5992647058823529,0.059292115114712926,0.6198529411764706,0.03153933403201273,0.5909313725490196,0.02267477013254793,0.5909313725490196,0.02267477013254793,0.558578431372549,0.04251161724661532,0.5458333333333334,0.05680284765060179,0.6242647058823529,0.016156652546383158,0.6262254901960784,0.04929579060289973,0.6080882352941177,0.06577340334020838,0.5767156862745098,0.04573558308548355,0.5977941176470588,0.08224150178695222,0.5313725490196078,0.04369807751750794,0.5818627450980393,0.04742166760567511,0.6473039215686275,0.03285289095242337,0.6463235294117647,0.06007052436064379,0.520343137254902,0.11312489312966377,0.5946078431372549,0.03748210731237222,0.5924019607843137,0.05607623173162143,0.6446078431372548,0.057325701592328304,0.6083333333333333,0.02939542029522543,0.6477941176470587,0.02497435567987723,0.5909313725490196,0.02267477013254793,0.5909313725490196,0.02267477013254793,0.6149509803921569,0.029317659910403256,0.5973039215686274,0.0368691327381839,0.6196078431372549,0.06885582915231818,0.620343137254902,0.04001933884683494,0.5497549019607844,0.04009931762028767,0.5938725490196078,0.05068652735047745,0.6061274509803922,0.04168972833532964,0.6627450980392157,0.019328069389047436,0.5948529411764706,0.06854044437920644,0.575735294117647,0.04823805056155074,0.5985294117647059,0.029838945708924123
vi,0.8386026752043345,0.0074413073352053655,0.8573929841304047,0.005893208811595598,0.8551072082749704,0.005787940866908414,0.8509704927116843,0.006422696232839968,0.8455562054581557,0.0032309776319952802,0.8473340311234935,0.005836246759273807,0.8530099896870719,0.005360493398871641,0.8419697692674742,0.0035226896853378766,0.8419697692674742,0.0035226896853378766,0.8458794464882171,0.006318105039198772,0.8493042621638678,0.003786670741449101,0.8416657687749165,0.008494487903736622,0.8400187787646036,0.00533020537885489,0.8520325703818862,0.007151425241435622,0.841915895762464,0.006352038620533332,0.8356049994612649,0.0027603102140975003,0.836805609001493,0.008053123390363478,0.8385026244093154,0.004463114642027198,0.8344505672110456,0.006151856703398049,0.8437745316853171,0.0011042928784881722,0.8412386288423354,0.009802954980007035,0.8451598503855804,0.010057634887298302,0.8499276555789863,0.00571697554451839,0.8445633937229671,0.00453265248604894,0.8359667215663337,0.008701742205148875,0.845136761740576,0.0074468930567969495,0.8419697692674742,0.0035226896853378766,0.8419697692674742,0.0035226896853378766,0.8359359367063278,0.00865426401502853,0.8343004910185171,0.006866277609159333,0.8356665691812766,0.004639677325784439,0.8431126571951914,0.0018850752353036285,0.8393530561669771,0.009924305303231016,0.8427124540151154,0.0022564308399202647,0.8397032339495436,0.005838703977263401,0.8370057105915311,0.003250303341791034,0.8370749765265443,0.007801673304252202,0.8430626317976819,0.006739932183727504,0.8468761063309065,0.006117053162357218
vi_f1,0.6856766016338207,0.01699968557139806,0.7248967104438035,0.010525906789034768,0.7201576073648035,0.015618314935280039,0.7126493089961538,0.014998697105315035,0.7099958298825555,0.004107662572637391,0.7001045532349581,0.010959801127985398,0.7113715249064186,0.01703049605875581,0.6935865325631039,0.01001217646809014,0.6935865325631039,0.01001217646809014,0.7048413751170713,0.01351360659624579,0.7090963691215086,0.00853054335907356,0.6974225175800447,0.013901813230142113,0.690301516773149,0.006537033046123006,0.710941482651071,0.012656693205017465,0.6945461628389239,0.010734098716941873,0.6835970620456474,0.008044169700844466,0.6805736103789441,0.0176353925576618,0.686505067989652,0.014023632815360005,0.6858157265759864,0.009592028947353542,0.7028626671999806,0.004249614422710167,0.7022693045742259,0.023193885216166246,0.7117662500860977,0.01939813555815447,0.7120466706559976,0.010229698694010523,0.7059796699449579,0.01199896173833738,0.6840113244465427,0.01802376287425365,0.7000702437933058,0.014183652576844178,0.6935865325631039,0.01001217646809014,0.6935865325631039,0.01001217646809014,0.6851682018138986,0.018780648356296732,0.6785908284743454,0.012091104777120783,0.684507341382871,0.009782404688220241,0.6993380494195804,0.00520100604125385,0.6914713177133076,0.020921625082149047,0.6955875914671378,0.009207275151980967,0.6941678646249804,0.00929535849460999,0.6882831043094895,0.007105838562295021,0.6875800870779905,0.014696570924463732,0.6964346827520241,0.016861540630885054,0.7120551540047024,0.013413890579157478
vi_precision,0.6595158207255649,0.019749449757402074,0.6978308258545228,0.014144730668004047,0.6916905345732786,0.014252973797814664,0.6878650871381768,0.014321306264909075,0.6861446694805893,0.0028039020062459587,0.6733761564485379,0.00817569782217724,0.6879130684135837,0.02016706716994822,0.666220845573953,0.00937609507244837,0.666220845573953,0.00937609507244837,0.6762311541612691,0.01726958605122139,0.6862251556170584,0.00924930548448851,0.6709229866389833,0.014310815614347881,0.662425255410884,0.008713669594413144,0.6870129321891413,0.014180310529511015,0.6667541398784558,0.010908923813019576,0.6507479754981287,0.014564400409102214,0.6540670707015545,0.020537146600617798,0.6583720937732028,0.014489561505031624,0.657691458586624,0.014049345173349008,0.6757676927259029,0.004450900792154756,0.6758082604003199,0.025975802149205078,0.6871540628541852,0.02175289432718472,0.6877877749240936,0.012292405528795361,0.6800260277445073,0.013287907637127115,0.6577415756978078,0.02023058395021022,0.6749322736822205,0.01633235207308665,0.666220845573953,0.00937609507244837,0.666220845573953,0.00937609507244837,0.6622658109491986,0.020072271387725993,0.6504081083136493,0.013650197352314469,0.6561813634598761,0.014138218339243856,0.6733679188388139,0.0084807720001543,0.6618644840111847,0.020855216475100004,0.670189649210305,0.010893070118958606,0.6679861813637921,0.011476215613857565,0.658603713662331,0.004539198677062143,0.6612160774997384,0.016729728967147597,0.669399403193462,0.019185581406476845,0.6862789384517252,0.01137058926982101
vi_recall,0.7140424590888987,0.014087341109825837,0.754312251216276,0.012560502329021003,0.7511499336576736,0.01932206257198065,0.739296771340115,0.016072216213525246,0.7355816010614772,0.006640863559261643,0.7290579389650598,0.01418726509462416,0.7365325077399381,0.013848541668973298,0.7233303847854932,0.012141941358957332,0.7233303847854932,0.012141941358957332,0.7360681114551084,0.01085034556856971,0.7335692171605485,0.008949704872947852,0.7261609907120743,0.015315208499800087,0.7206545776205219,0.005152286792559429,0.7366209641751438,0.011525277219919399,0.7247678018575852,0.010985349095613262,0.7201901813356922,0.010173227158905188,0.7093763821318001,0.014775578933795903,0.7171826625386997,0.014409147841344448,0.7165413533834586,0.006327984852685235,0.7322423706324634,0.00603365401425144,0.7309597523219814,0.020787764147755367,0.7382574082264485,0.01743302572860988,0.7381026094648385,0.008338827447162587,0.7340114993365767,0.01094693804277879,0.7124944714727997,0.015458442227981817,0.7271782397169394,0.011868417836610386,0.7233303847854932,0.012141941358957332,0.7233303847854932,0.012141941358957332,0.7097302078726228,0.017465535906152987,0.7094427244582043,0.014136688007804491,0.7154577620521894,0.005131172203502313,0.7274436090225564,0.004544041314438884,0.7238611233967271,0.021095499835473933,0.7229986731534719,0.0072844648672471205,0.722578505086245,0.010897836407289588,0.7207872622733305,0.010562923149934032,0.7161875276426359,0.013583656209367384,0.7257850508624503,0.014655142980805863,0.7398496240601504,0.015747895623658515
wol,0.8172405156731961,0.0808244741591453,0.7086881442619494,0.12508435533939152,0.6730312936648124,0.13288421494695962,0.7685468350425773,0.194985433822105,0.9156033323666658,0.02276927430696836,0.48658089689172446,0.23879092112358685,0.8182884711713374,0.17537776961717413,0.9570799609817827,0.0013862038340387288,0.9570799609817827,0.0013862038340387288,0.2671363792148902,0.11340293351864061,0.7284477076797342,0.30175424979495474,0.8515923650839683,0.04360112858286672,0.9466135878305344,0.016886372062367996,0.7849911681737892,0.09455297649962108,0.6109712372465793,0.20902556887881846,0.40298832089847353,0.1610740155932687,0.3849687590625082,0.19984132453174988,0.8276014341831219,0.050077902337597,0.8859705781550711,0.055566680374510485,0.8817985289077535,0.03816505370188632,0.5032756847960771,0.05197753425945448,0.9207442461311328,0.024155485878100055,0.9331813028920937,0.022976778248144803,0.9544435949487227,0.0037438873048677318,0.7227333843030767,0.10852362449212266,0.8666196514724104,0.060526341785876646,0.9570799609817827,0.0013862038340387288,0.9570799609817827,0.0013862038340387288,0.5807189370172154,0.16565297442294258,0.875629432390393,0.04915002067593482,0.8934974031794574,0.05688441960446749,0.9082083256439324,0.0600229639271782,0.6611610556009596,0.06977620229531495,0.8068334607576916,0.15857670172974495,0.922945611768738,0.023171286629401686,0.9245142495584087,0.044520171861157753,0.7814386649442409,0.1119782838045149,0.954964277240252,0.0035764890817907504,0.9582663256966597,0.0033299713838829763
wol_f1,0.2896528485583472,0.06849899972507453,0.2250375940092654,0.08416355243858151,0.1835238836811545,0.05529590490376992,0.21972715705624657,0.0536408805182973,0.3666319874236953,0.043186677122023995,0.13943962458725465,0.040797292548014626,0.31457876645199984,0.12379262243389114,0.5001911221171351,0.015231783837590062,0.5001911221171351,0.015231783837590062,0.0973305271942716,0.012049831301381875,0.23635512996674013,0.07954579131137747,0.29602593808818684,0.06709470972408203,0.4597670076657562,0.06079090752524431,0.2203172659986898,0.026566762946304206,0.16870091786970273,0.06985736949302335,0.11792959051392937,0.02287737358258931,0.10468067862687842,0.03347833963438169,0.24927351256414534,0.0442459082584359,0.32926130846209833,0.064486448817162,0.3077745100500531,0.030959431135921946,0.13972380978444335,0.008736643254682312,0.3973130542798689,0.04892516361780273,0.44760440481989777,0.06181157943065432,0.47610059681757994,0.017405465674962393,0.2131653781213998,0.03839771463918649,0.3219652117532996,0.08794064481725875,0.5001911221171351,0.015231783837590062,0.5001911221171351,0.015231783837590062,0.16696397490578116,0.04699187682616964,0.327867211825675,0.054650452935746184,0.3497909130562933,0.0922951008038456,0.3827224587122992,0.07946867313451297,0.19130764330895944,0.025769075670932545,0.28380740461966103,0.06948755629604454,0.4016268675428819,0.05674152337737672,0.40902333137909147,0.07334385516351234,0.25429807725762205,0.07844422688821213,0.4840274175544595,0.02472478351930616,0.4837210827311976,0.03146665585667977
wol_precision,0.20636804860723107,0.06523992821747908,0.15407462483410894,0.07379667060525774,0.1307293912993079,0.048436196167430674,0.17920632969366695,0.064613084948799,0.3051824297761783,0.057754727074548304,0.09608761837513197,0.03511132908481561,0.2754733676332847,0.13328418761675165,0.47267445281596837,0.018902745520409804,0.47267445281596837,0.018902745520409804,0.06089444765472923,0.0067971530278437805,0.2118448460555286,0.08955301192113824,0.22547035900954604,0.0639680150868339,0.42178542242410605,0.0719742255829934,0.1749925270199866,0.05305648103436296,0.11560378924197795,0.05486046614687982,0.07656351271619341,0.012825001874816205,0.07168077969895255,0.021903858701393133,0.18409494726649697,0.04553118985303187,0.26764221113332043,0.080129514835302,0.22906680947001254,0.034597153305374585,0.08917995346595887,0.005315587494191869,0.3272446854002251,0.06214159064883296,0.38599097667989213,0.08361615949533752,0.44976817310299366,0.03019297825634986,0.1452118380242882,0.03052074464894548,0.25306705801367696,0.1037331284675149,0.47267445281596837,0.018902745520409804,0.47267445281596837,0.018902745520409804,0.11044434377751743,0.03761031364333898,0.2621148284287334,0.0716576419612079,0.28320342537925525,0.10304864762571973,0.32082371790200703,0.09197808749557967,0.12673250363554803,0.01800363622772113,0.21493988668245145,0.07228725658765875,0.33650423762179255,0.06705035375953322,0.35550631487545425,0.09559838425665458,0.1888885576252341,0.0882412197130357,0.45742725579152754,0.02951202894521266,0.4696030199206441,0.029132223793058975
wol_recall,0.5074019245003701,0.01608677356299335,0.44504071058475203,0.06510433374279989,0.32327905255366396,0.08589076798154179,0.3058845299777942,0.03843480925035591,0.4569454724895139,0.036006641253564266,0.2681347150259067,0.06315646265050008,0.3789785344189489,0.09005032609787653,0.5316432272390822,0.020869183239553182,0.5316432272390822,0.020869183239553182,0.24703923019985194,0.05650203040744587,0.27849740932642486,0.0555929209129082,0.4391191709844559,0.057650728969637285,0.5088823094004441,0.05103035130464306,0.329940784603997,0.0659017272357615,0.3238341968911917,0.08132354014909218,0.2588823094004441,0.07378293143333226,0.196521095484826,0.0715617203211254,0.3960029607698001,0.03567799273011204,0.4495435479891438,0.01274192088198901,0.47612879348630643,0.013813070027032984,0.32327905255366396,0.02861891355817518,0.5135085122131754,0.0317241049744149,0.5438564026646928,0.03468323620987454,0.5079570688378978,0.03236244077432792,0.40377498149518876,0.04023679622480203,0.46780162842339007,0.04140228385399193,0.5316432272390822,0.020869183239553182,0.5316432272390822,0.020869183239553182,0.35381199111769057,0.061701452862450136,0.45336787564766834,0.02430642941076797,0.4753886010362694,0.045126958451021965,0.4901924500370096,0.02880971902869134,0.39193190229459657,0.05467579392488512,0.44596595114729826,0.026602342280838673,0.503700962250185,0.03705154299918333,0.4992598075499629,0.024117858452105262,0.43652849740932637,0.06137016799804889,0.5146188008882309,0.026443109811837492,0.5001850481125092,0.04527644942273922
xho,0.8363404998860442,0.0020494448013699575,0.8172624021879511,0.012549990738218733,0.8004824128238244,0.028712477831142797,0.8204246752260123,0.008464067593854672,0.8478563650636887,0.00012210553269258789,0.786029020739953,0.013259812837984065,0.8269771328724456,0.007461372935331929,0.8485527615285269,0.0017959170362275576,0.8485527615285269,0.0017959170362275576,0.724730304641799,0.03944359745278241,0.8079370204360707,0.0066528360168691,0.8245935576996126,0.006592121197858822,0.8458653042619464,0.0017432917791048296,0.824754995061916,0.010712000952879023,0.7958292182633139,0.027275216599521535,0.7819551014206487,0.0212402129450716,0.7715946212869407,0.024201530812896034,0.8398161513332827,0.0036740474096949687,0.8406613234065183,0.0041914087122068774,0.8422377117678341,0.0029547837979124743,0.821146395198663,0.005367403952820918,0.8456278963762061,0.0023969873986604377,0.8395217655549647,0.006922729275447665,0.8481539162804832,0.0007970873273841975,0.8235394666869255,0.003712010785226697,0.8453525032287472,0.0023416458164591592,0.8485527615285269,0.0017959170362275576,0.8485527615285269,0.0017959170362275576,0.8260749829066322,0.0055423239146911284,0.8434532401428246,0.000695157964861557,0.8453050216515992,0.004124448509941039,0.8455519258527691,0.003862810395941792,0.8230646509154448,0.0065172496264847245,0.8421047633518195,0.005026544869790369,0.8454284737521841,0.006157079726039103,0.8454379700676138,0.0026854263681734933,0.8448302058801185,0.002717119164055229,0.8479639899718909,0.0012477450205619497,0.8475366557775583,0.0018524388293332137
xho_f1,0.13382304940808348,0.004363296761057487,0.11620023240483078,0.010369568945978638,0.11336340425003963,0.004785575646396013,0.11635488240672517,0.0025737370425764233,0.13612143837029056,0.008004037932949614,0.10809877050134947,0.008534524184756814,0.12021063022508124,0.006539780800648912,0.13355997104411368,0.004342257440956848,0.13355997104411368,0.004342257440956848,0.09915176763949114,0.010627809542500663,0.11581042222137662,0.007263665648451476,0.11960188857742031,0.009447431031471137,0.12559614119221052,0.00935543662663135,0.12158410186749943,0.006586339888989531,0.10919242775135048,0.006422919709004232,0.10860138272749512,0.00846857128837487,0.10871497432143618,0.006100006053729129,0.1236226722281327,0.008272458067587897,0.12375324511703349,0.0056655766439299565,0.13249176948417773,0.010133712114784822,0.13343658708237785,0.015918238125058434,0.13031961136797116,0.002523016214474121,0.1324582698925103,0.005345878336608287,0.13248067380620443,0.006393989732263273,0.129362985999021,0.0049062063383872425,0.13211969645655672,0.00934767010782911,0.13355997104411368,0.004342257440956848,0.13355997104411368,0.004342257440956848,0.12361501158695574,0.0060596977325472435,0.12732547991722148,0.0142174881402658,0.13313400152020582,0.010273011657146044,0.1347851913428696,0.011716433699235551,0.132094609066771,0.014550357067180076,0.12799851233169887,0.0047057254092437405,0.1329074377168385,0.007777640758826798,0.13215543351318348,0.007441997425584232,0.13671394872002726,0.007813656217980074,0.1302027476740901,0.00891056735293974,0.12618552571009206,0.007094399829637382
xho_precision,0.15290963075647868,0.005758132864493154,0.13134534464793762,0.013067571490955483,0.13006988278615395,0.011798518682744168,0.13883160042042592,0.004461456840892461,0.17095315945136483,0.007575366143706537,0.11841291909121145,0.010131141258617507,0.1473335009662519,0.007432776909070642,0.16957578692708214,0.005955846941085685,0.16957578692708214,0.005955846941085685,0.09547219695496548,0.015676614605076144,0.13548447114128964,0.008435515764701243,0.14159776854363454,0.012778844379325053,0.158768256231071,0.011776687260678759,0.1474966313119923,0.009309870329181739,0.12066829233135179,0.013636452609064036,0.1173032155892118,0.01138218074307176,0.12058532448008352,0.009369838502454646,0.14976045044229436,0.009301869626628777,0.151735149555706,0.0040294175671286864,0.15952351827995875,0.009241020071379199,0.14764722622386084,0.014452361877215028,0.1598425020464168,0.004751374894863918,0.15946645705196452,0.006713102929099262,0.1663797607233153,0.007572751584570946,0.14091200387524938,0.005634813473901871,0.1642238419279871,0.009012994809938576,0.16957578692708214,0.005955846941085685,0.16957578692708214,0.005955846941085685,0.14070399466007671,0.007158006982481431,0.1543981677039039,0.013108685649383361,0.16445240003676437,0.014529690663623225,0.16538032131771074,0.01704321119229515,0.14575994388342833,0.014133629670310939,0.15554570429868542,0.005881816781093767,0.1655630316509135,0.010775927125284072,0.16326292577643403,0.010431478992004278,0.16797614645746342,0.012837880698368288,0.16433663224711437,0.011571783942939213,0.16192063213091368,0.010008046043217136
xho_recall,0.11897767332549938,0.0034501136601968216,0.10438699569134348,0.009602546550827476,0.10086173129651385,0.005011056551089049,0.10017626321974145,0.002358322479199425,0.11310223266745,0.007757658566525021,0.099490795142969,0.007682303529628198,0.10164512338425377,0.006951915138777469,0.11016451233842535,0.003420338659728351,0.11016451233842535,0.003420338659728351,0.10379945162553852,0.006624181169325421,0.10115550332941635,0.006657872637249093,0.10360360360360357,0.007928015659099256,0.10389737563650603,0.007816765391098726,0.10370152761457105,0.007972241455952824,0.10007833920877394,0.002528387091139466,0.10115550332941632,0.006196354100883848,0.09919702311006653,0.005786637956401921,0.10526831179005088,0.0075437512484218885,0.10458284371327844,0.006911335823405674,0.11339600470035249,0.010753227623388428,0.12191539365452406,0.01719117301106814,0.1107194150672411,0.003554160488005251,0.11339600470035249,0.006147673256035261,0.11006658832745787,0.005640060338544243,0.11956521739130432,0.004342647439499333,0.11065413239326277,0.009813269316680263,0.11016451233842535,0.003420338659728351,0.11016451233842535,0.003420338659728351,0.1102624363493928,0.005734480025067953,0.10432171301736516,0.014135470332826404,0.11192714453584016,0.008631396579227141,0.11378770074422245,0.00877317531131077,0.12093615354484913,0.015245566160502154,0.10889150019584798,0.006258971048025554,0.11104582843713273,0.006319956292090833,0.11267789528659089,0.006283436174704766,0.11545240893066977,0.007016900552159612,0.1078143360752056,0.007274552380572915,0.10340775558166858,0.0058361396105567325
yo,0.6272365805168987,0.06165159209537773,0.6426441351888668,0.03531742605002191,0.6714711729622267,0.012716925820010282,0.6063618290258449,0.05345657916401097,0.69831013916501,0.02803932802921141,0.6610337972166997,0.010828452377977594,0.6222664015904573,0.03946209391904414,0.6739562624254474,0.05332085537413238,0.6739562624254474,0.05332085537413238,0.6505964214711729,0.020874751491053705,0.6366799204771372,0.023600064815273478,0.6257455268389662,0.03375333369055599,0.6789264413518887,0.0201767227934239,0.6148111332007953,0.04766882690553605,0.6600397614314115,0.018964994063955205,0.6674950298210736,0.012079341374127365,0.6714711729622267,0.01409288954150874,0.6709741550695825,0.004217336667116561,0.6774353876739563,0.004970178926441329,0.6774353876739563,0.013904662199043908,0.6610337972166997,0.020176722793423873,0.6476143141153081,0.030471155948538737,0.6600397614314115,0.0343961279585447,0.6993041749502982,0.02112569665910551,0.621272365805169,0.05862845196215965,0.6832339297548046,0.015945936932426793,0.6739562624254474,0.05332085537413238,0.6739562624254474,0.05332085537413238,0.689198144466534,0.004138500992974463,0.6749502982107356,0.023773878216901325,0.6804174950298211,0.057376333357417604,0.6724652087475149,0.0365997802738292,0.6167992047713717,0.07525623410311144,0.6441351888667992,0.03242446606421491,0.6510934393638171,0.030648988945917017,0.6684890656063618,0.02309217373628355,0.6098409542743539,0.05584027912245049,0.6794234592445328,0.016343754082357213,0.6766070245195493,0.039076270345409066
yo_f1,0.4496804176458706,0.1188839642668044,0.4404454148912922,0.10122575301341123,0.5125057135510682,0.036753278039514906,0.44355237204288867,0.0975886024287235,0.5465678400546821,0.05134462325905882,0.49897244173906286,0.006448945144971437,0.43613233216043945,0.04563025295361247,0.5096656376132358,0.060992675768027756,0.5096656376132358,0.060992675768027756,0.49845861792247786,0.0596836650461899,0.45703616130534525,0.027050229645834985,0.4090197688703237,0.03015554293953241,0.5261928125294715,0.026641006876654386,0.4644203413940256,0.0721518948936153,0.4956438348286174,0.02857544364135212,0.5022923029334825,0.028371298404958032,0.5282166782845252,0.028777177846352517,0.5169913045302453,0.0072583080835700526,0.531299607995787,0.021048493924091374,0.5252098527098527,0.023867238895160042,0.5188649114230509,0.035028882391980126,0.42284892633183446,0.08724197195572483,0.4968678035290926,0.04466733666199202,0.531234734094077,0.05559584625190932,0.4677673837890556,0.08286199977562764,0.5374662067132365,0.022563944888345802,0.5096656376132358,0.060992675768027756,0.5096656376132358,0.060992675768027756,0.5704794018959147,0.009290041546917954,0.5222189429324537,0.04200765699365321,0.5129200327830464,0.0918897313420687,0.5093160043047332,0.047027850299512994,0.44042713544302603,0.09295191482175652,0.4659262281345553,0.08968146162435135,0.4502595332164889,0.10632102620286331,0.4593971435007773,0.08501049867816399,0.42965824360010973,0.09304404279221119,0.49066807139344737,0.043484530587988054,0.5087530113776283,0.03243623335064498
yo_precision,0.43332207925372945,0.12829515610571965,0.4257132501787787,0.10983647511465632,0.5147502483531534,0.05204191148895871,0.4554610014168838,0.10749354660567027,0.5352253840580575,0.054808928143941824,0.49720498047703926,0.02634533733230808,0.4405784567490993,0.05765192540108853,0.49767923991476937,0.06804284301577243,0.49767923991476937,0.06804284301577243,0.5044608342283369,0.07433610727911556,0.4550894466734243,0.03255490818722545,0.39016679713852925,0.036535874436085,0.5168606996349708,0.03226182035604629,0.46298807483018006,0.0707738809817503,0.49183399023326146,0.01982818984067719,0.4964347975006425,0.033260412506971426,0.5415299819628097,0.029651433906489277,0.5302613738705304,0.015198578551889108,0.5268424477535076,0.02367173671365936,0.5259154823197674,0.02103945725524751,0.5247180125469599,0.02605758545092536,0.40170204888884553,0.09852846975440702,0.49214702743032845,0.04167804897019173,0.5206373152709359,0.06555475392426229,0.4649669240377205,0.08730203012581604,0.5368242895637871,0.016262023390256772,0.49767923991476937,0.06804284301577243,0.49767923991476937,0.06804284301577243,0.5711802245919219,0.011365767910572578,0.5268702795456042,0.04457192297942976,0.50626990919032,0.09917658342284934,0.49753724589250903,0.05474105783998112,0.4353776342603493,0.08634768866864735,0.45329612550770815,0.10417006446267897,0.43043632428071865,0.11471039650904145,0.445451647291948,0.09476514005247064,0.4158927172514129,0.09980654098631095,0.4723433430601197,0.052757719877717414,0.5021959931531494,0.041191769441690645
yo_recall,0.46846846846846846,0.10684953077872193,0.4572072072072072,0.08990220648602228,0.5112612612612613,0.026901610911665052,0.4324324324324324,0.08857586308560136,0.5585585585585585,0.04823537058321025,0.5022522522522522,0.019976178221696797,0.4324324324324324,0.03677912526701467,0.5225225225225225,0.053043608806773876,0.5225225225225225,0.053043608806773876,0.4932432432432432,0.04556754025673729,0.45945945945945943,0.026521804403386934,0.4301801801801801,0.023693294051140373,0.5405405405405405,0.023835597396978332,0.48648648648648646,0.07697300671457237,0.4924924924924925,0.044440386146993284,0.5090090090090089,0.030771623921800655,0.5157657657657657,0.030661528313306492,0.5045045045045045,,0.536036036036036,0.021445731016645212,0.5247747747747747,0.02976610750990843,0.5135135135135135,0.04474373701426827,0.44819819819819817,0.07622246334232466,0.4894894894894895,0.05430372768776315,0.5427927927927928,0.04496990730291876,0.4707207207207207,0.07832313126573563,0.5382882882882882,0.029766107509908418,0.5225225225225225,0.053043608806773876,0.5225225225225225,0.053043608806773876,0.5675675675675675,0.009009009009009,0.5180180180180181,0.04193465478609288,0.5202702702702702,0.08495102198087467,0.5315315315315315,0.0476711947939566,0.44594594594594594,0.10018514905472842,0.48198198198198194,0.07519509925254604,0.4729729729729729,0.09576707939400587,0.4752252252252252,0.0736960431940422,0.44594594594594594,0.08780895806134204,0.5112612612612613,0.03400826322194036,0.5157657657657657,0.02369329405114044
yor,0.8567321916887076,0.05780283761489493,0.7229345048639441,0.1454420991051425,0.6182196171605325,0.13756208043115667,0.7344443448244945,0.24305979815915896,0.9228885551620567,0.006122927638637188,0.4260882234276236,0.24990932823615547,0.8612319003003541,0.09780512263942148,0.9203557179360737,0.009046541982559247,0.9203557179360737,0.009046541982559247,0.2831678396915766,0.10286149851022601,0.8577016183260859,0.06759193416400845,0.8134442103375622,0.12143092520278069,0.9050186040256422,0.020920340240722098,0.8207905590173488,0.07989453131324067,0.7671694983637423,0.2123879478893052,0.6026639619850271,0.2375804538190697,0.5947404402205585,0.28042944143411497,0.7918030214730802,0.07246991751019465,0.8788496884386068,0.023884135670709492,0.7784047608374053,0.07692196297535495,0.5338290671089791,0.08783269752982574,0.91017393643251,0.01777599914283798,0.8481810642399247,0.05141780914392101,0.9190836957009011,0.006850722424720046,0.9036289057246605,0.019728634025074167,0.8811247590442461,0.02697237359281102,0.9203557179360737,0.009046541982559247,0.9203557179360737,0.009046541982559247,0.48767203120096825,0.2206194966180415,0.8845205540861614,0.040621271094909275,0.9163379208320258,0.012341606924317556,0.9183384139507778,0.005298877895495874,0.8948760478773479,0.020910303419092443,0.731026135293854,0.18585394553886453,0.9078988658268705,0.013400202974538407,0.860783610525844,0.09632558312483017,0.6877213430761644,0.24376633369243278,0.9190444703456313,0.006835656558690892,0.9349923790738334,0.0039782770873108145
yor_f1,0.2615503860702625,0.05216593252281616,0.1837068081580269,0.07703417716217244,0.10853675539316504,0.011265981072429503,0.1523372354168238,0.05461822889684251,0.3170880728407621,0.019927093279830447,0.10184910115419289,0.03417946335052365,0.24449337032064541,0.06989198966100009,0.3301716819508399,0.024919105648949478,0.3301716819508399,0.024919105648949478,0.08204219853983097,0.014549151770608943,0.20650277445436643,0.027499594371330618,0.2132173944765226,0.06543862154575188,0.2879987989469885,0.032922429156220526,0.21133405203476366,0.045229647313541385,0.20522845974664528,0.05818406689814838,0.13819963210413005,0.04037810878448904,0.10850443785091074,0.024712018702308155,0.19756698981623547,0.03879246154978519,0.2693406410614147,0.02061340440276563,0.18477638942715408,0.04406886411949688,0.11326677996511822,0.01584666341404021,0.3057069307588873,0.02880848008403102,0.23334025223659088,0.03573692039652217,0.304439663108702,0.022936723141222283,0.2672914749489861,0.029220144657830672,0.27072281362316186,0.03399130882105213,0.3301716819508399,0.024919105648949478,0.3301716819508399,0.024919105648949478,0.10659938285791914,0.043905077819469195,0.2560370323087135,0.039776291222991256,0.3201130046388725,0.03669351368804814,0.32336142234391346,0.016378992750653576,0.2554742831512382,0.03388521858072909,0.1751978689337041,0.056117969495153665,0.29031642531498403,0.02318331624731912,0.2539914786335262,0.0614822124348834,0.18347492929688258,0.08541297399453916,0.31666613160625384,0.006932749241944633,0.3341443824413719,0.02830111806013356
yor_precision,0.20809748130753547,0.060134054756738525,0.13932489966447065,0.0852207504856902,0.0778924337181393,0.010549167534241982,0.13383632608107782,0.05990577667828235,0.2885563125798221,0.01785196797822826,0.07074755163128972,0.0262045670799694,0.23654213436809365,0.08993720051898016,0.2970043309275316,0.025620030959524347,0.2970043309275316,0.025620030959524347,0.05222393839701255,0.008903457593443189,0.20086202491261676,0.04169344364232675,0.17767679555001542,0.0724382500991559,0.2524169341240936,0.04193716514925503,0.18244518101809326,0.05246564500160741,0.16834136850139297,0.06390274834880288,0.09718321774751101,0.032657984000904465,0.08335124205289278,0.02401163866471638,0.148601075766652,0.03746085676317976,0.2253552500123886,0.025423504713149362,0.13302409364526,0.041599285337048916,0.0747111509135639,0.012214170254313123,0.26441110926063216,0.03588048733654859,0.1900617085601346,0.04617317171531621,0.2789827187767992,0.029855403114193713,0.22934530349354104,0.03565693475345462,0.22361700245984545,0.04425254654212033,0.2970043309275316,0.025620030959524347,0.2970043309275316,0.025620030959524347,0.07208049906590018,0.034368841257221575,0.2211866279044863,0.04374411239089305,0.2907203771663963,0.041844041425394586,0.286112215273047,0.018554467774635344,0.21299490850172234,0.029366373435562743,0.1299674378461492,0.05005124654142722,0.2554506301319346,0.033592429790512544,0.21380136260522942,0.06905517780335074,0.1517413862147752,0.0964356444799755,0.28379401397037285,0.01133091036903096,0.31994922774118173,0.019400760581098752
yor_recall,0.3613595706618962,0.019242514506509167,0.3044126416219439,0.02532006409727147,0.1826177698270721,0.02650866634513446,0.18843172331544422,0.04744263394374736,0.3531604054859868,0.032337638120429946,0.1876863446630888,0.06118307231200199,0.2604353011329755,0.04240988379684747,0.3719439475253429,0.024486567965923835,0.3719439475253429,0.024486567965923835,0.19171138938580795,0.04016532884686682,0.21705426356589144,0.024735193386022626,0.2816040548598688,0.024404141781750894,0.33825283243887894,0.014528065410944296,0.2689326177698271,0.05402605390881975,0.2883124627310673,0.04584557426124133,0.24612403100775193,0.06516616119879357,0.15846750149075728,0.024621727220957394,0.30053667262969586,0.024992610310474936,0.33735837805605245,0.02616664826101178,0.313953488372093,0.02036471240563412,0.2353905784138342,0.016492025563111613,0.36419200954084674,0.012662372381782399,0.31112104949314245,0.038310239098574034,0.336463923673226,0.02075028498761486,0.32349433512224207,0.029003052761593102,0.3488372093023256,0.020810886543369298,0.3719439475253429,0.024486567965923835,0.3719439475253429,0.024486567965923835,0.2112403100775193,0.05606172504731238,0.30590339892665475,0.03169206513711405,0.35763267740011917,0.03503290238801251,0.372242098986285,0.017931276033100643,0.31946929039952293,0.04191511885350476,0.27757901013714964,0.04395282459480113,0.3389982110912343,0.00914115069573994,0.3263267740011926,0.018076111088120763,0.2649075730471079,0.0756410119302096,0.3586762075134168,0.011588340963743556,0.3506261180679785,0.04127002140250039
zh,0.6632844078777628,0.0119897087452029,0.6724077630937706,0.008090623099605291,0.7087779147435713,0.02911289232003398,0.7151119456468766,0.01630207349081364,0.6677536335750939,0.012848287631427003,0.6934710317346559,0.005400334134419135,0.7114439698420434,0.017884155783356604,0.6619929478542557,0.018578024538688547,0.6619929478542557,0.018578024538688547,0.6638520196084052,0.013126021721110982,0.7063755984290342,0.014996957617633661,0.684151305793653,0.005247210870541739,0.653742510678554,0.010142112191175424,0.6910959493162858,0.013995135896835582,0.6752329214803773,0.017622568794295794,0.6658157268583551,0.012963505212905327,0.6712596393658803,0.016796428946670515,0.6700197804087951,0.018686414315153478,0.6676876988791102,0.005928526653033427,0.6638821202304848,0.01724931127724635,0.6688186222515266,0.01861084879880863,0.6643866639910558,0.008955557537990941,0.6883467591663561,0.013678642295126922,0.6738167588796835,0.007991401311891334,0.6782028495255569,0.007667845926558829,0.6687068199409455,0.02528663057505382,0.6619929478542557,0.018578024538688547,0.6619929478542557,0.018578024538688547,0.6765401484964022,0.01683694966820211,0.6807427686838861,0.015487525676283819,0.6596063985322363,0.011043777598468767,0.6584238740933979,0.010686002732431582,0.6705873921394376,0.020819357812878348,0.6679958719146862,0.018042564981853103,0.6634535447065906,0.019561168839495366,0.6582060029240604,0.017407420068740326,0.67076226242009,0.028927276870615498,0.6627669638505862,0.021816634525310418,0.6674583608061233,0.007486555390517161
zh_f1,0.3335425787638898,0.019402266105835474,0.31256863249164846,0.016541276820350264,0.31554489553612575,0.00968008429342403,0.34333221346697557,0.014742933173846005,0.3361259612179116,0.013877773211226479,0.3417233683362319,0.010813117686720395,0.3500839071812513,0.027603928290572656,0.3259245673547906,0.00978435022670445,0.3259245673547906,0.00978435022670445,0.31798084470746957,0.014841902698402859,0.3341387652734324,0.013859150289467824,0.3433800805650386,0.004859307201938496,0.33464739948055605,0.02189309011864121,0.3389966065465709,0.028270297606851038,0.326374288125057,0.029200334338704604,0.3324151112306364,0.01831353438778616,0.3321281386288729,0.0341824553191353,0.3140900243096948,0.02302805837823045,0.33631100027675837,0.010990041240265596,0.3347054449246287,0.02792046069375455,0.3230461753950858,0.020850983557371805,0.31350618828043575,0.024675190522391584,0.342742324109214,0.03000420411371686,0.3356501328308063,0.0037329426595813084,0.3235272589452214,0.027747185467010566,0.32944161284990603,0.036680922421112296,0.3259245673547906,0.00978435022670445,0.3259245673547906,0.00978435022670445,0.3295258164165374,0.01651637252533533,0.3257501426811945,0.03166182608802416,0.33162433813352515,0.021316814578552584,0.32458830550869266,0.023769729956054943,0.3021956199568459,0.01610691285584536,0.3193117420613334,0.012859519311051079,0.30965074967633716,0.02079525616026274,0.32137900414664383,0.029559799094394126,0.3327013555421227,0.029211487990406963,0.34696053905472907,0.03598709549540519,0.33566865076544483,0.018595614763116476
zh_precision,0.2613107326623656,0.01806184611854677,0.2395136606491321,0.013761144270015969,0.25388001013489636,0.008856647515991084,0.27311893035193685,0.011549799207641659,0.26428147358383725,0.014105206479245987,0.26812584583457033,0.011216453291222558,0.280046519561703,0.025762722240553218,0.24820249473335493,0.008837056149152395,0.24820249473335493,0.008837056149152395,0.25054800595051163,0.013572607930601315,0.2666052720339052,0.013289985620503496,0.2702058956840715,0.003956713505696577,0.2573218362684322,0.01856202824331286,0.270472045183067,0.02643627757623957,0.2527626563697439,0.02602401577179155,0.2562477710612815,0.016281343550116175,0.26180161996773543,0.030481362158405446,0.24130574397802224,0.02031442948551131,0.25996492029364904,0.011172966248451892,0.2586694494889499,0.026856994278370787,0.2505566478998401,0.02118643393380259,0.2430892731387182,0.02038266113982561,0.26848944214927706,0.02687098995238769,0.2637909979014865,0.0011179184852171404,0.25411256038942587,0.025519598267749004,0.2519134984738241,0.03302337784352965,0.24820249473335493,0.008837056149152395,0.24820249473335493,0.008837056149152395,0.25649905865745426,0.015510845840559085,0.25236355471852817,0.02971152357986336,0.2542660376538395,0.01955905401291186,0.2476985410654351,0.020901704386230444,0.23543302264326693,0.014426560872253786,0.24825204121428351,0.01186528695588252,0.2373853557270516,0.017726764034517648,0.2453372929965147,0.02552783602700735,0.2630335304308563,0.023540769266610573,0.26674645893475724,0.03299263704180519,0.25660093414846374,0.016441555311638156
zh_recall,0.4613834378307955,0.020464645803256448,0.4500040713296962,0.022628243881170084,0.416822734305024,0.010449499470281348,0.4624216269033466,0.024403085146059572,0.4618516407458676,0.009810693793625867,0.4712156990473088,0.008239523738501989,0.4671647259995114,0.026488675084139292,0.47461525934370163,0.01043179756805387,0.47461525934370163,0.01043179756805387,0.4353269277746112,0.017492304303267665,0.4478259099421871,0.016472793152013436,0.4709103493200879,0.0064737556193759545,0.47858480579757345,0.026362564527967317,0.4544011074016774,0.0272306324699982,0.46081345167331644,0.030258818744830603,0.4732513638954482,0.020416598746644567,0.4544825339956029,0.03673248025715009,0.44998371468121484,0.024265705625532742,0.4763455744646201,0.006989735214919958,0.4748798957739598,0.023134803344220807,0.4552764432863773,0.013293478556482401,0.44145427896751077,0.030999943087711177,0.4741266997801482,0.03171537959391176,0.4614852210732025,0.012859130120244732,0.4457088185001221,0.027914668603207862,0.47677306408272946,0.03452073863188021,0.47461525934370163,0.01043179756805387,0.47461525934370163,0.01043179756805387,0.46091523491572345,0.015446534011875783,0.46028417881280026,0.02901235940507698,0.47699698721602474,0.020045611174830554,0.47097141926553204,0.02418694244776908,0.42215617620714924,0.01981467825831368,0.447927693184594,0.020492449345900658,0.44550525201530816,0.026232035672342755,0.46606546698151613,0.03208933634578538,0.4525893656868333,0.038521312871071446,0.49721113915804904,0.032340020006735484,0.4853432130933963,0.01891815093012926
zul,0.8984225254926014,0.0007926891145344006,0.881804416161926,0.012219399731445457,0.8701410718393008,0.025343109153717115,0.8849670321245112,0.0071594251695579,0.9109100667024458,0.0014948909860294018,0.8576151958905159,0.009026420148423985,0.8886759181169976,0.006260506140267367,0.9135743310588055,0.0018279146243640482,0.9135743310588055,0.0018279146243640482,0.8054703672467991,0.03458666711209071,0.8697768918193667,0.005206096546641874,0.8900655524035881,0.004621668411331457,0.9093000076669479,0.0019413684778955796,0.8888100897032891,0.008009453308964598,0.867658897492908,0.019913199600304275,0.8535229625086254,0.018687651160660734,0.8488173733036878,0.023728065411040698,0.9030897799585984,0.0031072428320416006,0.9065686575174423,0.004304244677539952,0.9072874338725753,0.0043773840660119405,0.8847274400061336,0.0026766689882550846,0.9104404661504255,0.0025531003287182588,0.9023422525492601,0.005556509882435651,0.913085563137315,0.001981668714035133,0.8857720616422602,0.00497696290242512,0.9072970175573105,0.004415253933755165,0.9135743310588055,0.0018279146243640482,0.9135743310588055,0.0018279146243640482,0.891666027754351,0.00859935153892969,0.9067890822663498,0.001428022624551496,0.9093383424058882,0.005261504017391251,0.9114659204170819,0.001996721098383101,0.8862416621942805,0.0072495238238814595,0.9060319711722763,0.0060368288682013365,0.9096354366326765,0.008904028829477086,0.9082074676071455,0.0039629666241748655,0.9089262439622786,0.002445098316393464,0.9130951468220502,0.002875020230961117,0.9127501341715863,0.0016829488877250307
zul_f1,0.2672417839539125,0.012124644819550622,0.2442414610726943,0.020294383027846787,0.2299492073932486,0.020486774662455333,0.23577141583442376,0.01644088332750473,0.26823022874009994,0.008750870692135595,0.2038699305817342,0.01859041280105092,0.2422498946581322,0.009992098462053588,0.28556953771709587,0.014135384673780848,0.28556953771709587,0.014135384673780848,0.18945414725739046,0.02982141777310859,0.23221800124527966,0.023320969735973623,0.2588928271047918,0.01431877748341225,0.26809516709237713,0.018887540352179044,0.2581470836134153,0.005208671041816354,0.23159083499570407,0.02731449090483317,0.2284432101648871,0.018872090456065492,0.21727244013217967,0.02164749310236893,0.24978973731372475,0.025056583735942325,0.27403102043716854,0.010279654613142623,0.2767668904525249,0.023464892173919057,0.23776270224350354,0.03690245949660265,0.2684521759972669,0.022815787577702085,0.27209919467974086,0.02296718211127215,0.2719048867291327,0.01844114632758774,0.25679714698320255,0.008229991077399315,0.25176869348889924,0.01954093863003483,0.28556953771709587,0.014135384673780848,0.28556953771709587,0.014135384673780848,0.25654091771055043,0.024864538115906692,0.2671347976778681,0.03198007874329537,0.2633775088218951,0.022359871304883122,0.28905948838279627,0.006380251190126726,0.24171048337617815,0.02436723547952873,0.2603214979068521,0.027777245814993586,0.2794456122678697,0.030489345640226317,0.26438084442439247,0.015650853112280944,0.2791594490204786,0.014382445685079957,0.27760965373350066,0.02816775631259283,0.27311247171712616,0.02451427662794944
zul_precision,0.2974757401330371,0.016263171154260077,0.26693140059237735,0.02983735760024627,0.2556099810831157,0.04013208016210963,0.2728392434460545,0.025455512077128022,0.3408157545366016,0.008737753232245507,0.2152536456608243,0.017169258262870683,0.2851376321685508,0.01012297937640553,0.3766460850099107,0.020173817108631885,0.3766460850099107,0.020173817108631885,0.16859973304658504,0.03518745252020332,0.25846541975273335,0.02846646134134178,0.29833739783033286,0.013878430490831076,0.3513175491448839,0.0207104901829373,0.3051773396179811,0.01837677027552356,0.2490214629041804,0.03420063565295146,0.23854774713874416,0.027199303901147328,0.23585843555081393,0.036358527013932086,0.3064605804858795,0.02554675117901793,0.33958918263445237,0.023834534990030895,0.3415331754250266,0.028991625647876423,0.2556244890226531,0.031011048827181056,0.32948142731954844,0.0317662154492224,0.32525806192589424,0.02723024330566918,0.35131062853081463,0.02831881483894047,0.26687577123431283,0.00917737804350724,0.317166290513065,0.019382912934819637,0.3766460850099107,0.020173817108631885,0.3766460850099107,0.020173817108631885,0.2866441763325913,0.032001699627651994,0.32489841911421974,0.026323659753323073,0.3361566719706139,0.03903899563512042,0.3545677620414912,0.01496313679711583,0.25861776229493116,0.020623895053498428,0.3140759937801244,0.0411105030468716,0.35429401883120976,0.0441241065772965,0.3292647099809792,0.021079495391495673,0.34311167696601885,0.027626302721182324,0.3581371549921632,0.03442575240248152,0.36544913419913416,0.023548979844206976
zul_recall,0.24264705882352938,0.009806695033722598,0.226063829787234,0.01883160931115142,0.2110450563204005,0.020267198361608504,0.20775969962453067,0.011873382954324312,0.22121401752190234,0.009428359933241152,0.1936795994993742,0.019765870973788662,0.2108886107634543,0.013195945476791567,0.22997496871088857,0.010964590405466329,0.22997496871088857,0.010964590405466329,0.21839799749687105,0.025254532239068334,0.21088861076345428,0.01991390735896977,0.22887984981226528,0.01618487067345683,0.21683354192740925,0.01728564119766351,0.22449937421777222,0.01240433397050506,0.21824155193992487,0.02955289284134763,0.21949311639549432,0.011486414194238246,0.20275344180225277,0.01327484570437823,0.21088861076345428,0.023840030682623234,0.22997496871088857,0.006184383429442482,0.23326032540675842,0.024049232486264286,0.22293491864831033,0.041808544514136965,0.2268460575719649,0.020498547376920122,0.23435544430538172,0.02298986844154641,0.22183979974968704,0.013638607457886968,0.24749687108886104,0.008341155203642972,0.20932415519399244,0.022098177200262317,0.22997496871088857,0.010964590405466329,0.22997496871088857,0.010964590405466329,0.23232165206508132,0.020299376199384964,0.22715894868585726,0.033415442810235625,0.2168335419274092,0.01540068582501644,0.2442115143929912,0.007250707275504681,0.2279411764705882,0.031278158283121214,0.22293491864831033,0.023836608292005332,0.23091364205256568,0.02355358738138552,0.22105757196495615,0.014382784649012739,0.23576345431789733,0.012695567388734586,0.22668961201501875,0.02397312282835408,0.2182415519399249,0.023450140078287527
