final_eval_af_accuracy,final_eval_ar_accuracy,final_eval_bg_accuracy,final_eval_de_accuracy,final_eval_el_accuracy,final_eval_es_accuracy,final_eval_et_accuracy,final_eval_eu_accuracy,final_eval_fa_accuracy,final_eval_fi_accuracy,final_eval_fr_accuracy,final_eval_he_accuracy,final_eval_hi_accuracy,final_eval_hu_accuracy,final_eval_id_accuracy,final_eval_it_accuracy,final_eval_ja_accuracy,final_eval_kk_accuracy,final_eval_ko_accuracy,final_eval_lt_accuracy,final_eval_mr_accuracy,final_eval_nl_accuracy,final_eval_pl_accuracy,final_eval_pt_accuracy,final_eval_ro_accuracy,final_eval_ru_accuracy,final_eval_ta_accuracy,final_eval_te_accuracy,final_eval_th_accuracy,final_eval_tl_accuracy,final_eval_tr_accuracy,final_eval_uk_accuracy,final_eval_ur_accuracy,final_eval_vi_accuracy,final_eval_zh_accuracy,final_eval_bam_accuracy,final_eval_ewe_accuracy,final_eval_fon_accuracy,final_eval_hau_accuracy,final_eval_ibo_accuracy,final_eval_kin_accuracy,final_eval_lug_accuracy,final_eval_luo_accuracy,final_eval_mos_accuracy,final_eval_nya_accuracy,final_eval_sna_accuracy,final_eval_swa_accuracy,final_eval_tsn_accuracy,final_eval_twi_accuracy,final_eval_wol_accuracy,final_eval_xho_accuracy,final_eval_yor_accuracy,final_eval_zul_accuracy,final_eval_same_accuracy,final_eval_avg_performance,exp,task,seeds,list_final_avg,p_val_xt_afri,p_val_xt_only,p_val_afri_only
85.76 \scriptsize $\pm$ 0.68,64.58 \scriptsize $\pm$ 0.54,87.57 \scriptsize $\pm$ 0.62,87.93 \scriptsize $\pm$ 0.63,84.49 \scriptsize $\pm$ 0.80,88.59 \scriptsize $\pm$ 0.49,78.57 \scriptsize $\pm$ 0.86,68.31 \scriptsize $\pm$ 0.89,73.12 \scriptsize $\pm$ 0.69,79.30 \scriptsize $\pm$ 0.38,85.25 \scriptsize $\pm$ 0.66,80.62 \scriptsize $\pm$ 0.97,69.04 \scriptsize $\pm$ 1.39,82.50 \scriptsize $\pm$ 0.48,84.98 \scriptsize $\pm$ 0.27,89.17 \scriptsize $\pm$ 0.39,50.46 \scriptsize $\pm$ 0.19,77.48 \scriptsize $\pm$ 0.37,62.63 \scriptsize $\pm$ 0.47,78.91 \scriptsize $\pm$ 0.32,77.79 \scriptsize $\pm$ 1.87,89.71 \scriptsize $\pm$ 0.21,82.96 \scriptsize $\pm$ 0.58,89.40 \scriptsize $\pm$ 0.55,78.75 \scriptsize $\pm$ 0.61,88.73 \scriptsize $\pm$ 0.18,70.39 \scriptsize $\pm$ 1.56,77.95 \scriptsize $\pm$ 0.80,50.43 \scriptsize $\pm$ 0.78,59.46 \scriptsize $\pm$ 0.93,74.39 \scriptsize $\pm$ 0.38,85.05 \scriptsize $\pm$ 0.55,63.25 \scriptsize $\pm$ 1.60,61.42 \scriptsize $\pm$ 0.54,69.68 \scriptsize $\pm$ 1.35,38.48 \scriptsize $\pm$ 1.53,39.89 \scriptsize $\pm$ 1.61,25.48 \scriptsize $\pm$ 0.59,44.56 \scriptsize $\pm$ 1.02,36.34 \scriptsize $\pm$ 2.16,31.35 \scriptsize $\pm$ 0.86,35.40 \scriptsize $\pm$ 1.47,45.04 \scriptsize $\pm$ 1.54,48.22 \scriptsize $\pm$ 0.37,37.76 \scriptsize $\pm$ 1.33,38.50 \scriptsize $\pm$ 1.38,48.72 \scriptsize $\pm$ 0.61,33.73 \scriptsize $\pm$ 0.43,27.55 \scriptsize $\pm$ 1.15,33.49 \scriptsize $\pm$ 1.35,43.59 \scriptsize $\pm$ 1.71,33.35 \scriptsize $\pm$ 1.53,37.92 \scriptsize $\pm$ 1.14,95.97 \scriptsize $\pm$ 0.03,63.96 \scriptsize $\pm$ 0.18,abla_most_family_joshi2,xtreme_r.udpos,"[42, 66, 17, 23]","[64.06536546612391, 63.940358041606615, 64.12538298568631, 63.71827930071293]",0.0004921611705768901,0.028060912826088132,3.969515166099446e-05
86.98 \scriptsize $\pm$ 0.55,64.72 \scriptsize $\pm$ 0.44,88.48 \scriptsize $\pm$ 0.68,88.09 \scriptsize $\pm$ 0.19,85.70 \scriptsize $\pm$ 0.73,88.62 \scriptsize $\pm$ 0.26,83.77 \scriptsize $\pm$ 0.52,71.27 \scriptsize $\pm$ 1.26,73.06 \scriptsize $\pm$ 0.56,81.26 \scriptsize $\pm$ 0.41,85.43 \scriptsize $\pm$ 0.17,79.53 \scriptsize $\pm$ 0.91,70.91 \scriptsize $\pm$ 1.82,82.21 \scriptsize $\pm$ 0.57,85.05 \scriptsize $\pm$ 0.13,89.63 \scriptsize $\pm$ 0.07,50.93 \scriptsize $\pm$ 1.30,79.64 \scriptsize $\pm$ 0.40,63.21 \scriptsize $\pm$ 0.32,81.87 \scriptsize $\pm$ 0.56,75.81 \scriptsize $\pm$ 0.97,89.86 \scriptsize $\pm$ 0.08,84.07 \scriptsize $\pm$ 0.27,89.68 \scriptsize $\pm$ 0.19,79.82 \scriptsize $\pm$ 0.28,88.74 \scriptsize $\pm$ 0.25,71.97 \scriptsize $\pm$ 1.21,80.13 \scriptsize $\pm$ 1.29,59.99 \scriptsize $\pm$ 1.11,62.92 \scriptsize $\pm$ 0.63,74.78 \scriptsize $\pm$ 0.33,85.25 \scriptsize $\pm$ 0.51,64.91 \scriptsize $\pm$ 2.55,62.60 \scriptsize $\pm$ 0.45,69.36 \scriptsize $\pm$ 0.75,33.36 \scriptsize $\pm$ 1.52,33.54 \scriptsize $\pm$ 1.03,21.12 \scriptsize $\pm$ 2.63,39.03 \scriptsize $\pm$ 1.36,33.91 \scriptsize $\pm$ 3.45,31.04 \scriptsize $\pm$ 1.04,34.59 \scriptsize $\pm$ 2.10,31.34 \scriptsize $\pm$ 0.83,34.50 \scriptsize $\pm$ 1.01,35.10 \scriptsize $\pm$ 1.99,36.11 \scriptsize $\pm$ 1.05,53.86 \scriptsize $\pm$ 0.26,27.89 \scriptsize $\pm$ 1.92,25.27 \scriptsize $\pm$ 2.44,30.17 \scriptsize $\pm$ 2.15,42.01 \scriptsize $\pm$ 1.09,36.69 \scriptsize $\pm$ 2.33,38.47 \scriptsize $\pm$ 2.02,96.00 \scriptsize $\pm$ 0.04,63.60 \scriptsize $\pm$ 0.49,abla_most_family_joshi3,xtreme_r.udpos,"[42, 66, 17, 23]","[63.416640351992456, 63.07838249849163, 64.24920745408355, 63.64496818142839]",0.00023271105675264723,0.02640490882822378,0.0032367803685274844
87.61 \scriptsize $\pm$ 0.69,64.19 \scriptsize $\pm$ 0.32,88.59 \scriptsize $\pm$ 0.52,88.27 \scriptsize $\pm$ 0.32,85.27 \scriptsize $\pm$ 0.45,88.39 \scriptsize $\pm$ 0.44,82.58 \scriptsize $\pm$ 0.35,71.13 \scriptsize $\pm$ 0.40,73.40 \scriptsize $\pm$ 0.79,81.27 \scriptsize $\pm$ 0.47,85.39 \scriptsize $\pm$ 0.51,80.87 \scriptsize $\pm$ 0.47,70.41 \scriptsize $\pm$ 1.71,82.32 \scriptsize $\pm$ 0.39,85.03 \scriptsize $\pm$ 0.19,89.21 \scriptsize $\pm$ 0.28,53.72 \scriptsize $\pm$ 1.60,79.33 \scriptsize $\pm$ 0.54,63.61 \scriptsize $\pm$ 0.32,81.23 \scriptsize $\pm$ 0.33,75.74 \scriptsize $\pm$ 1.24,89.95 \scriptsize $\pm$ 0.11,84.02 \scriptsize $\pm$ 0.48,89.36 \scriptsize $\pm$ 0.31,80.01 \scriptsize $\pm$ 0.50,88.87 \scriptsize $\pm$ 0.32,71.24 \scriptsize $\pm$ 0.66,79.61 \scriptsize $\pm$ 0.47,59.72 \scriptsize $\pm$ 0.82,62.86 \scriptsize $\pm$ 0.42,74.83 \scriptsize $\pm$ 0.61,85.38 \scriptsize $\pm$ 0.36,64.26 \scriptsize $\pm$ 2.44,61.85 \scriptsize $\pm$ 0.89,69.95 \scriptsize $\pm$ 0.87,34.35 \scriptsize $\pm$ 1.12,36.77 \scriptsize $\pm$ 1.02,24.98 \scriptsize $\pm$ 1.67,38.40 \scriptsize $\pm$ 1.17,35.28 \scriptsize $\pm$ 2.45,30.05 \scriptsize $\pm$ 2.12,32.69 \scriptsize $\pm$ 1.42,32.58 \scriptsize $\pm$ 2.41,36.10 \scriptsize $\pm$ 0.39,34.20 \scriptsize $\pm$ 1.75,34.01 \scriptsize $\pm$ 1.47,53.62 \scriptsize $\pm$ 1.26,28.43 \scriptsize $\pm$ 1.24,28.83 \scriptsize $\pm$ 0.56,31.88 \scriptsize $\pm$ 1.06,40.13 \scriptsize $\pm$ 2.04,36.02 \scriptsize $\pm$ 1.59,35.09 \scriptsize $\pm$ 2.11,96.00 \scriptsize $\pm$ 0.03,63.68 \scriptsize $\pm$ 0.23,abla_most_family_joshi35,xtreme_r.udpos,"[42, 66, 17, 23]","[63.805159037249545, 63.507822032224084, 63.94600869938049, 63.4724251666239]",0.00025517232418361335,0.017457362736183802,8.290321549428171e-05
88.12 \scriptsize $\pm$ 0.26,64.92 \scriptsize $\pm$ 0.43,88.03 \scriptsize $\pm$ 0.43,88.30 \scriptsize $\pm$ 0.27,86.27 \scriptsize $\pm$ 0.51,88.35 \scriptsize $\pm$ 0.54,82.09 \scriptsize $\pm$ 0.55,70.71 \scriptsize $\pm$ 0.91,73.83 \scriptsize $\pm$ 0.69,81.15 \scriptsize $\pm$ 0.35,85.16 \scriptsize $\pm$ 0.43,80.76 \scriptsize $\pm$ 0.64,69.54 \scriptsize $\pm$ 3.04,82.25 \scriptsize $\pm$ 0.25,85.15 \scriptsize $\pm$ 0.20,89.06 \scriptsize $\pm$ 0.40,52.87 \scriptsize $\pm$ 1.79,79.37 \scriptsize $\pm$ 0.43,63.19 \scriptsize $\pm$ 0.15,80.41 \scriptsize $\pm$ 0.33,75.96 \scriptsize $\pm$ 0.74,90.03 \scriptsize $\pm$ 0.11,84.42 \scriptsize $\pm$ 0.48,89.40 \scriptsize $\pm$ 0.41,79.76 \scriptsize $\pm$ 0.83,89.08 \scriptsize $\pm$ 0.28,72.82 \scriptsize $\pm$ 0.69,79.92 \scriptsize $\pm$ 1.22,53.83 \scriptsize $\pm$ 0.64,60.81 \scriptsize $\pm$ 0.94,75.44 \scriptsize $\pm$ 0.20,85.75 \scriptsize $\pm$ 0.52,63.72 \scriptsize $\pm$ 2.52,62.23 \scriptsize $\pm$ 0.36,69.95 \scriptsize $\pm$ 0.66,36.09 \scriptsize $\pm$ 1.02,37.91 \scriptsize $\pm$ 2.68,24.52 \scriptsize $\pm$ 0.96,37.61 \scriptsize $\pm$ 1.33,39.01 \scriptsize $\pm$ 2.06,33.82 \scriptsize $\pm$ 3.85,36.82 \scriptsize $\pm$ 4.78,32.67 \scriptsize $\pm$ 1.46,36.94 \scriptsize $\pm$ 1.03,35.56 \scriptsize $\pm$ 3.17,34.73 \scriptsize $\pm$ 2.64,52.62 \scriptsize $\pm$ 0.85,29.09 \scriptsize $\pm$ 2.02,29.51 \scriptsize $\pm$ 2.67,31.99 \scriptsize $\pm$ 1.23,42.99 \scriptsize $\pm$ 2.90,40.47 \scriptsize $\pm$ 0.83,38.23 \scriptsize $\pm$ 3.71,96.00 \scriptsize $\pm$ 0.02,64.06 \scriptsize $\pm$ 0.67,abla_most_family_seen_mbert,xtreme_r.udpos,"[42, 66, 17, 23]","[63.22560556025151, 63.84410793285275, 64.72525174584116, 64.44220023217453]",0.0015024455126229437,0.07894012129309261,0.021448186880649745
87.57 \scriptsize $\pm$ 0.38,64.57 \scriptsize $\pm$ 0.37,88.33 \scriptsize $\pm$ 0.36,88.18 \scriptsize $\pm$ 0.27,85.27 \scriptsize $\pm$ 0.78,88.86 \scriptsize $\pm$ 0.10,79.78 \scriptsize $\pm$ 0.45,69.79 \scriptsize $\pm$ 1.70,74.22 \scriptsize $\pm$ 0.40,79.61 \scriptsize $\pm$ 0.44,85.29 \scriptsize $\pm$ 0.15,80.64 \scriptsize $\pm$ 0.30,70.91 \scriptsize $\pm$ 2.50,82.42 \scriptsize $\pm$ 0.13,84.99 \scriptsize $\pm$ 0.07,89.45 \scriptsize $\pm$ 0.11,52.45 \scriptsize $\pm$ 0.65,78.79 \scriptsize $\pm$ 0.82,63.13 \scriptsize $\pm$ 0.23,79.98 \scriptsize $\pm$ 0.24,75.15 \scriptsize $\pm$ 2.22,89.90 \scriptsize $\pm$ 0.18,84.12 \scriptsize $\pm$ 0.41,89.69 \scriptsize $\pm$ 0.09,80.20 \scriptsize $\pm$ 0.51,88.67 \scriptsize $\pm$ 0.27,70.81 \scriptsize $\pm$ 1.15,79.26 \scriptsize $\pm$ 0.24,52.52 \scriptsize $\pm$ 1.99,60.61 \scriptsize $\pm$ 1.57,74.44 \scriptsize $\pm$ 0.50,85.39 \scriptsize $\pm$ 0.51,64.85 \scriptsize $\pm$ 2.08,62.03 \scriptsize $\pm$ 0.34,69.30 \scriptsize $\pm$ 1.23,34.74 \scriptsize $\pm$ 0.63,39.09 \scriptsize $\pm$ 1.37,22.45 \scriptsize $\pm$ 0.66,36.04 \scriptsize $\pm$ 0.85,34.96 \scriptsize $\pm$ 3.05,39.12 \scriptsize $\pm$ 1.89,43.01 \scriptsize $\pm$ 0.87,35.88 \scriptsize $\pm$ 0.80,37.34 \scriptsize $\pm$ 1.24,39.88 \scriptsize $\pm$ 1.69,42.38 \scriptsize $\pm$ 1.03,50.56 \scriptsize $\pm$ 1.57,35.93 \scriptsize $\pm$ 0.51,30.23 \scriptsize $\pm$ 1.47,31.95 \scriptsize $\pm$ 1.04,44.31 \scriptsize $\pm$ 1.66,32.79 \scriptsize $\pm$ 1.20,41.99 \scriptsize $\pm$ 2.13,95.99 \scriptsize $\pm$ 0.02,64.26 \scriptsize $\pm$ 0.17,abla_most_family_seen_xlmr,xtreme_r.udpos,"[42, 66, 17, 23]","[64.2943128827624, 64.25793416020484, 64.02802382464691, 64.44537436303115]",0.0005075410795224761,0.005215217358810648,0.0020580027269538805
84.69 \scriptsize $\pm$ 0.22,63.96 \scriptsize $\pm$ 0.43,86.76 \scriptsize $\pm$ 0.42,87.64 \scriptsize $\pm$ 0.51,84.18 \scriptsize $\pm$ 1.18,87.89 \scriptsize $\pm$ 0.49,76.87 \scriptsize $\pm$ 1.13,66.15 \scriptsize $\pm$ 0.85,72.79 \scriptsize $\pm$ 0.82,77.85 \scriptsize $\pm$ 0.60,84.39 \scriptsize $\pm$ 0.31,79.32 \scriptsize $\pm$ 0.92,70.54 \scriptsize $\pm$ 2.26,81.76 \scriptsize $\pm$ 0.48,84.03 \scriptsize $\pm$ 0.31,88.93 \scriptsize $\pm$ 0.22,49.53 \scriptsize $\pm$ 1.45,74.81 \scriptsize $\pm$ 0.41,62.67 \scriptsize $\pm$ 0.23,75.72 \scriptsize $\pm$ 0.78,73.16 \scriptsize $\pm$ 2.13,89.58 \scriptsize $\pm$ 0.11,81.98 \scriptsize $\pm$ 0.53,89.32 \scriptsize $\pm$ 0.05,76.74 \scriptsize $\pm$ 0.22,88.39 \scriptsize $\pm$ 0.03,70.58 \scriptsize $\pm$ 1.00,77.67 \scriptsize $\pm$ 1.37,44.87 \scriptsize $\pm$ 1.51,58.60 \scriptsize $\pm$ 1.53,70.02 \scriptsize $\pm$ 0.25,84.41 \scriptsize $\pm$ 0.13,64.89 \scriptsize $\pm$ 2.57,61.10 \scriptsize $\pm$ 0.37,68.74 \scriptsize $\pm$ 1.14,48.09 \scriptsize $\pm$ 1.34,41.77 \scriptsize $\pm$ 2.88,31.77 \scriptsize $\pm$ 0.78,43.65 \scriptsize $\pm$ 1.28,38.32 \scriptsize $\pm$ 2.82,34.67 \scriptsize $\pm$ 1.36,39.70 \scriptsize $\pm$ 2.16,43.61 \scriptsize $\pm$ 1.18,45.52 \scriptsize $\pm$ 1.58,40.08 \scriptsize $\pm$ 0.50,46.11 \scriptsize $\pm$ 1.13,48.63 \scriptsize $\pm$ 0.90,36.13 \scriptsize $\pm$ 0.96,35.84 \scriptsize $\pm$ 1.07,35.52 \scriptsize $\pm$ 0.31,42.83 \scriptsize $\pm$ 1.81,30.40 \scriptsize $\pm$ 3.67,38.09 \scriptsize $\pm$ 1.20,95.94 \scriptsize $\pm$ 0.04,64.02 \scriptsize $\pm$ 0.33,abla_most_family_unseen_mbert,xtreme_r.udpos,"[42, 66, 17, 23]","[64.34665544709547, 63.58144408289522, 63.99607689917979, 64.16439893551636]",0.00033265009249294243,0.017555402945414408,0.0013413812638990248
85.35 \scriptsize $\pm$ 0.51,64.37 \scriptsize $\pm$ 0.44,87.09 \scriptsize $\pm$ 0.51,87.61 \scriptsize $\pm$ 0.34,83.65 \scriptsize $\pm$ 1.31,88.23 \scriptsize $\pm$ 0.40,76.85 \scriptsize $\pm$ 0.28,65.09 \scriptsize $\pm$ 0.47,73.59 \scriptsize $\pm$ 0.90,76.62 \scriptsize $\pm$ 0.26,84.22 \scriptsize $\pm$ 0.56,78.57 \scriptsize $\pm$ 0.76,70.65 \scriptsize $\pm$ 1.80,81.84 \scriptsize $\pm$ 0.54,83.55 \scriptsize $\pm$ 0.21,88.21 \scriptsize $\pm$ 0.46,51.02 \scriptsize $\pm$ 2.06,74.15 \scriptsize $\pm$ 0.58,62.74 \scriptsize $\pm$ 0.36,74.48 \scriptsize $\pm$ 0.85,70.74 \scriptsize $\pm$ 2.23,89.29 \scriptsize $\pm$ 0.17,82.13 \scriptsize $\pm$ 0.68,89.02 \scriptsize $\pm$ 0.34,76.77 \scriptsize $\pm$ 0.91,88.56 \scriptsize $\pm$ 0.26,68.88 \scriptsize $\pm$ 2.51,77.88 \scriptsize $\pm$ 0.42,47.03 \scriptsize $\pm$ 1.05,56.92 \scriptsize $\pm$ 1.32,69.25 \scriptsize $\pm$ 1.04,84.27 \scriptsize $\pm$ 0.51,64.24 \scriptsize $\pm$ 2.69,61.25 \scriptsize $\pm$ 0.82,69.42 \scriptsize $\pm$ 0.86,50.34 \scriptsize $\pm$ 1.39,41.15 \scriptsize $\pm$ 0.60,35.71 \scriptsize $\pm$ 1.21,40.01 \scriptsize $\pm$ 1.25,41.82 \scriptsize $\pm$ 2.30,39.76 \scriptsize $\pm$ 1.35,45.70 \scriptsize $\pm$ 2.71,44.98 \scriptsize $\pm$ 0.27,47.05 \scriptsize $\pm$ 0.97,43.27 \scriptsize $\pm$ 0.94,48.26 \scriptsize $\pm$ 1.42,50.30 \scriptsize $\pm$ 0.58,35.08 \scriptsize $\pm$ 0.50,37.71 \scriptsize $\pm$ 0.78,49.60 \scriptsize $\pm$ 0.41,47.33 \scriptsize $\pm$ 1.42,39.01 \scriptsize $\pm$ 1.83,45.57 \scriptsize $\pm$ 1.18,95.93 \scriptsize $\pm$ 0.06,65.04 \scriptsize $\pm$ 0.47,abla_most_family_unseen_xlmr,xtreme_r.udpos,"[42, 66, 17, 23]","[64.82820385336944, 64.70897191367256, 65.74238821691588, 64.87611071503554]",0.002320048064064448,0.953367538966118,0.04985385622524077
86.69 \scriptsize $\pm$ 0.40,66.51 \scriptsize $\pm$ 0.80,87.89 \scriptsize $\pm$ 0.56,87.65 \scriptsize $\pm$ 0.31,83.95 \scriptsize $\pm$ 0.77,88.69 \scriptsize $\pm$ 0.44,79.88 \scriptsize $\pm$ 0.82,67.79 \scriptsize $\pm$ 0.71,72.80 \scriptsize $\pm$ 0.22,79.55 \scriptsize $\pm$ 1.00,85.51 \scriptsize $\pm$ 0.32,80.74 \scriptsize $\pm$ 0.48,70.70 \scriptsize $\pm$ 1.14,82.45 \scriptsize $\pm$ 0.57,84.73 \scriptsize $\pm$ 0.08,89.63 \scriptsize $\pm$ 0.23,51.07 \scriptsize $\pm$ 0.85,76.91 \scriptsize $\pm$ 0.60,63.35 \scriptsize $\pm$ 0.39,79.42 \scriptsize $\pm$ 0.62,75.59 \scriptsize $\pm$ 0.64,89.83 \scriptsize $\pm$ 0.09,83.34 \scriptsize $\pm$ 0.34,89.73 \scriptsize $\pm$ 0.27,79.41 \scriptsize $\pm$ 0.39,88.86 \scriptsize $\pm$ 0.28,70.43 \scriptsize $\pm$ 1.94,78.88 \scriptsize $\pm$ 1.24,51.04 \scriptsize $\pm$ 0.70,61.25 \scriptsize $\pm$ 0.59,73.47 \scriptsize $\pm$ 0.66,85.37 \scriptsize $\pm$ 0.44,65.89 \scriptsize $\pm$ 1.12,62.10 \scriptsize $\pm$ 0.15,69.32 \scriptsize $\pm$ 1.34,34.58 \scriptsize $\pm$ 1.28,38.27 \scriptsize $\pm$ 1.60,24.12 \scriptsize $\pm$ 2.37,36.22 \scriptsize $\pm$ 0.35,42.64 \scriptsize $\pm$ 2.66,37.45 \scriptsize $\pm$ 1.04,40.41 \scriptsize $\pm$ 0.69,31.99 \scriptsize $\pm$ 1.22,34.35 \scriptsize $\pm$ 0.14,39.94 \scriptsize $\pm$ 1.20,39.79 \scriptsize $\pm$ 0.90,49.57 \scriptsize $\pm$ 0.77,34.69 \scriptsize $\pm$ 1.31,27.73 \scriptsize $\pm$ 0.98,32.20 \scriptsize $\pm$ 0.71,43.96 \scriptsize $\pm$ 0.35,39.13 \scriptsize $\pm$ 1.62,38.16 \scriptsize $\pm$ 0.23,95.94 \scriptsize $\pm$ 0.02,63.92 \scriptsize $\pm$ 0.28,abla_most_script_joshi2,xtreme_r.udpos,"[42, 66, 17, 23]","[63.87579630758214, 63.54511503515265, 64.17063286808636, 64.07809752920251]",5.925190981216772e-06,0.015890237553507946,0.0014583707390110278
87.16 \scriptsize $\pm$ 0.52,65.37 \scriptsize $\pm$ 0.94,88.82 \scriptsize $\pm$ 0.59,88.05 \scriptsize $\pm$ 0.53,85.19 \scriptsize $\pm$ 0.49,88.11 \scriptsize $\pm$ 0.18,82.27 \scriptsize $\pm$ 0.14,71.46 \scriptsize $\pm$ 0.79,73.37 \scriptsize $\pm$ 0.74,81.12 \scriptsize $\pm$ 0.24,84.85 \scriptsize $\pm$ 0.21,80.47 \scriptsize $\pm$ 0.54,70.78 \scriptsize $\pm$ 2.10,82.31 \scriptsize $\pm$ 0.23,84.73 \scriptsize $\pm$ 0.23,88.95 \scriptsize $\pm$ 0.32,50.76 \scriptsize $\pm$ 1.62,79.60 \scriptsize $\pm$ 0.60,63.69 \scriptsize $\pm$ 0.11,80.46 \scriptsize $\pm$ 0.31,76.54 \scriptsize $\pm$ 0.97,89.83 \scriptsize $\pm$ 0.24,83.77 \scriptsize $\pm$ 0.69,89.28 \scriptsize $\pm$ 0.17,80.43 \scriptsize $\pm$ 0.45,88.67 \scriptsize $\pm$ 0.26,73.25 \scriptsize $\pm$ 1.57,79.37 \scriptsize $\pm$ 0.90,61.29 \scriptsize $\pm$ 0.74,61.67 \scriptsize $\pm$ 0.76,75.01 \scriptsize $\pm$ 0.38,85.75 \scriptsize $\pm$ 0.10,64.80 \scriptsize $\pm$ 1.33,62.25 \scriptsize $\pm$ 0.47,69.54 \scriptsize $\pm$ 0.81,24.99 \scriptsize $\pm$ 2.43,32.16 \scriptsize $\pm$ 2.15,21.17 \scriptsize $\pm$ 1.09,30.91 \scriptsize $\pm$ 3.78,27.90 \scriptsize $\pm$ 3.94,25.27 \scriptsize $\pm$ 2.80,25.16 \scriptsize $\pm$ 2.88,26.94 \scriptsize $\pm$ 3.71,29.39 \scriptsize $\pm$ 1.71,23.48 \scriptsize $\pm$ 3.66,26.53 \scriptsize $\pm$ 4.31,52.96 \scriptsize $\pm$ 0.88,24.56 \scriptsize $\pm$ 4.36,24.34 \scriptsize $\pm$ 2.93,24.87 \scriptsize $\pm$ 3.92,34.16 \scriptsize $\pm$ 3.05,34.25 \scriptsize $\pm$ 1.55,29.27 \scriptsize $\pm$ 3.48,96.01 \scriptsize $\pm$ 0.04,61.73 \scriptsize $\pm$ 1.00,abla_most_script_joshi3,xtreme_r.udpos,"[42, 66, 17, 23]","[60.57201497044179, 61.336013399068015, 62.88422716738342, 62.11858183234458]",0.0010827256898453892,0.009341184843150153,0.004948829352310769
88.14 \scriptsize $\pm$ 0.32,64.15 \scriptsize $\pm$ 0.63,88.80 \scriptsize $\pm$ 0.26,88.56 \scriptsize $\pm$ 0.27,85.42 \scriptsize $\pm$ 0.50,88.65 \scriptsize $\pm$ 0.34,82.90 \scriptsize $\pm$ 0.23,72.11 \scriptsize $\pm$ 0.47,73.28 \scriptsize $\pm$ 0.16,81.32 \scriptsize $\pm$ 0.42,85.42 \scriptsize $\pm$ 0.29,79.52 \scriptsize $\pm$ 0.98,69.90 \scriptsize $\pm$ 1.94,82.09 \scriptsize $\pm$ 0.47,84.91 \scriptsize $\pm$ 0.25,89.44 \scriptsize $\pm$ 0.26,52.57 \scriptsize $\pm$ 1.54,79.20 \scriptsize $\pm$ 0.50,63.28 \scriptsize $\pm$ 0.42,80.91 \scriptsize $\pm$ 0.34,76.18 \scriptsize $\pm$ 1.61,89.99 \scriptsize $\pm$ 0.14,84.06 \scriptsize $\pm$ 0.14,89.45 \scriptsize $\pm$ 0.23,80.45 \scriptsize $\pm$ 0.38,89.07 \scriptsize $\pm$ 0.26,71.78 \scriptsize $\pm$ 1.03,79.68 \scriptsize $\pm$ 1.28,59.49 \scriptsize $\pm$ 1.22,62.49 \scriptsize $\pm$ 0.43,75.00 \scriptsize $\pm$ 0.56,85.52 \scriptsize $\pm$ 0.41,64.16 \scriptsize $\pm$ 1.77,62.59 \scriptsize $\pm$ 0.55,69.53 \scriptsize $\pm$ 0.29,28.25 \scriptsize $\pm$ 1.06,33.01 \scriptsize $\pm$ 1.82,22.92 \scriptsize $\pm$ 2.60,33.40 \scriptsize $\pm$ 2.24,30.63 \scriptsize $\pm$ 2.41,26.60 \scriptsize $\pm$ 2.34,28.93 \scriptsize $\pm$ 3.94,29.06 \scriptsize $\pm$ 1.33,33.56 \scriptsize $\pm$ 2.10,27.41 \scriptsize $\pm$ 4.54,29.40 \scriptsize $\pm$ 3.98,53.92 \scriptsize $\pm$ 1.02,25.09 \scriptsize $\pm$ 3.51,26.06 \scriptsize $\pm$ 0.63,26.92 \scriptsize $\pm$ 1.85,34.99 \scriptsize $\pm$ 3.40,35.02 \scriptsize $\pm$ 3.31,31.38 \scriptsize $\pm$ 2.21,96.01 \scriptsize $\pm$ 0.03,62.46 \scriptsize $\pm$ 0.57,abla_most_script_joshi35,xtreme_r.udpos,"[42, 66, 17, 23]","[63.24843448867391, 62.00386503470059, 62.074455652210005, 62.49447280565246]",0.0008317884168790957,0.0033585559808255736,0.0008769939764365791
88.14 \scriptsize $\pm$ 0.39,64.79 \scriptsize $\pm$ 0.61,87.80 \scriptsize $\pm$ 0.19,88.17 \scriptsize $\pm$ 0.31,84.80 \scriptsize $\pm$ 0.23,88.64 \scriptsize $\pm$ 0.21,82.01 \scriptsize $\pm$ 0.35,74.95 \scriptsize $\pm$ 0.70,73.13 \scriptsize $\pm$ 0.30,81.25 \scriptsize $\pm$ 0.38,85.76 \scriptsize $\pm$ 0.40,80.17 \scriptsize $\pm$ 0.56,71.27 \scriptsize $\pm$ 1.22,82.51 \scriptsize $\pm$ 0.50,85.17 \scriptsize $\pm$ 0.14,89.51 \scriptsize $\pm$ 0.26,53.24 \scriptsize $\pm$ 1.75,78.63 \scriptsize $\pm$ 0.32,63.81 \scriptsize $\pm$ 0.65,80.30 \scriptsize $\pm$ 0.47,75.44 \scriptsize $\pm$ 1.94,89.90 \scriptsize $\pm$ 0.11,83.59 \scriptsize $\pm$ 0.50,89.51 \scriptsize $\pm$ 0.14,80.15 \scriptsize $\pm$ 0.37,88.96 \scriptsize $\pm$ 0.40,71.71 \scriptsize $\pm$ 1.39,78.33 \scriptsize $\pm$ 1.12,52.55 \scriptsize $\pm$ 1.56,61.58 \scriptsize $\pm$ 1.18,76.77 \scriptsize $\pm$ 0.18,85.27 \scriptsize $\pm$ 0.56,64.84 \scriptsize $\pm$ 1.00,62.15 \scriptsize $\pm$ 0.22,70.51 \scriptsize $\pm$ 0.96,32.01 \scriptsize $\pm$ 1.20,35.87 \scriptsize $\pm$ 1.27,21.86 \scriptsize $\pm$ 1.94,36.36 \scriptsize $\pm$ 2.34,34.76 \scriptsize $\pm$ 1.64,33.85 \scriptsize $\pm$ 1.39,35.14 \scriptsize $\pm$ 1.81,30.95 \scriptsize $\pm$ 1.74,34.95 \scriptsize $\pm$ 1.69,32.91 \scriptsize $\pm$ 1.90,35.81 \scriptsize $\pm$ 1.79,53.64 \scriptsize $\pm$ 0.47,28.67 \scriptsize $\pm$ 0.63,29.38 \scriptsize $\pm$ 1.11,31.34 \scriptsize $\pm$ 1.96,41.82 \scriptsize $\pm$ 0.34,34.22 \scriptsize $\pm$ 2.36,36.38 \scriptsize $\pm$ 1.01,95.99 \scriptsize $\pm$ 0.03,63.54 \scriptsize $\pm$ 0.35,abla_most_script_joshi45,xtreme_r.udpos,"[42, 66, 17, 23]","[63.62268674320338, 63.03123348680414, 63.72929346081237, 63.7805461464438]",3.279547957038724e-05,0.007158021524255522,0.0012421957846833929
87.83 \scriptsize $\pm$ 0.52,64.27 \scriptsize $\pm$ 0.89,88.46 \scriptsize $\pm$ 0.42,88.11 \scriptsize $\pm$ 0.39,84.25 \scriptsize $\pm$ 1.38,88.41 \scriptsize $\pm$ 0.46,82.43 \scriptsize $\pm$ 0.74,71.74 \scriptsize $\pm$ 0.67,72.99 \scriptsize $\pm$ 0.58,81.07 \scriptsize $\pm$ 0.40,85.40 \scriptsize $\pm$ 0.29,79.77 \scriptsize $\pm$ 0.28,69.14 \scriptsize $\pm$ 2.53,82.35 \scriptsize $\pm$ 0.52,84.74 \scriptsize $\pm$ 0.30,89.31 \scriptsize $\pm$ 0.28,53.06 \scriptsize $\pm$ 2.69,79.57 \scriptsize $\pm$ 0.27,63.62 \scriptsize $\pm$ 0.32,81.06 \scriptsize $\pm$ 0.31,78.31 \scriptsize $\pm$ 0.61,89.90 \scriptsize $\pm$ 0.06,83.94 \scriptsize $\pm$ 0.42,89.34 \scriptsize $\pm$ 0.32,79.91 \scriptsize $\pm$ 0.95,88.82 \scriptsize $\pm$ 0.31,71.95 \scriptsize $\pm$ 1.00,79.30 \scriptsize $\pm$ 0.89,59.77 \scriptsize $\pm$ 1.01,61.80 \scriptsize $\pm$ 1.51,74.63 \scriptsize $\pm$ 0.47,85.40 \scriptsize $\pm$ 0.40,63.37 \scriptsize $\pm$ 1.95,62.61 \scriptsize $\pm$ 0.43,69.85 \scriptsize $\pm$ 0.82,26.76 \scriptsize $\pm$ 1.50,31.03 \scriptsize $\pm$ 1.77,22.37 \scriptsize $\pm$ 2.52,32.82 \scriptsize $\pm$ 1.24,28.51 \scriptsize $\pm$ 1.00,26.92 \scriptsize $\pm$ 2.41,28.23 \scriptsize $\pm$ 1.46,27.39 \scriptsize $\pm$ 2.09,30.56 \scriptsize $\pm$ 1.53,26.39 \scriptsize $\pm$ 2.58,28.88 \scriptsize $\pm$ 2.46,53.71 \scriptsize $\pm$ 1.50,23.81 \scriptsize $\pm$ 3.37,23.66 \scriptsize $\pm$ 2.52,25.63 \scriptsize $\pm$ 2.73,33.54 \scriptsize $\pm$ 2.40,33.76 \scriptsize $\pm$ 1.85,28.79 \scriptsize $\pm$ 0.77,96.00 \scriptsize $\pm$ 0.04,61.95 \scriptsize $\pm$ 0.37,abla_most_script_seen_mbert,xtreme_r.udpos,"[42, 66, 17, 23]","[62.23846430959957, 62.202806460432356, 61.440362723517666, 61.914583567273]",0.0004867280080607471,0.0006660352509835219,0.00029570651298914565
87.83 \scriptsize $\pm$ 0.52,64.27 \scriptsize $\pm$ 0.89,88.46 \scriptsize $\pm$ 0.42,88.11 \scriptsize $\pm$ 0.39,84.25 \scriptsize $\pm$ 1.38,88.41 \scriptsize $\pm$ 0.46,82.43 \scriptsize $\pm$ 0.74,71.74 \scriptsize $\pm$ 0.67,72.99 \scriptsize $\pm$ 0.58,81.07 \scriptsize $\pm$ 0.40,85.40 \scriptsize $\pm$ 0.29,79.77 \scriptsize $\pm$ 0.28,69.14 \scriptsize $\pm$ 2.53,82.35 \scriptsize $\pm$ 0.52,84.74 \scriptsize $\pm$ 0.30,89.31 \scriptsize $\pm$ 0.28,53.06 \scriptsize $\pm$ 2.69,79.57 \scriptsize $\pm$ 0.27,63.62 \scriptsize $\pm$ 0.32,81.06 \scriptsize $\pm$ 0.31,78.31 \scriptsize $\pm$ 0.61,89.90 \scriptsize $\pm$ 0.06,83.94 \scriptsize $\pm$ 0.42,89.34 \scriptsize $\pm$ 0.32,79.91 \scriptsize $\pm$ 0.95,88.82 \scriptsize $\pm$ 0.31,71.95 \scriptsize $\pm$ 1.00,79.30 \scriptsize $\pm$ 0.89,59.77 \scriptsize $\pm$ 1.01,61.80 \scriptsize $\pm$ 1.51,74.63 \scriptsize $\pm$ 0.47,85.40 \scriptsize $\pm$ 0.40,63.37 \scriptsize $\pm$ 1.95,62.61 \scriptsize $\pm$ 0.43,69.85 \scriptsize $\pm$ 0.82,26.76 \scriptsize $\pm$ 1.50,31.03 \scriptsize $\pm$ 1.77,22.37 \scriptsize $\pm$ 2.52,32.82 \scriptsize $\pm$ 1.24,28.51 \scriptsize $\pm$ 1.00,26.92 \scriptsize $\pm$ 2.41,28.23 \scriptsize $\pm$ 1.46,27.39 \scriptsize $\pm$ 2.09,30.56 \scriptsize $\pm$ 1.53,26.39 \scriptsize $\pm$ 2.58,28.88 \scriptsize $\pm$ 2.46,53.71 \scriptsize $\pm$ 1.50,23.81 \scriptsize $\pm$ 3.37,23.66 \scriptsize $\pm$ 2.52,25.63 \scriptsize $\pm$ 2.73,33.54 \scriptsize $\pm$ 2.40,33.76 \scriptsize $\pm$ 1.85,28.79 \scriptsize $\pm$ 0.77,96.00 \scriptsize $\pm$ 0.04,61.95 \scriptsize $\pm$ 0.37,abla_most_script_seen_xlmr,xtreme_r.udpos,"[42, 66, 17, 23]","[62.23846430959957, 62.202806460432356, 61.440362723517666, 61.914583567273]",0.0004867280080607471,0.0006660352509835219,0.00029570651298914565
86.19 \scriptsize $\pm$ 0.32,64.84 \scriptsize $\pm$ 0.96,87.99 \scriptsize $\pm$ 0.54,88.22 \scriptsize $\pm$ 0.32,84.91 \scriptsize $\pm$ 0.99,88.92 \scriptsize $\pm$ 0.17,79.35 \scriptsize $\pm$ 0.53,67.88 \scriptsize $\pm$ 0.83,73.14 \scriptsize $\pm$ 0.53,78.77 \scriptsize $\pm$ 0.57,85.34 \scriptsize $\pm$ 0.60,79.20 \scriptsize $\pm$ 1.17,68.09 \scriptsize $\pm$ 2.61,82.30 \scriptsize $\pm$ 0.22,83.87 \scriptsize $\pm$ 0.39,89.27 \scriptsize $\pm$ 0.09,51.54 \scriptsize $\pm$ 2.23,77.49 \scriptsize $\pm$ 0.94,62.51 \scriptsize $\pm$ 0.56,76.73 \scriptsize $\pm$ 0.71,75.81 \scriptsize $\pm$ 0.61,89.62 \scriptsize $\pm$ 0.17,83.73 \scriptsize $\pm$ 0.41,89.75 \scriptsize $\pm$ 0.13,78.99 \scriptsize $\pm$ 0.42,88.91 \scriptsize $\pm$ 0.27,69.85 \scriptsize $\pm$ 1.41,79.26 \scriptsize $\pm$ 1.31,50.10 \scriptsize $\pm$ 1.02,57.71 \scriptsize $\pm$ 0.80,74.63 \scriptsize $\pm$ 0.27,85.12 \scriptsize $\pm$ 0.40,63.59 \scriptsize $\pm$ 2.82,61.74 \scriptsize $\pm$ 0.36,69.19 \scriptsize $\pm$ 0.63,37.01 \scriptsize $\pm$ 2.21,39.77 \scriptsize $\pm$ 1.52,32.06 \scriptsize $\pm$ 1.30,37.02 \scriptsize $\pm$ 0.40,43.32 \scriptsize $\pm$ 1.69,48.46 \scriptsize $\pm$ 1.56,50.82 \scriptsize $\pm$ 1.60,34.79 \scriptsize $\pm$ 0.76,36.75 \scriptsize $\pm$ 1.10,41.95 \scriptsize $\pm$ 0.46,48.59 \scriptsize $\pm$ 0.94,50.36 \scriptsize $\pm$ 1.54,36.53 \scriptsize $\pm$ 0.57,28.52 \scriptsize $\pm$ 0.38,31.91 \scriptsize $\pm$ 0.37,46.15 \scriptsize $\pm$ 1.51,38.00 \scriptsize $\pm$ 0.59,42.18 \scriptsize $\pm$ 1.37,95.96 \scriptsize $\pm$ 0.03,64.72 \scriptsize $\pm$ 0.26,abla_most_uriel_joshi2,xtreme_r.udpos,"[42, 66, 17, 23]","[64.90379100871635, 64.46400713104066, 64.96928257994115, 64.5312338119267]",0.0008061755957671524,0.31797583403168506,0.0007823527035927275
88.48 \scriptsize $\pm$ 0.74,64.87 \scriptsize $\pm$ 1.64,88.58 \scriptsize $\pm$ 0.55,88.09 \scriptsize $\pm$ 0.23,85.85 \scriptsize $\pm$ 0.71,88.60 \scriptsize $\pm$ 0.49,82.45 \scriptsize $\pm$ 0.32,71.27 \scriptsize $\pm$ 0.53,73.88 \scriptsize $\pm$ 0.99,81.05 \scriptsize $\pm$ 0.27,85.45 \scriptsize $\pm$ 0.49,79.37 \scriptsize $\pm$ 1.01,69.44 \scriptsize $\pm$ 2.52,82.59 \scriptsize $\pm$ 0.17,84.97 \scriptsize $\pm$ 0.29,89.52 \scriptsize $\pm$ 0.54,50.41 \scriptsize $\pm$ 0.74,79.87 \scriptsize $\pm$ 0.29,63.38 \scriptsize $\pm$ 0.38,80.61 \scriptsize $\pm$ 0.57,76.69 \scriptsize $\pm$ 1.00,90.06 \scriptsize $\pm$ 0.16,84.83 \scriptsize $\pm$ 0.58,89.62 \scriptsize $\pm$ 0.42,80.83 \scriptsize $\pm$ 0.80,89.09 \scriptsize $\pm$ 0.35,70.42 \scriptsize $\pm$ 1.19,80.55 \scriptsize $\pm$ 0.49,59.83 \scriptsize $\pm$ 0.64,70.17 \scriptsize $\pm$ 1.19,74.77 \scriptsize $\pm$ 0.71,85.67 \scriptsize $\pm$ 0.42,63.07 \scriptsize $\pm$ 1.69,62.09 \scriptsize $\pm$ 0.14,69.68 \scriptsize $\pm$ 0.97,31.07 \scriptsize $\pm$ 3.29,34.30 \scriptsize $\pm$ 1.66,24.23 \scriptsize $\pm$ 2.78,35.25 \scriptsize $\pm$ 2.51,31.43 \scriptsize $\pm$ 2.45,29.24 \scriptsize $\pm$ 2.81,31.46 \scriptsize $\pm$ 1.65,29.26 \scriptsize $\pm$ 1.15,34.09 \scriptsize $\pm$ 1.43,34.15 \scriptsize $\pm$ 2.04,32.18 \scriptsize $\pm$ 2.42,54.55 \scriptsize $\pm$ 0.93,28.18 \scriptsize $\pm$ 1.27,27.62 \scriptsize $\pm$ 3.12,32.01 \scriptsize $\pm$ 1.62,37.89 \scriptsize $\pm$ 2.59,35.79 \scriptsize $\pm$ 2.31,33.21 \scriptsize $\pm$ 2.37,96.00 \scriptsize $\pm$ 0.04,63.30 \scriptsize $\pm$ 0.64,abla_most_uriel_joshi3,xtreme_r.udpos,"[42, 66, 17, 23]","[62.81567141048682, 62.81492324737084, 64.15753760382215, 63.39699992361089]",0.0005499745561429178,0.024314629086935578,0.005232461401628118
88.53 \scriptsize $\pm$ 1.10,65.14 \scriptsize $\pm$ 1.04,88.42 \scriptsize $\pm$ 0.24,88.25 \scriptsize $\pm$ 0.27,85.93 \scriptsize $\pm$ 0.74,88.78 \scriptsize $\pm$ 0.31,81.43 \scriptsize $\pm$ 0.94,73.70 \scriptsize $\pm$ 0.63,74.04 \scriptsize $\pm$ 1.04,80.50 \scriptsize $\pm$ 0.57,85.51 \scriptsize $\pm$ 0.35,80.73 \scriptsize $\pm$ 0.78,70.38 \scriptsize $\pm$ 1.15,82.33 \scriptsize $\pm$ 0.61,85.17 \scriptsize $\pm$ 0.25,89.54 \scriptsize $\pm$ 0.25,52.48 \scriptsize $\pm$ 1.02,79.47 \scriptsize $\pm$ 0.60,63.55 \scriptsize $\pm$ 0.43,80.49 \scriptsize $\pm$ 0.60,75.59 \scriptsize $\pm$ 2.11,89.92 \scriptsize $\pm$ 0.20,84.36 \scriptsize $\pm$ 0.50,89.65 \scriptsize $\pm$ 0.29,80.29 \scriptsize $\pm$ 0.64,88.99 \scriptsize $\pm$ 0.27,71.74 \scriptsize $\pm$ 0.91,79.23 \scriptsize $\pm$ 0.77,53.83 \scriptsize $\pm$ 1.09,62.14 \scriptsize $\pm$ 0.93,74.46 \scriptsize $\pm$ 0.49,85.42 \scriptsize $\pm$ 0.21,64.19 \scriptsize $\pm$ 1.08,61.90 \scriptsize $\pm$ 0.49,69.13 \scriptsize $\pm$ 0.65,32.48 \scriptsize $\pm$ 2.61,35.97 \scriptsize $\pm$ 2.57,22.57 \scriptsize $\pm$ 1.87,36.14 \scriptsize $\pm$ 2.95,33.49 \scriptsize $\pm$ 3.17,30.58 \scriptsize $\pm$ 3.58,33.57 \scriptsize $\pm$ 3.39,31.56 \scriptsize $\pm$ 2.06,34.83 \scriptsize $\pm$ 2.26,32.35 \scriptsize $\pm$ 4.07,33.93 \scriptsize $\pm$ 3.43,52.68 \scriptsize $\pm$ 1.86,27.84 \scriptsize $\pm$ 2.86,29.31 \scriptsize $\pm$ 1.36,32.23 \scriptsize $\pm$ 2.18,39.90 \scriptsize $\pm$ 3.33,35.67 \scriptsize $\pm$ 3.11,34.64 \scriptsize $\pm$ 4.03,95.99 \scriptsize $\pm$ 0.05,63.35 \scriptsize $\pm$ 1.02,abla_most_uriel_joshi35,xtreme_r.udpos,"[42, 66, 17, 23]","[62.35750024144146, 63.368154552925034, 62.92614830672317, 64.75323794195334]",0.004764752594272754,0.019349586865337495,0.026642951158301047
87.91 \scriptsize $\pm$ 0.32,64.93 \scriptsize $\pm$ 0.76,88.13 \scriptsize $\pm$ 0.31,87.97 \scriptsize $\pm$ 0.36,85.02 \scriptsize $\pm$ 0.39,88.69 \scriptsize $\pm$ 0.19,82.22 \scriptsize $\pm$ 0.54,74.55 \scriptsize $\pm$ 1.69,73.35 \scriptsize $\pm$ 0.25,81.01 \scriptsize $\pm$ 0.42,85.74 \scriptsize $\pm$ 0.32,80.76 \scriptsize $\pm$ 0.83,71.49 \scriptsize $\pm$ 1.07,82.69 \scriptsize $\pm$ 0.33,85.00 \scriptsize $\pm$ 0.24,89.38 \scriptsize $\pm$ 0.19,53.31 \scriptsize $\pm$ 0.98,78.39 \scriptsize $\pm$ 0.67,63.66 \scriptsize $\pm$ 0.44,80.28 \scriptsize $\pm$ 0.34,77.13 \scriptsize $\pm$ 2.51,89.84 \scriptsize $\pm$ 0.11,83.94 \scriptsize $\pm$ 0.37,89.53 \scriptsize $\pm$ 0.13,80.26 \scriptsize $\pm$ 0.43,88.92 \scriptsize $\pm$ 0.32,72.95 \scriptsize $\pm$ 1.63,79.61 \scriptsize $\pm$ 0.63,52.74 \scriptsize $\pm$ 1.82,61.74 \scriptsize $\pm$ 0.83,76.97 \scriptsize $\pm$ 0.52,85.49 \scriptsize $\pm$ 0.34,64.85 \scriptsize $\pm$ 1.14,61.51 \scriptsize $\pm$ 0.62,70.01 \scriptsize $\pm$ 1.00,34.00 \scriptsize $\pm$ 1.54,36.51 \scriptsize $\pm$ 1.13,23.21 \scriptsize $\pm$ 2.50,36.51 \scriptsize $\pm$ 0.88,35.42 \scriptsize $\pm$ 1.47,32.97 \scriptsize $\pm$ 1.76,34.86 \scriptsize $\pm$ 1.35,30.88 \scriptsize $\pm$ 1.35,35.73 \scriptsize $\pm$ 1.30,34.08 \scriptsize $\pm$ 3.23,35.75 \scriptsize $\pm$ 2.29,53.87 \scriptsize $\pm$ 0.56,29.20 \scriptsize $\pm$ 1.86,29.96 \scriptsize $\pm$ 1.66,32.72 \scriptsize $\pm$ 1.08,43.49 \scriptsize $\pm$ 1.38,34.72 \scriptsize $\pm$ 1.39,37.50 \scriptsize $\pm$ 1.52,96.01 \scriptsize $\pm$ 0.05,63.84 \scriptsize $\pm$ 0.52,abla_most_uriel_joshi45,xtreme_r.udpos,"[42, 66, 17, 23]","[63.78805900591782, 63.182600049161366, 63.95914013405942, 64.43061519298712]",0.00023347338274516373,0.013010736035595043,0.007088258598894476
88.85 \scriptsize $\pm$ 1.06,65.35 \scriptsize $\pm$ 1.05,87.78 \scriptsize $\pm$ 0.11,87.88 \scriptsize $\pm$ 0.45,85.03 \scriptsize $\pm$ 0.82,88.37 \scriptsize $\pm$ 0.45,81.08 \scriptsize $\pm$ 0.61,70.53 \scriptsize $\pm$ 0.23,74.09 \scriptsize $\pm$ 0.53,80.27 \scriptsize $\pm$ 0.34,85.15 \scriptsize $\pm$ 0.43,81.08 \scriptsize $\pm$ 0.26,70.29 \scriptsize $\pm$ 3.21,82.24 \scriptsize $\pm$ 0.44,85.00 \scriptsize $\pm$ 0.21,88.94 \scriptsize $\pm$ 0.19,53.41 \scriptsize $\pm$ 1.21,79.15 \scriptsize $\pm$ 0.51,63.29 \scriptsize $\pm$ 0.43,80.20 \scriptsize $\pm$ 0.76,76.32 \scriptsize $\pm$ 1.93,90.04 \scriptsize $\pm$ 0.04,84.05 \scriptsize $\pm$ 0.33,89.58 \scriptsize $\pm$ 0.40,79.70 \scriptsize $\pm$ 0.68,88.77 \scriptsize $\pm$ 0.25,72.51 \scriptsize $\pm$ 1.58,79.09 \scriptsize $\pm$ 1.47,53.00 \scriptsize $\pm$ 1.53,60.88 \scriptsize $\pm$ 0.76,74.52 \scriptsize $\pm$ 0.45,85.37 \scriptsize $\pm$ 0.45,65.07 \scriptsize $\pm$ 3.02,61.95 \scriptsize $\pm$ 0.17,69.32 \scriptsize $\pm$ 0.78,34.97 \scriptsize $\pm$ 3.26,39.09 \scriptsize $\pm$ 2.32,24.76 \scriptsize $\pm$ 2.06,37.14 \scriptsize $\pm$ 1.36,40.88 \scriptsize $\pm$ 4.49,39.29 \scriptsize $\pm$ 2.46,40.35 \scriptsize $\pm$ 2.60,33.38 \scriptsize $\pm$ 2.44,35.73 \scriptsize $\pm$ 1.29,42.54 \scriptsize $\pm$ 1.28,40.64 \scriptsize $\pm$ 2.41,54.89 \scriptsize $\pm$ 1.93,33.37 \scriptsize $\pm$ 2.11,28.46 \scriptsize $\pm$ 2.99,32.46 \scriptsize $\pm$ 3.83,41.86 \scriptsize $\pm$ 1.53,39.82 \scriptsize $\pm$ 2.25,39.05 \scriptsize $\pm$ 1.82,96.01 \scriptsize $\pm$ 0.02,64.50 \scriptsize $\pm$ 0.88,abla_most_uriel_seen_mbert,xtreme_r.udpos,"[42, 66, 17, 23]","[63.951508483591674, 64.35957727419732, 65.7853392612518, 63.89048432714572]",0.010944843300657191,0.41479997416011666,0.05867889979217538
88.52 \scriptsize $\pm$ 1.13,64.64 \scriptsize $\pm$ 0.47,88.33 \scriptsize $\pm$ 0.25,88.00 \scriptsize $\pm$ 0.26,85.22 \scriptsize $\pm$ 0.29,88.62 \scriptsize $\pm$ 0.30,80.21 \scriptsize $\pm$ 0.74,72.11 \scriptsize $\pm$ 1.17,73.74 \scriptsize $\pm$ 0.30,80.55 \scriptsize $\pm$ 0.30,85.43 \scriptsize $\pm$ 0.25,80.49 \scriptsize $\pm$ 0.33,71.58 \scriptsize $\pm$ 1.19,82.53 \scriptsize $\pm$ 0.54,85.03 \scriptsize $\pm$ 0.22,89.29 \scriptsize $\pm$ 0.20,54.31 \scriptsize $\pm$ 1.70,79.61 \scriptsize $\pm$ 0.33,63.35 \scriptsize $\pm$ 0.42,80.75 \scriptsize $\pm$ 0.29,79.12 \scriptsize $\pm$ 1.40,90.05 \scriptsize $\pm$ 0.19,84.33 \scriptsize $\pm$ 0.05,89.56 \scriptsize $\pm$ 0.23,79.83 \scriptsize $\pm$ 0.50,88.85 \scriptsize $\pm$ 0.19,72.79 \scriptsize $\pm$ 0.72,80.10 \scriptsize $\pm$ 1.14,52.96 \scriptsize $\pm$ 1.02,62.03 \scriptsize $\pm$ 0.83,75.28 \scriptsize $\pm$ 0.44,85.42 \scriptsize $\pm$ 0.22,65.01 \scriptsize $\pm$ 1.75,62.14 \scriptsize $\pm$ 0.22,69.79 \scriptsize $\pm$ 0.70,34.96 \scriptsize $\pm$ 2.05,38.95 \scriptsize $\pm$ 1.63,24.03 \scriptsize $\pm$ 1.96,36.18 \scriptsize $\pm$ 1.37,34.03 \scriptsize $\pm$ 1.61,36.56 \scriptsize $\pm$ 0.94,38.05 \scriptsize $\pm$ 1.01,32.71 \scriptsize $\pm$ 2.00,36.95 \scriptsize $\pm$ 2.29,40.59 \scriptsize $\pm$ 0.50,39.28 \scriptsize $\pm$ 1.71,55.85 \scriptsize $\pm$ 0.90,34.78 \scriptsize $\pm$ 1.01,29.26 \scriptsize $\pm$ 1.47,31.75 \scriptsize $\pm$ 1.60,44.21 \scriptsize $\pm$ 1.85,33.82 \scriptsize $\pm$ 2.77,39.76 \scriptsize $\pm$ 1.77,95.99 \scriptsize $\pm$ 0.04,64.39 \scriptsize $\pm$ 0.26,abla_most_uriel_seen_xlmr,xtreme_r.udpos,"[42, 66, 17, 23]","[64.38750949478924, 64.36134900639959, 64.09770970321553, 64.72924083357736]",0.0006969468076992457,0.0016041029249060082,0.005864725290594557
85.76 \scriptsize $\pm$ 0.80,64.31 \scriptsize $\pm$ 1.14,87.38 \scriptsize $\pm$ 0.46,87.66 \scriptsize $\pm$ 0.18,84.62 \scriptsize $\pm$ 0.61,88.45 \scriptsize $\pm$ 0.45,78.02 \scriptsize $\pm$ 0.91,65.09 \scriptsize $\pm$ 0.72,72.67 \scriptsize $\pm$ 1.09,78.35 \scriptsize $\pm$ 0.43,85.08 \scriptsize $\pm$ 0.25,79.11 \scriptsize $\pm$ 0.98,69.58 \scriptsize $\pm$ 1.42,82.17 \scriptsize $\pm$ 0.32,83.85 \scriptsize $\pm$ 0.19,89.15 \scriptsize $\pm$ 0.26,49.06 \scriptsize $\pm$ 1.99,74.99 \scriptsize $\pm$ 0.76,62.77 \scriptsize $\pm$ 0.42,75.61 \scriptsize $\pm$ 0.34,70.44 \scriptsize $\pm$ 1.60,89.61 \scriptsize $\pm$ 0.05,82.52 \scriptsize $\pm$ 0.46,89.16 \scriptsize $\pm$ 0.30,77.66 \scriptsize $\pm$ 0.37,88.42 \scriptsize $\pm$ 0.23,70.44 \scriptsize $\pm$ 0.83,78.40 \scriptsize $\pm$ 1.75,44.98 \scriptsize $\pm$ 2.39,59.07 \scriptsize $\pm$ 1.38,70.26 \scriptsize $\pm$ 0.66,84.54 \scriptsize $\pm$ 0.25,62.87 \scriptsize $\pm$ 0.81,61.37 \scriptsize $\pm$ 0.07,69.36 \scriptsize $\pm$ 0.89,37.33 \scriptsize $\pm$ 1.66,49.71 \scriptsize $\pm$ 2.82,32.31 \scriptsize $\pm$ 3.38,43.47 \scriptsize $\pm$ 1.79,35.14 \scriptsize $\pm$ 2.35,38.07 \scriptsize $\pm$ 0.58,41.56 \scriptsize $\pm$ 1.24,43.87 \scriptsize $\pm$ 1.43,37.45 \scriptsize $\pm$ 1.57,40.36 \scriptsize $\pm$ 1.27,45.56 \scriptsize $\pm$ 1.40,48.79 \scriptsize $\pm$ 0.73,36.08 \scriptsize $\pm$ 0.72,35.56 \scriptsize $\pm$ 1.27,32.03 \scriptsize $\pm$ 1.11,47.23 \scriptsize $\pm$ 1.93,31.25 \scriptsize $\pm$ 1.73,42.37 \scriptsize $\pm$ 1.06,95.96 \scriptsize $\pm$ 0.05,64.02 \scriptsize $\pm$ 0.23,abla_most_uriel_unseen_mbert,xtreme_r.udpos,"[42, 66, 17, 23]","[64.0604785531974, 63.69370306523765, 64.07590654206665, 64.23189102729604]",2.434039176952447e-05,0.009706405996153019,0.0012791396935886389
84.78 \scriptsize $\pm$ 0.39,64.42 \scriptsize $\pm$ 0.08,87.09 \scriptsize $\pm$ 0.72,87.64 \scriptsize $\pm$ 0.38,83.89 \scriptsize $\pm$ 1.53,88.59 \scriptsize $\pm$ 0.39,77.38 \scriptsize $\pm$ 0.47,64.32 \scriptsize $\pm$ 0.33,73.90 \scriptsize $\pm$ 0.60,76.59 \scriptsize $\pm$ 0.31,84.08 \scriptsize $\pm$ 0.69,78.92 \scriptsize $\pm$ 0.64,68.83 \scriptsize $\pm$ 2.08,82.13 \scriptsize $\pm$ 0.31,83.60 \scriptsize $\pm$ 0.29,88.93 \scriptsize $\pm$ 0.27,50.41 \scriptsize $\pm$ 1.36,74.20 \scriptsize $\pm$ 0.56,62.60 \scriptsize $\pm$ 0.17,74.49 \scriptsize $\pm$ 0.79,70.00 \scriptsize $\pm$ 0.54,89.50 \scriptsize $\pm$ 0.14,82.05 \scriptsize $\pm$ 0.86,89.29 \scriptsize $\pm$ 0.35,77.04 \scriptsize $\pm$ 0.90,88.49 \scriptsize $\pm$ 0.32,70.30 \scriptsize $\pm$ 1.68,78.78 \scriptsize $\pm$ 0.97,44.34 \scriptsize $\pm$ 2.46,55.87 \scriptsize $\pm$ 0.56,69.15 \scriptsize $\pm$ 0.37,84.53 \scriptsize $\pm$ 0.24,64.37 \scriptsize $\pm$ 1.98,61.70 \scriptsize $\pm$ 0.47,68.99 \scriptsize $\pm$ 0.79,40.84 \scriptsize $\pm$ 0.60,50.35 \scriptsize $\pm$ 1.75,34.21 \scriptsize $\pm$ 2.44,38.16 \scriptsize $\pm$ 0.35,40.68 \scriptsize $\pm$ 0.44,39.13 \scriptsize $\pm$ 2.44,43.38 \scriptsize $\pm$ 2.53,45.05 \scriptsize $\pm$ 0.63,46.79 \scriptsize $\pm$ 1.18,42.01 \scriptsize $\pm$ 2.56,46.13 \scriptsize $\pm$ 2.00,49.74 \scriptsize $\pm$ 1.39,35.49 \scriptsize $\pm$ 1.68,36.13 \scriptsize $\pm$ 1.37,48.72 \scriptsize $\pm$ 1.74,46.19 \scriptsize $\pm$ 1.33,39.12 \scriptsize $\pm$ 1.59,44.78 \scriptsize $\pm$ 1.89,95.93 \scriptsize $\pm$ 0.04,64.70 \scriptsize $\pm$ 0.58,abla_most_uriel_unseen_xlmr,xtreme_r.udpos,"[42, 66, 17, 23]","[64.33472497419773, 64.41459474762593, 65.5631913514672, 64.5062418241949]",0.002868342231824426,0.4660526684978429,0.034220799329221674
84.64 \scriptsize $\pm$ 1.05,65.44 \scriptsize $\pm$ 1.43,87.24 \scriptsize $\pm$ 0.41,87.86 \scriptsize $\pm$ 0.33,84.44 \scriptsize $\pm$ 0.88,88.23 \scriptsize $\pm$ 0.79,78.99 \scriptsize $\pm$ 0.72,66.30 \scriptsize $\pm$ 1.29,73.41 \scriptsize $\pm$ 0.52,78.53 \scriptsize $\pm$ 0.62,84.00 \scriptsize $\pm$ 1.01,80.75 \scriptsize $\pm$ 0.87,68.63 \scriptsize $\pm$ 0.73,82.14 \scriptsize $\pm$ 0.47,84.35 \scriptsize $\pm$ 0.75,88.52 \scriptsize $\pm$ 0.80,51.68 \scriptsize $\pm$ 0.57,77.08 \scriptsize $\pm$ 1.12,63.18 \scriptsize $\pm$ 0.31,76.99 \scriptsize $\pm$ 1.31,72.87 \scriptsize $\pm$ 1.65,89.58 \scriptsize $\pm$ 0.25,82.92 \scriptsize $\pm$ 0.49,89.10 \scriptsize $\pm$ 0.39,78.03 \scriptsize $\pm$ 0.72,88.65 \scriptsize $\pm$ 0.24,71.70 \scriptsize $\pm$ 0.64,78.81 \scriptsize $\pm$ 1.83,50.97 \scriptsize $\pm$ 1.12,57.74 \scriptsize $\pm$ 1.79,71.97 \scriptsize $\pm$ 1.48,85.24 \scriptsize $\pm$ 0.35,63.65 \scriptsize $\pm$ 0.90,61.58 \scriptsize $\pm$ 0.67,69.83 \scriptsize $\pm$ 0.91,39.08 \scriptsize $\pm$ 1.89,45.92 \scriptsize $\pm$ 7.61,28.74 \scriptsize $\pm$ 6.85,37.00 \scriptsize $\pm$ 0.93,45.14 \scriptsize $\pm$ 10.50,44.53 \scriptsize $\pm$ 3.35,51.52 \scriptsize $\pm$ 4.31,37.69 \scriptsize $\pm$ 6.47,39.63 \scriptsize $\pm$ 5.53,48.01 \scriptsize $\pm$ 3.75,44.71 \scriptsize $\pm$ 1.81,52.66 \scriptsize $\pm$ 2.23,38.26 \scriptsize $\pm$ 4.24,33.76 \scriptsize $\pm$ 5.21,41.61 \scriptsize $\pm$ 8.79,45.67 \scriptsize $\pm$ 2.23,36.65 \scriptsize $\pm$ 2.41,41.81 \scriptsize $\pm$ 1.35,95.96 \scriptsize $\pm$ 0.05,65.06 \scriptsize $\pm$ 0.53,abla_random_joshi2,xtreme_r.udpos,"[42, 66, 17, 23]","[65.22405405630496, 65.65006515066581, 64.3860591063899, 64.99266775828637]",0.017918824938483756,0.9999645358345574,0.08737672823914915
88.39 \scriptsize $\pm$ 0.56,65.60 \scriptsize $\pm$ 0.71,89.15 \scriptsize $\pm$ 0.62,87.91 \scriptsize $\pm$ 0.36,85.55 \scriptsize $\pm$ 1.08,88.23 \scriptsize $\pm$ 0.19,83.27 \scriptsize $\pm$ 0.51,70.68 \scriptsize $\pm$ 0.45,73.34 \scriptsize $\pm$ 0.79,81.21 \scriptsize $\pm$ 0.36,85.33 \scriptsize $\pm$ 0.46,79.65 \scriptsize $\pm$ 0.81,69.57 \scriptsize $\pm$ 1.69,82.58 \scriptsize $\pm$ 0.67,85.32 \scriptsize $\pm$ 0.22,89.19 \scriptsize $\pm$ 0.03,49.94 \scriptsize $\pm$ 1.24,79.24 \scriptsize $\pm$ 1.45,63.82 \scriptsize $\pm$ 0.55,81.43 \scriptsize $\pm$ 1.67,75.51 \scriptsize $\pm$ 2.27,89.81 \scriptsize $\pm$ 0.07,84.24 \scriptsize $\pm$ 0.31,89.38 \scriptsize $\pm$ 0.10,81.57 \scriptsize $\pm$ 1.31,88.93 \scriptsize $\pm$ 0.07,71.77 \scriptsize $\pm$ 1.39,78.81 \scriptsize $\pm$ 1.84,57.58 \scriptsize $\pm$ 3.78,65.48 \scriptsize $\pm$ 4.41,74.45 \scriptsize $\pm$ 0.93,85.68 \scriptsize $\pm$ 0.16,62.71 \scriptsize $\pm$ 2.26,62.25 \scriptsize $\pm$ 0.22,69.93 \scriptsize $\pm$ 1.08,31.76 \scriptsize $\pm$ 1.23,32.93 \scriptsize $\pm$ 1.00,19.39 \scriptsize $\pm$ 1.64,35.35 \scriptsize $\pm$ 2.78,31.49 \scriptsize $\pm$ 2.24,29.42 \scriptsize $\pm$ 2.45,32.04 \scriptsize $\pm$ 1.12,29.63 \scriptsize $\pm$ 1.24,32.95 \scriptsize $\pm$ 1.52,33.35 \scriptsize $\pm$ 1.76,34.20 \scriptsize $\pm$ 1.75,52.99 \scriptsize $\pm$ 0.19,27.98 \scriptsize $\pm$ 0.60,24.97 \scriptsize $\pm$ 1.10,29.40 \scriptsize $\pm$ 3.10,39.17 \scriptsize $\pm$ 0.55,33.52 \scriptsize $\pm$ 2.64,34.67 \scriptsize $\pm$ 0.65,95.99 \scriptsize $\pm$ 0.03,62.94 \scriptsize $\pm$ 0.49,abla_random_joshi3,xtreme_r.udpos,"[42, 66, 17, 23]","[63.46701954575901, 62.42172714171493, 63.21623175059634, 62.65168092290156]",0.0005643510193529346,0.010602354504403487,0.00046509149743317966
87.90 \scriptsize $\pm$ 0.40,65.35 \scriptsize $\pm$ 0.97,88.06 \scriptsize $\pm$ 0.17,87.94 \scriptsize $\pm$ 0.34,85.75 \scriptsize $\pm$ 0.90,88.50 \scriptsize $\pm$ 0.31,82.10 \scriptsize $\pm$ 0.66,73.19 \scriptsize $\pm$ 1.95,73.74 \scriptsize $\pm$ 0.71,80.82 \scriptsize $\pm$ 0.54,85.84 \scriptsize $\pm$ 0.52,80.64 \scriptsize $\pm$ 0.67,70.26 \scriptsize $\pm$ 2.19,82.37 \scriptsize $\pm$ 0.14,85.03 \scriptsize $\pm$ 0.26,89.62 \scriptsize $\pm$ 0.25,51.46 \scriptsize $\pm$ 1.20,78.79 \scriptsize $\pm$ 0.85,63.35 \scriptsize $\pm$ 0.47,81.87 \scriptsize $\pm$ 0.70,74.93 \scriptsize $\pm$ 1.35,89.82 \scriptsize $\pm$ 0.26,83.87 \scriptsize $\pm$ 0.51,89.50 \scriptsize $\pm$ 0.21,81.20 \scriptsize $\pm$ 0.79,89.10 \scriptsize $\pm$ 0.22,71.38 \scriptsize $\pm$ 1.14,78.16 \scriptsize $\pm$ 1.94,56.66 \scriptsize $\pm$ 4.36,64.45 \scriptsize $\pm$ 3.96,75.87 \scriptsize $\pm$ 1.28,85.80 \scriptsize $\pm$ 0.14,64.93 \scriptsize $\pm$ 1.82,62.23 \scriptsize $\pm$ 0.38,70.25 \scriptsize $\pm$ 1.67,33.29 \scriptsize $\pm$ 2.76,35.79 \scriptsize $\pm$ 2.51,22.69 \scriptsize $\pm$ 2.04,36.61 \scriptsize $\pm$ 2.31,33.13 \scriptsize $\pm$ 2.87,31.22 \scriptsize $\pm$ 1.85,33.13 \scriptsize $\pm$ 1.18,30.12 \scriptsize $\pm$ 0.93,35.09 \scriptsize $\pm$ 1.66,34.28 \scriptsize $\pm$ 2.04,35.21 \scriptsize $\pm$ 0.60,53.05 \scriptsize $\pm$ 0.11,28.43 \scriptsize $\pm$ 1.64,28.41 \scriptsize $\pm$ 2.30,31.61 \scriptsize $\pm$ 2.71,40.85 \scriptsize $\pm$ 3.28,35.68 \scriptsize $\pm$ 1.18,35.68 \scriptsize $\pm$ 3.26,96.03 \scriptsize $\pm$ 0.02,63.54 \scriptsize $\pm$ 0.40,abla_random_joshi35,xtreme_r.udpos,"[42, 66, 17, 23]","[63.30454488964419, 64.05235049022443, 63.150610338388276, 63.64160067165813]",0.001519151491937965,0.0052027183634568925,0.0034345026532558265
87.25 \scriptsize $\pm$ 1.28,65.03 \scriptsize $\pm$ 1.72,87.92 \scriptsize $\pm$ 0.23,88.04 \scriptsize $\pm$ 0.29,85.65 \scriptsize $\pm$ 0.59,88.52 \scriptsize $\pm$ 0.37,82.52 \scriptsize $\pm$ 0.46,73.84 \scriptsize $\pm$ 0.34,73.24 \scriptsize $\pm$ 0.87,82.75 \scriptsize $\pm$ 0.28,85.22 \scriptsize $\pm$ 0.21,79.84 \scriptsize $\pm$ 1.15,71.45 \scriptsize $\pm$ 1.60,82.94 \scriptsize $\pm$ 0.51,84.95 \scriptsize $\pm$ 0.03,89.69 \scriptsize $\pm$ 0.39,51.78 \scriptsize $\pm$ 2.90,78.09 \scriptsize $\pm$ 0.62,63.47 \scriptsize $\pm$ 0.29,80.45 \scriptsize $\pm$ 0.53,74.85 \scriptsize $\pm$ 1.45,89.93 \scriptsize $\pm$ 0.08,83.76 \scriptsize $\pm$ 0.54,89.51 \scriptsize $\pm$ 0.24,80.43 \scriptsize $\pm$ 0.38,88.96 \scriptsize $\pm$ 0.11,72.00 \scriptsize $\pm$ 0.82,78.74 \scriptsize $\pm$ 0.64,51.22 \scriptsize $\pm$ 2.53,62.93 \scriptsize $\pm$ 1.20,76.53 \scriptsize $\pm$ 1.18,85.15 \scriptsize $\pm$ 0.17,64.18 \scriptsize $\pm$ 1.80,62.15 \scriptsize $\pm$ 0.20,69.79 \scriptsize $\pm$ 0.55,35.04 \scriptsize $\pm$ 0.70,36.03 \scriptsize $\pm$ 1.65,22.04 \scriptsize $\pm$ 1.93,37.24 \scriptsize $\pm$ 0.71,33.85 \scriptsize $\pm$ 2.78,32.56 \scriptsize $\pm$ 1.59,35.60 \scriptsize $\pm$ 1.03,31.05 \scriptsize $\pm$ 1.15,35.03 \scriptsize $\pm$ 0.28,34.93 \scriptsize $\pm$ 1.94,36.88 \scriptsize $\pm$ 0.84,52.84 \scriptsize $\pm$ 0.86,30.19 \scriptsize $\pm$ 2.26,30.82 \scriptsize $\pm$ 0.39,31.36 \scriptsize $\pm$ 1.02,42.30 \scriptsize $\pm$ 1.35,34.93 \scriptsize $\pm$ 1.83,37.97 \scriptsize $\pm$ 1.40,96.03 \scriptsize $\pm$ 0.04,63.69 \scriptsize $\pm$ 0.14,abla_random_joshi45,xtreme_r.udpos,"[42, 66, 17, 23]","[63.71835247228585, 63.52996685057378, 63.663646354000996, 63.86500436678093]",5.411030680696536e-05,0.002758126164544327,0.00048405333699108117
87.77 \scriptsize $\pm$ 0.60,65.89 \scriptsize $\pm$ 0.75,88.65 \scriptsize $\pm$ 0.55,88.23 \scriptsize $\pm$ 0.31,85.15 \scriptsize $\pm$ 0.48,88.44 \scriptsize $\pm$ 0.24,83.05 \scriptsize $\pm$ 0.64,70.35 \scriptsize $\pm$ 0.61,73.76 \scriptsize $\pm$ 0.42,81.15 \scriptsize $\pm$ 0.24,85.58 \scriptsize $\pm$ 0.62,80.84 \scriptsize $\pm$ 0.78,71.25 \scriptsize $\pm$ 3.30,82.96 \scriptsize $\pm$ 0.44,84.89 \scriptsize $\pm$ 0.18,89.26 \scriptsize $\pm$ 0.32,51.64 \scriptsize $\pm$ 1.58,77.61 \scriptsize $\pm$ 0.61,63.30 \scriptsize $\pm$ 0.48,80.34 \scriptsize $\pm$ 0.70,75.59 \scriptsize $\pm$ 1.40,89.84 \scriptsize $\pm$ 0.04,83.94 \scriptsize $\pm$ 0.24,89.36 \scriptsize $\pm$ 0.13,80.93 \scriptsize $\pm$ 0.27,89.25 \scriptsize $\pm$ 0.12,71.81 \scriptsize $\pm$ 0.72,79.09 \scriptsize $\pm$ 4.12,54.40 \scriptsize $\pm$ 5.04,64.21 \scriptsize $\pm$ 3.41,74.50 \scriptsize $\pm$ 1.53,85.92 \scriptsize $\pm$ 0.24,64.89 \scriptsize $\pm$ 2.82,62.14 \scriptsize $\pm$ 0.60,69.89 \scriptsize $\pm$ 0.31,35.78 \scriptsize $\pm$ 3.05,35.03 \scriptsize $\pm$ 1.17,22.52 \scriptsize $\pm$ 2.42,37.67 \scriptsize $\pm$ 2.24,33.78 \scriptsize $\pm$ 5.96,33.46 \scriptsize $\pm$ 3.51,34.30 \scriptsize $\pm$ 4.11,31.54 \scriptsize $\pm$ 1.72,34.88 \scriptsize $\pm$ 1.60,36.14 \scriptsize $\pm$ 4.70,35.79 \scriptsize $\pm$ 3.87,54.02 \scriptsize $\pm$ 0.91,29.93 \scriptsize $\pm$ 2.05,27.56 \scriptsize $\pm$ 0.78,32.79 \scriptsize $\pm$ 1.86,40.15 \scriptsize $\pm$ 1.79,34.36 \scriptsize $\pm$ 4.09,36.60 \scriptsize $\pm$ 2.59,96.01 \scriptsize $\pm$ 0.04,63.67 \scriptsize $\pm$ 0.81,abla_random_seen_mbert,xtreme_r.udpos,"[42, 66, 17, 23]","[64.4777906894669, 62.54341504670842, 63.74868849980398, 63.91090656588713]",0.0029566592854910903,0.04760024001921655,0.01071376843299843
87.09 \scriptsize $\pm$ 0.70,64.90 \scriptsize $\pm$ 1.38,88.22 \scriptsize $\pm$ 0.77,88.14 \scriptsize $\pm$ 0.34,85.59 \scriptsize $\pm$ 0.82,88.34 \scriptsize $\pm$ 0.38,80.65 \scriptsize $\pm$ 0.60,70.01 \scriptsize $\pm$ 0.37,73.73 \scriptsize $\pm$ 0.96,80.42 \scriptsize $\pm$ 0.74,85.42 \scriptsize $\pm$ 0.34,79.53 \scriptsize $\pm$ 0.45,70.65 \scriptsize $\pm$ 2.51,82.37 \scriptsize $\pm$ 0.48,84.97 \scriptsize $\pm$ 0.45,89.07 \scriptsize $\pm$ 0.36,50.72 \scriptsize $\pm$ 1.69,78.17 \scriptsize $\pm$ 1.63,63.79 \scriptsize $\pm$ 0.48,80.44 \scriptsize $\pm$ 1.06,77.06 \scriptsize $\pm$ 3.63,89.95 \scriptsize $\pm$ 0.14,83.69 \scriptsize $\pm$ 0.52,89.29 \scriptsize $\pm$ 0.16,80.18 \scriptsize $\pm$ 1.10,88.92 \scriptsize $\pm$ 0.48,72.25 \scriptsize $\pm$ 0.22,77.84 \scriptsize $\pm$ 2.16,53.42 \scriptsize $\pm$ 5.53,64.54 \scriptsize $\pm$ 5.31,74.85 \scriptsize $\pm$ 1.32,85.41 \scriptsize $\pm$ 0.72,64.31 \scriptsize $\pm$ 1.53,61.98 \scriptsize $\pm$ 0.39,70.22 \scriptsize $\pm$ 1.24,36.78 \scriptsize $\pm$ 1.55,37.22 \scriptsize $\pm$ 1.29,23.53 \scriptsize $\pm$ 1.76,38.81 \scriptsize $\pm$ 5.39,32.58 \scriptsize $\pm$ 2.38,36.85 \scriptsize $\pm$ 3.62,39.07 \scriptsize $\pm$ 5.10,32.43 \scriptsize $\pm$ 2.89,35.29 \scriptsize $\pm$ 2.07,36.77 \scriptsize $\pm$ 1.73,38.24 \scriptsize $\pm$ 4.83,48.92 \scriptsize $\pm$ 2.23,31.99 \scriptsize $\pm$ 3.49,28.85 \scriptsize $\pm$ 1.07,32.29 \scriptsize $\pm$ 0.73,44.19 \scriptsize $\pm$ 0.38,31.73 \scriptsize $\pm$ 3.31,39.48 \scriptsize $\pm$ 0.94,96.00 \scriptsize $\pm$ 0.04,63.84 \scriptsize $\pm$ 0.62,abla_random_seen_xlmr,xtreme_r.udpos,"[42, 66, 17, 23]","[64.67547112383102, 63.255831820834416, 63.882758333580384, 63.52745054218972]",0.002775954593564385,0.05595714805034239,0.0036091425076561255
86.03 \scriptsize $\pm$ 0.88,64.23 \scriptsize $\pm$ 0.85,87.26 \scriptsize $\pm$ 0.28,87.47 \scriptsize $\pm$ 0.24,84.13 \scriptsize $\pm$ 0.58,87.95 \scriptsize $\pm$ 0.16,77.87 \scriptsize $\pm$ 0.30,65.36 \scriptsize $\pm$ 1.59,73.05 \scriptsize $\pm$ 0.95,78.09 \scriptsize $\pm$ 0.46,84.16 \scriptsize $\pm$ 0.73,77.44 \scriptsize $\pm$ 3.42,70.54 \scriptsize $\pm$ 1.93,82.16 \scriptsize $\pm$ 0.25,83.53 \scriptsize $\pm$ 0.36,87.99 \scriptsize $\pm$ 0.88,50.65 \scriptsize $\pm$ 1.95,74.09 \scriptsize $\pm$ 1.07,62.49 \scriptsize $\pm$ 0.27,75.29 \scriptsize $\pm$ 1.25,71.69 \scriptsize $\pm$ 1.06,89.49 \scriptsize $\pm$ 0.22,82.16 \scriptsize $\pm$ 0.92,88.94 \scriptsize $\pm$ 0.33,76.65 \scriptsize $\pm$ 0.56,88.68 \scriptsize $\pm$ 0.06,70.87 \scriptsize $\pm$ 0.34,77.70 \scriptsize $\pm$ 1.26,43.77 \scriptsize $\pm$ 2.16,56.68 \scriptsize $\pm$ 2.14,69.19 \scriptsize $\pm$ 1.65,84.75 \scriptsize $\pm$ 0.26,64.50 \scriptsize $\pm$ 2.87,60.86 \scriptsize $\pm$ 0.81,68.89 \scriptsize $\pm$ 0.96,49.31 \scriptsize $\pm$ 1.71,49.16 \scriptsize $\pm$ 5.56,33.46 \scriptsize $\pm$ 2.19,44.85 \scriptsize $\pm$ 0.89,37.22 \scriptsize $\pm$ 3.35,40.32 \scriptsize $\pm$ 5.64,45.23 \scriptsize $\pm$ 8.69,39.74 \scriptsize $\pm$ 5.96,41.23 \scriptsize $\pm$ 4.69,42.43 \scriptsize $\pm$ 5.49,43.72 \scriptsize $\pm$ 4.30,49.73 \scriptsize $\pm$ 1.44,38.08 \scriptsize $\pm$ 3.94,33.75 \scriptsize $\pm$ 4.20,46.69 \scriptsize $\pm$ 7.48,46.01 \scriptsize $\pm$ 1.61,31.99 \scriptsize $\pm$ 3.30,42.25 \scriptsize $\pm$ 2.04,95.95 \scriptsize $\pm$ 0.04,64.55 \scriptsize $\pm$ 0.25,abla_random_unseen_mbert,xtreme_r.udpos,"[42, 66, 17, 23]","[64.74047725797043, 64.37389112951502, 64.78194528059818, 64.30636060433514]",0.0008886559655904063,0.180370872234767,0.0002385991083669966
85.00 \scriptsize $\pm$ 0.81,65.67 \scriptsize $\pm$ 1.43,86.91 \scriptsize $\pm$ 0.67,87.97 \scriptsize $\pm$ 0.36,84.44 \scriptsize $\pm$ 0.40,88.01 \scriptsize $\pm$ 0.31,76.54 \scriptsize $\pm$ 1.18,63.56 \scriptsize $\pm$ 1.49,74.13 \scriptsize $\pm$ 0.43,76.99 \scriptsize $\pm$ 0.83,84.00 \scriptsize $\pm$ 1.18,78.27 \scriptsize $\pm$ 1.31,69.76 \scriptsize $\pm$ 2.01,82.16 \scriptsize $\pm$ 0.18,82.85 \scriptsize $\pm$ 0.63,87.97 \scriptsize $\pm$ 0.54,49.98 \scriptsize $\pm$ 1.41,73.70 \scriptsize $\pm$ 0.76,62.64 \scriptsize $\pm$ 0.93,73.93 \scriptsize $\pm$ 0.95,70.74 \scriptsize $\pm$ 3.14,89.45 \scriptsize $\pm$ 0.08,81.66 \scriptsize $\pm$ 0.76,88.79 \scriptsize $\pm$ 0.21,76.92 \scriptsize $\pm$ 0.39,88.52 \scriptsize $\pm$ 0.19,70.27 \scriptsize $\pm$ 0.81,76.49 \scriptsize $\pm$ 2.16,47.76 \scriptsize $\pm$ 2.50,55.99 \scriptsize $\pm$ 4.23,69.02 \scriptsize $\pm$ 0.59,84.61 \scriptsize $\pm$ 0.17,63.94 \scriptsize $\pm$ 2.24,61.53 \scriptsize $\pm$ 0.33,69.34 \scriptsize $\pm$ 0.92,48.08 \scriptsize $\pm$ 2.96,49.74 \scriptsize $\pm$ 3.18,35.24 \scriptsize $\pm$ 1.71,40.04 \scriptsize $\pm$ 1.14,43.35 \scriptsize $\pm$ 6.74,45.28 \scriptsize $\pm$ 2.19,51.09 \scriptsize $\pm$ 4.38,40.48 \scriptsize $\pm$ 4.53,45.02 \scriptsize $\pm$ 4.21,46.45 \scriptsize $\pm$ 4.50,47.14 \scriptsize $\pm$ 2.36,51.23 \scriptsize $\pm$ 1.04,39.78 \scriptsize $\pm$ 2.77,34.13 \scriptsize $\pm$ 5.08,42.51 \scriptsize $\pm$ 9.97,47.13 \scriptsize $\pm$ 1.23,38.76 \scriptsize $\pm$ 2.23,45.17 \scriptsize $\pm$ 1.15,95.97 \scriptsize $\pm$ 0.01,65.11 \scriptsize $\pm$ 0.29,abla_random_unseen_xlmr,xtreme_r.udpos,"[42, 66, 17, 23]","[65.25216087013372, 65.38844010832113, 65.08408312474354, 64.72801574371094]",0.007217065858417868,0.878686895328937,0.010847492847929727
85.47 \scriptsize $\pm$ 0.52,64.99 \scriptsize $\pm$ 0.61,87.60 \scriptsize $\pm$ 0.43,87.62 \scriptsize $\pm$ 0.10,84.05 \scriptsize $\pm$ 0.35,88.50 \scriptsize $\pm$ 0.25,78.49 \scriptsize $\pm$ 1.11,64.92 \scriptsize $\pm$ 1.18,73.80 \scriptsize $\pm$ 0.60,78.20 \scriptsize $\pm$ 0.35,84.11 \scriptsize $\pm$ 1.02,79.47 \scriptsize $\pm$ 1.23,68.58 \scriptsize $\pm$ 2.82,81.65 \scriptsize $\pm$ 0.25,83.74 \scriptsize $\pm$ 0.33,88.64 \scriptsize $\pm$ 0.35,49.98 \scriptsize $\pm$ 2.64,74.85 \scriptsize $\pm$ 0.62,62.75 \scriptsize $\pm$ 0.59,74.93 \scriptsize $\pm$ 0.82,70.66 \scriptsize $\pm$ 2.26,89.46 \scriptsize $\pm$ 0.26,82.63 \scriptsize $\pm$ 0.33,88.93 \scriptsize $\pm$ 0.41,77.40 \scriptsize $\pm$ 0.89,88.58 \scriptsize $\pm$ 0.19,71.05 \scriptsize $\pm$ 0.41,78.50 \scriptsize $\pm$ 1.88,46.27 \scriptsize $\pm$ 3.09,56.51 \scriptsize $\pm$ 1.30,69.88 \scriptsize $\pm$ 0.51,84.63 \scriptsize $\pm$ 0.44,63.21 \scriptsize $\pm$ 2.03,61.26 \scriptsize $\pm$ 0.20,69.12 \scriptsize $\pm$ 0.85,48.27 \scriptsize $\pm$ 1.83,51.50 \scriptsize $\pm$ 2.32,31.86 \scriptsize $\pm$ 2.59,43.27 \scriptsize $\pm$ 0.85,48.82 \scriptsize $\pm$ 0.87,46.97 \scriptsize $\pm$ 2.08,53.70 \scriptsize $\pm$ 1.01,41.23 \scriptsize $\pm$ 1.64,44.32 \scriptsize $\pm$ 1.46,48.93 \scriptsize $\pm$ 1.88,47.61 \scriptsize $\pm$ 1.52,54.19 \scriptsize $\pm$ 1.27,40.37 \scriptsize $\pm$ 0.75,36.88 \scriptsize $\pm$ 0.87,46.93 \scriptsize $\pm$ 1.37,47.34 \scriptsize $\pm$ 0.96,38.53 \scriptsize $\pm$ 1.75,45.43 \scriptsize $\pm$ 0.38,95.94 \scriptsize $\pm$ 0.03,65.79 \scriptsize $\pm$ 0.18,afri_only,xtreme_r.udpos,"[42, 66, 17, 23]","[66.00276918023636, 65.7129850336055, 65.84819881754626, 65.58411119795153]",0.00923538254460182,0.06730466579651125,-1.0
87.69 \scriptsize $\pm$ 0.30,63.65 \scriptsize $\pm$ 0.75,87.09 \scriptsize $\pm$ 0.39,87.60 \scriptsize $\pm$ 0.42,83.80 \scriptsize $\pm$ 0.68,88.40 \scriptsize $\pm$ 0.23,84.40 \scriptsize $\pm$ 0.36,69.96 \scriptsize $\pm$ 0.48,74.26 \scriptsize $\pm$ 0.28,82.93 \scriptsize $\pm$ 0.41,84.16 \scriptsize $\pm$ 1.13,78.00 \scriptsize $\pm$ 1.36,70.10 \scriptsize $\pm$ 2.08,82.98 \scriptsize $\pm$ 0.34,85.10 \scriptsize $\pm$ 0.62,90.65 \scriptsize $\pm$ 0.27,48.01 \scriptsize $\pm$ 1.27,77.07 \scriptsize $\pm$ 1.58,63.24 \scriptsize $\pm$ 0.26,82.73 \scriptsize $\pm$ 0.30,73.16 \scriptsize $\pm$ 1.47,90.01 \scriptsize $\pm$ 0.32,83.49 \scriptsize $\pm$ 0.93,90.15 \scriptsize $\pm$ 0.08,80.40 \scriptsize $\pm$ 0.80,87.93 \scriptsize $\pm$ 0.43,72.74 \scriptsize $\pm$ 0.44,80.89 \scriptsize $\pm$ 0.93,48.45 \scriptsize $\pm$ 2.60,66.66 \scriptsize $\pm$ 0.64,74.90 \scriptsize $\pm$ 0.68,83.53 \scriptsize $\pm$ 0.60,63.36 \scriptsize $\pm$ 2.95,63.76 \scriptsize $\pm$ 0.30,68.51 \scriptsize $\pm$ 0.79,25.08 \scriptsize $\pm$ 2.42,29.93 \scriptsize $\pm$ 1.77,16.20 \scriptsize $\pm$ 0.69,36.24 \scriptsize $\pm$ 2.34,30.11 \scriptsize $\pm$ 5.55,30.21 \scriptsize $\pm$ 2.44,30.74 \scriptsize $\pm$ 2.68,29.80 \scriptsize $\pm$ 2.03,30.30 \scriptsize $\pm$ 2.40,32.99 \scriptsize $\pm$ 2.20,33.94 \scriptsize $\pm$ 2.68,54.67 \scriptsize $\pm$ 1.29,27.05 \scriptsize $\pm$ 1.26,20.59 \scriptsize $\pm$ 1.43,26.94 \scriptsize $\pm$ 2.93,38.46 \scriptsize $\pm$ 1.99,35.66 \scriptsize $\pm$ 2.52,33.93 \scriptsize $\pm$ 2.32,96.16 \scriptsize $\pm$ 0.01,62.20 \scriptsize $\pm$ 0.78,baseline,xtreme_r.udpos,"[42, 66, 17, 23]","[62.86760932818376, 61.19128897435906, 61.98276433503877, 62.75658731520085]",0.0008254890775230934,0.003862537665830423,0.0025174056788907066
89.05 \scriptsize $\pm$ 0.48,65.74 \scriptsize $\pm$ 1.04,88.94 \scriptsize $\pm$ 0.14,88.58 \scriptsize $\pm$ 0.32,86.51 \scriptsize $\pm$ 0.83,88.02 \scriptsize $\pm$ 0.09,82.37 \scriptsize $\pm$ 0.59,70.19 \scriptsize $\pm$ 0.54,74.67 \scriptsize $\pm$ 0.50,80.70 \scriptsize $\pm$ 0.51,85.78 \scriptsize $\pm$ 0.28,80.35 \scriptsize $\pm$ 0.95,68.34 \scriptsize $\pm$ 2.19,82.48 \scriptsize $\pm$ 0.08,84.73 \scriptsize $\pm$ 0.44,89.58 \scriptsize $\pm$ 0.34,48.39 \scriptsize $\pm$ 0.83,77.06 \scriptsize $\pm$ 0.44,63.82 \scriptsize $\pm$ 0.55,80.19 \scriptsize $\pm$ 0.37,72.50 \scriptsize $\pm$ 2.66,90.05 \scriptsize $\pm$ 0.25,84.06 \scriptsize $\pm$ 0.30,89.40 \scriptsize $\pm$ 0.15,82.06 \scriptsize $\pm$ 0.27,89.19 \scriptsize $\pm$ 0.35,72.89 \scriptsize $\pm$ 0.51,78.95 \scriptsize $\pm$ 0.96,49.71 \scriptsize $\pm$ 0.50,63.37 \scriptsize $\pm$ 1.85,73.46 \scriptsize $\pm$ 0.39,85.90 \scriptsize $\pm$ 0.17,63.11 \scriptsize $\pm$ 1.20,61.60 \scriptsize $\pm$ 0.67,70.51 \scriptsize $\pm$ 1.49,31.17 \scriptsize $\pm$ 2.76,32.81 \scriptsize $\pm$ 1.23,18.91 \scriptsize $\pm$ 0.55,34.42 \scriptsize $\pm$ 2.52,30.61 \scriptsize $\pm$ 1.13,28.58 \scriptsize $\pm$ 3.45,30.31 \scriptsize $\pm$ 3.36,28.36 \scriptsize $\pm$ 0.70,32.97 \scriptsize $\pm$ 1.10,31.28 \scriptsize $\pm$ 3.66,31.71 \scriptsize $\pm$ 3.55,52.44 \scriptsize $\pm$ 0.63,26.90 \scriptsize $\pm$ 1.77,26.40 \scriptsize $\pm$ 1.40,30.22 \scriptsize $\pm$ 2.40,37.63 \scriptsize $\pm$ 2.90,34.64 \scriptsize $\pm$ 1.55,32.25 \scriptsize $\pm$ 2.33,96.03 \scriptsize $\pm$ 0.04,62.40 \scriptsize $\pm$ 0.49,least_family_en_10,xtreme_r.udpos,"[42, 66, 17, 23]","[62.62484125070145, 62.978068437624, 61.89347381471426, 62.12268708421362]",0.001271376744953817,0.003176908318162191,0.0008786418128171082
89.16 \scriptsize $\pm$ 0.72,66.13 \scriptsize $\pm$ 0.18,88.85 \scriptsize $\pm$ 0.34,88.40 \scriptsize $\pm$ 0.37,85.24 \scriptsize $\pm$ 0.84,88.15 \scriptsize $\pm$ 0.35,82.54 \scriptsize $\pm$ 0.37,71.29 \scriptsize $\pm$ 0.55,73.91 \scriptsize $\pm$ 0.41,81.50 \scriptsize $\pm$ 0.34,85.89 \scriptsize $\pm$ 0.56,80.11 \scriptsize $\pm$ 0.71,69.82 \scriptsize $\pm$ 0.91,82.01 \scriptsize $\pm$ 0.47,85.13 \scriptsize $\pm$ 0.30,89.29 \scriptsize $\pm$ 0.20,50.11 \scriptsize $\pm$ 0.41,78.28 \scriptsize $\pm$ 0.60,63.78 \scriptsize $\pm$ 0.34,82.28 \scriptsize $\pm$ 0.54,76.91 \scriptsize $\pm$ 1.60,89.92 \scriptsize $\pm$ 0.30,83.96 \scriptsize $\pm$ 0.58,89.33 \scriptsize $\pm$ 0.53,81.68 \scriptsize $\pm$ 0.11,88.83 \scriptsize $\pm$ 0.24,71.35 \scriptsize $\pm$ 1.54,78.81 \scriptsize $\pm$ 0.47,50.25 \scriptsize $\pm$ 1.57,63.34 \scriptsize $\pm$ 0.40,74.80 \scriptsize $\pm$ 0.30,85.43 \scriptsize $\pm$ 0.39,63.66 \scriptsize $\pm$ 0.39,62.06 \scriptsize $\pm$ 0.25,70.44 \scriptsize $\pm$ 0.67,34.88 \scriptsize $\pm$ 3.54,35.86 \scriptsize $\pm$ 2.17,23.67 \scriptsize $\pm$ 3.20,36.97 \scriptsize $\pm$ 2.42,34.04 \scriptsize $\pm$ 3.90,31.90 \scriptsize $\pm$ 2.00,34.98 \scriptsize $\pm$ 2.36,30.57 \scriptsize $\pm$ 1.26,35.29 \scriptsize $\pm$ 1.55,34.50 \scriptsize $\pm$ 3.96,36.28 \scriptsize $\pm$ 2.78,53.29 \scriptsize $\pm$ 0.95,29.43 \scriptsize $\pm$ 2.71,28.27 \scriptsize $\pm$ 1.30,31.66 \scriptsize $\pm$ 1.29,40.64 \scriptsize $\pm$ 3.38,36.85 \scriptsize $\pm$ 1.96,36.36 \scriptsize $\pm$ 3.00,95.99 \scriptsize $\pm$ 0.02,63.59 \scriptsize $\pm$ 0.87,least_family_en_20,xtreme_r.udpos,"[42, 66, 17, 23]","[62.550554422070306, 63.21383863949653, 64.401449531984, 64.21009696961713]",0.002289036662106794,0.049176036322124514,0.021042182000492765
88.71 \scriptsize $\pm$ 0.29,64.95 \scriptsize $\pm$ 0.51,88.27 \scriptsize $\pm$ 0.26,88.92 \scriptsize $\pm$ 0.30,86.84 \scriptsize $\pm$ 0.62,88.24 \scriptsize $\pm$ 0.16,80.87 \scriptsize $\pm$ 0.30,68.71 \scriptsize $\pm$ 0.73,74.29 \scriptsize $\pm$ 1.01,80.05 \scriptsize $\pm$ 0.37,85.21 \scriptsize $\pm$ 0.21,80.04 \scriptsize $\pm$ 0.74,69.34 \scriptsize $\pm$ 2.95,82.80 \scriptsize $\pm$ 0.23,84.46 \scriptsize $\pm$ 0.28,89.91 \scriptsize $\pm$ 0.16,48.82 \scriptsize $\pm$ 1.73,76.78 \scriptsize $\pm$ 0.70,63.61 \scriptsize $\pm$ 0.38,80.20 \scriptsize $\pm$ 0.44,72.28 \scriptsize $\pm$ 3.01,89.92 \scriptsize $\pm$ 0.23,84.04 \scriptsize $\pm$ 0.24,89.41 \scriptsize $\pm$ 0.09,80.50 \scriptsize $\pm$ 0.46,89.12 \scriptsize $\pm$ 0.12,72.40 \scriptsize $\pm$ 0.39,79.65 \scriptsize $\pm$ 1.80,48.16 \scriptsize $\pm$ 2.10,60.87 \scriptsize $\pm$ 1.35,73.27 \scriptsize $\pm$ 0.69,85.68 \scriptsize $\pm$ 0.24,63.07 \scriptsize $\pm$ 2.13,61.39 \scriptsize $\pm$ 0.70,69.74 \scriptsize $\pm$ 0.68,28.13 \scriptsize $\pm$ 0.39,32.47 \scriptsize $\pm$ 1.59,18.90 \scriptsize $\pm$ 1.27,33.61 \scriptsize $\pm$ 1.21,31.89 \scriptsize $\pm$ 3.66,27.94 \scriptsize $\pm$ 1.14,29.65 \scriptsize $\pm$ 1.09,28.15 \scriptsize $\pm$ 1.24,32.49 \scriptsize $\pm$ 0.89,27.71 \scriptsize $\pm$ 1.61,30.17 \scriptsize $\pm$ 1.29,52.12 \scriptsize $\pm$ 0.76,27.31 \scriptsize $\pm$ 0.80,26.18 \scriptsize $\pm$ 2.20,28.33 \scriptsize $\pm$ 0.94,36.23 \scriptsize $\pm$ 0.54,33.48 \scriptsize $\pm$ 2.24,31.07 \scriptsize $\pm$ 0.75,95.98 \scriptsize $\pm$ 0.06,61.89 \scriptsize $\pm$ 0.48,least_family_en_5,xtreme_r.udpos,"[42, 66, 17, 23]","[62.06937878587445, 61.22299028554234, 61.94023780530495, 62.346121255881826]",6.449765288609121e-05,0.0008315949336475165,0.0006187922448019716
88.22 \scriptsize $\pm$ 0.51,65.30 \scriptsize $\pm$ 0.41,88.57 \scriptsize $\pm$ 0.45,88.39 \scriptsize $\pm$ 0.38,86.15 \scriptsize $\pm$ 0.84,88.19 \scriptsize $\pm$ 0.33,83.67 \scriptsize $\pm$ 0.47,70.03 \scriptsize $\pm$ 0.61,74.59 \scriptsize $\pm$ 0.32,82.64 \scriptsize $\pm$ 0.16,85.60 \scriptsize $\pm$ 0.44,80.15 \scriptsize $\pm$ 0.83,70.84 \scriptsize $\pm$ 1.51,81.84 \scriptsize $\pm$ 0.47,84.76 \scriptsize $\pm$ 0.23,89.42 \scriptsize $\pm$ 0.44,49.09 \scriptsize $\pm$ 0.48,77.01 \scriptsize $\pm$ 0.57,64.31 \scriptsize $\pm$ 0.27,80.21 \scriptsize $\pm$ 0.32,74.63 \scriptsize $\pm$ 1.32,90.02 \scriptsize $\pm$ 0.09,83.43 \scriptsize $\pm$ 0.36,89.31 \scriptsize $\pm$ 0.09,81.50 \scriptsize $\pm$ 0.27,89.09 \scriptsize $\pm$ 0.24,73.06 \scriptsize $\pm$ 1.31,79.13 \scriptsize $\pm$ 1.35,48.77 \scriptsize $\pm$ 4.85,61.36 \scriptsize $\pm$ 1.22,73.62 \scriptsize $\pm$ 0.73,85.54 \scriptsize $\pm$ 0.04,64.63 \scriptsize $\pm$ 1.67,61.54 \scriptsize $\pm$ 0.58,70.36 \scriptsize $\pm$ 0.19,32.62 \scriptsize $\pm$ 2.73,31.69 \scriptsize $\pm$ 1.14,18.53 \scriptsize $\pm$ 2.21,37.75 \scriptsize $\pm$ 1.10,31.18 \scriptsize $\pm$ 2.55,30.64 \scriptsize $\pm$ 1.25,33.28 \scriptsize $\pm$ 1.10,29.15 \scriptsize $\pm$ 1.31,33.55 \scriptsize $\pm$ 1.47,32.14 \scriptsize $\pm$ 2.43,34.02 \scriptsize $\pm$ 1.98,52.75 \scriptsize $\pm$ 0.33,27.79 \scriptsize $\pm$ 2.40,26.59 \scriptsize $\pm$ 1.10,29.65 \scriptsize $\pm$ 1.61,41.52 \scriptsize $\pm$ 1.13,34.25 \scriptsize $\pm$ 1.68,37.92 \scriptsize $\pm$ 0.97,96.03 \scriptsize $\pm$ 0.04,62.89 \scriptsize $\pm$ 0.51,least_same_script_10,xtreme_r.udpos,"[42, 66, 17, 23]","[62.45858003953767, 62.5926602585479, 62.90387967098209, 63.60250830097802]",0.00017037517923542068,0.001285209122367482,0.0031188932497683572
88.48 \scriptsize $\pm$ 0.75,65.91 \scriptsize $\pm$ 0.65,88.42 \scriptsize $\pm$ 0.13,87.91 \scriptsize $\pm$ 0.32,84.75 \scriptsize $\pm$ 0.68,88.48 \scriptsize $\pm$ 0.55,80.76 \scriptsize $\pm$ 0.46,72.49 \scriptsize $\pm$ 0.71,74.10 \scriptsize $\pm$ 0.70,80.33 \scriptsize $\pm$ 0.26,85.55 \scriptsize $\pm$ 0.50,79.82 \scriptsize $\pm$ 0.18,71.23 \scriptsize $\pm$ 3.71,82.16 \scriptsize $\pm$ 0.41,85.22 \scriptsize $\pm$ 0.14,89.44 \scriptsize $\pm$ 0.42,50.90 \scriptsize $\pm$ 2.29,78.45 \scriptsize $\pm$ 0.28,63.08 \scriptsize $\pm$ 0.30,81.66 \scriptsize $\pm$ 0.25,75.81 \scriptsize $\pm$ 1.35,90.03 \scriptsize $\pm$ 0.14,84.19 \scriptsize $\pm$ 0.34,89.33 \scriptsize $\pm$ 0.45,79.51 \scriptsize $\pm$ 0.74,89.07 \scriptsize $\pm$ 0.22,72.45 \scriptsize $\pm$ 0.76,79.92 \scriptsize $\pm$ 1.05,50.05 \scriptsize $\pm$ 3.33,67.38 \scriptsize $\pm$ 0.27,76.13 \scriptsize $\pm$ 0.40,85.37 \scriptsize $\pm$ 0.37,66.03 \scriptsize $\pm$ 2.65,61.74 \scriptsize $\pm$ 0.27,69.52 \scriptsize $\pm$ 0.82,37.95 \scriptsize $\pm$ 1.43,50.26 \scriptsize $\pm$ 0.75,33.99 \scriptsize $\pm$ 1.50,37.12 \scriptsize $\pm$ 1.96,40.32 \scriptsize $\pm$ 1.88,47.31 \scriptsize $\pm$ 0.46,54.52 \scriptsize $\pm$ 2.12,35.62 \scriptsize $\pm$ 1.51,37.66 \scriptsize $\pm$ 0.98,43.03 \scriptsize $\pm$ 0.77,49.07 \scriptsize $\pm$ 0.94,52.50 \scriptsize $\pm$ 1.17,36.99 \scriptsize $\pm$ 1.19,36.34 \scriptsize $\pm$ 1.90,32.93 \scriptsize $\pm$ 2.36,46.07 \scriptsize $\pm$ 0.80,39.00 \scriptsize $\pm$ 1.16,44.38 \scriptsize $\pm$ 1.01,95.96 \scriptsize $\pm$ 0.02,66.05 \scriptsize $\pm$ 0.25,least_same_script_20,xtreme_r.udpos,"[42, 66, 17, 23]","[65.92118767044364, 65.7552101668407, 66.24123409544954, 66.28295495644494]",1.4015244126830856e-06,0.01611136944874925,0.233049013334276
87.50 \scriptsize $\pm$ 0.72,64.28 \scriptsize $\pm$ 0.44,88.11 \scriptsize $\pm$ 0.31,88.52 \scriptsize $\pm$ 0.19,85.86 \scriptsize $\pm$ 0.84,87.96 \scriptsize $\pm$ 0.37,81.80 \scriptsize $\pm$ 0.09,69.32 \scriptsize $\pm$ 0.69,74.44 \scriptsize $\pm$ 0.43,80.63 \scriptsize $\pm$ 0.36,85.62 \scriptsize $\pm$ 0.20,79.26 \scriptsize $\pm$ 1.35,68.38 \scriptsize $\pm$ 2.06,82.22 \scriptsize $\pm$ 0.16,84.51 \scriptsize $\pm$ 0.24,89.69 \scriptsize $\pm$ 0.28,48.04 \scriptsize $\pm$ 1.68,77.25 \scriptsize $\pm$ 0.40,64.10 \scriptsize $\pm$ 0.71,80.98 \scriptsize $\pm$ 0.18,72.35 \scriptsize $\pm$ 0.64,90.20 \scriptsize $\pm$ 0.13,83.91 \scriptsize $\pm$ 0.33,89.35 \scriptsize $\pm$ 0.32,80.03 \scriptsize $\pm$ 0.45,89.11 \scriptsize $\pm$ 0.23,72.55 \scriptsize $\pm$ 1.21,79.09 \scriptsize $\pm$ 1.10,48.51 \scriptsize $\pm$ 2.31,60.64 \scriptsize $\pm$ 0.99,73.48 \scriptsize $\pm$ 0.50,85.65 \scriptsize $\pm$ 0.48,61.93 \scriptsize $\pm$ 2.60,61.30 \scriptsize $\pm$ 1.06,70.01 \scriptsize $\pm$ 0.47,25.99 \scriptsize $\pm$ 1.83,32.34 \scriptsize $\pm$ 1.86,16.53 \scriptsize $\pm$ 1.94,33.96 \scriptsize $\pm$ 2.89,29.45 \scriptsize $\pm$ 3.40,25.38 \scriptsize $\pm$ 1.71,27.23 \scriptsize $\pm$ 0.60,28.56 \scriptsize $\pm$ 1.60,31.73 \scriptsize $\pm$ 1.64,24.45 \scriptsize $\pm$ 1.66,27.54 \scriptsize $\pm$ 0.63,52.58 \scriptsize $\pm$ 1.88,24.52 \scriptsize $\pm$ 0.72,23.74 \scriptsize $\pm$ 3.10,27.07 \scriptsize $\pm$ 1.11,35.53 \scriptsize $\pm$ 1.38,32.93 \scriptsize $\pm$ 2.27,31.31 \scriptsize $\pm$ 1.35,96.00 \scriptsize $\pm$ 0.03,61.36 \scriptsize $\pm$ 0.13,least_same_script_5,xtreme_r.udpos,"[42, 66, 17, 23]","[61.48547207266454, 61.205058685186955, 61.31107096639594, 61.43563173570989]",2.3683921705729416e-05,0.00021949675082648151,2.05842391374165e-05
87.60 \scriptsize $\pm$ 0.66,65.73 \scriptsize $\pm$ 1.09,88.89 \scriptsize $\pm$ 0.46,88.42 \scriptsize $\pm$ 0.26,86.13 \scriptsize $\pm$ 0.43,88.13 \scriptsize $\pm$ 0.36,82.25 \scriptsize $\pm$ 0.41,69.81 \scriptsize $\pm$ 0.52,74.25 \scriptsize $\pm$ 0.48,80.85 \scriptsize $\pm$ 0.64,86.02 \scriptsize $\pm$ 0.33,80.44 \scriptsize $\pm$ 1.39,67.78 \scriptsize $\pm$ 2.80,82.49 \scriptsize $\pm$ 0.19,84.70 \scriptsize $\pm$ 0.27,89.52 \scriptsize $\pm$ 0.31,48.48 \scriptsize $\pm$ 0.90,76.28 \scriptsize $\pm$ 0.53,64.03 \scriptsize $\pm$ 0.61,80.74 \scriptsize $\pm$ 0.19,72.13 \scriptsize $\pm$ 2.68,90.05 \scriptsize $\pm$ 0.15,84.06 \scriptsize $\pm$ 0.49,89.39 \scriptsize $\pm$ 0.26,81.72 \scriptsize $\pm$ 0.46,88.97 \scriptsize $\pm$ 0.32,71.91 \scriptsize $\pm$ 1.05,78.26 \scriptsize $\pm$ 0.38,46.68 \scriptsize $\pm$ 1.38,62.67 \scriptsize $\pm$ 0.53,73.43 \scriptsize $\pm$ 0.15,85.73 \scriptsize $\pm$ 0.53,62.81 \scriptsize $\pm$ 2.56,61.14 \scriptsize $\pm$ 0.74,69.98 \scriptsize $\pm$ 0.70,35.45 \scriptsize $\pm$ 2.12,35.40 \scriptsize $\pm$ 0.72,22.19 \scriptsize $\pm$ 1.90,37.64 \scriptsize $\pm$ 1.31,32.66 \scriptsize $\pm$ 2.70,31.36 \scriptsize $\pm$ 3.13,35.05 \scriptsize $\pm$ 1.94,30.27 \scriptsize $\pm$ 0.94,35.23 \scriptsize $\pm$ 1.61,34.10 \scriptsize $\pm$ 4.28,35.50 \scriptsize $\pm$ 2.54,53.30 \scriptsize $\pm$ 0.31,29.59 \scriptsize $\pm$ 2.03,29.25 \scriptsize $\pm$ 1.83,31.97 \scriptsize $\pm$ 2.72,41.08 \scriptsize $\pm$ 3.71,35.97 \scriptsize $\pm$ 1.34,36.17 \scriptsize $\pm$ 3.06,96.02 \scriptsize $\pm$ 0.02,63.14 \scriptsize $\pm$ 0.60,least_uriel_en_10,xtreme_r.udpos,"[42, 66, 17, 23]","[63.50285880020457, 63.365551032051016, 62.24544772759724, 63.45157625762966]",0.00223403952242074,0.0029117082035902057,0.003974061526381823
88.24 \scriptsize $\pm$ 0.12,65.14 \scriptsize $\pm$ 0.71,88.70 \scriptsize $\pm$ 0.43,88.26 \scriptsize $\pm$ 0.46,85.74 \scriptsize $\pm$ 0.95,88.18 \scriptsize $\pm$ 0.19,83.69 \scriptsize $\pm$ 0.22,69.89 \scriptsize $\pm$ 0.32,74.30 \scriptsize $\pm$ 0.56,82.61 \scriptsize $\pm$ 0.03,85.59 \scriptsize $\pm$ 0.41,80.61 \scriptsize $\pm$ 0.35,71.22 \scriptsize $\pm$ 2.50,82.29 \scriptsize $\pm$ 0.42,85.11 \scriptsize $\pm$ 0.11,89.43 \scriptsize $\pm$ 0.21,50.13 \scriptsize $\pm$ 1.36,77.06 \scriptsize $\pm$ 0.47,64.00 \scriptsize $\pm$ 0.22,82.05 \scriptsize $\pm$ 0.29,73.53 \scriptsize $\pm$ 2.19,90.05 \scriptsize $\pm$ 0.28,84.05 \scriptsize $\pm$ 0.60,89.39 \scriptsize $\pm$ 0.13,81.82 \scriptsize $\pm$ 0.44,88.98 \scriptsize $\pm$ 0.28,71.08 \scriptsize $\pm$ 2.45,79.72 \scriptsize $\pm$ 0.92,50.50 \scriptsize $\pm$ 2.31,63.38 \scriptsize $\pm$ 0.91,74.54 \scriptsize $\pm$ 0.12,85.38 \scriptsize $\pm$ 0.40,65.24 \scriptsize $\pm$ 2.81,62.02 \scriptsize $\pm$ 0.45,70.24 \scriptsize $\pm$ 0.31,33.93 \scriptsize $\pm$ 3.21,35.46 \scriptsize $\pm$ 2.08,22.28 \scriptsize $\pm$ 2.31,36.40 \scriptsize $\pm$ 1.38,33.23 \scriptsize $\pm$ 1.73,30.26 \scriptsize $\pm$ 1.79,34.64 \scriptsize $\pm$ 0.87,30.19 \scriptsize $\pm$ 0.27,33.86 \scriptsize $\pm$ 1.33,34.20 \scriptsize $\pm$ 2.43,35.52 \scriptsize $\pm$ 0.70,53.67 \scriptsize $\pm$ 1.47,29.61 \scriptsize $\pm$ 1.48,27.88 \scriptsize $\pm$ 2.26,30.80 \scriptsize $\pm$ 1.53,40.12 \scriptsize $\pm$ 3.36,34.93 \scriptsize $\pm$ 2.05,34.49 \scriptsize $\pm$ 2.28,96.04 \scriptsize $\pm$ 0.03,63.33 \scriptsize $\pm$ 0.39,least_uriel_en_20,xtreme_r.udpos,"[42, 66, 17, 23]","[62.8171604606788, 63.62471536133782, 63.62749992796061, 63.24010136644711]",0.000604811539927543,0.01139000785282544,0.002169000213417883
87.80 \scriptsize $\pm$ 0.73,65.31 \scriptsize $\pm$ 0.89,88.61 \scriptsize $\pm$ 0.46,87.97 \scriptsize $\pm$ 0.19,85.19 \scriptsize $\pm$ 0.83,88.31 \scriptsize $\pm$ 0.21,83.86 \scriptsize $\pm$ 0.72,72.68 \scriptsize $\pm$ 0.68,73.95 \scriptsize $\pm$ 0.69,82.75 \scriptsize $\pm$ 0.55,85.81 \scriptsize $\pm$ 0.22,80.38 \scriptsize $\pm$ 0.31,71.46 \scriptsize $\pm$ 2.94,82.55 \scriptsize $\pm$ 0.36,85.40 \scriptsize $\pm$ 0.32,89.67 \scriptsize $\pm$ 0.26,51.21 \scriptsize $\pm$ 0.86,79.03 \scriptsize $\pm$ 0.24,63.44 \scriptsize $\pm$ 0.63,81.93 \scriptsize $\pm$ 0.75,78.16 \scriptsize $\pm$ 0.56,89.89 \scriptsize $\pm$ 0.27,84.34 \scriptsize $\pm$ 0.53,89.48 \scriptsize $\pm$ 0.26,81.89 \scriptsize $\pm$ 0.23,88.96 \scriptsize $\pm$ 0.48,72.53 \scriptsize $\pm$ 1.41,79.68 \scriptsize $\pm$ 1.93,53.37 \scriptsize $\pm$ 0.22,67.87 \scriptsize $\pm$ 0.75,76.29 \scriptsize $\pm$ 0.35,85.14 \scriptsize $\pm$ 0.57,66.16 \scriptsize $\pm$ 3.16,62.09 \scriptsize $\pm$ 0.47,69.46 \scriptsize $\pm$ 1.21,50.89 \scriptsize $\pm$ 2.03,45.37 \scriptsize $\pm$ 1.97,28.78 \scriptsize $\pm$ 0.93,43.41 \scriptsize $\pm$ 0.51,37.31 \scriptsize $\pm$ 1.96,32.88 \scriptsize $\pm$ 1.16,36.47 \scriptsize $\pm$ 1.29,41.05 \scriptsize $\pm$ 2.69,46.48 \scriptsize $\pm$ 0.35,38.60 \scriptsize $\pm$ 0.51,39.93 \scriptsize $\pm$ 1.57,48.53 \scriptsize $\pm$ 1.03,33.14 \scriptsize $\pm$ 1.18,33.52 \scriptsize $\pm$ 1.42,46.44 \scriptsize $\pm$ 1.69,45.26 \scriptsize $\pm$ 1.23,37.01 \scriptsize $\pm$ 2.30,40.98 \scriptsize $\pm$ 0.59,96.03 \scriptsize $\pm$ 0.03,65.83 \scriptsize $\pm$ 0.08,least_uriel_en_40,xtreme_r.udpos,"[42, 66, 17, 23]","[65.79555522606204, 65.93123064043998, 65.75158550063219, 65.83332311517968]",0.0075622497516538035,0.0233952600431804,0.7429878758231783
86.55 \scriptsize $\pm$ 0.30,66.90 \scriptsize $\pm$ 1.35,87.54 \scriptsize $\pm$ 0.29,88.07 \scriptsize $\pm$ 0.48,85.96 \scriptsize $\pm$ 1.05,88.36 \scriptsize $\pm$ 0.27,81.83 \scriptsize $\pm$ 0.37,68.71 \scriptsize $\pm$ 0.58,75.43 \scriptsize $\pm$ 0.81,80.65 \scriptsize $\pm$ 0.17,85.56 \scriptsize $\pm$ 0.43,81.37 \scriptsize $\pm$ 0.42,67.59 \scriptsize $\pm$ 2.55,82.06 \scriptsize $\pm$ 0.57,84.69 \scriptsize $\pm$ 0.24,89.85 \scriptsize $\pm$ 0.19,48.10 \scriptsize $\pm$ 1.35,76.32 \scriptsize $\pm$ 1.25,63.80 \scriptsize $\pm$ 0.47,79.70 \scriptsize $\pm$ 0.22,72.57 \scriptsize $\pm$ 1.39,89.76 \scriptsize $\pm$ 0.20,83.85 \scriptsize $\pm$ 0.35,89.67 \scriptsize $\pm$ 0.20,82.23 \scriptsize $\pm$ 0.45,88.78 \scriptsize $\pm$ 0.16,72.55 \scriptsize $\pm$ 1.00,77.84 \scriptsize $\pm$ 2.09,47.60 \scriptsize $\pm$ 3.15,60.73 \scriptsize $\pm$ 0.68,72.68 \scriptsize $\pm$ 0.78,85.64 \scriptsize $\pm$ 0.52,61.83 \scriptsize $\pm$ 2.03,61.50 \scriptsize $\pm$ 0.42,70.28 \scriptsize $\pm$ 0.46,32.35 \scriptsize $\pm$ 1.58,32.97 \scriptsize $\pm$ 0.17,20.24 \scriptsize $\pm$ 0.70,36.24 \scriptsize $\pm$ 1.50,31.02 \scriptsize $\pm$ 3.08,30.24 \scriptsize $\pm$ 0.56,33.06 \scriptsize $\pm$ 1.56,30.20 \scriptsize $\pm$ 0.71,34.04 \scriptsize $\pm$ 1.48,33.35 \scriptsize $\pm$ 1.22,34.35 \scriptsize $\pm$ 1.07,52.25 \scriptsize $\pm$ 0.96,27.56 \scriptsize $\pm$ 1.36,28.12 \scriptsize $\pm$ 1.20,30.58 \scriptsize $\pm$ 1.64,40.71 \scriptsize $\pm$ 0.84,33.49 \scriptsize $\pm$ 0.60,35.50 \scriptsize $\pm$ 0.93,96.01 \scriptsize $\pm$ 0.04,62.57 \scriptsize $\pm$ 0.33,least_uriel_en_5,xtreme_r.udpos,"[42, 66, 17, 23]","[62.904805796810884, 62.125637386113034, 62.57377084329058, 62.6784976378129]",0.00010046670156254955,0.0016730167632944743,0.0001997472941997708
87.76 \scriptsize $\pm$ 0.50,63.98 \scriptsize $\pm$ 1.15,88.22 \scriptsize $\pm$ 0.16,88.54 \scriptsize $\pm$ 0.36,84.91 \scriptsize $\pm$ 0.94,88.39 \scriptsize $\pm$ 0.33,82.35 \scriptsize $\pm$ 0.34,71.99 \scriptsize $\pm$ 0.24,73.17 \scriptsize $\pm$ 0.96,81.18 \scriptsize $\pm$ 0.23,85.12 \scriptsize $\pm$ 0.25,79.65 \scriptsize $\pm$ 0.46,69.26 \scriptsize $\pm$ 1.84,82.27 \scriptsize $\pm$ 0.72,84.70 \scriptsize $\pm$ 0.39,89.39 \scriptsize $\pm$ 0.22,53.17 \scriptsize $\pm$ 2.02,79.75 \scriptsize $\pm$ 0.18,63.76 \scriptsize $\pm$ 0.31,80.94 \scriptsize $\pm$ 0.43,77.35 \scriptsize $\pm$ 1.61,90.00 \scriptsize $\pm$ 0.11,83.86 \scriptsize $\pm$ 0.34,89.45 \scriptsize $\pm$ 0.26,79.84 \scriptsize $\pm$ 0.90,88.84 \scriptsize $\pm$ 0.28,71.68 \scriptsize $\pm$ 1.13,79.37 \scriptsize $\pm$ 0.95,60.73 \scriptsize $\pm$ 0.59,62.40 \scriptsize $\pm$ 0.92,74.82 \scriptsize $\pm$ 0.53,85.30 \scriptsize $\pm$ 0.43,63.43 \scriptsize $\pm$ 1.91,62.81 \scriptsize $\pm$ 0.80,70.24 \scriptsize $\pm$ 0.79,27.37 \scriptsize $\pm$ 3.83,31.88 \scriptsize $\pm$ 1.97,21.77 \scriptsize $\pm$ 2.39,33.00 \scriptsize $\pm$ 3.23,28.30 \scriptsize $\pm$ 2.13,26.83 \scriptsize $\pm$ 1.79,28.37 \scriptsize $\pm$ 3.06,27.52 \scriptsize $\pm$ 3.59,32.16 \scriptsize $\pm$ 2.28,25.42 \scriptsize $\pm$ 2.69,28.98 \scriptsize $\pm$ 3.38,54.29 \scriptsize $\pm$ 0.46,24.60 \scriptsize $\pm$ 3.34,23.96 \scriptsize $\pm$ 1.54,26.79 \scriptsize $\pm$ 2.77,33.97 \scriptsize $\pm$ 1.09,34.40 \scriptsize $\pm$ 1.36,29.55 \scriptsize $\pm$ 2.06,96.04 \scriptsize $\pm$ 0.03,62.11 \scriptsize $\pm$ 0.87,most_distinct_script_10,xtreme_r.udpos,"[42, 66, 17, 23]","[62.712032805146976, 60.92049477177494, 62.79291566934215, 62.00824438225725]",0.001014732062649143,0.010925075005279387,0.0024550279130877276
87.41 \scriptsize $\pm$ 0.78,64.95 \scriptsize $\pm$ 1.25,88.55 \scriptsize $\pm$ 0.31,88.08 \scriptsize $\pm$ 0.51,85.18 \scriptsize $\pm$ 1.22,88.56 \scriptsize $\pm$ 0.36,83.29 \scriptsize $\pm$ 0.26,71.45 \scriptsize $\pm$ 0.69,73.89 \scriptsize $\pm$ 0.70,81.77 \scriptsize $\pm$ 0.18,85.37 \scriptsize $\pm$ 0.26,80.63 \scriptsize $\pm$ 0.98,69.35 \scriptsize $\pm$ 2.84,82.41 \scriptsize $\pm$ 0.14,84.84 \scriptsize $\pm$ 0.26,89.42 \scriptsize $\pm$ 0.38,52.08 \scriptsize $\pm$ 0.95,79.36 \scriptsize $\pm$ 0.38,63.72 \scriptsize $\pm$ 0.36,81.62 \scriptsize $\pm$ 0.47,76.25 \scriptsize $\pm$ 0.88,89.98 \scriptsize $\pm$ 0.10,84.62 \scriptsize $\pm$ 0.41,89.50 \scriptsize $\pm$ 0.27,80.15 \scriptsize $\pm$ 0.27,89.17 \scriptsize $\pm$ 0.18,70.61 \scriptsize $\pm$ 2.62,80.69 \scriptsize $\pm$ 1.06,59.98 \scriptsize $\pm$ 1.16,63.33 \scriptsize $\pm$ 0.41,75.11 \scriptsize $\pm$ 0.36,85.99 \scriptsize $\pm$ 0.32,65.08 \scriptsize $\pm$ 2.55,61.77 \scriptsize $\pm$ 0.84,69.83 \scriptsize $\pm$ 1.24,30.15 \scriptsize $\pm$ 2.69,32.23 \scriptsize $\pm$ 1.85,22.28 \scriptsize $\pm$ 2.87,35.02 \scriptsize $\pm$ 0.57,30.14 \scriptsize $\pm$ 3.81,29.38 \scriptsize $\pm$ 2.16,31.75 \scriptsize $\pm$ 3.04,30.98 \scriptsize $\pm$ 1.88,33.23 \scriptsize $\pm$ 1.26,30.93 \scriptsize $\pm$ 3.66,32.94 \scriptsize $\pm$ 2.59,54.19 \scriptsize $\pm$ 0.68,25.12 \scriptsize $\pm$ 2.15,25.39 \scriptsize $\pm$ 2.53,28.36 \scriptsize $\pm$ 2.30,35.78 \scriptsize $\pm$ 2.87,33.55 \scriptsize $\pm$ 2.91,30.74 \scriptsize $\pm$ 1.71,95.98 \scriptsize $\pm$ 0.01,62.82 \scriptsize $\pm$ 0.74,most_distinct_script_18,xtreme_r.udpos,"[42, 66, 17, 23]","[62.85719439364543, 61.99689952806257, 62.62915329744799, 63.78617964980312]",0.0007304188266232279,0.003501623613498252,0.005451774019637028
88.04 \scriptsize $\pm$ 0.60,64.97 \scriptsize $\pm$ 0.90,88.03 \scriptsize $\pm$ 0.21,87.92 \scriptsize $\pm$ 0.70,85.39 \scriptsize $\pm$ 0.72,88.47 \scriptsize $\pm$ 0.19,82.44 \scriptsize $\pm$ 0.59,71.72 \scriptsize $\pm$ 0.77,73.44 \scriptsize $\pm$ 0.70,81.12 \scriptsize $\pm$ 0.21,85.05 \scriptsize $\pm$ 0.26,80.55 \scriptsize $\pm$ 0.48,71.93 \scriptsize $\pm$ 3.01,82.46 \scriptsize $\pm$ 0.75,84.54 \scriptsize $\pm$ 0.20,89.62 \scriptsize $\pm$ 0.09,53.51 \scriptsize $\pm$ 0.82,79.55 \scriptsize $\pm$ 0.57,63.63 \scriptsize $\pm$ 0.31,80.43 \scriptsize $\pm$ 0.38,78.68 \scriptsize $\pm$ 1.37,90.12 \scriptsize $\pm$ 0.13,84.19 \scriptsize $\pm$ 0.40,89.39 \scriptsize $\pm$ 0.25,79.74 \scriptsize $\pm$ 0.25,88.31 \scriptsize $\pm$ 0.58,74.34 \scriptsize $\pm$ 0.59,79.68 \scriptsize $\pm$ 1.57,58.99 \scriptsize $\pm$ 0.60,61.40 \scriptsize $\pm$ 1.42,74.87 \scriptsize $\pm$ 0.30,85.11 \scriptsize $\pm$ 0.91,65.41 \scriptsize $\pm$ 3.29,62.35 \scriptsize $\pm$ 0.48,69.66 \scriptsize $\pm$ 0.93,25.84 \scriptsize $\pm$ 2.92,29.95 \scriptsize $\pm$ 1.45,19.56 \scriptsize $\pm$ 1.30,31.33 \scriptsize $\pm$ 1.71,28.61 \scriptsize $\pm$ 2.56,25.85 \scriptsize $\pm$ 1.97,25.51 \scriptsize $\pm$ 1.64,25.82 \scriptsize $\pm$ 1.73,31.41 \scriptsize $\pm$ 1.72,22.95 \scriptsize $\pm$ 1.55,26.06 \scriptsize $\pm$ 2.97,53.04 \scriptsize $\pm$ 1.09,21.39 \scriptsize $\pm$ 0.92,23.65 \scriptsize $\pm$ 2.45,24.20 \scriptsize $\pm$ 2.32,33.72 \scriptsize $\pm$ 0.95,35.38 \scriptsize $\pm$ 1.19,28.85 \scriptsize $\pm$ 1.05,96.02 \scriptsize $\pm$ 0.03,61.74 \scriptsize $\pm$ 0.66,most_distinct_script_5,xtreme_r.udpos,"[42, 66, 17, 23]","[61.04573182881096, 61.40947123357495, 62.566643503065094, 61.9567105555594]",0.00023818335049522336,0.004042463150158882,0.0016606308837420823
87.45 \scriptsize $\pm$ 0.23,65.02 \scriptsize $\pm$ 0.61,88.49 \scriptsize $\pm$ 0.55,87.88 \scriptsize $\pm$ 0.08,85.10 \scriptsize $\pm$ 0.52,88.67 \scriptsize $\pm$ 0.23,79.46 \scriptsize $\pm$ 0.64,69.40 \scriptsize $\pm$ 0.48,73.57 \scriptsize $\pm$ 0.71,79.32 \scriptsize $\pm$ 0.58,85.86 \scriptsize $\pm$ 0.12,80.43 \scriptsize $\pm$ 0.71,71.18 \scriptsize $\pm$ 2.63,81.89 \scriptsize $\pm$ 0.22,85.11 \scriptsize $\pm$ 0.30,89.32 \scriptsize $\pm$ 0.18,52.79 \scriptsize $\pm$ 1.81,79.11 \scriptsize $\pm$ 0.56,63.08 \scriptsize $\pm$ 0.40,79.34 \scriptsize $\pm$ 0.30,75.51 \scriptsize $\pm$ 1.53,89.82 \scriptsize $\pm$ 0.09,83.66 \scriptsize $\pm$ 0.72,89.62 \scriptsize $\pm$ 0.07,79.39 \scriptsize $\pm$ 0.41,88.78 \scriptsize $\pm$ 0.18,72.07 \scriptsize $\pm$ 1.27,78.85 \scriptsize $\pm$ 1.53,51.29 \scriptsize $\pm$ 1.32,61.13 \scriptsize $\pm$ 1.31,74.21 \scriptsize $\pm$ 0.43,85.25 \scriptsize $\pm$ 0.29,65.22 \scriptsize $\pm$ 2.16,61.71 \scriptsize $\pm$ 0.47,68.94 \scriptsize $\pm$ 0.74,33.95 \scriptsize $\pm$ 1.06,39.36 \scriptsize $\pm$ 2.06,23.76 \scriptsize $\pm$ 2.56,36.13 \scriptsize $\pm$ 0.88,36.46 \scriptsize $\pm$ 0.53,34.61 \scriptsize $\pm$ 1.80,38.39 \scriptsize $\pm$ 2.51,33.61 \scriptsize $\pm$ 1.49,36.15 \scriptsize $\pm$ 0.33,41.22 \scriptsize $\pm$ 1.64,38.84 \scriptsize $\pm$ 1.62,50.81 \scriptsize $\pm$ 0.86,35.77 \scriptsize $\pm$ 0.49,27.72 \scriptsize $\pm$ 1.99,31.76 \scriptsize $\pm$ 1.16,44.52 \scriptsize $\pm$ 1.14,32.06 \scriptsize $\pm$ 2.29,39.10 \scriptsize $\pm$ 1.24,95.96 \scriptsize $\pm$ 0.02,63.85 \scriptsize $\pm$ 0.51,most_family_en_10,xtreme_r.udpos,"[42, 66, 17, 23]","[63.66391912488016, 63.25220009711402, 64.43092191812374, 64.06560979184006]",0.0002120260904072094,0.03659087721508401,0.005663099326887632
87.13 \scriptsize $\pm$ 0.43,65.04 \scriptsize $\pm$ 0.39,88.83 \scriptsize $\pm$ 0.36,88.12 \scriptsize $\pm$ 0.41,84.94 \scriptsize $\pm$ 0.85,88.58 \scriptsize $\pm$ 0.15,81.23 \scriptsize $\pm$ 0.39,73.50 \scriptsize $\pm$ 0.81,73.79 \scriptsize $\pm$ 0.49,80.96 \scriptsize $\pm$ 0.12,85.77 \scriptsize $\pm$ 0.19,80.97 \scriptsize $\pm$ 0.70,69.40 \scriptsize $\pm$ 1.21,82.00 \scriptsize $\pm$ 0.39,85.03 \scriptsize $\pm$ 0.30,89.78 \scriptsize $\pm$ 0.26,51.79 \scriptsize $\pm$ 1.65,79.13 \scriptsize $\pm$ 0.20,63.58 \scriptsize $\pm$ 0.26,80.50 \scriptsize $\pm$ 0.32,77.94 \scriptsize $\pm$ 1.10,89.94 \scriptsize $\pm$ 0.16,84.53 \scriptsize $\pm$ 0.29,89.44 \scriptsize $\pm$ 0.20,80.44 \scriptsize $\pm$ 0.28,89.11 \scriptsize $\pm$ 0.10,72.18 \scriptsize $\pm$ 1.42,79.26 \scriptsize $\pm$ 1.00,58.89 \scriptsize $\pm$ 0.58,60.10 \scriptsize $\pm$ 2.78,75.05 \scriptsize $\pm$ 0.21,85.60 \scriptsize $\pm$ 0.24,64.24 \scriptsize $\pm$ 0.89,62.47 \scriptsize $\pm$ 0.55,70.35 \scriptsize $\pm$ 0.63,32.30 \scriptsize $\pm$ 1.25,38.28 \scriptsize $\pm$ 1.20,24.45 \scriptsize $\pm$ 0.79,44.15 \scriptsize $\pm$ 0.91,32.65 \scriptsize $\pm$ 1.70,30.83 \scriptsize $\pm$ 0.89,34.77 \scriptsize $\pm$ 1.38,41.54 \scriptsize $\pm$ 1.32,35.59 \scriptsize $\pm$ 0.61,36.77 \scriptsize $\pm$ 2.03,37.01 \scriptsize $\pm$ 1.38,48.81 \scriptsize $\pm$ 1.51,32.21 \scriptsize $\pm$ 0.52,25.02 \scriptsize $\pm$ 1.16,30.45 \scriptsize $\pm$ 0.93,41.82 \scriptsize $\pm$ 1.26,30.81 \scriptsize $\pm$ 0.85,36.11 \scriptsize $\pm$ 1.20,96.01 \scriptsize $\pm$ 0.03,63.87 \scriptsize $\pm$ 0.18,most_family_en_20,xtreme_r.udpos,"[42, 66, 17, 23]","[63.61443585397834, 64.00525940003664, 63.94400562086422, 63.93627005985601]",0.00026864835146094267,0.009810455931175535,0.0014539590349744915
86.80 \scriptsize $\pm$ 0.40,64.57 \scriptsize $\pm$ 1.15,88.13 \scriptsize $\pm$ 0.44,88.15 \scriptsize $\pm$ 0.48,85.15 \scriptsize $\pm$ 0.78,88.64 \scriptsize $\pm$ 0.50,82.11 \scriptsize $\pm$ 0.14,72.78 \scriptsize $\pm$ 0.55,73.40 \scriptsize $\pm$ 0.41,82.50 \scriptsize $\pm$ 0.28,86.04 \scriptsize $\pm$ 0.37,80.52 \scriptsize $\pm$ 0.86,70.62 \scriptsize $\pm$ 3.03,82.87 \scriptsize $\pm$ 0.66,85.11 \scriptsize $\pm$ 0.45,89.62 \scriptsize $\pm$ 0.23,51.76 \scriptsize $\pm$ 1.63,79.25 \scriptsize $\pm$ 0.42,63.10 \scriptsize $\pm$ 0.50,80.24 \scriptsize $\pm$ 0.38,79.34 \scriptsize $\pm$ 0.97,89.90 \scriptsize $\pm$ 0.20,84.14 \scriptsize $\pm$ 0.32,89.51 \scriptsize $\pm$ 0.33,80.08 \scriptsize $\pm$ 0.73,89.02 \scriptsize $\pm$ 0.19,72.71 \scriptsize $\pm$ 0.51,78.99 \scriptsize $\pm$ 0.62,57.74 \scriptsize $\pm$ 1.04,62.03 \scriptsize $\pm$ 1.42,75.02 \scriptsize $\pm$ 0.18,85.21 \scriptsize $\pm$ 0.12,65.14 \scriptsize $\pm$ 2.32,62.40 \scriptsize $\pm$ 0.48,69.37 \scriptsize $\pm$ 0.45,50.15 \scriptsize $\pm$ 1.80,44.53 \scriptsize $\pm$ 1.92,28.10 \scriptsize $\pm$ 1.18,43.76 \scriptsize $\pm$ 1.16,37.33 \scriptsize $\pm$ 3.31,30.30 \scriptsize $\pm$ 0.86,35.49 \scriptsize $\pm$ 0.69,41.50 \scriptsize $\pm$ 0.99,46.67 \scriptsize $\pm$ 1.31,38.22 \scriptsize $\pm$ 1.88,38.79 \scriptsize $\pm$ 1.49,49.86 \scriptsize $\pm$ 1.63,34.76 \scriptsize $\pm$ 0.94,31.04 \scriptsize $\pm$ 0.94,34.57 \scriptsize $\pm$ 0.63,41.40 \scriptsize $\pm$ 2.39,35.35 \scriptsize $\pm$ 3.02,37.11 \scriptsize $\pm$ 2.57,95.99 \scriptsize $\pm$ 0.04,65.13 \scriptsize $\pm$ 0.37,most_family_en_25,xtreme_r.udpos,"[42, 66, 17, 23]","[64.66149457129895, 65.28627450271232, 65.02700621335255, 65.53500474691235]",0.0029363237748583518,0.7136877752287858,0.09717560775591752
86.46 \scriptsize $\pm$ 0.61,65.16 \scriptsize $\pm$ 0.92,87.77 \scriptsize $\pm$ 0.42,88.10 \scriptsize $\pm$ 0.38,84.97 \scriptsize $\pm$ 0.62,88.71 \scriptsize $\pm$ 0.30,78.36 \scriptsize $\pm$ 0.83,68.03 \scriptsize $\pm$ 0.55,73.59 \scriptsize $\pm$ 0.62,78.12 \scriptsize $\pm$ 0.36,85.75 \scriptsize $\pm$ 0.38,79.86 \scriptsize $\pm$ 0.60,70.71 \scriptsize $\pm$ 2.77,81.99 \scriptsize $\pm$ 0.48,83.38 \scriptsize $\pm$ 0.47,89.19 \scriptsize $\pm$ 0.14,50.22 \scriptsize $\pm$ 1.83,79.08 \scriptsize $\pm$ 0.23,63.27 \scriptsize $\pm$ 0.62,77.79 \scriptsize $\pm$ 0.78,74.85 \scriptsize $\pm$ 1.67,89.72 \scriptsize $\pm$ 0.21,83.21 \scriptsize $\pm$ 0.19,89.37 \scriptsize $\pm$ 0.28,77.72 \scriptsize $\pm$ 0.27,88.25 \scriptsize $\pm$ 0.34,74.04 \scriptsize $\pm$ 0.90,79.54 \scriptsize $\pm$ 1.53,51.17 \scriptsize $\pm$ 0.74,58.01 \scriptsize $\pm$ 0.45,73.63 \scriptsize $\pm$ 0.37,84.45 \scriptsize $\pm$ 0.33,65.29 \scriptsize $\pm$ 2.26,61.48 \scriptsize $\pm$ 0.35,69.15 \scriptsize $\pm$ 0.27,33.14 \scriptsize $\pm$ 2.41,39.16 \scriptsize $\pm$ 0.80,24.39 \scriptsize $\pm$ 0.99,35.28 \scriptsize $\pm$ 0.70,38.04 \scriptsize $\pm$ 2.13,36.55 \scriptsize $\pm$ 1.43,40.01 \scriptsize $\pm$ 2.03,32.17 \scriptsize $\pm$ 0.72,33.97 \scriptsize $\pm$ 0.95,40.92 \scriptsize $\pm$ 0.98,38.19 \scriptsize $\pm$ 1.14,51.54 \scriptsize $\pm$ 0.86,35.63 \scriptsize $\pm$ 0.44,26.66 \scriptsize $\pm$ 1.55,29.55 \scriptsize $\pm$ 1.07,45.97 \scriptsize $\pm$ 0.87,33.55 \scriptsize $\pm$ 0.97,39.78 \scriptsize $\pm$ 1.30,95.98 \scriptsize $\pm$ 0.04,63.53 \scriptsize $\pm$ 0.06,most_family_en_5,xtreme_r.udpos,"[42, 66, 17, 23]","[63.575182322913186, 63.48102019724464, 63.47956990185088, 63.60393802565668]",0.00011784123446365965,0.0026011383259728757,0.0001886732194992301
87.81 \scriptsize $\pm$ 1.14,65.52 \scriptsize $\pm$ 1.15,88.13 \scriptsize $\pm$ 0.30,88.22 \scriptsize $\pm$ 0.41,85.33 \scriptsize $\pm$ 0.54,88.60 \scriptsize $\pm$ 0.28,80.10 \scriptsize $\pm$ 0.46,72.37 \scriptsize $\pm$ 0.45,73.89 \scriptsize $\pm$ 0.81,79.44 \scriptsize $\pm$ 0.41,85.29 \scriptsize $\pm$ 0.25,80.00 \scriptsize $\pm$ 0.56,70.34 \scriptsize $\pm$ 1.54,82.51 \scriptsize $\pm$ 0.37,84.47 \scriptsize $\pm$ 0.39,89.23 \scriptsize $\pm$ 0.30,50.94 \scriptsize $\pm$ 2.73,78.17 \scriptsize $\pm$ 0.57,63.11 \scriptsize $\pm$ 0.25,77.60 \scriptsize $\pm$ 0.93,74.04 \scriptsize $\pm$ 1.37,89.77 \scriptsize $\pm$ 0.18,83.59 \scriptsize $\pm$ 0.25,89.33 \scriptsize $\pm$ 0.16,78.91 \scriptsize $\pm$ 0.18,89.07 \scriptsize $\pm$ 0.24,72.04 \scriptsize $\pm$ 0.69,80.37 \scriptsize $\pm$ 1.19,50.90 \scriptsize $\pm$ 1.51,67.39 \scriptsize $\pm$ 0.79,74.71 \scriptsize $\pm$ 0.35,85.38 \scriptsize $\pm$ 0.55,64.68 \scriptsize $\pm$ 2.15,61.61 \scriptsize $\pm$ 0.37,69.68 \scriptsize $\pm$ 0.67,37.40 \scriptsize $\pm$ 1.59,41.68 \scriptsize $\pm$ 1.45,33.26 \scriptsize $\pm$ 2.51,35.44 \scriptsize $\pm$ 1.31,36.97 \scriptsize $\pm$ 2.57,40.59 \scriptsize $\pm$ 0.79,44.81 \scriptsize $\pm$ 0.79,33.31 \scriptsize $\pm$ 2.16,39.47 \scriptsize $\pm$ 1.33,41.12 \scriptsize $\pm$ 0.93,47.11 \scriptsize $\pm$ 1.81,51.61 \scriptsize $\pm$ 0.65,36.09 \scriptsize $\pm$ 0.86,37.55 \scriptsize $\pm$ 0.83,33.93 \scriptsize $\pm$ 0.78,44.82 \scriptsize $\pm$ 2.06,32.80 \scriptsize $\pm$ 2.49,40.81 \scriptsize $\pm$ 1.03,95.96 \scriptsize $\pm$ 0.05,64.95 \scriptsize $\pm$ 0.40,most_same_script_10,xtreme_r.udpos,"[42, 66, 17, 23]","[65.50525085522915, 64.5609808823366, 64.88912683127892, 64.84337579337722]",0.0037732579113604896,0.7189167526477893,0.009549254695708331
87.33 \scriptsize $\pm$ 0.49,65.51 \scriptsize $\pm$ 0.70,88.28 \scriptsize $\pm$ 0.21,88.10 \scriptsize $\pm$ 0.12,85.52 \scriptsize $\pm$ 0.73,88.26 \scriptsize $\pm$ 0.33,83.79 \scriptsize $\pm$ 0.64,70.04 \scriptsize $\pm$ 0.72,74.56 \scriptsize $\pm$ 0.36,82.62 \scriptsize $\pm$ 0.32,85.44 \scriptsize $\pm$ 0.21,80.57 \scriptsize $\pm$ 0.88,71.82 \scriptsize $\pm$ 1.31,81.99 \scriptsize $\pm$ 0.44,85.37 \scriptsize $\pm$ 0.28,89.62 \scriptsize $\pm$ 0.23,50.31 \scriptsize $\pm$ 1.28,77.73 \scriptsize $\pm$ 0.68,63.72 \scriptsize $\pm$ 0.32,81.97 \scriptsize $\pm$ 0.31,74.85 \scriptsize $\pm$ 1.81,89.97 \scriptsize $\pm$ 0.19,83.79 \scriptsize $\pm$ 0.37,89.46 \scriptsize $\pm$ 0.36,81.42 \scriptsize $\pm$ 0.60,89.08 \scriptsize $\pm$ 0.16,71.68 \scriptsize $\pm$ 1.19,79.92 \scriptsize $\pm$ 1.34,53.38 \scriptsize $\pm$ 1.61,67.44 \scriptsize $\pm$ 1.29,73.52 \scriptsize $\pm$ 0.38,85.28 \scriptsize $\pm$ 0.29,65.60 \scriptsize $\pm$ 1.01,61.77 \scriptsize $\pm$ 0.74,70.46 \scriptsize $\pm$ 0.53,52.99 \scriptsize $\pm$ 0.84,41.87 \scriptsize $\pm$ 1.65,28.65 \scriptsize $\pm$ 1.97,44.95 \scriptsize $\pm$ 1.00,38.11 \scriptsize $\pm$ 2.13,32.14 \scriptsize $\pm$ 1.50,35.88 \scriptsize $\pm$ 2.24,44.74 \scriptsize $\pm$ 1.43,36.20 \scriptsize $\pm$ 0.61,37.14 \scriptsize $\pm$ 1.02,38.30 \scriptsize $\pm$ 2.41,46.75 \scriptsize $\pm$ 0.92,31.13 \scriptsize $\pm$ 1.50,31.66 \scriptsize $\pm$ 0.85,49.37 \scriptsize $\pm$ 1.06,43.14 \scriptsize $\pm$ 1.66,36.22 \scriptsize $\pm$ 1.90,37.83 \scriptsize $\pm$ 1.95,95.99 \scriptsize $\pm$ 0.02,65.25 \scriptsize $\pm$ 0.15,most_same_script_20,xtreme_r.udpos,"[42, 66, 17, 23]","[65.34461510763525, 65.36345838275967, 65.24358620480054, 65.0314166410525]",0.003965428866118981,0.5145043311894887,0.004038248686076794
87.79 \scriptsize $\pm$ 0.52,65.60 \scriptsize $\pm$ 1.03,88.41 \scriptsize $\pm$ 0.27,88.24 \scriptsize $\pm$ 0.33,85.79 \scriptsize $\pm$ 0.91,88.21 \scriptsize $\pm$ 0.57,83.02 \scriptsize $\pm$ 0.36,72.51 \scriptsize $\pm$ 0.28,74.44 \scriptsize $\pm$ 0.83,82.07 \scriptsize $\pm$ 0.31,85.45 \scriptsize $\pm$ 0.28,80.41 \scriptsize $\pm$ 1.03,70.50 \scriptsize $\pm$ 1.90,82.40 \scriptsize $\pm$ 0.27,85.29 \scriptsize $\pm$ 0.41,89.68 \scriptsize $\pm$ 0.44,51.01 \scriptsize $\pm$ 1.00,78.96 \scriptsize $\pm$ 0.56,63.20 \scriptsize $\pm$ 0.33,81.02 \scriptsize $\pm$ 0.10,76.10 \scriptsize $\pm$ 2.48,89.84 \scriptsize $\pm$ 0.20,84.14 \scriptsize $\pm$ 0.32,89.33 \scriptsize $\pm$ 0.32,80.94 \scriptsize $\pm$ 0.65,89.10 \scriptsize $\pm$ 0.08,73.51 \scriptsize $\pm$ 0.24,79.68 \scriptsize $\pm$ 0.46,51.24 \scriptsize $\pm$ 1.87,66.77 \scriptsize $\pm$ 1.12,76.17 \scriptsize $\pm$ 0.37,85.50 \scriptsize $\pm$ 0.55,65.44 \scriptsize $\pm$ 1.25,61.50 \scriptsize $\pm$ 0.46,69.67 \scriptsize $\pm$ 0.78,48.28 \scriptsize $\pm$ 1.24,51.18 \scriptsize $\pm$ 2.12,33.95 \scriptsize $\pm$ 3.51,41.86 \scriptsize $\pm$ 0.42,48.04 \scriptsize $\pm$ 2.59,48.40 \scriptsize $\pm$ 0.92,53.08 \scriptsize $\pm$ 1.77,40.70 \scriptsize $\pm$ 1.10,43.65 \scriptsize $\pm$ 0.83,48.73 \scriptsize $\pm$ 0.85,47.83 \scriptsize $\pm$ 1.26,54.44 \scriptsize $\pm$ 0.96,40.85 \scriptsize $\pm$ 1.06,36.48 \scriptsize $\pm$ 1.45,45.54 \scriptsize $\pm$ 1.09,45.05 \scriptsize $\pm$ 0.67,38.96 \scriptsize $\pm$ 1.31,44.45 \scriptsize $\pm$ 1.22,95.98 \scriptsize $\pm$ 0.02,67.23 \scriptsize $\pm$ 0.20,most_same_script_41,xtreme_r.udpos,"[42, 66, 17, 23]","[67.47133823332932, 67.02038336483047, 67.3139084734196, 67.11043613715167]",0.10721899350126417,0.0032009172460110654,7.601939857341875e-05
85.79 \scriptsize $\pm$ 1.05,64.54 \scriptsize $\pm$ 1.39,88.40 \scriptsize $\pm$ 0.71,88.07 \scriptsize $\pm$ 0.20,84.51 \scriptsize $\pm$ 0.34,88.72 \scriptsize $\pm$ 0.42,79.04 \scriptsize $\pm$ 0.62,67.84 \scriptsize $\pm$ 0.69,73.43 \scriptsize $\pm$ 1.17,77.97 \scriptsize $\pm$ 0.45,84.74 \scriptsize $\pm$ 0.17,79.42 \scriptsize $\pm$ 1.11,69.97 \scriptsize $\pm$ 1.48,81.76 \scriptsize $\pm$ 0.45,84.18 \scriptsize $\pm$ 0.20,88.78 \scriptsize $\pm$ 0.23,49.66 \scriptsize $\pm$ 0.98,77.38 \scriptsize $\pm$ 0.54,62.82 \scriptsize $\pm$ 0.28,77.93 \scriptsize $\pm$ 0.48,74.63 \scriptsize $\pm$ 2.57,89.58 \scriptsize $\pm$ 0.28,83.83 \scriptsize $\pm$ 0.32,89.47 \scriptsize $\pm$ 0.05,78.60 \scriptsize $\pm$ 0.44,88.99 \scriptsize $\pm$ 0.31,72.70 \scriptsize $\pm$ 0.59,79.47 \scriptsize $\pm$ 2.09,47.48 \scriptsize $\pm$ 2.10,69.17 \scriptsize $\pm$ 0.79,74.35 \scriptsize $\pm$ 0.26,84.98 \scriptsize $\pm$ 0.55,64.96 \scriptsize $\pm$ 2.04,61.53 \scriptsize $\pm$ 0.86,69.35 \scriptsize $\pm$ 0.52,34.14 \scriptsize $\pm$ 1.57,40.53 \scriptsize $\pm$ 1.82,36.80 \scriptsize $\pm$ 1.81,35.64 \scriptsize $\pm$ 1.18,40.00 \scriptsize $\pm$ 2.99,36.66 \scriptsize $\pm$ 1.85,39.12 \scriptsize $\pm$ 1.72,33.44 \scriptsize $\pm$ 1.23,35.40 \scriptsize $\pm$ 1.68,40.50 \scriptsize $\pm$ 1.51,38.48 \scriptsize $\pm$ 1.67,50.22 \scriptsize $\pm$ 0.73,33.84 \scriptsize $\pm$ 1.60,28.65 \scriptsize $\pm$ 0.49,30.58 \scriptsize $\pm$ 0.39,46.25 \scriptsize $\pm$ 0.96,31.55 \scriptsize $\pm$ 1.92,40.15 \scriptsize $\pm$ 2.06,95.97 \scriptsize $\pm$ 0.06,63.92 \scriptsize $\pm$ 0.38,most_same_script_5,xtreme_r.udpos,"[42, 66, 17, 23]","[64.20722794361254, 63.54769731098053, 63.650848672080976, 64.29402671208344]",0.0005317661241468421,0.004482407102221367,0.003080461586959667
88.45 \scriptsize $\pm$ 0.47,64.61 \scriptsize $\pm$ 0.26,87.84 \scriptsize $\pm$ 0.48,88.21 \scriptsize $\pm$ 0.44,85.07 \scriptsize $\pm$ 1.08,88.42 \scriptsize $\pm$ 0.32,79.39 \scriptsize $\pm$ 0.80,69.26 \scriptsize $\pm$ 0.94,73.70 \scriptsize $\pm$ 0.56,78.87 \scriptsize $\pm$ 0.46,85.34 \scriptsize $\pm$ 0.21,79.78 \scriptsize $\pm$ 0.72,71.05 \scriptsize $\pm$ 0.50,82.01 \scriptsize $\pm$ 0.30,84.18 \scriptsize $\pm$ 0.50,89.13 \scriptsize $\pm$ 0.34,53.40 \scriptsize $\pm$ 1.03,79.15 \scriptsize $\pm$ 0.28,63.20 \scriptsize $\pm$ 0.06,78.01 \scriptsize $\pm$ 0.28,78.38 \scriptsize $\pm$ 1.74,89.93 \scriptsize $\pm$ 0.19,83.61 \scriptsize $\pm$ 0.27,89.29 \scriptsize $\pm$ 0.22,78.84 \scriptsize $\pm$ 0.49,88.51 \scriptsize $\pm$ 0.32,73.11 \scriptsize $\pm$ 0.94,80.96 \scriptsize $\pm$ 1.23,53.27 \scriptsize $\pm$ 1.00,59.74 \scriptsize $\pm$ 0.87,73.95 \scriptsize $\pm$ 0.47,84.95 \scriptsize $\pm$ 0.47,65.67 \scriptsize $\pm$ 1.92,62.19 \scriptsize $\pm$ 0.65,69.02 \scriptsize $\pm$ 0.23,37.27 \scriptsize $\pm$ 0.93,41.66 \scriptsize $\pm$ 2.86,35.78 \scriptsize $\pm$ 0.21,35.91 \scriptsize $\pm$ 0.85,36.67 \scriptsize $\pm$ 1.36,41.74 \scriptsize $\pm$ 1.10,45.36 \scriptsize $\pm$ 1.78,34.58 \scriptsize $\pm$ 0.56,36.60 \scriptsize $\pm$ 0.61,43.17 \scriptsize $\pm$ 1.93,49.51 \scriptsize $\pm$ 2.00,52.23 \scriptsize $\pm$ 1.70,37.11 \scriptsize $\pm$ 0.61,28.41 \scriptsize $\pm$ 1.70,31.02 \scriptsize $\pm$ 0.82,45.12 \scriptsize $\pm$ 0.91,33.14 \scriptsize $\pm$ 1.16,40.95 \scriptsize $\pm$ 0.75,95.98 \scriptsize $\pm$ 0.04,64.87 \scriptsize $\pm$ 0.27,most_uriel_en_10,xtreme_r.udpos,"[42, 66, 17, 23]","[65.09207027614912, 64.47889567080337, 64.87139496348506, 65.01779310412827]",0.0004691052331470772,0.39678394771646236,0.006775543844452709
88.30 \scriptsize $\pm$ 0.82,64.70 \scriptsize $\pm$ 0.35,88.20 \scriptsize $\pm$ 0.11,88.11 \scriptsize $\pm$ 0.37,84.84 \scriptsize $\pm$ 1.10,88.54 \scriptsize $\pm$ 0.24,80.41 \scriptsize $\pm$ 0.98,73.03 \scriptsize $\pm$ 0.49,73.37 \scriptsize $\pm$ 0.48,80.05 \scriptsize $\pm$ 0.48,85.70 \scriptsize $\pm$ 0.32,79.88 \scriptsize $\pm$ 0.63,71.15 \scriptsize $\pm$ 1.35,82.50 \scriptsize $\pm$ 0.34,84.69 \scriptsize $\pm$ 0.28,89.42 \scriptsize $\pm$ 0.23,51.64 \scriptsize $\pm$ 1.35,78.96 \scriptsize $\pm$ 0.75,62.75 \scriptsize $\pm$ 0.28,78.41 \scriptsize $\pm$ 0.75,75.81 \scriptsize $\pm$ 1.60,90.01 \scriptsize $\pm$ 0.15,84.38 \scriptsize $\pm$ 0.48,89.66 \scriptsize $\pm$ 0.24,80.13 \scriptsize $\pm$ 0.42,88.93 \scriptsize $\pm$ 0.33,71.93 \scriptsize $\pm$ 1.21,78.64 \scriptsize $\pm$ 1.34,53.02 \scriptsize $\pm$ 1.35,60.09 \scriptsize $\pm$ 0.84,74.75 \scriptsize $\pm$ 0.83,85.36 \scriptsize $\pm$ 0.37,65.23 \scriptsize $\pm$ 0.74,61.81 \scriptsize $\pm$ 0.72,69.27 \scriptsize $\pm$ 0.34,37.69 \scriptsize $\pm$ 2.36,43.11 \scriptsize $\pm$ 2.15,34.60 \scriptsize $\pm$ 1.62,36.64 \scriptsize $\pm$ 0.57,40.65 \scriptsize $\pm$ 2.64,44.66 \scriptsize $\pm$ 2.19,54.42 \scriptsize $\pm$ 2.28,35.60 \scriptsize $\pm$ 1.55,39.36 \scriptsize $\pm$ 1.15,42.83 \scriptsize $\pm$ 1.17,48.84 \scriptsize $\pm$ 1.39,52.26 \scriptsize $\pm$ 1.59,37.93 \scriptsize $\pm$ 1.13,38.39 \scriptsize $\pm$ 0.71,34.85 \scriptsize $\pm$ 0.94,43.98 \scriptsize $\pm$ 0.56,38.94 \scriptsize $\pm$ 0.94,41.36 \scriptsize $\pm$ 0.62,96.01 \scriptsize $\pm$ 0.02,65.66 \scriptsize $\pm$ 0.06,most_uriel_en_20,xtreme_r.udpos,"[42, 66, 17, 23]","[65.71207795041184, 65.66037820899594, 65.69802231236767, 65.57931601329464]",0.0037952514318305526,0.06845721458242637,0.14286382720704024
88.23 \scriptsize $\pm$ 0.71,65.05 \scriptsize $\pm$ 1.39,88.23 \scriptsize $\pm$ 0.18,88.21 \scriptsize $\pm$ 0.39,84.83 \scriptsize $\pm$ 1.21,88.49 \scriptsize $\pm$ 0.49,80.90 \scriptsize $\pm$ 0.58,72.97 \scriptsize $\pm$ 0.23,73.49 \scriptsize $\pm$ 0.76,81.14 \scriptsize $\pm$ 0.27,85.78 \scriptsize $\pm$ 0.41,79.81 \scriptsize $\pm$ 1.31,68.96 \scriptsize $\pm$ 2.12,82.34 \scriptsize $\pm$ 0.30,85.13 \scriptsize $\pm$ 0.34,89.69 \scriptsize $\pm$ 0.25,52.06 \scriptsize $\pm$ 0.36,79.60 \scriptsize $\pm$ 0.61,63.34 \scriptsize $\pm$ 0.49,79.17 \scriptsize $\pm$ 0.47,77.57 \scriptsize $\pm$ 2.67,89.84 \scriptsize $\pm$ 0.03,84.14 \scriptsize $\pm$ 0.32,89.65 \scriptsize $\pm$ 0.31,80.69 \scriptsize $\pm$ 0.89,88.93 \scriptsize $\pm$ 0.24,72.40 \scriptsize $\pm$ 0.68,80.86 \scriptsize $\pm$ 1.65,56.48 \scriptsize $\pm$ 1.37,67.61 \scriptsize $\pm$ 0.62,76.02 \scriptsize $\pm$ 0.31,85.32 \scriptsize $\pm$ 0.46,63.73 \scriptsize $\pm$ 3.17,62.52 \scriptsize $\pm$ 1.07,70.01 \scriptsize $\pm$ 0.88,34.97 \scriptsize $\pm$ 2.19,47.19 \scriptsize $\pm$ 1.80,30.80 \scriptsize $\pm$ 0.46,41.53 \scriptsize $\pm$ 1.35,47.26 \scriptsize $\pm$ 1.70,48.51 \scriptsize $\pm$ 1.08,54.46 \scriptsize $\pm$ 0.82,35.64 \scriptsize $\pm$ 1.28,38.04 \scriptsize $\pm$ 1.05,48.43 \scriptsize $\pm$ 2.31,47.12 \scriptsize $\pm$ 1.20,52.14 \scriptsize $\pm$ 0.78,35.97 \scriptsize $\pm$ 1.09,33.73 \scriptsize $\pm$ 0.91,33.71 \scriptsize $\pm$ 1.21,45.99 \scriptsize $\pm$ 1.95,37.22 \scriptsize $\pm$ 1.00,44.82 \scriptsize $\pm$ 1.59,96.03 \scriptsize $\pm$ 0.03,66.24 \scriptsize $\pm$ 0.07,most_uriel_en_40,xtreme_r.udpos,"[42, 66, 17, 23]","[66.25968162118293, 66.1382346105908, 66.24371534321025, 66.30253264782833]",0.00940132221463281,0.006825521068947164,0.018986453649496925
86.34 \scriptsize $\pm$ 0.75,65.08 \scriptsize $\pm$ 0.45,87.57 \scriptsize $\pm$ 0.31,88.16 \scriptsize $\pm$ 0.32,84.67 \scriptsize $\pm$ 0.69,88.67 \scriptsize $\pm$ 0.22,78.97 \scriptsize $\pm$ 0.48,68.02 \scriptsize $\pm$ 0.46,73.85 \scriptsize $\pm$ 0.29,78.69 \scriptsize $\pm$ 0.32,85.27 \scriptsize $\pm$ 0.46,79.98 \scriptsize $\pm$ 1.05,70.16 \scriptsize $\pm$ 0.98,81.70 \scriptsize $\pm$ 0.59,83.68 \scriptsize $\pm$ 0.14,88.71 \scriptsize $\pm$ 0.48,51.12 \scriptsize $\pm$ 0.87,79.34 \scriptsize $\pm$ 0.54,63.15 \scriptsize $\pm$ 0.19,77.64 \scriptsize $\pm$ 0.97,76.03 \scriptsize $\pm$ 2.02,89.72 \scriptsize $\pm$ 0.19,83.23 \scriptsize $\pm$ 0.58,89.44 \scriptsize $\pm$ 0.23,78.51 \scriptsize $\pm$ 0.58,88.71 \scriptsize $\pm$ 0.37,73.78 \scriptsize $\pm$ 0.67,80.51 \scriptsize $\pm$ 1.73,48.88 \scriptsize $\pm$ 1.80,58.06 \scriptsize $\pm$ 1.33,73.57 \scriptsize $\pm$ 0.53,84.88 \scriptsize $\pm$ 0.52,64.70 \scriptsize $\pm$ 0.90,62.39 \scriptsize $\pm$ 0.63,68.85 \scriptsize $\pm$ 0.74,35.35 \scriptsize $\pm$ 1.66,41.04 \scriptsize $\pm$ 1.56,37.46 \scriptsize $\pm$ 1.19,36.64 \scriptsize $\pm$ 1.39,37.11 \scriptsize $\pm$ 2.91,37.86 \scriptsize $\pm$ 1.52,41.13 \scriptsize $\pm$ 1.82,34.59 \scriptsize $\pm$ 0.59,36.33 \scriptsize $\pm$ 1.40,40.99 \scriptsize $\pm$ 1.16,39.56 \scriptsize $\pm$ 1.40,51.28 \scriptsize $\pm$ 1.05,35.00 \scriptsize $\pm$ 2.28,28.80 \scriptsize $\pm$ 0.88,30.44 \scriptsize $\pm$ 1.26,45.86 \scriptsize $\pm$ 2.06,32.41 \scriptsize $\pm$ 2.24,40.20 \scriptsize $\pm$ 1.34,96.00 \scriptsize $\pm$ 0.03,64.08 \scriptsize $\pm$ 0.30,most_uriel_en_5,xtreme_r.udpos,"[42, 66, 17, 23]","[64.29734818685444, 64.33259541941881, 63.6789379476676, 63.9955971222432]",0.00201893927824782,0.01812035021670952,0.001979820066946066
87.45 \scriptsize $\pm$ 1.01,65.66 \scriptsize $\pm$ 1.55,88.02 \scriptsize $\pm$ 0.57,88.00 \scriptsize $\pm$ 0.48,85.18 \scriptsize $\pm$ 0.70,88.38 \scriptsize $\pm$ 0.28,81.87 \scriptsize $\pm$ 2.55,70.40 \scriptsize $\pm$ 3.30,73.70 \scriptsize $\pm$ 0.16,80.28 \scriptsize $\pm$ 0.65,85.13 \scriptsize $\pm$ 0.34,80.75 \scriptsize $\pm$ 1.00,70.57 \scriptsize $\pm$ 0.51,82.71 \scriptsize $\pm$ 0.65,84.85 \scriptsize $\pm$ 0.26,89.36 \scriptsize $\pm$ 0.28,50.34 \scriptsize $\pm$ 0.97,78.29 \scriptsize $\pm$ 1.04,63.30 \scriptsize $\pm$ 0.43,79.80 \scriptsize $\pm$ 2.35,76.18 \scriptsize $\pm$ 1.40,89.88 \scriptsize $\pm$ 0.34,83.51 \scriptsize $\pm$ 0.23,89.49 \scriptsize $\pm$ 0.20,79.37 \scriptsize $\pm$ 0.28,88.81 \scriptsize $\pm$ 0.24,73.46 \scriptsize $\pm$ 0.95,79.16 \scriptsize $\pm$ 2.49,51.42 \scriptsize $\pm$ 2.86,63.33 \scriptsize $\pm$ 3.57,74.17 \scriptsize $\pm$ 1.85,85.24 \scriptsize $\pm$ 0.46,65.19 \scriptsize $\pm$ 1.54,61.83 \scriptsize $\pm$ 0.74,69.93 \scriptsize $\pm$ 0.80,37.47 \scriptsize $\pm$ 1.14,41.24 \scriptsize $\pm$ 1.74,24.70 \scriptsize $\pm$ 1.18,37.27 \scriptsize $\pm$ 2.19,35.65 \scriptsize $\pm$ 1.43,41.14 \scriptsize $\pm$ 3.70,43.89 \scriptsize $\pm$ 3.16,38.01 \scriptsize $\pm$ 6.53,34.87 \scriptsize $\pm$ 1.59,41.11 \scriptsize $\pm$ 0.98,43.34 \scriptsize $\pm$ 4.61,51.63 \scriptsize $\pm$ 1.67,40.69 \scriptsize $\pm$ 4.27,30.67 \scriptsize $\pm$ 1.51,33.74 \scriptsize $\pm$ 0.46,45.24 \scriptsize $\pm$ 2.69,34.31 \scriptsize $\pm$ 0.60,42.21 \scriptsize $\pm$ 2.97,96.02 \scriptsize $\pm$ 0.03,64.78 \scriptsize $\pm$ 0.34,random_langs_with_seed_10,xtreme_r.udpos,"[42, 66, 17, 23]","[64.38540377815588, 64.74530957805217, 65.2159967245855, 64.77855630276966]",0.0007895739000622396,0.41337657010476364,0.018477301567399566
88.07 \scriptsize $\pm$ 1.33,66.02 \scriptsize $\pm$ 0.44,88.21 \scriptsize $\pm$ 0.59,87.88 \scriptsize $\pm$ 0.65,85.03 \scriptsize $\pm$ 0.98,88.63 \scriptsize $\pm$ 0.25,82.61 \scriptsize $\pm$ 1.17,71.27 \scriptsize $\pm$ 2.26,73.77 \scriptsize $\pm$ 1.14,81.13 \scriptsize $\pm$ 0.38,85.76 \scriptsize $\pm$ 0.15,80.95 \scriptsize $\pm$ 0.14,70.77 \scriptsize $\pm$ 1.72,82.84 \scriptsize $\pm$ 0.30,85.18 \scriptsize $\pm$ 0.27,89.52 \scriptsize $\pm$ 0.30,50.20 \scriptsize $\pm$ 0.40,78.89 \scriptsize $\pm$ 0.92,63.40 \scriptsize $\pm$ 0.67,80.20 \scriptsize $\pm$ 1.51,76.76 \scriptsize $\pm$ 0.54,89.90 \scriptsize $\pm$ 0.23,84.04 \scriptsize $\pm$ 0.54,89.62 \scriptsize $\pm$ 0.24,81.05 \scriptsize $\pm$ 1.21,88.84 \scriptsize $\pm$ 0.33,72.75 \scriptsize $\pm$ 2.29,78.71 \scriptsize $\pm$ 1.38,51.73 \scriptsize $\pm$ 1.52,62.86 \scriptsize $\pm$ 4.39,75.91 \scriptsize $\pm$ 1.19,85.41 \scriptsize $\pm$ 0.59,65.29 \scriptsize $\pm$ 2.46,61.90 \scriptsize $\pm$ 0.48,69.26 \scriptsize $\pm$ 0.33,37.33 \scriptsize $\pm$ 1.80,46.61 \scriptsize $\pm$ 6.93,27.37 \scriptsize $\pm$ 4.37,38.61 \scriptsize $\pm$ 4.20,36.72 \scriptsize $\pm$ 1.88,41.88 \scriptsize $\pm$ 4.71,44.26 \scriptsize $\pm$ 5.37,40.93 \scriptsize $\pm$ 5.05,35.78 \scriptsize $\pm$ 1.30,41.28 \scriptsize $\pm$ 1.84,43.40 \scriptsize $\pm$ 4.53,52.27 \scriptsize $\pm$ 2.10,40.79 \scriptsize $\pm$ 3.96,31.05 \scriptsize $\pm$ 4.57,34.04 \scriptsize $\pm$ 1.22,45.47 \scriptsize $\pm$ 2.55,34.46 \scriptsize $\pm$ 1.69,41.72 \scriptsize $\pm$ 2.49,95.98 \scriptsize $\pm$ 0.02,65.27 \scriptsize $\pm$ 0.42,random_langs_with_seed_20,xtreme_r.udpos,"[42, 66, 17, 23]","[65.55167302379901, 64.81889522261226, 65.68131338476122, 65.00918933776634]",0.0040644238388036595,0.6103067830307048,0.04054995445867102
88.26 \scriptsize $\pm$ 0.58,65.13 \scriptsize $\pm$ 0.81,88.51 \scriptsize $\pm$ 0.39,88.11 \scriptsize $\pm$ 0.34,85.13 \scriptsize $\pm$ 1.25,88.38 \scriptsize $\pm$ 0.38,83.23 \scriptsize $\pm$ 0.84,72.56 \scriptsize $\pm$ 0.89,73.61 \scriptsize $\pm$ 0.39,81.71 \scriptsize $\pm$ 0.62,85.41 \scriptsize $\pm$ 0.26,80.10 \scriptsize $\pm$ 1.09,70.83 \scriptsize $\pm$ 3.18,82.35 \scriptsize $\pm$ 0.63,85.13 \scriptsize $\pm$ 0.18,89.55 \scriptsize $\pm$ 0.47,53.39 \scriptsize $\pm$ 2.47,79.07 \scriptsize $\pm$ 0.22,63.17 \scriptsize $\pm$ 0.57,80.69 \scriptsize $\pm$ 0.92,78.24 \scriptsize $\pm$ 0.42,90.02 \scriptsize $\pm$ 0.19,83.95 \scriptsize $\pm$ 0.55,89.41 \scriptsize $\pm$ 0.23,81.07 \scriptsize $\pm$ 0.54,88.85 \scriptsize $\pm$ 0.45,71.91 \scriptsize $\pm$ 1.99,78.92 \scriptsize $\pm$ 1.59,56.35 \scriptsize $\pm$ 4.80,65.62 \scriptsize $\pm$ 3.59,76.15 \scriptsize $\pm$ 0.51,85.39 \scriptsize $\pm$ 0.70,65.22 \scriptsize $\pm$ 2.69,62.88 \scriptsize $\pm$ 0.60,69.58 \scriptsize $\pm$ 0.60,38.37 \scriptsize $\pm$ 4.02,47.85 \scriptsize $\pm$ 2.04,27.43 \scriptsize $\pm$ 4.17,40.97 \scriptsize $\pm$ 3.57,41.19 \scriptsize $\pm$ 7.66,45.25 \scriptsize $\pm$ 2.38,48.04 \scriptsize $\pm$ 3.83,39.65 \scriptsize $\pm$ 1.12,41.58 \scriptsize $\pm$ 4.76,43.28 \scriptsize $\pm$ 3.22,44.65 \scriptsize $\pm$ 1.64,53.08 \scriptsize $\pm$ 1.42,39.02 \scriptsize $\pm$ 2.16,29.70 \scriptsize $\pm$ 2.51,43.18 \scriptsize $\pm$ 6.71,44.09 \scriptsize $\pm$ 2.37,34.78 \scriptsize $\pm$ 2.85,41.31 \scriptsize $\pm$ 2.26,96.01 \scriptsize $\pm$ 0.03,66.06 \scriptsize $\pm$ 0.63,random_langs_with_seed_40,xtreme_r.udpos,"[42, 66, 17, 23]","[65.83639629384196, 65.39427641928677, 66.10864645809579, 66.90420636153434]",0.02936010210965428,0.026141736230259546,0.5124927907417065
86.62 \scriptsize $\pm$ 1.71,66.05 \scriptsize $\pm$ 0.83,87.55 \scriptsize $\pm$ 0.61,88.29 \scriptsize $\pm$ 0.34,85.71 \scriptsize $\pm$ 0.78,88.17 \scriptsize $\pm$ 0.36,80.59 \scriptsize $\pm$ 3.01,69.06 \scriptsize $\pm$ 3.39,73.95 \scriptsize $\pm$ 0.43,79.20 \scriptsize $\pm$ 1.21,84.91 \scriptsize $\pm$ 0.16,80.49 \scriptsize $\pm$ 0.46,68.95 \scriptsize $\pm$ 2.02,82.51 \scriptsize $\pm$ 0.19,84.20 \scriptsize $\pm$ 0.78,88.64 \scriptsize $\pm$ 0.94,49.82 \scriptsize $\pm$ 1.16,77.26 \scriptsize $\pm$ 1.80,63.23 \scriptsize $\pm$ 0.30,78.32 \scriptsize $\pm$ 2.54,75.66 \scriptsize $\pm$ 4.46,89.71 \scriptsize $\pm$ 0.28,83.36 \scriptsize $\pm$ 0.37,89.17 \scriptsize $\pm$ 0.55,78.68 \scriptsize $\pm$ 1.70,88.69 \scriptsize $\pm$ 0.23,72.39 \scriptsize $\pm$ 0.54,76.63 \scriptsize $\pm$ 2.36,50.49 \scriptsize $\pm$ 2.24,59.93 \scriptsize $\pm$ 2.18,72.83 \scriptsize $\pm$ 2.70,85.33 \scriptsize $\pm$ 0.80,64.12 \scriptsize $\pm$ 1.77,61.92 \scriptsize $\pm$ 0.68,69.71 \scriptsize $\pm$ 0.93,33.10 \scriptsize $\pm$ 0.72,37.63 \scriptsize $\pm$ 2.63,20.75 \scriptsize $\pm$ 3.59,36.57 \scriptsize $\pm$ 0.45,33.92 \scriptsize $\pm$ 4.85,37.79 \scriptsize $\pm$ 6.64,39.70 \scriptsize $\pm$ 7.03,33.85 \scriptsize $\pm$ 2.67,34.26 \scriptsize $\pm$ 1.40,39.03 \scriptsize $\pm$ 3.67,41.70 \scriptsize $\pm$ 8.04,50.32 \scriptsize $\pm$ 1.25,38.11 \scriptsize $\pm$ 8.96,27.62 \scriptsize $\pm$ 0.95,32.68 \scriptsize $\pm$ 2.35,45.46 \scriptsize $\pm$ 4.15,32.55 \scriptsize $\pm$ 2.78,41.97 \scriptsize $\pm$ 6.57,95.99 \scriptsize $\pm$ 0.04,63.61 \scriptsize $\pm$ 0.55,random_langs_with_seed_5,xtreme_r.udpos,"[42, 66, 17, 23]","[63.29118273867229, 63.8109641278907, 64.29517958767964, 63.0553559699661]",0.0018961301316985234,0.04854260848007823,0.0039995356952011035
87.71 \scriptsize $\pm$ 0.77,65.59 \scriptsize $\pm$ 0.74,88.46 \scriptsize $\pm$ 0.53,88.00 \scriptsize $\pm$ 0.48,85.10 \scriptsize $\pm$ 0.87,88.25 \scriptsize $\pm$ 0.42,83.04 \scriptsize $\pm$ 0.50,72.05 \scriptsize $\pm$ 0.70,73.60 \scriptsize $\pm$ 0.08,82.10 \scriptsize $\pm$ 0.40,85.64 \scriptsize $\pm$ 0.35,80.49 \scriptsize $\pm$ 0.57,70.42 \scriptsize $\pm$ 2.65,81.89 \scriptsize $\pm$ 0.55,85.34 \scriptsize $\pm$ 0.20,89.49 \scriptsize $\pm$ 0.22,52.34 \scriptsize $\pm$ 0.75,79.18 \scriptsize $\pm$ 0.74,63.64 \scriptsize $\pm$ 0.33,81.36 \scriptsize $\pm$ 0.48,75.51 \scriptsize $\pm$ 2.51,89.91 \scriptsize $\pm$ 0.12,84.11 \scriptsize $\pm$ 0.78,89.44 \scriptsize $\pm$ 0.27,81.31 \scriptsize $\pm$ 0.47,89.05 \scriptsize $\pm$ 0.49,71.88 \scriptsize $\pm$ 1.47,78.61 \scriptsize $\pm$ 1.01,58.74 \scriptsize $\pm$ 0.69,67.49 \scriptsize $\pm$ 0.61,75.92 \scriptsize $\pm$ 0.53,85.48 \scriptsize $\pm$ 0.79,65.34 \scriptsize $\pm$ 3.05,63.01 \scriptsize $\pm$ 0.51,69.94 \scriptsize $\pm$ 0.81,44.88 \scriptsize $\pm$ 1.29,49.66 \scriptsize $\pm$ 2.05,31.16 \scriptsize $\pm$ 1.93,41.57 \scriptsize $\pm$ 0.68,47.21 \scriptsize $\pm$ 0.88,44.64 \scriptsize $\pm$ 1.62,52.40 \scriptsize $\pm$ 0.60,38.58 \scriptsize $\pm$ 1.98,43.72 \scriptsize $\pm$ 2.64,45.49 \scriptsize $\pm$ 1.43,46.92 \scriptsize $\pm$ 0.36,54.02 \scriptsize $\pm$ 1.61,38.94 \scriptsize $\pm$ 1.38,36.58 \scriptsize $\pm$ 2.53,42.23 \scriptsize $\pm$ 1.23,45.28 \scriptsize $\pm$ 1.52,39.14 \scriptsize $\pm$ 1.28,43.37 \scriptsize $\pm$ 1.11,95.99 \scriptsize $\pm$ 0.03,66.87 \scriptsize $\pm$ 0.27,xt_afri,xtreme_r.udpos,"[42, 66, 17, 23]","[66.74886751401685, 66.55883464868144, 67.07195700551974, 67.11833395819998]",-1.0,0.002973098021422305,0.00923538254460182
88.80 \scriptsize $\pm$ 0.42,64.30 \scriptsize $\pm$ 0.84,88.48 \scriptsize $\pm$ 0.58,87.64 \scriptsize $\pm$ 0.26,84.85 \scriptsize $\pm$ 0.89,88.01 \scriptsize $\pm$ 0.27,83.58 \scriptsize $\pm$ 0.40,73.69 \scriptsize $\pm$ 1.50,73.13 \scriptsize $\pm$ 0.42,82.32 \scriptsize $\pm$ 0.14,85.41 \scriptsize $\pm$ 0.40,80.31 \scriptsize $\pm$ 0.48,70.93 \scriptsize $\pm$ 3.94,82.46 \scriptsize $\pm$ 0.21,85.22 \scriptsize $\pm$ 0.17,89.12 \scriptsize $\pm$ 0.21,53.83 \scriptsize $\pm$ 2.46,79.53 \scriptsize $\pm$ 0.75,63.48 \scriptsize $\pm$ 0.56,82.13 \scriptsize $\pm$ 0.30,76.62 \scriptsize $\pm$ 1.71,90.07 \scriptsize $\pm$ 0.20,83.89 \scriptsize $\pm$ 0.60,89.20 \scriptsize $\pm$ 0.31,81.46 \scriptsize $\pm$ 0.38,88.87 \scriptsize $\pm$ 0.55,72.59 \scriptsize $\pm$ 1.37,81.00 \scriptsize $\pm$ 0.59,58.03 \scriptsize $\pm$ 0.61,68.42 \scriptsize $\pm$ 0.90,76.30 \scriptsize $\pm$ 0.16,85.42 \scriptsize $\pm$ 0.54,65.21 \scriptsize $\pm$ 3.98,62.72 \scriptsize $\pm$ 0.40,70.00 \scriptsize $\pm$ 0.94,37.27 \scriptsize $\pm$ 0.73,38.23 \scriptsize $\pm$ 1.15,25.85 \scriptsize $\pm$ 1.27,36.89 \scriptsize $\pm$ 1.44,35.23 \scriptsize $\pm$ 2.70,36.07 \scriptsize $\pm$ 1.73,36.84 \scriptsize $\pm$ 0.64,32.02 \scriptsize $\pm$ 0.96,36.03 \scriptsize $\pm$ 0.67,40.62 \scriptsize $\pm$ 1.40,38.49 \scriptsize $\pm$ 1.60,55.74 \scriptsize $\pm$ 1.13,32.63 \scriptsize $\pm$ 1.17,30.77 \scriptsize $\pm$ 1.33,48.23 \scriptsize $\pm$ 1.38,43.18 \scriptsize $\pm$ 0.66,37.31 \scriptsize $\pm$ 1.40,39.00 \scriptsize $\pm$ 0.84,96.00 \scriptsize $\pm$ 0.04,65.06 \scriptsize $\pm$ 0.38,xt_only,xtreme_r.udpos,"[42, 66, 17, 23]","[64.99966835486092, 65.0101423577814, 64.66858991266058, 65.57449765064565]",0.002973098021422305,-1.0,0.06730466579651125
