final_eval_af_accuracy,final_eval_ar_accuracy,final_eval_bg_accuracy,final_eval_de_accuracy,final_eval_el_accuracy,final_eval_es_accuracy,final_eval_et_accuracy,final_eval_eu_accuracy,final_eval_fa_accuracy,final_eval_fi_accuracy,final_eval_fr_accuracy,final_eval_he_accuracy,final_eval_hi_accuracy,final_eval_hu_accuracy,final_eval_id_accuracy,final_eval_it_accuracy,final_eval_ja_accuracy,final_eval_kk_accuracy,final_eval_ko_accuracy,final_eval_lt_accuracy,final_eval_mr_accuracy,final_eval_nl_accuracy,final_eval_pl_accuracy,final_eval_pt_accuracy,final_eval_ro_accuracy,final_eval_ru_accuracy,final_eval_ta_accuracy,final_eval_te_accuracy,final_eval_th_accuracy,final_eval_tl_accuracy,final_eval_tr_accuracy,final_eval_uk_accuracy,final_eval_ur_accuracy,final_eval_vi_accuracy,final_eval_zh_accuracy,final_eval_bam_accuracy,final_eval_bbj_accuracy,final_eval_ewe_accuracy,final_eval_fon_accuracy,final_eval_hau_accuracy,final_eval_ibo_accuracy,final_eval_kin_accuracy,final_eval_lug_accuracy,final_eval_luo_accuracy,final_eval_mos_accuracy,final_eval_nya_accuracy,final_eval_pcm_accuracy,final_eval_sna_accuracy,final_eval_swa_accuracy,final_eval_tsn_accuracy,final_eval_twi_accuracy,final_eval_wol_accuracy,final_eval_xho_accuracy,final_eval_yor_accuracy,final_eval_zul_accuracy,final_eval_avg_performance,exp,task,seeds,list_final_avg,p_val_xt_afri,p_val_xt_only,p_val_afri_only
89.17 \scriptsize $\pm$ 0.15,76.21 \scriptsize $\pm$ 0.92,89.59 \scriptsize $\pm$ 0.24,88.39 \scriptsize $\pm$ 0.20,88.47 \scriptsize $\pm$ 0.55,89.30 \scriptsize $\pm$ 0.27,88.39 \scriptsize $\pm$ 0.47,77.40 \scriptsize $\pm$ 0.56,75.74 \scriptsize $\pm$ 0.50,87.09 \scriptsize $\pm$ 0.36,86.56 \scriptsize $\pm$ 0.36,84.33 \scriptsize $\pm$ 0.25,72.81 \scriptsize $\pm$ 2.71,85.35 \scriptsize $\pm$ 0.28,86.26 \scriptsize $\pm$ 0.42,90.49 \scriptsize $\pm$ 0.25,55.07 \scriptsize $\pm$ 1.12,82.86 \scriptsize $\pm$ 0.58,64.66 \scriptsize $\pm$ 0.61,86.85 \scriptsize $\pm$ 0.29,84.49 \scriptsize $\pm$ 1.06,90.28 \scriptsize $\pm$ 0.07,85.24 \scriptsize $\pm$ 0.45,90.66 \scriptsize $\pm$ 0.13,84.87 \scriptsize $\pm$ 0.46,90.48 \scriptsize $\pm$ 0.23,77.86 \scriptsize $\pm$ 0.35,86.44 \scriptsize $\pm$ 0.66,68.65 \scriptsize $\pm$ 0.36,71.71 \scriptsize $\pm$ 0.64,78.48 \scriptsize $\pm$ 0.30,87.29 \scriptsize $\pm$ 0.58,68.87 \scriptsize $\pm$ 3.23,65.78 \scriptsize $\pm$ 0.43,74.55 \scriptsize $\pm$ 0.77,3.02 \scriptsize $\pm$ 0.82,4.25 \scriptsize $\pm$ 0.32,3.56 \scriptsize $\pm$ 0.64,4.07 \scriptsize $\pm$ 0.95,1.33 \scriptsize $\pm$ 0.14,1.88 \scriptsize $\pm$ 1.00,1.95 \scriptsize $\pm$ 0.99,2.57 \scriptsize $\pm$ 0.40,1.23 \scriptsize $\pm$ 0.64,1.71 \scriptsize $\pm$ 0.94,3.04 \scriptsize $\pm$ 0.90,1.26 \scriptsize $\pm$ 0.14,2.38 \scriptsize $\pm$ 0.91,0.43 \scriptsize $\pm$ 0.01,0.81 \scriptsize $\pm$ 0.27,2.51 \scriptsize $\pm$ 0.52,1.97 \scriptsize $\pm$ 1.08,2.21 \scriptsize $\pm$ 0.29,2.15 \scriptsize $\pm$ 0.95,0.77 \scriptsize $\pm$ 0.33,52.61 \scriptsize $\pm$ 0.17,abla_most_family_joshi2,xtreme_r.udpos,"[42, 66, 17, 23]","[52.538692860605856, 52.68851962043708, 52.80174335619459, 52.42437444222914]",0.5007945381173231,0.5969417400430282,0.11091741790345011
89.19 \scriptsize $\pm$ 0.14,76.67 \scriptsize $\pm$ 0.35,90.01 \scriptsize $\pm$ 0.40,88.55 \scriptsize $\pm$ 0.33,88.50 \scriptsize $\pm$ 0.54,89.69 \scriptsize $\pm$ 0.08,88.92 \scriptsize $\pm$ 0.39,77.43 \scriptsize $\pm$ 0.13,75.87 \scriptsize $\pm$ 0.22,87.50 \scriptsize $\pm$ 0.40,86.93 \scriptsize $\pm$ 0.17,84.55 \scriptsize $\pm$ 0.29,72.96 \scriptsize $\pm$ 1.15,84.99 \scriptsize $\pm$ 0.35,86.19 \scriptsize $\pm$ 0.20,90.89 \scriptsize $\pm$ 0.36,53.91 \scriptsize $\pm$ 1.14,83.94 \scriptsize $\pm$ 0.48,64.72 \scriptsize $\pm$ 0.45,86.89 \scriptsize $\pm$ 0.40,85.74 \scriptsize $\pm$ 0.70,90.32 \scriptsize $\pm$ 0.09,85.67 \scriptsize $\pm$ 0.41,90.82 \scriptsize $\pm$ 0.03,85.95 \scriptsize $\pm$ 0.08,90.70 \scriptsize $\pm$ 0.32,78.54 \scriptsize $\pm$ 0.43,88.14 \scriptsize $\pm$ 0.33,68.69 \scriptsize $\pm$ 0.29,71.89 \scriptsize $\pm$ 0.90,78.92 \scriptsize $\pm$ 0.33,87.81 \scriptsize $\pm$ 0.73,68.05 \scriptsize $\pm$ 1.32,65.43 \scriptsize $\pm$ 0.21,74.63 \scriptsize $\pm$ 1.55,4.09 \scriptsize $\pm$ 0.70,4.57 \scriptsize $\pm$ 0.25,2.75 \scriptsize $\pm$ 0.55,4.71 \scriptsize $\pm$ 1.71,1.34 \scriptsize $\pm$ 0.05,2.29 \scriptsize $\pm$ 1.70,3.32 \scriptsize $\pm$ 0.66,3.35 \scriptsize $\pm$ 0.52,3.84 \scriptsize $\pm$ 1.37,2.60 \scriptsize $\pm$ 0.83,5.45 \scriptsize $\pm$ 1.10,1.25 \scriptsize $\pm$ 0.13,2.81 \scriptsize $\pm$ 0.23,0.44 \scriptsize $\pm$ 0.04,2.04 \scriptsize $\pm$ 0.85,3.75 \scriptsize $\pm$ 0.79,3.50 \scriptsize $\pm$ 1.52,1.78 \scriptsize $\pm$ 0.40,4.65 \scriptsize $\pm$ 2.20,1.29 \scriptsize $\pm$ 0.36,53.08 \scriptsize $\pm$ 0.13,abla_most_family_joshi3,xtreme_r.udpos,"[42, 66, 17, 23]","[52.97742832532735, 53.25991733814257, 52.98324994111938, 53.10295324815352]",0.012114872964241491,0.024392725399005454,0.027542591754056964
88.89 \scriptsize $\pm$ 0.18,77.43 \scriptsize $\pm$ 0.69,90.02 \scriptsize $\pm$ 0.30,88.33 \scriptsize $\pm$ 0.44,88.64 \scriptsize $\pm$ 0.44,89.37 \scriptsize $\pm$ 0.13,88.52 \scriptsize $\pm$ 0.52,77.58 \scriptsize $\pm$ 1.18,75.34 \scriptsize $\pm$ 0.47,87.31 \scriptsize $\pm$ 0.58,86.79 \scriptsize $\pm$ 0.16,84.59 \scriptsize $\pm$ 0.43,72.02 \scriptsize $\pm$ 1.31,85.39 \scriptsize $\pm$ 0.30,86.22 \scriptsize $\pm$ 0.09,90.54 \scriptsize $\pm$ 0.19,54.01 \scriptsize $\pm$ 1.36,83.79 \scriptsize $\pm$ 0.50,64.52 \scriptsize $\pm$ 0.58,86.90 \scriptsize $\pm$ 0.19,85.29 \scriptsize $\pm$ 1.27,90.20 \scriptsize $\pm$ 0.08,85.62 \scriptsize $\pm$ 0.48,90.69 \scriptsize $\pm$ 0.31,85.55 \scriptsize $\pm$ 0.29,90.73 \scriptsize $\pm$ 0.12,78.19 \scriptsize $\pm$ 0.45,87.27 \scriptsize $\pm$ 0.68,68.05 \scriptsize $\pm$ 0.44,71.55 \scriptsize $\pm$ 0.47,78.88 \scriptsize $\pm$ 0.19,87.76 \scriptsize $\pm$ 0.60,67.19 \scriptsize $\pm$ 1.20,64.86 \scriptsize $\pm$ 0.17,74.39 \scriptsize $\pm$ 1.02,4.47 \scriptsize $\pm$ 1.18,3.70 \scriptsize $\pm$ 1.18,2.46 \scriptsize $\pm$ 0.68,4.20 \scriptsize $\pm$ 1.19,1.34 \scriptsize $\pm$ 0.14,1.54 \scriptsize $\pm$ 0.79,2.90 \scriptsize $\pm$ 1.31,2.41 \scriptsize $\pm$ 0.91,2.85 \scriptsize $\pm$ 1.27,2.15 \scriptsize $\pm$ 0.75,4.17 \scriptsize $\pm$ 1.86,1.12 \scriptsize $\pm$ 0.12,2.66 \scriptsize $\pm$ 1.76,0.40 \scriptsize $\pm$ 0.09,1.20 \scriptsize $\pm$ 0.58,3.24 \scriptsize $\pm$ 0.97,3.00 \scriptsize $\pm$ 1.31,1.50 \scriptsize $\pm$ 0.22,3.78 \scriptsize $\pm$ 1.14,1.02 \scriptsize $\pm$ 0.24,52.77 \scriptsize $\pm$ 0.20,abla_most_family_joshi35,xtreme_r.udpos,"[42, 66, 17, 23]","[52.614066125293505, 53.06921475661558, 52.696913157381175, 52.71355793298549]",0.17707049140364722,0.3186758910460769,0.14837978466894006
89.12 \scriptsize $\pm$ 0.22,76.91 \scriptsize $\pm$ 1.14,89.80 \scriptsize $\pm$ 0.35,88.45 \scriptsize $\pm$ 0.25,88.83 \scriptsize $\pm$ 0.33,89.14 \scriptsize $\pm$ 0.27,88.43 \scriptsize $\pm$ 0.55,77.92 \scriptsize $\pm$ 0.73,75.03 \scriptsize $\pm$ 1.05,87.26 \scriptsize $\pm$ 0.50,86.42 \scriptsize $\pm$ 0.32,84.50 \scriptsize $\pm$ 0.44,74.07 \scriptsize $\pm$ 2.53,85.36 \scriptsize $\pm$ 0.33,86.39 \scriptsize $\pm$ 0.17,90.25 \scriptsize $\pm$ 0.21,55.84 \scriptsize $\pm$ 0.91,83.96 \scriptsize $\pm$ 0.50,64.61 \scriptsize $\pm$ 0.47,86.93 \scriptsize $\pm$ 0.19,84.41 \scriptsize $\pm$ 1.25,90.26 \scriptsize $\pm$ 0.13,85.58 \scriptsize $\pm$ 0.43,90.57 \scriptsize $\pm$ 0.25,85.34 \scriptsize $\pm$ 0.09,90.63 \scriptsize $\pm$ 0.33,78.76 \scriptsize $\pm$ 0.31,87.69 \scriptsize $\pm$ 0.17,67.70 \scriptsize $\pm$ 0.33,71.60 \scriptsize $\pm$ 0.48,78.98 \scriptsize $\pm$ 0.36,87.55 \scriptsize $\pm$ 0.71,68.89 \scriptsize $\pm$ 2.21,65.07 \scriptsize $\pm$ 0.37,74.04 \scriptsize $\pm$ 1.03,3.28 \scriptsize $\pm$ 0.79,3.32 \scriptsize $\pm$ 0.84,1.56 \scriptsize $\pm$ 0.33,3.35 \scriptsize $\pm$ 1.14,1.14 \scriptsize $\pm$ 0.03,1.65 \scriptsize $\pm$ 1.21,1.86 \scriptsize $\pm$ 0.43,2.59 \scriptsize $\pm$ 0.71,1.56 \scriptsize $\pm$ 0.39,2.19 \scriptsize $\pm$ 0.57,2.21 \scriptsize $\pm$ 0.82,1.02 \scriptsize $\pm$ 0.09,1.72 \scriptsize $\pm$ 0.76,0.38 \scriptsize $\pm$ 0.05,0.64 \scriptsize $\pm$ 0.08,2.72 \scriptsize $\pm$ 0.45,1.77 \scriptsize $\pm$ 0.63,1.27 \scriptsize $\pm$ 0.20,1.27 \scriptsize $\pm$ 0.36,0.72 \scriptsize $\pm$ 0.32,52.59 \scriptsize $\pm$ 0.23,abla_most_family_seen_mbert,xtreme_r.udpos,"[42, 66, 17, 23]","[52.309952531097416, 52.60287705229049, 52.87092933683733, 52.5798911855893]",0.7029294652114993,0.6417467245722328,0.16794161140747174
89.17 \scriptsize $\pm$ 0.05,76.97 \scriptsize $\pm$ 0.92,90.01 \scriptsize $\pm$ 0.07,88.77 \scriptsize $\pm$ 0.21,88.97 \scriptsize $\pm$ 0.46,89.52 \scriptsize $\pm$ 0.26,88.29 \scriptsize $\pm$ 0.22,78.40 \scriptsize $\pm$ 0.93,74.87 \scriptsize $\pm$ 0.47,87.08 \scriptsize $\pm$ 0.35,86.71 \scriptsize $\pm$ 0.21,84.29 \scriptsize $\pm$ 0.37,73.75 \scriptsize $\pm$ 2.73,85.40 \scriptsize $\pm$ 0.16,86.08 \scriptsize $\pm$ 0.37,90.85 \scriptsize $\pm$ 0.42,55.09 \scriptsize $\pm$ 1.40,83.57 \scriptsize $\pm$ 0.29,64.50 \scriptsize $\pm$ 0.47,86.77 \scriptsize $\pm$ 0.33,84.85 \scriptsize $\pm$ 0.78,90.22 \scriptsize $\pm$ 0.12,85.66 \scriptsize $\pm$ 0.31,90.74 \scriptsize $\pm$ 0.30,85.74 \scriptsize $\pm$ 0.48,90.60 \scriptsize $\pm$ 0.20,78.56 \scriptsize $\pm$ 0.50,87.10 \scriptsize $\pm$ 0.44,67.80 \scriptsize $\pm$ 0.56,71.67 \scriptsize $\pm$ 0.46,78.80 \scriptsize $\pm$ 0.31,87.68 \scriptsize $\pm$ 0.44,68.91 \scriptsize $\pm$ 2.32,64.66 \scriptsize $\pm$ 0.52,73.00 \scriptsize $\pm$ 0.74,2.47 \scriptsize $\pm$ 0.43,3.08 \scriptsize $\pm$ 1.12,1.82 \scriptsize $\pm$ 1.02,3.15 \scriptsize $\pm$ 0.88,1.40 \scriptsize $\pm$ 0.18,1.16 \scriptsize $\pm$ 0.09,1.85 \scriptsize $\pm$ 0.44,2.94 \scriptsize $\pm$ 0.98,2.01 \scriptsize $\pm$ 0.46,1.61 \scriptsize $\pm$ 0.28,1.86 \scriptsize $\pm$ 0.88,1.12 \scriptsize $\pm$ 0.19,1.87 \scriptsize $\pm$ 0.63,0.44 \scriptsize $\pm$ 0.13,0.66 \scriptsize $\pm$ 0.15,2.60 \scriptsize $\pm$ 0.50,2.30 \scriptsize $\pm$ 0.63,1.09 \scriptsize $\pm$ 0.31,2.06 \scriptsize $\pm$ 0.38,0.55 \scriptsize $\pm$ 0.18,52.57 \scriptsize $\pm$ 0.04,abla_most_family_seen_xlmr,xtreme_r.udpos,"[42, 66, 17, 23]","[52.58820288888007, 52.511914460547715, 52.57002458203226, 52.59104725564859]",0.2582930631954674,0.4560609809905855,0.27077077523470916
88.78 \scriptsize $\pm$ 0.16,76.49 \scriptsize $\pm$ 1.10,89.82 \scriptsize $\pm$ 0.30,88.12 \scriptsize $\pm$ 0.58,88.09 \scriptsize $\pm$ 0.93,89.60 \scriptsize $\pm$ 0.20,88.52 \scriptsize $\pm$ 0.28,76.71 \scriptsize $\pm$ 1.22,76.01 \scriptsize $\pm$ 0.90,87.20 \scriptsize $\pm$ 0.30,86.95 \scriptsize $\pm$ 0.22,84.83 \scriptsize $\pm$ 0.31,72.89 \scriptsize $\pm$ 2.90,85.74 \scriptsize $\pm$ 0.31,86.11 \scriptsize $\pm$ 0.13,90.62 \scriptsize $\pm$ 0.18,54.79 \scriptsize $\pm$ 1.55,82.09 \scriptsize $\pm$ 0.36,64.64 \scriptsize $\pm$ 0.30,86.67 \scriptsize $\pm$ 0.15,83.82 \scriptsize $\pm$ 0.64,90.18 \scriptsize $\pm$ 0.22,85.71 \scriptsize $\pm$ 0.41,91.02 \scriptsize $\pm$ 0.19,85.16 \scriptsize $\pm$ 0.33,90.55 \scriptsize $\pm$ 0.08,77.66 \scriptsize $\pm$ 0.47,86.86 \scriptsize $\pm$ 0.60,68.55 \scriptsize $\pm$ 0.25,71.55 \scriptsize $\pm$ 0.86,77.85 \scriptsize $\pm$ 0.20,87.46 \scriptsize $\pm$ 0.49,68.53 \scriptsize $\pm$ 3.48,65.58 \scriptsize $\pm$ 0.25,75.14 \scriptsize $\pm$ 0.77,2.38 \scriptsize $\pm$ 0.35,3.67 \scriptsize $\pm$ 0.48,4.27 \scriptsize $\pm$ 1.14,4.84 \scriptsize $\pm$ 1.12,1.15 \scriptsize $\pm$ 0.08,2.05 \scriptsize $\pm$ 0.86,2.25 \scriptsize $\pm$ 1.34,2.21 \scriptsize $\pm$ 0.55,1.06 \scriptsize $\pm$ 0.44,1.56 \scriptsize $\pm$ 0.53,2.13 \scriptsize $\pm$ 0.85,1.54 \scriptsize $\pm$ 0.33,1.98 \scriptsize $\pm$ 0.57,0.45 \scriptsize $\pm$ 0.06,0.58 \scriptsize $\pm$ 0.19,3.13 \scriptsize $\pm$ 0.31,2.15 \scriptsize $\pm$ 0.80,1.39 \scriptsize $\pm$ 0.24,1.99 \scriptsize $\pm$ 1.39,0.83 \scriptsize $\pm$ 0.23,52.58 \scriptsize $\pm$ 0.07,abla_most_family_unseen_mbert,xtreme_r.udpos,"[42, 66, 17, 23]","[52.57829686205373, 52.68674722842256, 52.53388027172609, 52.52352854306127]",0.5309580066396871,0.31745274652118105,0.32328632667837726
88.30 \scriptsize $\pm$ 0.27,76.90 \scriptsize $\pm$ 0.98,89.82 \scriptsize $\pm$ 0.23,88.38 \scriptsize $\pm$ 0.30,87.60 \scriptsize $\pm$ 0.11,89.53 \scriptsize $\pm$ 0.33,88.75 \scriptsize $\pm$ 0.19,75.14 \scriptsize $\pm$ 0.38,76.85 \scriptsize $\pm$ 0.16,87.10 \scriptsize $\pm$ 0.32,86.28 \scriptsize $\pm$ 0.39,84.50 \scriptsize $\pm$ 0.87,72.63 \scriptsize $\pm$ 3.34,85.74 \scriptsize $\pm$ 0.38,86.14 \scriptsize $\pm$ 0.35,90.27 \scriptsize $\pm$ 0.20,54.05 \scriptsize $\pm$ 1.50,81.11 \scriptsize $\pm$ 0.42,64.96 \scriptsize $\pm$ 0.59,86.63 \scriptsize $\pm$ 0.21,84.71 \scriptsize $\pm$ 0.93,90.02 \scriptsize $\pm$ 0.24,85.52 \scriptsize $\pm$ 0.53,90.87 \scriptsize $\pm$ 0.23,84.56 \scriptsize $\pm$ 0.54,90.67 \scriptsize $\pm$ 0.18,77.02 \scriptsize $\pm$ 0.34,85.47 \scriptsize $\pm$ 0.17,68.26 \scriptsize $\pm$ 0.45,71.11 \scriptsize $\pm$ 0.45,77.51 \scriptsize $\pm$ 0.25,87.57 \scriptsize $\pm$ 0.43,68.43 \scriptsize $\pm$ 3.96,65.69 \scriptsize $\pm$ 0.21,75.23 \scriptsize $\pm$ 1.81,2.58 \scriptsize $\pm$ 0.50,3.70 \scriptsize $\pm$ 0.69,3.36 \scriptsize $\pm$ 1.17,4.65 \scriptsize $\pm$ 0.46,1.12 \scriptsize $\pm$ 0.04,2.10 \scriptsize $\pm$ 0.68,1.99 \scriptsize $\pm$ 0.77,1.95 \scriptsize $\pm$ 0.43,1.27 \scriptsize $\pm$ 0.34,1.65 \scriptsize $\pm$ 0.27,1.65 \scriptsize $\pm$ 0.67,1.57 \scriptsize $\pm$ 0.25,1.71 \scriptsize $\pm$ 0.57,0.39 \scriptsize $\pm$ 0.05,0.48 \scriptsize $\pm$ 0.21,3.01 \scriptsize $\pm$ 0.36,1.32 \scriptsize $\pm$ 0.41,1.21 \scriptsize $\pm$ 0.29,1.49 \scriptsize $\pm$ 0.38,0.86 \scriptsize $\pm$ 0.25,52.39 \scriptsize $\pm$ 0.15,abla_most_family_unseen_xlmr,xtreme_r.udpos,"[42, 66, 17, 23]","[52.43847059307577, 52.16087048892208, 52.497934684495334, 52.45888236292802]",0.07888442606367256,0.2329656501637569,0.7282295141020383
89.18 \scriptsize $\pm$ 0.18,75.81 \scriptsize $\pm$ 0.97,89.57 \scriptsize $\pm$ 0.38,88.52 \scriptsize $\pm$ 0.25,88.29 \scriptsize $\pm$ 0.58,89.47 \scriptsize $\pm$ 0.15,88.53 \scriptsize $\pm$ 0.59,77.27 \scriptsize $\pm$ 0.45,75.94 \scriptsize $\pm$ 0.73,87.06 \scriptsize $\pm$ 0.35,86.60 \scriptsize $\pm$ 0.10,83.48 \scriptsize $\pm$ 0.47,73.17 \scriptsize $\pm$ 1.25,85.63 \scriptsize $\pm$ 0.15,86.49 \scriptsize $\pm$ 0.18,90.64 \scriptsize $\pm$ 0.30,56.75 \scriptsize $\pm$ 1.78,82.72 \scriptsize $\pm$ 0.51,64.61 \scriptsize $\pm$ 0.24,86.87 \scriptsize $\pm$ 0.18,84.78 \scriptsize $\pm$ 1.47,90.25 \scriptsize $\pm$ 0.07,85.55 \scriptsize $\pm$ 0.63,90.80 \scriptsize $\pm$ 0.12,85.16 \scriptsize $\pm$ 0.20,90.58 \scriptsize $\pm$ 0.25,77.99 \scriptsize $\pm$ 0.62,86.37 \scriptsize $\pm$ 0.57,68.61 \scriptsize $\pm$ 0.16,71.91 \scriptsize $\pm$ 0.54,78.40 \scriptsize $\pm$ 0.15,87.28 \scriptsize $\pm$ 0.64,67.81 \scriptsize $\pm$ 0.66,65.47 \scriptsize $\pm$ 0.50,74.85 \scriptsize $\pm$ 0.80,2.61 \scriptsize $\pm$ 0.81,3.73 \scriptsize $\pm$ 1.09,2.76 \scriptsize $\pm$ 1.23,4.51 \scriptsize $\pm$ 1.39,1.27 \scriptsize $\pm$ 0.18,1.37 \scriptsize $\pm$ 0.87,1.86 \scriptsize $\pm$ 0.20,2.82 \scriptsize $\pm$ 0.83,2.27 \scriptsize $\pm$ 1.02,2.28 \scriptsize $\pm$ 0.98,2.03 \scriptsize $\pm$ 0.77,1.32 \scriptsize $\pm$ 0.19,2.70 \scriptsize $\pm$ 0.84,0.45 \scriptsize $\pm$ 0.08,0.73 \scriptsize $\pm$ 0.23,3.07 \scriptsize $\pm$ 0.58,2.49 \scriptsize $\pm$ 0.86,2.06 \scriptsize $\pm$ 0.45,1.31 \scriptsize $\pm$ 0.49,0.61 \scriptsize $\pm$ 0.24,52.63 \scriptsize $\pm$ 0.23,abla_most_script_joshi2,xtreme_r.udpos,"[42, 66, 17, 23]","[52.56743293643095, 52.33379718179657, 52.7475944882498, 52.87384361902537]",0.420335244311315,0.8312875546563756,0.18719105574709263
89.09 \scriptsize $\pm$ 0.18,76.43 \scriptsize $\pm$ 0.33,89.69 \scriptsize $\pm$ 0.31,88.57 \scriptsize $\pm$ 0.26,88.25 \scriptsize $\pm$ 0.71,89.63 \scriptsize $\pm$ 0.25,88.31 \scriptsize $\pm$ 0.44,78.43 \scriptsize $\pm$ 0.95,75.88 \scriptsize $\pm$ 0.36,87.12 \scriptsize $\pm$ 0.42,87.00 \scriptsize $\pm$ 0.31,84.11 \scriptsize $\pm$ 0.50,72.14 \scriptsize $\pm$ 0.73,85.34 \scriptsize $\pm$ 0.41,86.53 \scriptsize $\pm$ 0.23,90.83 \scriptsize $\pm$ 0.37,53.75 \scriptsize $\pm$ 0.72,83.63 \scriptsize $\pm$ 0.46,64.82 \scriptsize $\pm$ 0.45,86.87 \scriptsize $\pm$ 0.16,85.37 \scriptsize $\pm$ 1.32,90.23 \scriptsize $\pm$ 0.10,85.58 \scriptsize $\pm$ 0.53,90.94 \scriptsize $\pm$ 0.25,85.93 \scriptsize $\pm$ 0.42,90.43 \scriptsize $\pm$ 0.18,78.42 \scriptsize $\pm$ 0.54,87.62 \scriptsize $\pm$ 0.26,68.18 \scriptsize $\pm$ 0.45,71.34 \scriptsize $\pm$ 0.16,79.11 \scriptsize $\pm$ 0.39,87.03 \scriptsize $\pm$ 0.30,66.78 \scriptsize $\pm$ 0.66,65.67 \scriptsize $\pm$ 0.21,74.71 \scriptsize $\pm$ 0.53,4.18 \scriptsize $\pm$ 0.35,4.21 \scriptsize $\pm$ 0.75,1.88 \scriptsize $\pm$ 0.49,5.02 \scriptsize $\pm$ 1.20,1.26 \scriptsize $\pm$ 0.14,1.61 \scriptsize $\pm$ 0.64,2.07 \scriptsize $\pm$ 0.41,2.23 \scriptsize $\pm$ 1.00,2.05 \scriptsize $\pm$ 0.84,2.43 \scriptsize $\pm$ 0.74,2.87 \scriptsize $\pm$ 0.96,1.09 \scriptsize $\pm$ 0.05,1.77 \scriptsize $\pm$ 0.56,0.44 \scriptsize $\pm$ 0.04,0.98 \scriptsize $\pm$ 0.49,2.70 \scriptsize $\pm$ 0.42,3.23 \scriptsize $\pm$ 0.88,1.16 \scriptsize $\pm$ 0.24,3.83 \scriptsize $\pm$ 1.44,0.70 \scriptsize $\pm$ 0.33,52.72 \scriptsize $\pm$ 0.19,abla_most_script_joshi3,xtreme_r.udpos,"[42, 66, 17, 23]","[52.523822648429764, 52.58939697812287, 52.84361855242493, 52.91471319585533]",0.17750850467710763,0.8907800993522503,0.08153743204042975
88.96 \scriptsize $\pm$ 0.14,76.85 \scriptsize $\pm$ 0.60,90.02 \scriptsize $\pm$ 0.31,88.54 \scriptsize $\pm$ 0.13,89.00 \scriptsize $\pm$ 0.45,89.54 \scriptsize $\pm$ 0.28,88.65 \scriptsize $\pm$ 0.46,77.58 \scriptsize $\pm$ 0.55,75.39 \scriptsize $\pm$ 0.89,87.46 \scriptsize $\pm$ 0.46,86.89 \scriptsize $\pm$ 0.15,84.21 \scriptsize $\pm$ 0.33,71.78 \scriptsize $\pm$ 0.68,85.14 \scriptsize $\pm$ 0.49,86.39 \scriptsize $\pm$ 0.19,90.76 \scriptsize $\pm$ 0.27,54.31 \scriptsize $\pm$ 1.12,83.77 \scriptsize $\pm$ 0.58,64.72 \scriptsize $\pm$ 0.24,86.92 \scriptsize $\pm$ 0.27,85.51 \scriptsize $\pm$ 0.77,90.33 \scriptsize $\pm$ 0.16,85.74 \scriptsize $\pm$ 0.49,90.87 \scriptsize $\pm$ 0.24,85.83 \scriptsize $\pm$ 0.22,90.76 \scriptsize $\pm$ 0.15,78.43 \scriptsize $\pm$ 0.37,88.31 \scriptsize $\pm$ 0.54,68.17 \scriptsize $\pm$ 0.46,70.56 \scriptsize $\pm$ 0.44,78.94 \scriptsize $\pm$ 0.28,87.58 \scriptsize $\pm$ 0.58,67.16 \scriptsize $\pm$ 0.67,65.31 \scriptsize $\pm$ 0.44,74.43 \scriptsize $\pm$ 0.50,3.93 \scriptsize $\pm$ 0.14,3.79 \scriptsize $\pm$ 0.88,2.32 \scriptsize $\pm$ 0.22,3.67 \scriptsize $\pm$ 0.63,1.31 \scriptsize $\pm$ 0.09,1.22 \scriptsize $\pm$ 0.36,3.03 \scriptsize $\pm$ 1.34,2.84 \scriptsize $\pm$ 2.00,3.54 \scriptsize $\pm$ 2.11,2.07 \scriptsize $\pm$ 0.27,4.48 \scriptsize $\pm$ 2.61,1.10 \scriptsize $\pm$ 0.12,2.78 \scriptsize $\pm$ 1.98,0.37 \scriptsize $\pm$ 0.05,1.34 \scriptsize $\pm$ 0.69,3.20 \scriptsize $\pm$ 0.71,2.96 \scriptsize $\pm$ 0.74,1.37 \scriptsize $\pm$ 0.24,3.32 \scriptsize $\pm$ 0.58,0.91 \scriptsize $\pm$ 0.26,52.81 \scriptsize $\pm$ 0.30,abla_most_script_joshi35,xtreme_r.udpos,"[42, 66, 17, 23]","[52.505882148645576, 52.603705092377126, 52.95863072121944, 53.15882216022811]",0.18432164492683462,0.6773810321972475,0.09637773203057895
89.06 \scriptsize $\pm$ 0.23,77.35 \scriptsize $\pm$ 0.38,89.76 \scriptsize $\pm$ 0.12,88.45 \scriptsize $\pm$ 0.15,88.89 \scriptsize $\pm$ 0.48,89.39 \scriptsize $\pm$ 0.12,88.72 \scriptsize $\pm$ 0.45,79.14 \scriptsize $\pm$ 1.09,75.72 \scriptsize $\pm$ 0.65,87.49 \scriptsize $\pm$ 0.39,87.43 \scriptsize $\pm$ 0.20,84.41 \scriptsize $\pm$ 0.19,71.71 \scriptsize $\pm$ 0.46,85.56 \scriptsize $\pm$ 0.31,86.51 \scriptsize $\pm$ 0.37,91.04 \scriptsize $\pm$ 0.25,54.76 \scriptsize $\pm$ 2.75,83.39 \scriptsize $\pm$ 0.30,64.67 \scriptsize $\pm$ 0.35,87.15 \scriptsize $\pm$ 0.26,84.49 \scriptsize $\pm$ 0.65,90.16 \scriptsize $\pm$ 0.04,85.48 \scriptsize $\pm$ 0.30,90.83 \scriptsize $\pm$ 0.23,85.91 \scriptsize $\pm$ 0.22,90.68 \scriptsize $\pm$ 0.15,78.65 \scriptsize $\pm$ 0.52,87.69 \scriptsize $\pm$ 0.80,68.53 \scriptsize $\pm$ 0.42,72.01 \scriptsize $\pm$ 0.21,79.30 \scriptsize $\pm$ 0.16,87.38 \scriptsize $\pm$ 0.63,67.07 \scriptsize $\pm$ 0.20,65.04 \scriptsize $\pm$ 0.18,75.07 \scriptsize $\pm$ 1.12,3.73 \scriptsize $\pm$ 0.77,4.72 \scriptsize $\pm$ 0.79,2.66 \scriptsize $\pm$ 0.55,3.90 \scriptsize $\pm$ 1.22,1.39 \scriptsize $\pm$ 0.07,3.79 \scriptsize $\pm$ 1.79,2.80 \scriptsize $\pm$ 0.61,3.54 \scriptsize $\pm$ 0.52,2.05 \scriptsize $\pm$ 0.48,3.31 \scriptsize $\pm$ 0.70,2.93 \scriptsize $\pm$ 0.62,1.12 \scriptsize $\pm$ 0.08,3.01 \scriptsize $\pm$ 0.55,0.43 \scriptsize $\pm$ 0.02,0.94 \scriptsize $\pm$ 0.25,4.10 \scriptsize $\pm$ 0.94,4.03 \scriptsize $\pm$ 0.43,1.59 \scriptsize $\pm$ 0.37,5.53 \scriptsize $\pm$ 1.36,0.89 \scriptsize $\pm$ 0.20,53.01 \scriptsize $\pm$ 0.09,abla_most_script_joshi45,xtreme_r.udpos,"[42, 66, 17, 23]","[52.91217880547681, 53.083694384158264, 52.95192717569681, 53.07702050273511]",0.008400053327705256,0.07934163061150687,0.025666269225286448
89.18 \scriptsize $\pm$ 0.19,77.04 \scriptsize $\pm$ 1.21,89.98 \scriptsize $\pm$ 0.29,88.41 \scriptsize $\pm$ 0.69,88.82 \scriptsize $\pm$ 0.60,89.47 \scriptsize $\pm$ 0.21,88.32 \scriptsize $\pm$ 0.56,78.01 \scriptsize $\pm$ 0.84,75.42 \scriptsize $\pm$ 0.98,87.18 \scriptsize $\pm$ 0.39,86.74 \scriptsize $\pm$ 0.16,84.87 \scriptsize $\pm$ 0.67,72.48 \scriptsize $\pm$ 0.70,85.25 \scriptsize $\pm$ 0.46,86.34 \scriptsize $\pm$ 0.21,90.67 \scriptsize $\pm$ 0.15,55.24 \scriptsize $\pm$ 1.13,83.77 \scriptsize $\pm$ 0.51,64.50 \scriptsize $\pm$ 0.39,86.81 \scriptsize $\pm$ 0.45,85.59 \scriptsize $\pm$ 0.99,90.18 \scriptsize $\pm$ 0.12,85.63 \scriptsize $\pm$ 0.52,90.68 \scriptsize $\pm$ 0.23,85.75 \scriptsize $\pm$ 0.37,90.75 \scriptsize $\pm$ 0.30,78.16 \scriptsize $\pm$ 0.89,87.34 \scriptsize $\pm$ 0.86,68.25 \scriptsize $\pm$ 0.33,70.49 \scriptsize $\pm$ 0.42,78.87 \scriptsize $\pm$ 0.39,87.85 \scriptsize $\pm$ 0.54,67.63 \scriptsize $\pm$ 0.70,65.31 \scriptsize $\pm$ 0.35,74.30 \scriptsize $\pm$ 0.28,4.15 \scriptsize $\pm$ 0.33,5.18 \scriptsize $\pm$ 2.36,3.44 \scriptsize $\pm$ 1.17,6.97 \scriptsize $\pm$ 3.31,1.31 \scriptsize $\pm$ 0.11,2.83 \scriptsize $\pm$ 1.56,7.07 \scriptsize $\pm$ 4.69,5.42 \scriptsize $\pm$ 1.98,7.00 \scriptsize $\pm$ 3.16,3.09 \scriptsize $\pm$ 0.19,8.18 \scriptsize $\pm$ 2.79,1.34 \scriptsize $\pm$ 0.22,6.07 \scriptsize $\pm$ 3.02,0.40 \scriptsize $\pm$ 0.06,4.07 \scriptsize $\pm$ 2.15,5.49 \scriptsize $\pm$ 2.95,4.85 \scriptsize $\pm$ 2.60,1.71 \scriptsize $\pm$ 0.39,5.20 \scriptsize $\pm$ 1.16,1.20 \scriptsize $\pm$ 0.20,53.46 \scriptsize $\pm$ 0.57,abla_most_script_seen_mbert,xtreme_r.udpos,"[42, 66, 17, 23]","[54.2924505335498, 53.12430221378748, 53.04938677336767, 53.36817549238668]",0.03610085150457973,0.09537005831863132,0.05219168697697725
89.18 \scriptsize $\pm$ 0.19,77.04 \scriptsize $\pm$ 1.21,89.98 \scriptsize $\pm$ 0.29,88.41 \scriptsize $\pm$ 0.69,88.82 \scriptsize $\pm$ 0.60,89.47 \scriptsize $\pm$ 0.21,88.32 \scriptsize $\pm$ 0.56,78.01 \scriptsize $\pm$ 0.84,75.42 \scriptsize $\pm$ 0.98,87.18 \scriptsize $\pm$ 0.39,86.74 \scriptsize $\pm$ 0.16,84.87 \scriptsize $\pm$ 0.67,72.48 \scriptsize $\pm$ 0.70,85.25 \scriptsize $\pm$ 0.46,86.34 \scriptsize $\pm$ 0.21,90.67 \scriptsize $\pm$ 0.15,55.24 \scriptsize $\pm$ 1.13,83.77 \scriptsize $\pm$ 0.51,64.50 \scriptsize $\pm$ 0.39,86.81 \scriptsize $\pm$ 0.45,85.59 \scriptsize $\pm$ 0.99,90.18 \scriptsize $\pm$ 0.12,85.63 \scriptsize $\pm$ 0.52,90.68 \scriptsize $\pm$ 0.23,85.75 \scriptsize $\pm$ 0.37,90.75 \scriptsize $\pm$ 0.30,78.16 \scriptsize $\pm$ 0.89,87.34 \scriptsize $\pm$ 0.86,68.25 \scriptsize $\pm$ 0.33,70.49 \scriptsize $\pm$ 0.42,78.87 \scriptsize $\pm$ 0.39,87.85 \scriptsize $\pm$ 0.54,67.63 \scriptsize $\pm$ 0.70,65.31 \scriptsize $\pm$ 0.35,74.30 \scriptsize $\pm$ 0.28,4.15 \scriptsize $\pm$ 0.33,5.18 \scriptsize $\pm$ 2.36,3.44 \scriptsize $\pm$ 1.17,6.97 \scriptsize $\pm$ 3.31,1.31 \scriptsize $\pm$ 0.11,2.83 \scriptsize $\pm$ 1.56,7.07 \scriptsize $\pm$ 4.69,5.42 \scriptsize $\pm$ 1.98,7.00 \scriptsize $\pm$ 3.16,3.09 \scriptsize $\pm$ 0.19,8.18 \scriptsize $\pm$ 2.79,1.34 \scriptsize $\pm$ 0.22,6.07 \scriptsize $\pm$ 3.02,0.40 \scriptsize $\pm$ 0.06,4.07 \scriptsize $\pm$ 2.15,5.49 \scriptsize $\pm$ 2.95,4.85 \scriptsize $\pm$ 2.60,1.71 \scriptsize $\pm$ 0.39,5.20 \scriptsize $\pm$ 1.16,1.20 \scriptsize $\pm$ 0.20,53.46 \scriptsize $\pm$ 0.57,abla_most_script_seen_xlmr,xtreme_r.udpos,"[42, 66, 17, 23]","[54.2924505335498, 53.12430221378748, 53.04938677336767, 53.36817549238668]",0.03610085150457973,0.09537005831863132,0.05219168697697725
89.11 \scriptsize $\pm$ 0.15,76.41 \scriptsize $\pm$ 0.53,89.87 \scriptsize $\pm$ 0.28,88.39 \scriptsize $\pm$ 0.39,87.96 \scriptsize $\pm$ 1.19,89.67 \scriptsize $\pm$ 0.45,88.51 \scriptsize $\pm$ 0.24,76.68 \scriptsize $\pm$ 0.85,75.93 \scriptsize $\pm$ 0.80,87.10 \scriptsize $\pm$ 0.24,86.88 \scriptsize $\pm$ 0.32,84.16 \scriptsize $\pm$ 0.33,73.29 \scriptsize $\pm$ 2.88,85.64 \scriptsize $\pm$ 0.48,86.20 \scriptsize $\pm$ 0.27,90.75 \scriptsize $\pm$ 0.13,55.43 \scriptsize $\pm$ 0.68,83.05 \scriptsize $\pm$ 0.54,64.42 \scriptsize $\pm$ 0.54,86.87 \scriptsize $\pm$ 0.18,85.07 \scriptsize $\pm$ 1.21,90.26 \scriptsize $\pm$ 0.09,85.81 \scriptsize $\pm$ 0.49,90.85 \scriptsize $\pm$ 0.31,85.20 \scriptsize $\pm$ 0.75,90.58 \scriptsize $\pm$ 0.21,78.04 \scriptsize $\pm$ 0.62,86.65 \scriptsize $\pm$ 0.80,68.58 \scriptsize $\pm$ 0.57,70.96 \scriptsize $\pm$ 0.84,78.64 \scriptsize $\pm$ 0.29,87.24 \scriptsize $\pm$ 0.47,69.31 \scriptsize $\pm$ 3.62,65.63 \scriptsize $\pm$ 0.34,74.52 \scriptsize $\pm$ 0.60,2.18 \scriptsize $\pm$ 0.27,3.38 \scriptsize $\pm$ 0.63,2.66 \scriptsize $\pm$ 1.03,3.79 \scriptsize $\pm$ 1.13,1.24 \scriptsize $\pm$ 0.15,1.43 \scriptsize $\pm$ 0.17,3.23 \scriptsize $\pm$ 1.69,0.90 \scriptsize $\pm$ 0.28,1.46 \scriptsize $\pm$ 0.37,1.48 \scriptsize $\pm$ 0.19,0.99 \scriptsize $\pm$ 0.14,1.45 \scriptsize $\pm$ 0.23,0.90 \scriptsize $\pm$ 0.42,0.45 \scriptsize $\pm$ 0.05,0.49 \scriptsize $\pm$ 0.13,1.86 \scriptsize $\pm$ 0.07,1.64 \scriptsize $\pm$ 0.17,1.31 \scriptsize $\pm$ 0.24,1.21 \scriptsize $\pm$ 0.41,0.59 \scriptsize $\pm$ 0.13,52.48 \scriptsize $\pm$ 0.20,abla_most_uriel_joshi2,xtreme_r.udpos,"[42, 66, 17, 23]","[52.62680385288235, 52.192407877987115, 52.4768663911787, 52.61892463704402]",0.4897096141900128,0.4107018530078352,0.6971259670831806
89.44 \scriptsize $\pm$ 0.20,76.35 \scriptsize $\pm$ 1.07,90.27 \scriptsize $\pm$ 0.48,88.65 \scriptsize $\pm$ 0.27,88.54 \scriptsize $\pm$ 0.67,89.48 \scriptsize $\pm$ 0.21,88.47 \scriptsize $\pm$ 0.38,78.37 \scriptsize $\pm$ 1.05,75.46 \scriptsize $\pm$ 0.33,87.28 \scriptsize $\pm$ 0.27,86.64 \scriptsize $\pm$ 0.10,84.31 \scriptsize $\pm$ 0.61,72.85 \scriptsize $\pm$ 1.89,85.21 \scriptsize $\pm$ 0.30,86.24 \scriptsize $\pm$ 0.20,90.73 \scriptsize $\pm$ 0.33,54.29 \scriptsize $\pm$ 1.20,83.98 \scriptsize $\pm$ 0.51,64.50 \scriptsize $\pm$ 0.20,86.72 \scriptsize $\pm$ 0.28,84.78 \scriptsize $\pm$ 0.65,90.40 \scriptsize $\pm$ 0.11,85.78 \scriptsize $\pm$ 0.17,90.63 \scriptsize $\pm$ 0.19,85.69 \scriptsize $\pm$ 0.22,90.71 \scriptsize $\pm$ 0.22,78.57 \scriptsize $\pm$ 0.39,87.93 \scriptsize $\pm$ 0.57,68.42 \scriptsize $\pm$ 0.52,73.23 \scriptsize $\pm$ 0.17,78.95 \scriptsize $\pm$ 0.32,87.74 \scriptsize $\pm$ 0.59,67.95 \scriptsize $\pm$ 1.32,65.42 \scriptsize $\pm$ 0.29,74.50 \scriptsize $\pm$ 0.54,3.92 \scriptsize $\pm$ 0.82,4.77 \scriptsize $\pm$ 0.47,2.98 \scriptsize $\pm$ 0.45,5.18 \scriptsize $\pm$ 1.22,1.26 \scriptsize $\pm$ 0.07,1.89 \scriptsize $\pm$ 0.48,4.15 \scriptsize $\pm$ 1.67,3.20 \scriptsize $\pm$ 0.96,3.94 \scriptsize $\pm$ 2.01,2.86 \scriptsize $\pm$ 0.71,5.66 \scriptsize $\pm$ 2.66,1.20 \scriptsize $\pm$ 0.11,3.77 \scriptsize $\pm$ 1.55,0.50 \scriptsize $\pm$ 0.06,1.78 \scriptsize $\pm$ 0.88,4.55 \scriptsize $\pm$ 0.65,3.85 \scriptsize $\pm$ 0.59,1.73 \scriptsize $\pm$ 0.42,5.03 \scriptsize $\pm$ 1.59,1.19 \scriptsize $\pm$ 0.24,53.13 \scriptsize $\pm$ 0.18,abla_most_uriel_joshi3,xtreme_r.udpos,"[42, 66, 17, 23]","[53.354006786662815, 53.1794519625024, 53.001450434868914, 52.968062183359436]",0.005750097085441437,0.02635831573461219,0.023357969101406476
89.58 \scriptsize $\pm$ 0.08,77.02 \scriptsize $\pm$ 1.27,90.03 \scriptsize $\pm$ 0.47,88.44 \scriptsize $\pm$ 0.22,88.58 \scriptsize $\pm$ 0.52,89.39 \scriptsize $\pm$ 0.20,88.92 \scriptsize $\pm$ 0.45,79.65 \scriptsize $\pm$ 0.75,74.95 \scriptsize $\pm$ 0.66,87.62 \scriptsize $\pm$ 0.40,86.78 \scriptsize $\pm$ 0.16,84.64 \scriptsize $\pm$ 0.55,72.06 \scriptsize $\pm$ 1.37,85.41 \scriptsize $\pm$ 0.28,86.33 \scriptsize $\pm$ 0.05,90.86 \scriptsize $\pm$ 0.26,54.79 \scriptsize $\pm$ 1.11,83.94 \scriptsize $\pm$ 0.45,64.50 \scriptsize $\pm$ 0.28,87.09 \scriptsize $\pm$ 0.14,85.81 \scriptsize $\pm$ 1.74,90.38 \scriptsize $\pm$ 0.04,85.72 \scriptsize $\pm$ 0.41,90.74 \scriptsize $\pm$ 0.12,85.75 \scriptsize $\pm$ 0.22,90.73 \scriptsize $\pm$ 0.25,78.61 \scriptsize $\pm$ 0.38,87.52 \scriptsize $\pm$ 0.30,68.08 \scriptsize $\pm$ 0.50,71.85 \scriptsize $\pm$ 0.23,79.14 \scriptsize $\pm$ 0.33,87.58 \scriptsize $\pm$ 0.74,67.15 \scriptsize $\pm$ 1.37,65.12 \scriptsize $\pm$ 0.15,73.91 \scriptsize $\pm$ 0.47,3.41 \scriptsize $\pm$ 0.62,3.66 \scriptsize $\pm$ 0.19,2.15 \scriptsize $\pm$ 0.57,3.62 \scriptsize $\pm$ 0.45,1.40 \scriptsize $\pm$ 0.23,1.78 \scriptsize $\pm$ 0.89,2.37 \scriptsize $\pm$ 0.27,2.70 \scriptsize $\pm$ 0.25,1.85 \scriptsize $\pm$ 0.82,2.44 \scriptsize $\pm$ 0.81,3.17 \scriptsize $\pm$ 1.31,1.10 \scriptsize $\pm$ 0.08,2.39 \scriptsize $\pm$ 0.74,0.49 \scriptsize $\pm$ 0.09,1.00 \scriptsize $\pm$ 0.19,3.36 \scriptsize $\pm$ 0.51,3.49 \scriptsize $\pm$ 0.50,1.62 \scriptsize $\pm$ 0.18,3.41 \scriptsize $\pm$ 1.55,0.98 \scriptsize $\pm$ 0.24,52.82 \scriptsize $\pm$ 0.12,abla_most_uriel_joshi35,xtreme_r.udpos,"[42, 66, 17, 23]","[52.6865318963123, 52.974288326230564, 52.85053244351635, 52.76541888842667]",0.06306139336160209,0.2697424190445092,0.055682655114987094
89.00 \scriptsize $\pm$ 0.31,76.97 \scriptsize $\pm$ 0.30,89.89 \scriptsize $\pm$ 0.21,88.45 \scriptsize $\pm$ 0.28,88.58 \scriptsize $\pm$ 0.59,89.44 \scriptsize $\pm$ 0.30,88.62 \scriptsize $\pm$ 0.74,79.35 \scriptsize $\pm$ 1.16,75.10 \scriptsize $\pm$ 0.36,87.41 \scriptsize $\pm$ 0.61,87.34 \scriptsize $\pm$ 0.21,84.48 \scriptsize $\pm$ 0.53,71.77 \scriptsize $\pm$ 0.31,85.49 \scriptsize $\pm$ 0.26,86.50 \scriptsize $\pm$ 0.19,90.70 \scriptsize $\pm$ 0.35,54.14 \scriptsize $\pm$ 0.92,83.46 \scriptsize $\pm$ 0.71,64.70 \scriptsize $\pm$ 0.40,86.97 \scriptsize $\pm$ 0.34,84.04 \scriptsize $\pm$ 0.44,90.34 \scriptsize $\pm$ 0.12,85.70 \scriptsize $\pm$ 0.54,90.80 \scriptsize $\pm$ 0.16,85.71 \scriptsize $\pm$ 0.34,90.67 \scriptsize $\pm$ 0.12,78.45 \scriptsize $\pm$ 0.33,87.45 \scriptsize $\pm$ 0.51,68.33 \scriptsize $\pm$ 0.47,71.78 \scriptsize $\pm$ 0.27,79.34 \scriptsize $\pm$ 0.32,87.29 \scriptsize $\pm$ 0.53,66.87 \scriptsize $\pm$ 0.34,64.95 \scriptsize $\pm$ 0.25,74.89 \scriptsize $\pm$ 0.93,2.87 \scriptsize $\pm$ 0.16,3.10 \scriptsize $\pm$ 0.65,2.24 \scriptsize $\pm$ 0.64,3.19 \scriptsize $\pm$ 0.79,1.35 \scriptsize $\pm$ 0.06,2.07 \scriptsize $\pm$ 0.84,2.23 \scriptsize $\pm$ 0.32,3.13 \scriptsize $\pm$ 0.55,1.78 \scriptsize $\pm$ 0.23,2.67 \scriptsize $\pm$ 0.45,2.24 \scriptsize $\pm$ 0.20,1.07 \scriptsize $\pm$ 0.03,2.39 \scriptsize $\pm$ 0.43,0.42 \scriptsize $\pm$ 0.03,0.85 \scriptsize $\pm$ 0.10,3.25 \scriptsize $\pm$ 0.53,3.44 \scriptsize $\pm$ 0.44,1.60 \scriptsize $\pm$ 0.08,3.95 \scriptsize $\pm$ 1.45,0.91 \scriptsize $\pm$ 0.07,52.72 \scriptsize $\pm$ 0.15,abla_most_uriel_joshi45,xtreme_r.udpos,"[42, 66, 17, 23]","[52.85483679502984, 52.51484226797867, 52.78521078230557, 52.73246215315814]",0.017793010992180287,0.8634681613050237,0.05240582205401993
89.37 \scriptsize $\pm$ 0.17,76.48 \scriptsize $\pm$ 0.55,89.93 \scriptsize $\pm$ 0.06,88.48 \scriptsize $\pm$ 0.19,88.70 \scriptsize $\pm$ 0.25,89.43 \scriptsize $\pm$ 0.28,88.50 \scriptsize $\pm$ 0.38,78.76 \scriptsize $\pm$ 0.55,74.68 \scriptsize $\pm$ 0.46,87.13 \scriptsize $\pm$ 0.24,86.61 \scriptsize $\pm$ 0.28,84.28 \scriptsize $\pm$ 0.69,73.23 \scriptsize $\pm$ 2.17,85.15 \scriptsize $\pm$ 0.31,86.17 \scriptsize $\pm$ 0.20,90.58 \scriptsize $\pm$ 0.21,56.30 \scriptsize $\pm$ 1.76,83.95 \scriptsize $\pm$ 0.43,64.59 \scriptsize $\pm$ 0.35,86.86 \scriptsize $\pm$ 0.15,84.93 \scriptsize $\pm$ 1.11,90.38 \scriptsize $\pm$ 0.04,85.51 \scriptsize $\pm$ 0.21,90.72 \scriptsize $\pm$ 0.19,85.34 \scriptsize $\pm$ 0.35,90.59 \scriptsize $\pm$ 0.16,78.62 \scriptsize $\pm$ 0.42,87.27 \scriptsize $\pm$ 0.43,67.78 \scriptsize $\pm$ 0.41,72.26 \scriptsize $\pm$ 0.19,78.77 \scriptsize $\pm$ 0.19,87.62 \scriptsize $\pm$ 0.40,68.24 \scriptsize $\pm$ 1.92,64.94 \scriptsize $\pm$ 0.34,73.96 \scriptsize $\pm$ 0.73,3.81 \scriptsize $\pm$ 1.33,3.59 \scriptsize $\pm$ 0.84,1.99 \scriptsize $\pm$ 0.37,4.75 \scriptsize $\pm$ 1.45,1.12 \scriptsize $\pm$ 0.19,1.85 \scriptsize $\pm$ 0.98,2.01 \scriptsize $\pm$ 0.86,3.40 \scriptsize $\pm$ 0.32,2.18 \scriptsize $\pm$ 0.92,2.70 \scriptsize $\pm$ 1.17,2.57 \scriptsize $\pm$ 1.05,0.94 \scriptsize $\pm$ 0.05,2.71 \scriptsize $\pm$ 1.19,0.44 \scriptsize $\pm$ 0.05,0.77 \scriptsize $\pm$ 0.27,3.33 \scriptsize $\pm$ 0.72,2.11 \scriptsize $\pm$ 0.99,1.87 \scriptsize $\pm$ 0.72,1.26 \scriptsize $\pm$ 0.51,0.71 \scriptsize $\pm$ 0.39,52.73 \scriptsize $\pm$ 0.31,abla_most_uriel_seen_mbert,xtreme_r.udpos,"[42, 66, 17, 23]","[52.38416526809251, 53.05126859585331, 52.92748284368507, 52.56130408396208]",0.37510409623440377,0.776373108043207,0.17177728944467385
89.42 \scriptsize $\pm$ 0.18,77.07 \scriptsize $\pm$ 1.08,89.82 \scriptsize $\pm$ 0.23,88.34 \scriptsize $\pm$ 0.54,88.37 \scriptsize $\pm$ 0.42,89.19 \scriptsize $\pm$ 0.52,88.14 \scriptsize $\pm$ 0.52,78.89 \scriptsize $\pm$ 0.74,74.91 \scriptsize $\pm$ 0.57,87.01 \scriptsize $\pm$ 0.36,86.54 \scriptsize $\pm$ 0.45,84.10 \scriptsize $\pm$ 0.09,74.36 \scriptsize $\pm$ 1.81,84.81 \scriptsize $\pm$ 0.63,85.98 \scriptsize $\pm$ 0.20,90.49 \scriptsize $\pm$ 0.37,56.23 \scriptsize $\pm$ 1.16,83.76 \scriptsize $\pm$ 0.32,64.21 \scriptsize $\pm$ 0.11,86.76 \scriptsize $\pm$ 0.24,86.54 \scriptsize $\pm$ 0.37,90.39 \scriptsize $\pm$ 0.13,85.21 \scriptsize $\pm$ 0.68,90.52 \scriptsize $\pm$ 0.34,85.32 \scriptsize $\pm$ 0.36,90.42 \scriptsize $\pm$ 0.12,78.74 \scriptsize $\pm$ 0.32,87.31 \scriptsize $\pm$ 0.37,67.54 \scriptsize $\pm$ 0.31,71.76 \scriptsize $\pm$ 0.27,78.88 \scriptsize $\pm$ 0.31,87.38 \scriptsize $\pm$ 0.48,69.11 \scriptsize $\pm$ 1.73,64.63 \scriptsize $\pm$ 0.23,73.35 \scriptsize $\pm$ 0.98,2.92 \scriptsize $\pm$ 0.52,3.47 \scriptsize $\pm$ 0.90,1.68 \scriptsize $\pm$ 0.40,2.61 \scriptsize $\pm$ 0.62,1.35 \scriptsize $\pm$ 0.17,1.30 \scriptsize $\pm$ 0.24,2.13 \scriptsize $\pm$ 0.71,3.24 \scriptsize $\pm$ 0.70,1.70 \scriptsize $\pm$ 0.60,2.45 \scriptsize $\pm$ 0.48,1.72 \scriptsize $\pm$ 0.43,1.07 \scriptsize $\pm$ 0.17,2.81 \scriptsize $\pm$ 0.75,0.45 \scriptsize $\pm$ 0.05,0.86 \scriptsize $\pm$ 0.33,2.63 \scriptsize $\pm$ 0.44,2.12 \scriptsize $\pm$ 0.49,1.53 \scriptsize $\pm$ 0.15,2.01 \scriptsize $\pm$ 0.85,0.68 \scriptsize $\pm$ 0.18,52.62 \scriptsize $\pm$ 0.15,abla_most_uriel_seen_xlmr,xtreme_r.udpos,"[42, 66, 17, 23]","[52.496217914231785, 52.780134057833926, 52.723671174907295, 52.48991935334385]",0.47077903491275536,0.5640800884844319,0.1873380130757977
88.60 \scriptsize $\pm$ 0.44,76.34 \scriptsize $\pm$ 0.90,89.73 \scriptsize $\pm$ 0.15,88.37 \scriptsize $\pm$ 0.28,88.44 \scriptsize $\pm$ 0.68,89.59 \scriptsize $\pm$ 0.17,88.50 \scriptsize $\pm$ 0.50,77.10 \scriptsize $\pm$ 0.81,75.56 \scriptsize $\pm$ 0.41,87.14 \scriptsize $\pm$ 0.17,86.88 \scriptsize $\pm$ 0.45,84.26 \scriptsize $\pm$ 0.30,72.59 \scriptsize $\pm$ 2.42,85.45 \scriptsize $\pm$ 0.20,85.94 \scriptsize $\pm$ 0.20,90.49 \scriptsize $\pm$ 0.31,55.02 \scriptsize $\pm$ 1.90,82.03 \scriptsize $\pm$ 0.28,64.60 \scriptsize $\pm$ 0.29,86.67 \scriptsize $\pm$ 0.38,84.26 \scriptsize $\pm$ 1.09,90.17 \scriptsize $\pm$ 0.20,85.52 \scriptsize $\pm$ 0.47,90.94 \scriptsize $\pm$ 0.09,85.13 \scriptsize $\pm$ 0.29,90.43 \scriptsize $\pm$ 0.25,77.58 \scriptsize $\pm$ 0.32,86.27 \scriptsize $\pm$ 0.49,68.50 \scriptsize $\pm$ 0.48,71.08 \scriptsize $\pm$ 0.48,77.88 \scriptsize $\pm$ 0.18,87.29 \scriptsize $\pm$ 0.44,68.23 \scriptsize $\pm$ 2.60,65.67 \scriptsize $\pm$ 0.42,74.23 \scriptsize $\pm$ 1.62,2.67 \scriptsize $\pm$ 0.87,3.77 \scriptsize $\pm$ 0.56,3.52 \scriptsize $\pm$ 1.38,4.43 \scriptsize $\pm$ 1.78,1.32 \scriptsize $\pm$ 0.14,2.27 \scriptsize $\pm$ 1.28,1.92 \scriptsize $\pm$ 0.72,2.69 \scriptsize $\pm$ 0.92,1.49 \scriptsize $\pm$ 0.67,2.40 \scriptsize $\pm$ 1.29,2.30 \scriptsize $\pm$ 0.91,1.51 \scriptsize $\pm$ 0.17,2.55 \scriptsize $\pm$ 1.02,0.43 \scriptsize $\pm$ 0.04,0.89 \scriptsize $\pm$ 0.37,3.35 \scriptsize $\pm$ 0.82,2.53 \scriptsize $\pm$ 0.82,1.31 \scriptsize $\pm$ 0.19,2.62 \scriptsize $\pm$ 1.55,0.85 \scriptsize $\pm$ 0.22,52.57 \scriptsize $\pm$ 0.35,abla_most_uriel_unseen_mbert,xtreme_r.udpos,"[42, 66, 17, 23]","[52.47319950499312, 52.721618723743646, 52.94412423359923, 52.13860579170154]",0.8593197734118934,0.5409469555133903,0.352061218703173
88.31 \scriptsize $\pm$ 0.35,77.35 \scriptsize $\pm$ 0.51,89.89 \scriptsize $\pm$ 0.28,88.54 \scriptsize $\pm$ 0.17,87.96 \scriptsize $\pm$ 1.02,89.55 \scriptsize $\pm$ 0.13,88.77 \scriptsize $\pm$ 0.42,75.78 \scriptsize $\pm$ 0.60,76.10 \scriptsize $\pm$ 0.45,87.10 \scriptsize $\pm$ 0.38,86.73 \scriptsize $\pm$ 0.24,83.67 \scriptsize $\pm$ 0.85,73.15 \scriptsize $\pm$ 3.46,85.99 \scriptsize $\pm$ 0.23,86.42 \scriptsize $\pm$ 0.36,90.60 \scriptsize $\pm$ 0.34,54.24 \scriptsize $\pm$ 2.77,81.17 \scriptsize $\pm$ 0.43,64.68 \scriptsize $\pm$ 0.41,86.47 \scriptsize $\pm$ 0.16,83.90 \scriptsize $\pm$ 1.19,90.10 \scriptsize $\pm$ 0.14,85.62 \scriptsize $\pm$ 0.51,90.86 \scriptsize $\pm$ 0.08,84.97 \scriptsize $\pm$ 0.31,90.54 \scriptsize $\pm$ 0.13,77.37 \scriptsize $\pm$ 0.11,85.75 \scriptsize $\pm$ 0.63,68.33 \scriptsize $\pm$ 0.12,70.73 \scriptsize $\pm$ 0.42,77.31 \scriptsize $\pm$ 0.27,87.26 \scriptsize $\pm$ 0.07,68.65 \scriptsize $\pm$ 4.20,65.46 \scriptsize $\pm$ 0.23,74.27 \scriptsize $\pm$ 1.49,2.92 \scriptsize $\pm$ 0.73,4.15 \scriptsize $\pm$ 0.33,3.22 \scriptsize $\pm$ 1.22,5.85 \scriptsize $\pm$ 1.16,1.18 \scriptsize $\pm$ 0.09,1.80 \scriptsize $\pm$ 0.91,1.57 \scriptsize $\pm$ 0.59,2.42 \scriptsize $\pm$ 0.76,1.39 \scriptsize $\pm$ 0.48,1.73 \scriptsize $\pm$ 0.38,1.90 \scriptsize $\pm$ 0.55,1.67 \scriptsize $\pm$ 0.53,1.55 \scriptsize $\pm$ 0.43,0.40 \scriptsize $\pm$ 0.06,0.49 \scriptsize $\pm$ 0.22,3.12 \scriptsize $\pm$ 0.32,1.39 \scriptsize $\pm$ 0.51,1.37 \scriptsize $\pm$ 0.41,1.53 \scriptsize $\pm$ 0.49,0.96 \scriptsize $\pm$ 0.36,52.44 \scriptsize $\pm$ 0.30,abla_most_uriel_unseen_xlmr,xtreme_r.udpos,"[42, 66, 17, 23]","[52.410862244483475, 52.08553439992355, 52.806793116212106, 52.457465555609616]",0.5443491592778714,0.41093189596130014,0.7930599168827538
88.59 \scriptsize $\pm$ 0.40,76.87 \scriptsize $\pm$ 1.38,89.67 \scriptsize $\pm$ 0.33,88.41 \scriptsize $\pm$ 0.27,88.00 \scriptsize $\pm$ 0.67,89.35 \scriptsize $\pm$ 0.42,88.38 \scriptsize $\pm$ 0.36,77.31 \scriptsize $\pm$ 0.33,75.76 \scriptsize $\pm$ 0.33,86.98 \scriptsize $\pm$ 0.20,86.57 \scriptsize $\pm$ 0.62,83.87 \scriptsize $\pm$ 0.91,71.82 \scriptsize $\pm$ 1.72,85.48 \scriptsize $\pm$ 0.30,86.12 \scriptsize $\pm$ 0.32,90.40 \scriptsize $\pm$ 0.53,56.30 \scriptsize $\pm$ 2.20,81.90 \scriptsize $\pm$ 0.43,64.69 \scriptsize $\pm$ 0.47,86.52 \scriptsize $\pm$ 0.30,84.19 \scriptsize $\pm$ 0.37,90.16 \scriptsize $\pm$ 0.19,85.37 \scriptsize $\pm$ 0.39,90.68 \scriptsize $\pm$ 0.30,84.71 \scriptsize $\pm$ 0.49,90.41 \scriptsize $\pm$ 0.23,77.96 \scriptsize $\pm$ 0.52,85.78 \scriptsize $\pm$ 0.80,68.45 \scriptsize $\pm$ 0.58,70.88 \scriptsize $\pm$ 0.59,77.73 \scriptsize $\pm$ 0.49,87.25 \scriptsize $\pm$ 0.54,68.25 \scriptsize $\pm$ 2.11,65.64 \scriptsize $\pm$ 0.26,74.86 \scriptsize $\pm$ 0.29,2.85 \scriptsize $\pm$ 0.80,3.78 \scriptsize $\pm$ 0.98,2.84 \scriptsize $\pm$ 0.62,5.30 \scriptsize $\pm$ 2.50,1.23 \scriptsize $\pm$ 0.21,2.80 \scriptsize $\pm$ 2.77,2.19 \scriptsize $\pm$ 0.92,1.32 \scriptsize $\pm$ 0.81,1.74 \scriptsize $\pm$ 0.93,2.21 \scriptsize $\pm$ 1.24,1.06 \scriptsize $\pm$ 0.28,1.51 \scriptsize $\pm$ 0.21,1.50 \scriptsize $\pm$ 0.80,0.41 \scriptsize $\pm$ 0.07,0.52 \scriptsize $\pm$ 0.21,2.54 \scriptsize $\pm$ 0.48,1.97 \scriptsize $\pm$ 1.19,1.40 \scriptsize $\pm$ 0.26,3.87 \scriptsize $\pm$ 2.88,0.84 \scriptsize $\pm$ 0.27,52.49 \scriptsize $\pm$ 0.35,abla_random_joshi2,xtreme_r.udpos,"[42, 66, 17, 23]","[52.25448288249372, 52.71070490459986, 52.87382669311749, 52.14019464327086]",0.8634282025043082,0.34860202289944336,0.6515384312857193
89.33 \scriptsize $\pm$ 0.04,76.34 \scriptsize $\pm$ 0.84,89.97 \scriptsize $\pm$ 0.23,88.65 \scriptsize $\pm$ 0.22,88.91 \scriptsize $\pm$ 0.61,89.28 \scriptsize $\pm$ 0.46,88.61 \scriptsize $\pm$ 0.31,78.06 \scriptsize $\pm$ 1.10,75.71 \scriptsize $\pm$ 0.74,87.24 \scriptsize $\pm$ 0.22,87.08 \scriptsize $\pm$ 0.44,84.41 \scriptsize $\pm$ 0.38,71.97 \scriptsize $\pm$ 1.58,85.22 \scriptsize $\pm$ 0.28,86.34 \scriptsize $\pm$ 0.28,90.81 \scriptsize $\pm$ 0.58,54.31 \scriptsize $\pm$ 1.49,83.69 \scriptsize $\pm$ 0.70,64.85 \scriptsize $\pm$ 0.37,86.86 \scriptsize $\pm$ 0.20,85.22 \scriptsize $\pm$ 1.43,90.18 \scriptsize $\pm$ 0.13,85.54 \scriptsize $\pm$ 0.46,90.73 \scriptsize $\pm$ 0.30,85.94 \scriptsize $\pm$ 0.65,90.74 \scriptsize $\pm$ 0.22,78.11 \scriptsize $\pm$ 0.30,87.17 \scriptsize $\pm$ 0.56,68.71 \scriptsize $\pm$ 0.56,72.27 \scriptsize $\pm$ 0.72,78.90 \scriptsize $\pm$ 0.31,87.48 \scriptsize $\pm$ 0.76,67.10 \scriptsize $\pm$ 0.71,65.44 \scriptsize $\pm$ 0.27,74.72 \scriptsize $\pm$ 0.46,3.87 \scriptsize $\pm$ 0.32,4.74 \scriptsize $\pm$ 0.74,2.56 \scriptsize $\pm$ 0.60,3.75 \scriptsize $\pm$ 1.37,1.28 \scriptsize $\pm$ 0.19,1.88 \scriptsize $\pm$ 0.55,3.52 \scriptsize $\pm$ 2.66,3.35 \scriptsize $\pm$ 1.93,3.14 \scriptsize $\pm$ 1.70,2.75 \scriptsize $\pm$ 0.26,4.37 \scriptsize $\pm$ 3.32,1.14 \scriptsize $\pm$ 0.18,3.11 \scriptsize $\pm$ 1.67,0.44 \scriptsize $\pm$ 0.08,1.23 \scriptsize $\pm$ 0.44,4.39 \scriptsize $\pm$ 1.22,3.59 \scriptsize $\pm$ 0.82,1.59 \scriptsize $\pm$ 0.27,3.47 \scriptsize $\pm$ 0.48,1.08 \scriptsize $\pm$ 0.27,52.93 \scriptsize $\pm$ 0.19,abla_random_joshi3,xtreme_r.udpos,"[42, 66, 17, 23]","[53.03378630436962, 52.70408462988575, 53.12891380889995, 52.854643793086595]",0.012899013922785295,0.3067372634545974,0.002949427423334162
89.09 \scriptsize $\pm$ 0.23,76.97 \scriptsize $\pm$ 0.91,89.68 \scriptsize $\pm$ 0.11,88.76 \scriptsize $\pm$ 0.29,89.03 \scriptsize $\pm$ 0.30,89.23 \scriptsize $\pm$ 0.28,88.66 \scriptsize $\pm$ 0.73,78.95 \scriptsize $\pm$ 0.87,75.62 \scriptsize $\pm$ 0.18,87.47 \scriptsize $\pm$ 0.52,87.04 \scriptsize $\pm$ 0.18,84.63 \scriptsize $\pm$ 0.59,71.97 \scriptsize $\pm$ 0.51,85.47 \scriptsize $\pm$ 0.35,86.46 \scriptsize $\pm$ 0.23,90.76 \scriptsize $\pm$ 0.28,54.29 \scriptsize $\pm$ 1.85,83.40 \scriptsize $\pm$ 0.20,64.62 \scriptsize $\pm$ 0.52,87.10 \scriptsize $\pm$ 0.44,84.56 \scriptsize $\pm$ 1.28,90.26 \scriptsize $\pm$ 0.11,85.29 \scriptsize $\pm$ 0.37,90.75 \scriptsize $\pm$ 0.11,85.78 \scriptsize $\pm$ 0.43,90.49 \scriptsize $\pm$ 0.26,78.42 \scriptsize $\pm$ 0.68,87.55 \scriptsize $\pm$ 0.77,68.39 \scriptsize $\pm$ 0.45,72.12 \scriptsize $\pm$ 1.11,79.14 \scriptsize $\pm$ 0.12,87.13 \scriptsize $\pm$ 0.29,67.31 \scriptsize $\pm$ 0.51,65.41 \scriptsize $\pm$ 0.19,74.69 \scriptsize $\pm$ 1.24,3.74 \scriptsize $\pm$ 0.21,4.18 \scriptsize $\pm$ 0.72,2.82 \scriptsize $\pm$ 0.72,4.35 \scriptsize $\pm$ 1.39,1.40 \scriptsize $\pm$ 0.19,2.56 \scriptsize $\pm$ 1.34,2.48 \scriptsize $\pm$ 0.37,2.88 \scriptsize $\pm$ 0.92,2.12 \scriptsize $\pm$ 0.84,2.70 \scriptsize $\pm$ 0.32,3.05 \scriptsize $\pm$ 0.71,1.15 \scriptsize $\pm$ 0.07,2.72 \scriptsize $\pm$ 1.21,0.42 \scriptsize $\pm$ 0.04,1.36 \scriptsize $\pm$ 0.29,3.88 \scriptsize $\pm$ 0.29,4.02 \scriptsize $\pm$ 0.97,1.49 \scriptsize $\pm$ 0.45,4.25 \scriptsize $\pm$ 1.28,0.96 \scriptsize $\pm$ 0.34,52.89 \scriptsize $\pm$ 0.13,abla_random_joshi35,xtreme_r.udpos,"[42, 66, 17, 23]","[52.82372896903321, 52.74637624779962, 52.9646430316845, 53.03106438819866]",0.01154294581056474,0.35711187550284296,0.019229969442894672
89.20 \scriptsize $\pm$ 0.31,76.91 \scriptsize $\pm$ 1.09,89.78 \scriptsize $\pm$ 0.30,88.88 \scriptsize $\pm$ 0.36,88.89 \scriptsize $\pm$ 0.29,89.52 \scriptsize $\pm$ 0.16,88.72 \scriptsize $\pm$ 0.62,79.14 \scriptsize $\pm$ 0.95,75.36 \scriptsize $\pm$ 0.47,87.49 \scriptsize $\pm$ 0.53,87.13 \scriptsize $\pm$ 0.16,84.01 \scriptsize $\pm$ 0.75,71.14 \scriptsize $\pm$ 1.16,85.20 \scriptsize $\pm$ 0.64,86.37 \scriptsize $\pm$ 0.22,90.95 \scriptsize $\pm$ 0.44,53.51 \scriptsize $\pm$ 1.11,83.02 \scriptsize $\pm$ 0.89,64.54 \scriptsize $\pm$ 0.52,86.97 \scriptsize $\pm$ 0.49,83.90 \scriptsize $\pm$ 0.84,90.17 \scriptsize $\pm$ 0.06,85.67 \scriptsize $\pm$ 0.26,90.85 \scriptsize $\pm$ 0.12,85.84 \scriptsize $\pm$ 0.23,90.59 \scriptsize $\pm$ 0.24,78.58 \scriptsize $\pm$ 0.40,87.24 \scriptsize $\pm$ 0.57,68.55 \scriptsize $\pm$ 0.65,71.91 \scriptsize $\pm$ 0.27,79.14 \scriptsize $\pm$ 0.30,87.27 \scriptsize $\pm$ 0.68,66.72 \scriptsize $\pm$ 0.38,65.06 \scriptsize $\pm$ 0.38,74.84 \scriptsize $\pm$ 0.61,3.11 \scriptsize $\pm$ 0.79,3.84 \scriptsize $\pm$ 1.62,1.89 \scriptsize $\pm$ 0.82,3.76 \scriptsize $\pm$ 1.90,1.33 \scriptsize $\pm$ 0.09,2.27 \scriptsize $\pm$ 1.16,2.38 \scriptsize $\pm$ 0.87,2.87 \scriptsize $\pm$ 0.61,1.84 \scriptsize $\pm$ 0.70,2.48 \scriptsize $\pm$ 0.86,3.18 \scriptsize $\pm$ 2.21,1.08 \scriptsize $\pm$ 0.18,2.09 \scriptsize $\pm$ 0.59,0.42 \scriptsize $\pm$ 0.02,0.87 \scriptsize $\pm$ 0.32,3.92 \scriptsize $\pm$ 1.57,2.87 \scriptsize $\pm$ 0.52,1.51 \scriptsize $\pm$ 0.20,3.23 \scriptsize $\pm$ 1.13,0.98 \scriptsize $\pm$ 0.25,52.71 \scriptsize $\pm$ 0.07,abla_random_joshi45,xtreme_r.udpos,"[42, 66, 17, 23]","[52.69891031228574, 52.683082175822456, 52.809653871399206, 52.64460770987789]",0.042010710396755115,0.8809095449519604,0.034930596241299454
88.97 \scriptsize $\pm$ 0.26,76.71 \scriptsize $\pm$ 0.47,89.51 \scriptsize $\pm$ 0.26,88.33 \scriptsize $\pm$ 0.34,88.51 \scriptsize $\pm$ 0.57,89.19 \scriptsize $\pm$ 0.25,88.52 \scriptsize $\pm$ 0.64,77.25 \scriptsize $\pm$ 1.38,75.69 \scriptsize $\pm$ 0.74,87.10 \scriptsize $\pm$ 0.39,86.84 \scriptsize $\pm$ 0.12,83.57 \scriptsize $\pm$ 1.33,72.32 \scriptsize $\pm$ 1.89,85.20 \scriptsize $\pm$ 0.41,86.47 \scriptsize $\pm$ 0.27,90.58 \scriptsize $\pm$ 0.28,54.13 \scriptsize $\pm$ 0.92,82.57 \scriptsize $\pm$ 0.26,64.70 \scriptsize $\pm$ 0.31,86.81 \scriptsize $\pm$ 0.22,83.90 \scriptsize $\pm$ 2.32,90.36 \scriptsize $\pm$ 0.26,85.14 \scriptsize $\pm$ 0.40,90.66 \scriptsize $\pm$ 0.16,85.68 \scriptsize $\pm$ 0.29,90.58 \scriptsize $\pm$ 0.27,78.12 \scriptsize $\pm$ 0.59,87.55 \scriptsize $\pm$ 0.21,68.44 \scriptsize $\pm$ 0.29,72.13 \scriptsize $\pm$ 1.27,78.66 \scriptsize $\pm$ 0.46,87.23 \scriptsize $\pm$ 0.36,67.97 \scriptsize $\pm$ 1.89,65.46 \scriptsize $\pm$ 0.47,74.46 \scriptsize $\pm$ 0.99,4.20 \scriptsize $\pm$ 1.45,4.95 \scriptsize $\pm$ 0.82,2.83 \scriptsize $\pm$ 0.96,5.26 \scriptsize $\pm$ 2.09,1.20 \scriptsize $\pm$ 0.11,3.12 \scriptsize $\pm$ 2.83,3.68 \scriptsize $\pm$ 2.60,3.47 \scriptsize $\pm$ 2.37,2.69 \scriptsize $\pm$ 1.82,3.24 \scriptsize $\pm$ 1.37,4.55 \scriptsize $\pm$ 2.96,1.12 \scriptsize $\pm$ 0.08,3.03 \scriptsize $\pm$ 2.63,0.47 \scriptsize $\pm$ 0.09,1.38 \scriptsize $\pm$ 0.87,4.07 \scriptsize $\pm$ 1.62,3.00 \scriptsize $\pm$ 1.37,2.13 \scriptsize $\pm$ 0.43,3.88 \scriptsize $\pm$ 2.12,1.04 \scriptsize $\pm$ 0.36,52.88 \scriptsize $\pm$ 0.49,abla_random_seen_mbert,xtreme_r.udpos,"[42, 66, 17, 23]","[52.28165377447917, 52.900233518209646, 53.47550154401286, 52.87793115476022]",0.27853342940386533,0.5553909892167549,0.09428043276717661
89.11 \scriptsize $\pm$ 0.19,76.44 \scriptsize $\pm$ 0.48,89.65 \scriptsize $\pm$ 0.41,88.39 \scriptsize $\pm$ 0.17,88.77 \scriptsize $\pm$ 0.53,89.27 \scriptsize $\pm$ 0.40,88.28 \scriptsize $\pm$ 0.79,78.32 \scriptsize $\pm$ 0.61,75.19 \scriptsize $\pm$ 0.32,87.10 \scriptsize $\pm$ 0.52,86.81 \scriptsize $\pm$ 0.33,83.34 \scriptsize $\pm$ 0.70,72.44 \scriptsize $\pm$ 2.03,84.99 \scriptsize $\pm$ 0.53,86.26 \scriptsize $\pm$ 0.20,90.83 \scriptsize $\pm$ 0.16,53.68 \scriptsize $\pm$ 1.91,82.98 \scriptsize $\pm$ 0.80,64.45 \scriptsize $\pm$ 0.48,86.81 \scriptsize $\pm$ 0.43,84.19 \scriptsize $\pm$ 0.61,90.11 \scriptsize $\pm$ 0.22,85.18 \scriptsize $\pm$ 0.47,90.66 \scriptsize $\pm$ 0.16,85.85 \scriptsize $\pm$ 0.30,90.22 \scriptsize $\pm$ 0.36,78.67 \scriptsize $\pm$ 0.90,86.79 \scriptsize $\pm$ 0.46,68.34 \scriptsize $\pm$ 0.77,72.08 \scriptsize $\pm$ 0.72,78.80 \scriptsize $\pm$ 0.31,86.97 \scriptsize $\pm$ 1.11,67.56 \scriptsize $\pm$ 1.06,65.16 \scriptsize $\pm$ 0.42,73.67 \scriptsize $\pm$ 0.71,2.55 \scriptsize $\pm$ 0.56,3.25 \scriptsize $\pm$ 0.81,2.78 \scriptsize $\pm$ 0.84,4.33 \scriptsize $\pm$ 2.29,1.29 \scriptsize $\pm$ 0.06,1.16 \scriptsize $\pm$ 0.32,2.55 \scriptsize $\pm$ 1.63,3.45 \scriptsize $\pm$ 2.40,2.45 \scriptsize $\pm$ 1.06,2.48 \scriptsize $\pm$ 0.41,2.44 \scriptsize $\pm$ 0.91,1.22 \scriptsize $\pm$ 0.15,3.29 \scriptsize $\pm$ 2.15,0.48 \scriptsize $\pm$ 0.09,0.77 \scriptsize $\pm$ 0.24,3.15 \scriptsize $\pm$ 0.90,2.51 \scriptsize $\pm$ 1.14,1.85 \scriptsize $\pm$ 0.50,2.75 \scriptsize $\pm$ 0.84,0.68 \scriptsize $\pm$ 0.17,52.60 \scriptsize $\pm$ 0.25,abla_random_seen_xlmr,xtreme_r.udpos,"[42, 66, 17, 23]","[52.60838940736527, 52.525453236195666, 52.33105002579658, 52.92029300145906]",0.6310746811120367,0.685703948024861,0.472154523407243
88.47 \scriptsize $\pm$ 0.26,77.61 \scriptsize $\pm$ 1.31,89.81 \scriptsize $\pm$ 0.06,88.47 \scriptsize $\pm$ 0.57,87.89 \scriptsize $\pm$ 0.73,89.51 \scriptsize $\pm$ 0.44,88.55 \scriptsize $\pm$ 0.18,76.37 \scriptsize $\pm$ 0.41,76.53 \scriptsize $\pm$ 0.52,87.18 \scriptsize $\pm$ 0.08,86.38 \scriptsize $\pm$ 0.23,84.42 \scriptsize $\pm$ 0.76,72.09 \scriptsize $\pm$ 1.94,85.60 \scriptsize $\pm$ 0.26,86.14 \scriptsize $\pm$ 0.11,90.47 \scriptsize $\pm$ 0.25,54.57 \scriptsize $\pm$ 0.83,82.08 \scriptsize $\pm$ 0.56,64.94 \scriptsize $\pm$ 0.38,86.73 \scriptsize $\pm$ 0.19,83.97 \scriptsize $\pm$ 1.37,90.16 \scriptsize $\pm$ 0.19,85.60 \scriptsize $\pm$ 0.58,90.87 \scriptsize $\pm$ 0.17,85.04 \scriptsize $\pm$ 0.28,90.64 \scriptsize $\pm$ 0.18,77.74 \scriptsize $\pm$ 0.40,86.03 \scriptsize $\pm$ 0.13,68.54 \scriptsize $\pm$ 0.48,70.79 \scriptsize $\pm$ 0.26,77.86 \scriptsize $\pm$ 0.31,87.31 \scriptsize $\pm$ 0.12,67.77 \scriptsize $\pm$ 2.17,65.73 \scriptsize $\pm$ 0.16,74.95 \scriptsize $\pm$ 1.20,2.65 \scriptsize $\pm$ 0.40,3.62 \scriptsize $\pm$ 0.35,3.35 \scriptsize $\pm$ 1.36,3.83 \scriptsize $\pm$ 1.58,1.26 \scriptsize $\pm$ 0.15,1.90 \scriptsize $\pm$ 0.79,1.59 \scriptsize $\pm$ 0.45,1.87 \scriptsize $\pm$ 0.69,1.78 \scriptsize $\pm$ 0.86,2.02 \scriptsize $\pm$ 0.67,1.86 \scriptsize $\pm$ 0.96,1.47 \scriptsize $\pm$ 0.30,2.31 \scriptsize $\pm$ 1.08,0.45 \scriptsize $\pm$ 0.07,0.58 \scriptsize $\pm$ 0.25,2.96 \scriptsize $\pm$ 1.04,1.61 \scriptsize $\pm$ 0.62,1.66 \scriptsize $\pm$ 0.42,2.46 \scriptsize $\pm$ 1.38,1.04 \scriptsize $\pm$ 0.31,52.49 \scriptsize $\pm$ 0.16,abla_random_unseen_mbert,xtreme_r.udpos,"[42, 66, 17, 23]","[52.71133400977511, 52.44866565637263, 52.46703476850254, 52.34373936524765]",0.5620135446373044,0.2415408144097588,0.6243057064940654
88.07 \scriptsize $\pm$ 0.38,77.12 \scriptsize $\pm$ 1.42,89.76 \scriptsize $\pm$ 0.44,88.50 \scriptsize $\pm$ 0.21,87.95 \scriptsize $\pm$ 1.28,89.54 \scriptsize $\pm$ 0.27,88.31 \scriptsize $\pm$ 0.35,74.83 \scriptsize $\pm$ 1.51,76.44 \scriptsize $\pm$ 0.63,86.63 \scriptsize $\pm$ 0.41,86.38 \scriptsize $\pm$ 0.37,84.08 \scriptsize $\pm$ 0.38,72.67 \scriptsize $\pm$ 2.88,85.41 \scriptsize $\pm$ 0.31,86.11 \scriptsize $\pm$ 0.18,90.22 \scriptsize $\pm$ 0.34,53.51 \scriptsize $\pm$ 2.28,81.04 \scriptsize $\pm$ 0.21,64.67 \scriptsize $\pm$ 0.39,86.30 \scriptsize $\pm$ 0.26,82.79 \scriptsize $\pm$ 2.13,90.02 \scriptsize $\pm$ 0.10,85.43 \scriptsize $\pm$ 0.69,90.82 \scriptsize $\pm$ 0.28,84.70 \scriptsize $\pm$ 0.53,90.51 \scriptsize $\pm$ 0.20,76.90 \scriptsize $\pm$ 0.27,85.51 \scriptsize $\pm$ 0.80,68.19 \scriptsize $\pm$ 0.67,70.07 \scriptsize $\pm$ 0.86,77.08 \scriptsize $\pm$ 0.54,87.17 \scriptsize $\pm$ 0.35,68.58 \scriptsize $\pm$ 3.39,65.52 \scriptsize $\pm$ 0.49,74.80 \scriptsize $\pm$ 0.26,2.54 \scriptsize $\pm$ 0.24,3.43 \scriptsize $\pm$ 0.33,3.44 \scriptsize $\pm$ 1.12,5.28 \scriptsize $\pm$ 0.91,1.19 \scriptsize $\pm$ 0.04,1.84 \scriptsize $\pm$ 0.49,2.10 \scriptsize $\pm$ 0.92,1.27 \scriptsize $\pm$ 0.45,1.66 \scriptsize $\pm$ 0.43,2.12 \scriptsize $\pm$ 0.53,1.25 \scriptsize $\pm$ 0.19,1.62 \scriptsize $\pm$ 0.23,1.34 \scriptsize $\pm$ 0.50,0.39 \scriptsize $\pm$ 0.06,0.45 \scriptsize $\pm$ 0.10,2.46 \scriptsize $\pm$ 0.17,2.15 \scriptsize $\pm$ 1.16,1.20 \scriptsize $\pm$ 0.38,1.94 \scriptsize $\pm$ 0.25,0.89 \scriptsize $\pm$ 0.34,52.26 \scriptsize $\pm$ 0.20,abla_random_unseen_xlmr,xtreme_r.udpos,"[42, 66, 17, 23]","[52.192683398448075, 52.07509908365426, 52.21924021166008, 52.545855278995866]",0.06386855446444153,0.14164206592030917,0.36862669792046737
88.58 \scriptsize $\pm$ 0.16,77.56 \scriptsize $\pm$ 1.14,89.82 \scriptsize $\pm$ 0.19,88.47 \scriptsize $\pm$ 0.25,88.58 \scriptsize $\pm$ 0.37,89.82 \scriptsize $\pm$ 0.41,88.41 \scriptsize $\pm$ 0.42,75.95 \scriptsize $\pm$ 0.39,76.17 \scriptsize $\pm$ 0.47,87.09 \scriptsize $\pm$ 0.23,86.72 \scriptsize $\pm$ 0.28,84.17 \scriptsize $\pm$ 0.63,73.28 \scriptsize $\pm$ 4.16,85.60 \scriptsize $\pm$ 0.21,86.16 \scriptsize $\pm$ 0.05,90.47 \scriptsize $\pm$ 0.13,55.45 \scriptsize $\pm$ 1.63,82.17 \scriptsize $\pm$ 0.54,64.81 \scriptsize $\pm$ 0.41,86.64 \scriptsize $\pm$ 0.26,83.38 \scriptsize $\pm$ 0.88,90.19 \scriptsize $\pm$ 0.09,85.80 \scriptsize $\pm$ 0.67,91.13 \scriptsize $\pm$ 0.27,85.55 \scriptsize $\pm$ 0.40,90.53 \scriptsize $\pm$ 0.13,77.64 \scriptsize $\pm$ 0.26,87.27 \scriptsize $\pm$ 0.87,68.86 \scriptsize $\pm$ 0.26,71.42 \scriptsize $\pm$ 0.30,77.89 \scriptsize $\pm$ 0.29,87.31 \scriptsize $\pm$ 0.34,68.41 \scriptsize $\pm$ 3.80,65.70 \scriptsize $\pm$ 0.18,74.60 \scriptsize $\pm$ 1.39,2.76 \scriptsize $\pm$ 0.53,2.87 \scriptsize $\pm$ 0.54,2.04 \scriptsize $\pm$ 0.51,3.23 \scriptsize $\pm$ 0.78,1.19 \scriptsize $\pm$ 0.06,2.22 \scriptsize $\pm$ 1.04,1.70 \scriptsize $\pm$ 0.66,1.14 \scriptsize $\pm$ 0.48,1.45 \scriptsize $\pm$ 0.47,1.98 \scriptsize $\pm$ 0.51,0.86 \scriptsize $\pm$ 0.29,1.41 \scriptsize $\pm$ 0.21,1.21 \scriptsize $\pm$ 0.61,0.39 \scriptsize $\pm$ 0.07,0.44 \scriptsize $\pm$ 0.10,2.25 \scriptsize $\pm$ 0.54,1.09 \scriptsize $\pm$ 0.43,1.05 \scriptsize $\pm$ 0.32,1.67 \scriptsize $\pm$ 0.54,0.62 \scriptsize $\pm$ 0.35,52.42 \scriptsize $\pm$ 0.22,afri_only,xtreme_r.udpos,"[42, 66, 17, 23]","[52.38344404135029, 52.24694187021662, 52.74284029062559, 52.31317741597305]",0.38612039012757726,0.2830773599698114,-1.0
89.33 \scriptsize $\pm$ 0.22,76.46 \scriptsize $\pm$ 0.53,89.90 \scriptsize $\pm$ 0.33,89.09 \scriptsize $\pm$ 0.18,88.83 \scriptsize $\pm$ 0.55,89.33 \scriptsize $\pm$ 0.36,88.58 \scriptsize $\pm$ 0.53,76.93 \scriptsize $\pm$ 0.54,76.10 \scriptsize $\pm$ 0.43,87.39 \scriptsize $\pm$ 0.52,87.23 \scriptsize $\pm$ 0.36,84.46 \scriptsize $\pm$ 0.72,72.07 \scriptsize $\pm$ 1.37,85.47 \scriptsize $\pm$ 0.59,86.56 \scriptsize $\pm$ 0.03,90.78 \scriptsize $\pm$ 0.29,53.58 \scriptsize $\pm$ 0.40,82.56 \scriptsize $\pm$ 0.08,64.91 \scriptsize $\pm$ 0.16,86.94 \scriptsize $\pm$ 0.25,84.85 \scriptsize $\pm$ 1.41,90.44 \scriptsize $\pm$ 0.14,85.96 \scriptsize $\pm$ 0.59,90.80 \scriptsize $\pm$ 0.17,86.09 \scriptsize $\pm$ 0.27,90.68 \scriptsize $\pm$ 0.09,78.14 \scriptsize $\pm$ 0.25,86.89 \scriptsize $\pm$ 0.29,68.53 \scriptsize $\pm$ 0.16,71.18 \scriptsize $\pm$ 0.36,78.52 \scriptsize $\pm$ 0.11,87.57 \scriptsize $\pm$ 0.28,66.53 \scriptsize $\pm$ 0.68,65.21 \scriptsize $\pm$ 0.12,74.88 \scriptsize $\pm$ 1.40,4.16 \scriptsize $\pm$ 0.74,4.09 \scriptsize $\pm$ 0.25,2.70 \scriptsize $\pm$ 1.20,4.66 \scriptsize $\pm$ 1.50,1.28 \scriptsize $\pm$ 0.19,2.83 \scriptsize $\pm$ 1.83,2.67 \scriptsize $\pm$ 1.05,3.29 \scriptsize $\pm$ 0.80,2.83 \scriptsize $\pm$ 0.98,3.43 \scriptsize $\pm$ 1.65,3.11 \scriptsize $\pm$ 1.12,1.15 \scriptsize $\pm$ 0.09,3.15 \scriptsize $\pm$ 0.63,0.38 \scriptsize $\pm$ 0.03,1.24 \scriptsize $\pm$ 0.43,4.07 \scriptsize $\pm$ 2.20,3.07 \scriptsize $\pm$ 0.81,1.75 \scriptsize $\pm$ 0.34,3.48 \scriptsize $\pm$ 1.59,1.31 \scriptsize $\pm$ 0.58,52.86 \scriptsize $\pm$ 0.28,least_family_en_10,xtreme_r.udpos,"[42, 66, 17, 23]","[52.74256266054864, 52.89241695770691, 53.233293216720675, 52.580201622942674]",0.12344845417684064,0.39542520146423504,0.01274511675155841
89.27 \scriptsize $\pm$ 0.14,75.89 \scriptsize $\pm$ 0.96,89.81 \scriptsize $\pm$ 0.19,89.00 \scriptsize $\pm$ 0.18,89.12 \scriptsize $\pm$ 0.26,89.16 \scriptsize $\pm$ 0.26,88.78 \scriptsize $\pm$ 0.33,77.46 \scriptsize $\pm$ 0.57,75.81 \scriptsize $\pm$ 0.44,87.32 \scriptsize $\pm$ 0.59,87.03 \scriptsize $\pm$ 0.08,84.26 \scriptsize $\pm$ 0.34,72.02 \scriptsize $\pm$ 0.63,85.27 \scriptsize $\pm$ 0.42,86.60 \scriptsize $\pm$ 0.14,91.01 \scriptsize $\pm$ 0.20,54.41 \scriptsize $\pm$ 1.25,82.50 \scriptsize $\pm$ 0.31,64.83 \scriptsize $\pm$ 0.25,87.01 \scriptsize $\pm$ 0.25,84.34 \scriptsize $\pm$ 0.97,90.43 \scriptsize $\pm$ 0.16,85.36 \scriptsize $\pm$ 0.48,90.67 \scriptsize $\pm$ 0.15,86.04 \scriptsize $\pm$ 0.29,90.63 \scriptsize $\pm$ 0.22,78.48 \scriptsize $\pm$ 0.61,87.24 \scriptsize $\pm$ 0.63,68.52 \scriptsize $\pm$ 0.22,71.61 \scriptsize $\pm$ 0.49,78.75 \scriptsize $\pm$ 0.30,87.47 \scriptsize $\pm$ 0.24,67.35 \scriptsize $\pm$ 0.82,65.46 \scriptsize $\pm$ 0.21,73.98 \scriptsize $\pm$ 0.57,4.61 \scriptsize $\pm$ 0.72,5.31 \scriptsize $\pm$ 0.45,2.38 \scriptsize $\pm$ 0.32,4.02 \scriptsize $\pm$ 0.61,1.26 \scriptsize $\pm$ 0.13,2.90 \scriptsize $\pm$ 1.35,3.16 \scriptsize $\pm$ 0.54,2.86 \scriptsize $\pm$ 0.84,2.27 \scriptsize $\pm$ 0.89,3.57 \scriptsize $\pm$ 0.35,3.15 \scriptsize $\pm$ 1.02,1.35 \scriptsize $\pm$ 0.15,2.62 \scriptsize $\pm$ 0.92,0.41 \scriptsize $\pm$ 0.03,1.34 \scriptsize $\pm$ 0.74,4.55 \scriptsize $\pm$ 0.31,3.33 \scriptsize $\pm$ 0.52,1.56 \scriptsize $\pm$ 0.24,5.00 \scriptsize $\pm$ 1.52,1.00 \scriptsize $\pm$ 0.26,52.90 \scriptsize $\pm$ 0.19,least_family_en_20,xtreme_r.udpos,"[42, 66, 17, 23]","[52.619749197851576, 52.99453226006931, 52.9852862337282, 53.004001988986595]",0.06127261256017014,0.27319053840354895,0.04099584290283703
89.43 \scriptsize $\pm$ 0.25,75.99 \scriptsize $\pm$ 0.56,89.74 \scriptsize $\pm$ 0.13,89.05 \scriptsize $\pm$ 0.13,88.87 \scriptsize $\pm$ 0.41,89.20 \scriptsize $\pm$ 0.09,88.30 \scriptsize $\pm$ 0.38,76.25 \scriptsize $\pm$ 0.83,75.76 \scriptsize $\pm$ 0.54,87.11 \scriptsize $\pm$ 0.24,86.92 \scriptsize $\pm$ 0.46,84.19 \scriptsize $\pm$ 0.46,70.24 \scriptsize $\pm$ 1.57,85.44 \scriptsize $\pm$ 0.24,86.39 \scriptsize $\pm$ 0.22,90.76 \scriptsize $\pm$ 0.25,52.40 \scriptsize $\pm$ 1.09,81.85 \scriptsize $\pm$ 0.43,64.92 \scriptsize $\pm$ 0.37,86.91 \scriptsize $\pm$ 0.17,83.90 \scriptsize $\pm$ 0.88,90.33 \scriptsize $\pm$ 0.12,85.48 \scriptsize $\pm$ 0.28,90.68 \scriptsize $\pm$ 0.18,85.47 \scriptsize $\pm$ 0.17,90.75 \scriptsize $\pm$ 0.16,77.93 \scriptsize $\pm$ 0.64,87.07 \scriptsize $\pm$ 0.21,68.66 \scriptsize $\pm$ 0.17,71.08 \scriptsize $\pm$ 0.39,78.15 \scriptsize $\pm$ 0.24,87.57 \scriptsize $\pm$ 0.38,65.43 \scriptsize $\pm$ 1.16,65.10 \scriptsize $\pm$ 0.24,74.45 \scriptsize $\pm$ 1.05,4.93 \scriptsize $\pm$ 0.42,8.92 \scriptsize $\pm$ 3.51,3.64 \scriptsize $\pm$ 0.97,12.78 \scriptsize $\pm$ 2.10,1.33 \scriptsize $\pm$ 0.07,4.02 \scriptsize $\pm$ 1.45,7.71 \scriptsize $\pm$ 6.26,5.33 \scriptsize $\pm$ 3.55,3.58 \scriptsize $\pm$ 1.89,3.84 \scriptsize $\pm$ 0.99,6.31 \scriptsize $\pm$ 4.99,1.14 \scriptsize $\pm$ 0.06,4.77 \scriptsize $\pm$ 3.51,0.43 \scriptsize $\pm$ 0.04,2.24 \scriptsize $\pm$ 1.85,10.58 \scriptsize $\pm$ 3.91,5.20 \scriptsize $\pm$ 2.92,2.36 \scriptsize $\pm$ 0.97,4.65 \scriptsize $\pm$ 1.39,1.75 \scriptsize $\pm$ 0.66,53.40 \scriptsize $\pm$ 0.81,least_family_en_5,xtreme_r.udpos,"[42, 66, 17, 23]","[54.61364776014785, 53.0641029355571, 52.969255656382735, 52.9720984532239]",0.10287771990117292,0.18000455069209406,0.10839579958856457
89.11 \scriptsize $\pm$ 0.21,76.40 \scriptsize $\pm$ 1.21,89.90 \scriptsize $\pm$ 0.15,89.05 \scriptsize $\pm$ 0.17,89.39 \scriptsize $\pm$ 0.24,89.28 \scriptsize $\pm$ 0.35,89.15 \scriptsize $\pm$ 0.43,76.83 \scriptsize $\pm$ 0.69,75.92 \scriptsize $\pm$ 0.31,87.62 \scriptsize $\pm$ 0.29,87.38 \scriptsize $\pm$ 0.38,84.30 \scriptsize $\pm$ 0.45,71.38 \scriptsize $\pm$ 0.94,85.59 \scriptsize $\pm$ 0.54,86.32 \scriptsize $\pm$ 0.19,91.01 \scriptsize $\pm$ 0.33,53.25 \scriptsize $\pm$ 0.43,82.64 \scriptsize $\pm$ 0.32,64.87 \scriptsize $\pm$ 0.27,87.25 \scriptsize $\pm$ 0.06,84.93 \scriptsize $\pm$ 1.11,90.41 \scriptsize $\pm$ 0.06,85.71 \scriptsize $\pm$ 0.37,90.79 \scriptsize $\pm$ 0.21,86.02 \scriptsize $\pm$ 0.40,90.77 \scriptsize $\pm$ 0.21,78.12 \scriptsize $\pm$ 0.49,87.00 \scriptsize $\pm$ 0.31,68.59 \scriptsize $\pm$ 0.20,71.29 \scriptsize $\pm$ 0.42,78.64 \scriptsize $\pm$ 0.25,87.52 \scriptsize $\pm$ 0.37,66.60 \scriptsize $\pm$ 0.26,65.32 \scriptsize $\pm$ 0.31,74.85 \scriptsize $\pm$ 1.43,4.65 \scriptsize $\pm$ 1.15,13.34 \scriptsize $\pm$ 3.16,4.63 \scriptsize $\pm$ 1.74,14.55 \scriptsize $\pm$ 4.24,1.33 \scriptsize $\pm$ 0.05,7.28 \scriptsize $\pm$ 4.23,6.99 \scriptsize $\pm$ 3.47,5.05 \scriptsize $\pm$ 2.02,4.58 \scriptsize $\pm$ 1.44,7.26 \scriptsize $\pm$ 3.17,8.25 \scriptsize $\pm$ 4.31,1.23 \scriptsize $\pm$ 0.19,4.53 \scriptsize $\pm$ 1.96,0.39 \scriptsize $\pm$ 0.05,3.55 \scriptsize $\pm$ 2.41,13.46 \scriptsize $\pm$ 5.24,7.18 \scriptsize $\pm$ 4.43,2.10 \scriptsize $\pm$ 0.26,9.31 \scriptsize $\pm$ 5.07,1.46 \scriptsize $\pm$ 0.19,54.08 \scriptsize $\pm$ 0.79,least_same_script_10,xtreme_r.udpos,"[42, 66, 17, 23]","[54.76956124526384, 54.74616609660032, 53.48513680664564, 53.310585305130175]",0.030152636654893972,0.018616074117050414,0.03625994108999866
89.24 \scriptsize $\pm$ 0.21,77.65 \scriptsize $\pm$ 0.56,89.88 \scriptsize $\pm$ 0.29,88.48 \scriptsize $\pm$ 0.37,89.10 \scriptsize $\pm$ 0.41,89.26 \scriptsize $\pm$ 0.15,88.73 \scriptsize $\pm$ 0.21,78.11 \scriptsize $\pm$ 1.19,75.87 \scriptsize $\pm$ 0.58,87.35 \scriptsize $\pm$ 0.26,87.23 \scriptsize $\pm$ 0.08,84.36 \scriptsize $\pm$ 0.59,72.40 \scriptsize $\pm$ 1.43,85.55 \scriptsize $\pm$ 0.37,86.17 \scriptsize $\pm$ 0.22,90.71 \scriptsize $\pm$ 0.26,54.78 \scriptsize $\pm$ 1.87,82.98 \scriptsize $\pm$ 0.37,64.94 \scriptsize $\pm$ 0.50,87.09 \scriptsize $\pm$ 0.14,85.22 \scriptsize $\pm$ 0.61,90.28 \scriptsize $\pm$ 0.21,85.95 \scriptsize $\pm$ 0.17,90.87 \scriptsize $\pm$ 0.06,85.56 \scriptsize $\pm$ 0.23,90.61 \scriptsize $\pm$ 0.32,78.04 \scriptsize $\pm$ 0.51,86.51 \scriptsize $\pm$ 0.46,68.03 \scriptsize $\pm$ 0.82,71.85 \scriptsize $\pm$ 0.74,78.63 \scriptsize $\pm$ 0.27,87.37 \scriptsize $\pm$ 0.65,67.49 \scriptsize $\pm$ 0.84,65.05 \scriptsize $\pm$ 0.37,73.67 \scriptsize $\pm$ 0.75,2.16 \scriptsize $\pm$ 0.45,2.62 \scriptsize $\pm$ 0.42,2.64 \scriptsize $\pm$ 1.39,3.07 \scriptsize $\pm$ 0.71,1.23 \scriptsize $\pm$ 0.16,1.55 \scriptsize $\pm$ 0.36,1.57 \scriptsize $\pm$ 0.51,1.31 \scriptsize $\pm$ 0.19,1.99 \scriptsize $\pm$ 0.14,1.67 \scriptsize $\pm$ 0.70,1.79 \scriptsize $\pm$ 0.53,1.18 \scriptsize $\pm$ 0.29,1.76 \scriptsize $\pm$ 0.46,0.41 \scriptsize $\pm$ 0.08,0.54 \scriptsize $\pm$ 0.08,2.47 \scriptsize $\pm$ 0.38,2.41 \scriptsize $\pm$ 0.19,1.11 \scriptsize $\pm$ 0.25,1.28 \scriptsize $\pm$ 0.11,0.67 \scriptsize $\pm$ 0.31,52.52 \scriptsize $\pm$ 0.06,least_same_script_20,xtreme_r.udpos,"[42, 66, 17, 23]","[52.46338419923522, 52.55626569796179, 52.460302572878106, 52.587805044741046]",0.8147865126675903,0.2732192642730098,0.5329232107583399
88.86 \scriptsize $\pm$ 0.30,76.38 \scriptsize $\pm$ 1.01,89.65 \scriptsize $\pm$ 0.25,89.02 \scriptsize $\pm$ 0.35,88.78 \scriptsize $\pm$ 0.31,89.08 \scriptsize $\pm$ 0.35,88.29 \scriptsize $\pm$ 0.45,76.25 \scriptsize $\pm$ 0.79,75.87 \scriptsize $\pm$ 0.72,87.18 \scriptsize $\pm$ 0.31,87.33 \scriptsize $\pm$ 0.62,84.01 \scriptsize $\pm$ 0.71,70.81 \scriptsize $\pm$ 0.36,85.59 \scriptsize $\pm$ 0.34,86.49 \scriptsize $\pm$ 0.22,90.66 \scriptsize $\pm$ 0.34,53.45 \scriptsize $\pm$ 1.26,82.26 \scriptsize $\pm$ 0.46,64.87 \scriptsize $\pm$ 0.32,87.04 \scriptsize $\pm$ 0.17,84.63 \scriptsize $\pm$ 1.00,90.40 \scriptsize $\pm$ 0.16,85.64 \scriptsize $\pm$ 0.17,90.68 \scriptsize $\pm$ 0.34,85.76 \scriptsize $\pm$ 0.31,90.56 \scriptsize $\pm$ 0.09,77.95 \scriptsize $\pm$ 0.90,86.65 \scriptsize $\pm$ 0.35,68.23 \scriptsize $\pm$ 0.45,70.29 \scriptsize $\pm$ 0.48,78.27 \scriptsize $\pm$ 0.36,87.49 \scriptsize $\pm$ 0.56,66.06 \scriptsize $\pm$ 0.87,65.15 \scriptsize $\pm$ 0.30,75.29 \scriptsize $\pm$ 1.46,4.91 \scriptsize $\pm$ 0.84,10.86 \scriptsize $\pm$ 3.26,4.74 \scriptsize $\pm$ 1.35,14.12 \scriptsize $\pm$ 3.54,1.39 \scriptsize $\pm$ 0.16,7.07 \scriptsize $\pm$ 5.66,9.52 \scriptsize $\pm$ 6.65,6.41 \scriptsize $\pm$ 3.78,6.01 \scriptsize $\pm$ 3.72,6.31 \scriptsize $\pm$ 3.02,8.63 \scriptsize $\pm$ 5.75,1.37 \scriptsize $\pm$ 0.17,5.98 \scriptsize $\pm$ 4.73,0.40 \scriptsize $\pm$ 0.08,4.36 \scriptsize $\pm$ 3.77,12.77 \scriptsize $\pm$ 4.06,7.47 \scriptsize $\pm$ 4.51,2.59 \scriptsize $\pm$ 0.93,7.14 \scriptsize $\pm$ 3.72,1.75 \scriptsize $\pm$ 0.60,53.98 \scriptsize $\pm$ 1.12,least_same_script_5,xtreme_r.udpos,"[42, 66, 17, 23]","[55.57768546047038, 53.15830954685043, 53.236958219825986, 53.93533853938302]",0.07160013022493533,0.1196942101014828,0.07903763188745848
88.88 \scriptsize $\pm$ 0.07,76.20 \scriptsize $\pm$ 0.70,90.11 \scriptsize $\pm$ 0.35,89.10 \scriptsize $\pm$ 0.17,88.93 \scriptsize $\pm$ 0.44,89.37 \scriptsize $\pm$ 0.33,88.62 \scriptsize $\pm$ 0.15,76.18 \scriptsize $\pm$ 0.38,75.85 \scriptsize $\pm$ 0.19,87.41 \scriptsize $\pm$ 0.24,87.30 \scriptsize $\pm$ 0.29,83.34 \scriptsize $\pm$ 1.37,71.92 \scriptsize $\pm$ 1.15,85.53 \scriptsize $\pm$ 0.23,86.51 \scriptsize $\pm$ 0.14,90.75 \scriptsize $\pm$ 0.25,53.25 \scriptsize $\pm$ 0.55,82.25 \scriptsize $\pm$ 0.24,64.74 \scriptsize $\pm$ 0.17,86.96 \scriptsize $\pm$ 0.07,84.71 \scriptsize $\pm$ 0.96,90.41 \scriptsize $\pm$ 0.10,85.76 \scriptsize $\pm$ 0.45,90.74 \scriptsize $\pm$ 0.33,86.01 \scriptsize $\pm$ 0.35,90.59 \scriptsize $\pm$ 0.13,77.69 \scriptsize $\pm$ 0.53,86.86 \scriptsize $\pm$ 0.66,68.26 \scriptsize $\pm$ 0.29,70.73 \scriptsize $\pm$ 0.29,78.41 \scriptsize $\pm$ 0.20,87.57 \scriptsize $\pm$ 0.31,66.53 \scriptsize $\pm$ 0.76,65.35 \scriptsize $\pm$ 0.21,74.40 \scriptsize $\pm$ 1.09,4.08 \scriptsize $\pm$ 1.88,3.55 \scriptsize $\pm$ 1.54,2.37 \scriptsize $\pm$ 1.25,6.39 \scriptsize $\pm$ 3.64,1.31 \scriptsize $\pm$ 0.05,2.34 \scriptsize $\pm$ 1.25,3.30 \scriptsize $\pm$ 1.30,3.20 \scriptsize $\pm$ 1.59,2.54 \scriptsize $\pm$ 0.85,3.52 \scriptsize $\pm$ 1.16,3.06 \scriptsize $\pm$ 1.45,1.14 \scriptsize $\pm$ 0.14,2.95 \scriptsize $\pm$ 1.56,0.41 \scriptsize $\pm$ 0.01,1.29 \scriptsize $\pm$ 0.64,5.30 \scriptsize $\pm$ 1.80,2.98 \scriptsize $\pm$ 1.03,1.96 \scriptsize $\pm$ 0.48,2.65 \scriptsize $\pm$ 0.79,1.30 \scriptsize $\pm$ 0.39,52.78 \scriptsize $\pm$ 0.40,least_uriel_en_10,xtreme_r.udpos,"[42, 66, 17, 23]","[52.74301403457001, 52.433389736058366, 53.347706790033975, 52.59078382095711]",0.29282206794577503,0.7689150729109115,0.028462384883451795
89.05 \scriptsize $\pm$ 0.10,76.42 \scriptsize $\pm$ 0.21,89.90 \scriptsize $\pm$ 0.14,89.14 \scriptsize $\pm$ 0.27,89.13 \scriptsize $\pm$ 0.36,89.37 \scriptsize $\pm$ 0.15,88.82 \scriptsize $\pm$ 0.38,77.53 \scriptsize $\pm$ 0.93,75.66 \scriptsize $\pm$ 0.09,87.33 \scriptsize $\pm$ 0.38,87.20 \scriptsize $\pm$ 0.10,84.12 \scriptsize $\pm$ 0.76,72.37 \scriptsize $\pm$ 1.38,85.39 \scriptsize $\pm$ 0.55,86.23 \scriptsize $\pm$ 0.12,90.95 \scriptsize $\pm$ 0.27,54.58 \scriptsize $\pm$ 1.04,82.42 \scriptsize $\pm$ 0.28,64.97 \scriptsize $\pm$ 0.26,87.07 \scriptsize $\pm$ 0.17,83.16 \scriptsize $\pm$ 0.44,90.32 \scriptsize $\pm$ 0.03,85.86 \scriptsize $\pm$ 0.64,90.75 \scriptsize $\pm$ 0.22,86.14 \scriptsize $\pm$ 0.32,90.67 \scriptsize $\pm$ 0.14,78.36 \scriptsize $\pm$ 0.69,87.07 \scriptsize $\pm$ 0.36,68.62 \scriptsize $\pm$ 0.13,71.98 \scriptsize $\pm$ 0.69,78.75 \scriptsize $\pm$ 0.10,87.53 \scriptsize $\pm$ 0.23,67.21 \scriptsize $\pm$ 0.54,65.20 \scriptsize $\pm$ 0.32,73.92 \scriptsize $\pm$ 1.21,3.72 \scriptsize $\pm$ 0.60,5.76 \scriptsize $\pm$ 0.99,2.76 \scriptsize $\pm$ 0.33,5.71 \scriptsize $\pm$ 1.47,1.26 \scriptsize $\pm$ 0.08,3.54 \scriptsize $\pm$ 1.06,3.14 \scriptsize $\pm$ 0.87,3.23 \scriptsize $\pm$ 0.78,2.53 \scriptsize $\pm$ 0.45,3.59 \scriptsize $\pm$ 0.56,3.83 \scriptsize $\pm$ 0.75,1.20 \scriptsize $\pm$ 0.12,2.83 \scriptsize $\pm$ 0.30,0.39 \scriptsize $\pm$ 0.02,1.37 \scriptsize $\pm$ 0.93,5.35 \scriptsize $\pm$ 1.95,3.35 \scriptsize $\pm$ 0.67,1.48 \scriptsize $\pm$ 0.14,5.24 \scriptsize $\pm$ 1.01,0.96 \scriptsize $\pm$ 0.13,52.99 \scriptsize $\pm$ 0.21,least_uriel_en_20,xtreme_r.udpos,"[42, 66, 17, 23]","[52.77698012464088, 53.24241947665605, 52.85840816467705, 53.083189063843356]",0.04685812902817791,0.07957389352247642,0.062068096363734296
89.05 \scriptsize $\pm$ 0.07,75.75 \scriptsize $\pm$ 0.50,89.39 \scriptsize $\pm$ 0.37,88.37 \scriptsize $\pm$ 0.44,88.73 \scriptsize $\pm$ 0.36,89.26 \scriptsize $\pm$ 0.27,88.67 \scriptsize $\pm$ 0.50,78.09 \scriptsize $\pm$ 0.82,74.81 \scriptsize $\pm$ 0.37,87.19 \scriptsize $\pm$ 0.64,86.98 \scriptsize $\pm$ 0.19,83.55 \scriptsize $\pm$ 0.66,72.48 \scriptsize $\pm$ 0.94,85.15 \scriptsize $\pm$ 0.70,86.49 \scriptsize $\pm$ 0.25,90.68 \scriptsize $\pm$ 0.31,55.02 \scriptsize $\pm$ 2.90,83.02 \scriptsize $\pm$ 0.36,64.52 \scriptsize $\pm$ 0.47,86.63 \scriptsize $\pm$ 0.19,84.34 \scriptsize $\pm$ 1.16,90.30 \scriptsize $\pm$ 0.14,85.01 \scriptsize $\pm$ 0.39,90.81 \scriptsize $\pm$ 0.27,85.55 \scriptsize $\pm$ 0.31,90.26 \scriptsize $\pm$ 0.30,78.10 \scriptsize $\pm$ 0.59,87.03 \scriptsize $\pm$ 1.18,68.29 \scriptsize $\pm$ 0.45,72.68 \scriptsize $\pm$ 0.76,78.97 \scriptsize $\pm$ 0.15,86.61 \scriptsize $\pm$ 0.43,68.17 \scriptsize $\pm$ 1.96,65.45 \scriptsize $\pm$ 0.29,74.24 \scriptsize $\pm$ 1.45,2.98 \scriptsize $\pm$ 0.45,3.93 \scriptsize $\pm$ 0.47,2.04 \scriptsize $\pm$ 1.12,2.86 \scriptsize $\pm$ 0.92,1.17 \scriptsize $\pm$ 0.16,1.54 \scriptsize $\pm$ 0.79,1.64 \scriptsize $\pm$ 0.40,2.47 \scriptsize $\pm$ 0.35,1.02 \scriptsize $\pm$ 0.42,2.35 \scriptsize $\pm$ 0.50,1.69 \scriptsize $\pm$ 0.49,0.95 \scriptsize $\pm$ 0.22,2.11 \scriptsize $\pm$ 0.56,0.40 \scriptsize $\pm$ 0.06,0.47 \scriptsize $\pm$ 0.05,2.83 \scriptsize $\pm$ 0.43,1.18 \scriptsize $\pm$ 0.53,1.66 \scriptsize $\pm$ 0.32,1.48 \scriptsize $\pm$ 0.74,0.58 \scriptsize $\pm$ 0.20,52.45 \scriptsize $\pm$ 0.15,least_uriel_en_40,xtreme_r.udpos,"[42, 66, 17, 23]","[52.37870881558842, 52.342772091605376, 52.41694081032187, 52.67901653931304]",0.3934172812343198,0.30739022619948014,0.8333930604007075
88.67 \scriptsize $\pm$ 0.05,76.27 \scriptsize $\pm$ 0.25,89.80 \scriptsize $\pm$ 0.13,88.59 \scriptsize $\pm$ 0.24,88.61 \scriptsize $\pm$ 0.85,89.32 \scriptsize $\pm$ 0.18,88.26 \scriptsize $\pm$ 0.40,76.40 \scriptsize $\pm$ 0.82,75.94 \scriptsize $\pm$ 0.34,86.91 \scriptsize $\pm$ 0.34,87.20 \scriptsize $\pm$ 0.06,84.17 \scriptsize $\pm$ 0.99,71.44 \scriptsize $\pm$ 0.70,85.64 \scriptsize $\pm$ 0.85,86.47 \scriptsize $\pm$ 0.25,90.77 \scriptsize $\pm$ 0.10,53.25 \scriptsize $\pm$ 0.41,82.19 \scriptsize $\pm$ 0.16,64.78 \scriptsize $\pm$ 0.24,86.93 \scriptsize $\pm$ 0.10,84.93 \scriptsize $\pm$ 0.77,90.19 \scriptsize $\pm$ 0.20,85.53 \scriptsize $\pm$ 0.42,90.64 \scriptsize $\pm$ 0.12,85.99 \scriptsize $\pm$ 0.17,90.53 \scriptsize $\pm$ 0.26,77.53 \scriptsize $\pm$ 0.22,86.79 \scriptsize $\pm$ 0.21,68.40 \scriptsize $\pm$ 0.26,70.64 \scriptsize $\pm$ 0.46,78.26 \scriptsize $\pm$ 0.17,87.49 \scriptsize $\pm$ 0.28,66.52 \scriptsize $\pm$ 1.01,65.42 \scriptsize $\pm$ 0.66,74.57 \scriptsize $\pm$ 1.65,3.41 \scriptsize $\pm$ 0.88,5.24 \scriptsize $\pm$ 1.60,3.08 \scriptsize $\pm$ 0.23,8.00 \scriptsize $\pm$ 1.99,1.29 \scriptsize $\pm$ 0.07,2.86 \scriptsize $\pm$ 0.87,4.29 \scriptsize $\pm$ 1.12,4.38 \scriptsize $\pm$ 1.48,3.78 \scriptsize $\pm$ 1.02,3.68 \scriptsize $\pm$ 0.67,5.23 \scriptsize $\pm$ 1.80,1.26 \scriptsize $\pm$ 0.10,3.54 \scriptsize $\pm$ 1.24,0.42 \scriptsize $\pm$ 0.06,1.70 \scriptsize $\pm$ 0.10,5.12 \scriptsize $\pm$ 0.91,3.81 \scriptsize $\pm$ 0.37,1.97 \scriptsize $\pm$ 0.40,3.56 \scriptsize $\pm$ 0.59,1.51 \scriptsize $\pm$ 0.22,52.97 \scriptsize $\pm$ 0.23,least_uriel_en_5,xtreme_r.udpos,"[42, 66, 17, 23]","[53.1146464909433, 52.64407384006883, 52.972806958384574, 53.13679910230997]",0.013034631842499747,0.3132870351546192,0.02969878130214094
89.15 \scriptsize $\pm$ 0.25,76.68 \scriptsize $\pm$ 1.16,89.99 \scriptsize $\pm$ 0.35,88.49 \scriptsize $\pm$ 0.38,88.67 \scriptsize $\pm$ 0.72,89.50 \scriptsize $\pm$ 0.29,88.35 \scriptsize $\pm$ 0.18,77.85 \scriptsize $\pm$ 0.88,75.54 \scriptsize $\pm$ 0.96,87.15 \scriptsize $\pm$ 0.38,86.66 \scriptsize $\pm$ 0.31,84.31 \scriptsize $\pm$ 0.66,72.66 \scriptsize $\pm$ 0.93,85.33 \scriptsize $\pm$ 0.63,86.31 \scriptsize $\pm$ 0.08,90.70 \scriptsize $\pm$ 0.26,55.16 \scriptsize $\pm$ 0.93,83.56 \scriptsize $\pm$ 0.40,64.72 \scriptsize $\pm$ 0.34,86.85 \scriptsize $\pm$ 0.18,85.59 \scriptsize $\pm$ 0.93,90.29 \scriptsize $\pm$ 0.12,85.37 \scriptsize $\pm$ 0.37,90.68 \scriptsize $\pm$ 0.21,85.53 \scriptsize $\pm$ 0.31,90.70 \scriptsize $\pm$ 0.24,78.17 \scriptsize $\pm$ 0.32,87.93 \scriptsize $\pm$ 0.16,68.32 \scriptsize $\pm$ 0.17,70.67 \scriptsize $\pm$ 0.54,78.87 \scriptsize $\pm$ 0.28,87.61 \scriptsize $\pm$ 0.51,67.92 \scriptsize $\pm$ 0.84,65.47 \scriptsize $\pm$ 0.13,74.04 \scriptsize $\pm$ 0.54,4.12 \scriptsize $\pm$ 0.25,4.32 \scriptsize $\pm$ 1.15,3.08 \scriptsize $\pm$ 0.70,4.84 \scriptsize $\pm$ 1.73,1.33 \scriptsize $\pm$ 0.09,2.05 \scriptsize $\pm$ 0.44,6.09 \scriptsize $\pm$ 2.74,4.94 \scriptsize $\pm$ 2.04,5.20 \scriptsize $\pm$ 2.44,2.85 \scriptsize $\pm$ 0.81,7.46 \scriptsize $\pm$ 3.59,1.26 \scriptsize $\pm$ 0.10,4.83 \scriptsize $\pm$ 2.72,0.37 \scriptsize $\pm$ 0.02,2.38 \scriptsize $\pm$ 0.80,4.37 \scriptsize $\pm$ 0.86,3.76 \scriptsize $\pm$ 0.89,1.75 \scriptsize $\pm$ 0.44,4.69 \scriptsize $\pm$ 1.79,1.27 \scriptsize $\pm$ 0.20,53.20 \scriptsize $\pm$ 0.28,most_distinct_script_10,xtreme_r.udpos,"[42, 66, 17, 23]","[53.51407111084578, 53.14377898362313, 53.275571694774, 52.85139447215899]",0.013077097020830708,0.05113679088281805,0.013092520133457707
88.92 \scriptsize $\pm$ 0.36,76.31 \scriptsize $\pm$ 1.46,89.58 \scriptsize $\pm$ 0.43,88.58 \scriptsize $\pm$ 0.32,88.52 \scriptsize $\pm$ 0.83,89.32 \scriptsize $\pm$ 0.23,88.12 \scriptsize $\pm$ 0.46,76.92 \scriptsize $\pm$ 0.75,75.01 \scriptsize $\pm$ 1.18,86.96 \scriptsize $\pm$ 0.35,86.63 \scriptsize $\pm$ 0.21,83.87 \scriptsize $\pm$ 0.74,73.01 \scriptsize $\pm$ 1.26,85.03 \scriptsize $\pm$ 0.96,86.38 \scriptsize $\pm$ 0.32,90.66 \scriptsize $\pm$ 0.35,56.06 \scriptsize $\pm$ 1.68,83.55 \scriptsize $\pm$ 0.42,64.61 \scriptsize $\pm$ 0.36,86.92 \scriptsize $\pm$ 0.20,84.93 \scriptsize $\pm$ 0.97,90.32 \scriptsize $\pm$ 0.20,85.53 \scriptsize $\pm$ 0.86,90.86 \scriptsize $\pm$ 0.45,85.43 \scriptsize $\pm$ 0.95,90.63 \scriptsize $\pm$ 0.53,77.82 \scriptsize $\pm$ 0.34,87.38 \scriptsize $\pm$ 0.49,67.95 \scriptsize $\pm$ 0.40,70.75 \scriptsize $\pm$ 0.63,78.99 \scriptsize $\pm$ 0.16,87.30 \scriptsize $\pm$ 0.97,68.35 \scriptsize $\pm$ 1.07,65.33 \scriptsize $\pm$ 0.51,73.73 \scriptsize $\pm$ 1.20,4.01 \scriptsize $\pm$ 0.16,3.63 \scriptsize $\pm$ 0.74,2.26 \scriptsize $\pm$ 0.68,4.18 \scriptsize $\pm$ 0.99,1.33 \scriptsize $\pm$ 0.07,1.81 \scriptsize $\pm$ 1.07,4.78 \scriptsize $\pm$ 4.33,3.19 \scriptsize $\pm$ 3.23,2.77 \scriptsize $\pm$ 2.90,2.84 \scriptsize $\pm$ 0.62,4.35 \scriptsize $\pm$ 4.32,1.34 \scriptsize $\pm$ 0.30,3.05 \scriptsize $\pm$ 3.31,0.45 \scriptsize $\pm$ 0.07,1.35 \scriptsize $\pm$ 1.10,4.15 \scriptsize $\pm$ 2.89,3.42 \scriptsize $\pm$ 1.21,1.43 \scriptsize $\pm$ 0.59,3.54 \scriptsize $\pm$ 0.53,0.87 \scriptsize $\pm$ 0.30,52.82 \scriptsize $\pm$ 0.55,most_distinct_script_18,xtreme_r.udpos,"[42, 66, 17, 23]","[53.56528207919565, 52.250303050166565, 52.67525819403946, 52.78352196767036]",0.31440817995712395,0.7269863701809816,0.2612673578173082
89.08 \scriptsize $\pm$ 0.31,77.74 \scriptsize $\pm$ 0.15,89.99 \scriptsize $\pm$ 0.07,88.58 \scriptsize $\pm$ 0.33,88.71 \scriptsize $\pm$ 0.62,89.35 \scriptsize $\pm$ 0.15,88.31 \scriptsize $\pm$ 0.60,78.08 \scriptsize $\pm$ 1.03,75.24 \scriptsize $\pm$ 0.33,87.17 \scriptsize $\pm$ 0.61,86.62 \scriptsize $\pm$ 0.20,84.75 \scriptsize $\pm$ 0.31,72.26 \scriptsize $\pm$ 1.72,85.26 \scriptsize $\pm$ 0.41,86.29 \scriptsize $\pm$ 0.17,90.63 \scriptsize $\pm$ 0.15,55.12 \scriptsize $\pm$ 1.86,83.95 \scriptsize $\pm$ 0.38,64.66 \scriptsize $\pm$ 0.37,86.90 \scriptsize $\pm$ 0.42,84.78 \scriptsize $\pm$ 1.67,90.25 \scriptsize $\pm$ 0.16,85.83 \scriptsize $\pm$ 0.26,90.67 \scriptsize $\pm$ 0.18,85.69 \scriptsize $\pm$ 0.27,90.67 \scriptsize $\pm$ 0.23,78.54 \scriptsize $\pm$ 0.59,87.66 \scriptsize $\pm$ 0.76,68.40 \scriptsize $\pm$ 0.04,70.79 \scriptsize $\pm$ 0.25,78.76 \scriptsize $\pm$ 0.28,87.74 \scriptsize $\pm$ 0.34,67.07 \scriptsize $\pm$ 0.72,65.35 \scriptsize $\pm$ 0.41,73.90 \scriptsize $\pm$ 0.84,4.45 \scriptsize $\pm$ 0.57,4.28 \scriptsize $\pm$ 1.20,2.35 \scriptsize $\pm$ 0.25,7.14 \scriptsize $\pm$ 3.52,1.32 \scriptsize $\pm$ 0.19,1.90 \scriptsize $\pm$ 0.90,4.44 \scriptsize $\pm$ 1.84,3.49 \scriptsize $\pm$ 1.43,4.02 \scriptsize $\pm$ 1.35,2.77 \scriptsize $\pm$ 0.96,4.95 \scriptsize $\pm$ 2.23,1.29 \scriptsize $\pm$ 0.12,3.16 \scriptsize $\pm$ 1.19,0.47 \scriptsize $\pm$ 0.03,1.63 \scriptsize $\pm$ 0.61,4.88 \scriptsize $\pm$ 0.87,3.20 \scriptsize $\pm$ 0.34,1.50 \scriptsize $\pm$ 0.29,4.20 \scriptsize $\pm$ 2.54,1.15 \scriptsize $\pm$ 0.31,53.04 \scriptsize $\pm$ 0.29,most_distinct_script_5,xtreme_r.udpos,"[42, 66, 17, 23]","[53.03023507487214, 52.953977371685895, 53.43905520763095, 52.75186971972272]",0.04103148807474003,0.1711975161472716,0.002162147559535276
89.11 \scriptsize $\pm$ 0.39,76.33 \scriptsize $\pm$ 1.06,89.75 \scriptsize $\pm$ 0.24,88.39 \scriptsize $\pm$ 0.13,88.84 \scriptsize $\pm$ 0.57,89.46 \scriptsize $\pm$ 0.31,88.11 \scriptsize $\pm$ 0.38,77.46 \scriptsize $\pm$ 0.51,74.52 \scriptsize $\pm$ 0.42,86.92 \scriptsize $\pm$ 0.34,86.76 \scriptsize $\pm$ 0.15,84.19 \scriptsize $\pm$ 0.51,72.58 \scriptsize $\pm$ 2.93,84.94 \scriptsize $\pm$ 0.35,86.18 \scriptsize $\pm$ 0.18,90.78 \scriptsize $\pm$ 0.16,54.67 \scriptsize $\pm$ 1.86,83.65 \scriptsize $\pm$ 0.58,64.49 \scriptsize $\pm$ 0.25,86.49 \scriptsize $\pm$ 0.43,85.66 \scriptsize $\pm$ 0.50,90.20 \scriptsize $\pm$ 0.09,85.53 \scriptsize $\pm$ 0.46,90.79 \scriptsize $\pm$ 0.28,85.24 \scriptsize $\pm$ 0.32,90.53 \scriptsize $\pm$ 0.44,78.17 \scriptsize $\pm$ 0.90,87.83 \scriptsize $\pm$ 0.41,67.52 \scriptsize $\pm$ 0.45,70.92 \scriptsize $\pm$ 0.28,78.74 \scriptsize $\pm$ 0.16,87.24 \scriptsize $\pm$ 0.46,67.63 \scriptsize $\pm$ 2.69,65.03 \scriptsize $\pm$ 0.58,73.23 \scriptsize $\pm$ 1.57,3.29 \scriptsize $\pm$ 0.66,3.56 \scriptsize $\pm$ 0.48,2.73 \scriptsize $\pm$ 0.57,3.38 \scriptsize $\pm$ 0.78,1.37 \scriptsize $\pm$ 0.10,2.09 \scriptsize $\pm$ 0.85,2.56 \scriptsize $\pm$ 0.66,4.35 \scriptsize $\pm$ 0.51,3.42 \scriptsize $\pm$ 1.72,2.58 \scriptsize $\pm$ 0.78,3.39 \scriptsize $\pm$ 0.87,1.09 \scriptsize $\pm$ 0.21,4.17 \scriptsize $\pm$ 1.11,0.43 \scriptsize $\pm$ 0.12,0.92 \scriptsize $\pm$ 0.26,3.93 \scriptsize $\pm$ 0.70,3.20 \scriptsize $\pm$ 0.74,1.92 \scriptsize $\pm$ 0.16,2.76 \scriptsize $\pm$ 0.91,0.96 \scriptsize $\pm$ 0.46,52.73 \scriptsize $\pm$ 0.25,most_family_en_10,xtreme_r.udpos,"[42, 66, 17, 23]","[52.47252420782644, 52.69693411989399, 52.6658307175109, 53.07120953645046]",0.2612069596518271,0.8640849375532181,0.20103081382135823
89.16 \scriptsize $\pm$ 0.17,77.15 \scriptsize $\pm$ 0.54,89.78 \scriptsize $\pm$ 0.27,88.36 \scriptsize $\pm$ 0.25,88.95 \scriptsize $\pm$ 0.40,89.38 \scriptsize $\pm$ 0.12,88.38 \scriptsize $\pm$ 0.28,78.06 \scriptsize $\pm$ 1.21,75.18 \scriptsize $\pm$ 0.19,87.27 \scriptsize $\pm$ 0.25,87.22 \scriptsize $\pm$ 0.12,84.57 \scriptsize $\pm$ 0.38,72.00 \scriptsize $\pm$ 1.90,85.39 \scriptsize $\pm$ 0.36,86.38 \scriptsize $\pm$ 0.23,90.86 \scriptsize $\pm$ 0.36,53.31 \scriptsize $\pm$ 1.77,83.79 \scriptsize $\pm$ 0.77,64.63 \scriptsize $\pm$ 0.43,87.01 \scriptsize $\pm$ 0.24,85.96 \scriptsize $\pm$ 0.44,90.25 \scriptsize $\pm$ 0.12,85.64 \scriptsize $\pm$ 0.42,90.92 \scriptsize $\pm$ 0.12,85.44 \scriptsize $\pm$ 0.14,90.61 \scriptsize $\pm$ 0.13,77.97 \scriptsize $\pm$ 0.89,87.69 \scriptsize $\pm$ 0.87,68.17 \scriptsize $\pm$ 0.52,71.93 \scriptsize $\pm$ 0.52,79.05 \scriptsize $\pm$ 0.26,87.43 \scriptsize $\pm$ 0.54,67.29 \scriptsize $\pm$ 1.26,65.07 \scriptsize $\pm$ 0.15,73.32 \scriptsize $\pm$ 0.58,2.38 \scriptsize $\pm$ 0.45,3.83 \scriptsize $\pm$ 0.59,2.24 \scriptsize $\pm$ 0.81,4.11 \scriptsize $\pm$ 0.26,1.23 \scriptsize $\pm$ 0.09,1.31 \scriptsize $\pm$ 0.50,1.77 \scriptsize $\pm$ 1.00,2.52 \scriptsize $\pm$ 0.47,0.80 \scriptsize $\pm$ 0.16,1.79 \scriptsize $\pm$ 0.42,2.28 \scriptsize $\pm$ 0.54,1.03 \scriptsize $\pm$ 0.15,2.40 \scriptsize $\pm$ 0.50,0.44 \scriptsize $\pm$ 0.09,0.63 \scriptsize $\pm$ 0.04,2.57 \scriptsize $\pm$ 0.41,1.80 \scriptsize $\pm$ 0.10,1.70 \scriptsize $\pm$ 0.34,2.64 \scriptsize $\pm$ 0.66,0.64 \scriptsize $\pm$ 0.30,52.58 \scriptsize $\pm$ 0.13,most_family_en_20,xtreme_r.udpos,"[42, 66, 17, 23]","[52.47974141247288, 52.529917882389846, 52.52007393713333, 52.773729718310335]",0.6208905194180125,0.5632105075688764,0.36833091883760966
89.19 \scriptsize $\pm$ 0.13,76.60 \scriptsize $\pm$ 0.43,89.58 \scriptsize $\pm$ 0.25,88.24 \scriptsize $\pm$ 0.33,88.68 \scriptsize $\pm$ 0.72,89.08 \scriptsize $\pm$ 0.25,88.57 \scriptsize $\pm$ 0.22,77.76 \scriptsize $\pm$ 0.90,74.83 \scriptsize $\pm$ 0.59,87.33 \scriptsize $\pm$ 0.22,86.94 \scriptsize $\pm$ 0.17,84.14 \scriptsize $\pm$ 0.27,72.15 \scriptsize $\pm$ 2.28,85.23 \scriptsize $\pm$ 0.77,86.28 \scriptsize $\pm$ 0.09,90.81 \scriptsize $\pm$ 0.25,53.77 \scriptsize $\pm$ 1.64,83.41 \scriptsize $\pm$ 0.60,64.30 \scriptsize $\pm$ 0.75,87.04 \scriptsize $\pm$ 0.18,85.81 \scriptsize $\pm$ 0.84,90.35 \scriptsize $\pm$ 0.08,85.45 \scriptsize $\pm$ 0.50,90.76 \scriptsize $\pm$ 0.27,85.28 \scriptsize $\pm$ 0.19,90.43 \scriptsize $\pm$ 0.29,77.66 \scriptsize $\pm$ 0.36,87.10 \scriptsize $\pm$ 0.57,67.92 \scriptsize $\pm$ 0.30,71.93 \scriptsize $\pm$ 0.57,78.75 \scriptsize $\pm$ 0.35,87.22 \scriptsize $\pm$ 0.36,67.95 \scriptsize $\pm$ 2.64,65.32 \scriptsize $\pm$ 0.33,73.33 \scriptsize $\pm$ 0.69,2.76 \scriptsize $\pm$ 0.75,4.16 \scriptsize $\pm$ 0.55,2.37 \scriptsize $\pm$ 1.08,4.03 \scriptsize $\pm$ 1.73,1.35 \scriptsize $\pm$ 0.07,1.81 \scriptsize $\pm$ 1.27,2.05 \scriptsize $\pm$ 1.20,2.36 \scriptsize $\pm$ 1.29,1.28 \scriptsize $\pm$ 1.13,1.96 \scriptsize $\pm$ 1.57,2.76 \scriptsize $\pm$ 1.92,1.01 \scriptsize $\pm$ 0.04,2.75 \scriptsize $\pm$ 2.17,0.44 \scriptsize $\pm$ 0.06,0.76 \scriptsize $\pm$ 0.53,2.39 \scriptsize $\pm$ 0.97,2.51 \scriptsize $\pm$ 1.60,2.02 \scriptsize $\pm$ 0.56,2.75 \scriptsize $\pm$ 1.52,0.78 \scriptsize $\pm$ 0.26,52.57 \scriptsize $\pm$ 0.43,most_family_en_25,xtreme_r.udpos,"[42, 66, 17, 23]","[52.25666042712151, 52.25107723328376, 52.618316498496704, 53.16416752159981]",0.8644566319190476,0.7471219419313171,0.5668871204400473
89.01 \scriptsize $\pm$ 0.22,76.98 \scriptsize $\pm$ 1.33,89.64 \scriptsize $\pm$ 0.38,87.97 \scriptsize $\pm$ 0.41,87.82 \scriptsize $\pm$ 0.62,89.62 \scriptsize $\pm$ 0.24,87.87 \scriptsize $\pm$ 0.88,77.47 \scriptsize $\pm$ 0.99,75.53 \scriptsize $\pm$ 0.42,86.69 \scriptsize $\pm$ 0.46,86.87 \scriptsize $\pm$ 0.14,84.59 \scriptsize $\pm$ 0.68,71.73 \scriptsize $\pm$ 1.73,84.84 \scriptsize $\pm$ 0.50,86.24 \scriptsize $\pm$ 0.16,91.06 \scriptsize $\pm$ 0.32,54.20 \scriptsize $\pm$ 1.34,83.50 \scriptsize $\pm$ 0.27,64.64 \scriptsize $\pm$ 0.12,86.63 \scriptsize $\pm$ 0.22,84.04 \scriptsize $\pm$ 0.77,90.28 \scriptsize $\pm$ 0.08,85.58 \scriptsize $\pm$ 0.65,91.01 \scriptsize $\pm$ 0.09,85.35 \scriptsize $\pm$ 0.28,90.44 \scriptsize $\pm$ 0.27,77.71 \scriptsize $\pm$ 0.78,87.90 \scriptsize $\pm$ 0.46,67.52 \scriptsize $\pm$ 0.85,70.86 \scriptsize $\pm$ 0.67,78.60 \scriptsize $\pm$ 0.38,87.17 \scriptsize $\pm$ 0.45,66.44 \scriptsize $\pm$ 1.12,64.66 \scriptsize $\pm$ 0.38,73.68 \scriptsize $\pm$ 0.73,3.36 \scriptsize $\pm$ 0.47,3.95 \scriptsize $\pm$ 1.13,2.43 \scriptsize $\pm$ 0.57,3.11 \scriptsize $\pm$ 0.75,1.34 \scriptsize $\pm$ 0.08,2.52 \scriptsize $\pm$ 1.26,3.16 \scriptsize $\pm$ 0.75,3.64 \scriptsize $\pm$ 0.74,2.07 \scriptsize $\pm$ 0.76,3.27 \scriptsize $\pm$ 1.07,3.14 \scriptsize $\pm$ 0.71,1.40 \scriptsize $\pm$ 0.13,3.56 \scriptsize $\pm$ 0.66,0.47 \scriptsize $\pm$ 0.10,0.94 \scriptsize $\pm$ 0.15,4.04 \scriptsize $\pm$ 0.50,3.85 \scriptsize $\pm$ 0.32,2.05 \scriptsize $\pm$ 0.51,2.54 \scriptsize $\pm$ 1.15,1.20 \scriptsize $\pm$ 0.50,52.66 \scriptsize $\pm$ 0.11,most_family_en_5,xtreme_r.udpos,"[42, 66, 17, 23]","[52.567792632981934, 52.78902969852421, 52.71361475426103, 52.55879257069515]",0.2650226528691288,0.7766978606404497,0.13942449665058243
89.23 \scriptsize $\pm$ 0.16,77.07 \scriptsize $\pm$ 1.11,89.86 \scriptsize $\pm$ 0.32,88.43 \scriptsize $\pm$ 0.15,88.27 \scriptsize $\pm$ 0.21,89.87 \scriptsize $\pm$ 0.18,88.48 \scriptsize $\pm$ 0.44,76.96 \scriptsize $\pm$ 0.97,75.48 \scriptsize $\pm$ 0.19,87.26 \scriptsize $\pm$ 0.36,87.26 \scriptsize $\pm$ 0.15,84.97 \scriptsize $\pm$ 0.18,72.70 \scriptsize $\pm$ 2.37,85.59 \scriptsize $\pm$ 0.24,86.39 \scriptsize $\pm$ 0.11,91.07 \scriptsize $\pm$ 0.19,53.66 \scriptsize $\pm$ 0.34,83.25 \scriptsize $\pm$ 0.26,65.06 \scriptsize $\pm$ 0.31,87.08 \scriptsize $\pm$ 0.23,85.00 \scriptsize $\pm$ 1.05,90.30 \scriptsize $\pm$ 0.11,85.95 \scriptsize $\pm$ 0.28,91.19 \scriptsize $\pm$ 0.06,85.71 \scriptsize $\pm$ 0.15,90.68 \scriptsize $\pm$ 0.19,78.11 \scriptsize $\pm$ 0.30,86.48 \scriptsize $\pm$ 0.80,68.66 \scriptsize $\pm$ 0.24,72.69 \scriptsize $\pm$ 0.54,78.73 \scriptsize $\pm$ 0.11,87.75 \scriptsize $\pm$ 0.38,68.46 \scriptsize $\pm$ 3.20,65.23 \scriptsize $\pm$ 0.49,74.19 \scriptsize $\pm$ 1.36,2.48 \scriptsize $\pm$ 0.40,3.42 \scriptsize $\pm$ 0.26,3.56 \scriptsize $\pm$ 0.96,3.79 \scriptsize $\pm$ 0.68,1.22 \scriptsize $\pm$ 0.04,1.34 \scriptsize $\pm$ 0.43,2.08 \scriptsize $\pm$ 0.77,2.05 \scriptsize $\pm$ 0.31,1.63 \scriptsize $\pm$ 0.27,1.32 \scriptsize $\pm$ 0.11,1.53 \scriptsize $\pm$ 0.42,1.17 \scriptsize $\pm$ 0.10,1.21 \scriptsize $\pm$ 0.43,0.42 \scriptsize $\pm$ 0.09,0.50 \scriptsize $\pm$ 0.11,3.60 \scriptsize $\pm$ 0.37,2.87 \scriptsize $\pm$ 0.57,1.44 \scriptsize $\pm$ 0.33,2.05 \scriptsize $\pm$ 0.79,0.70 \scriptsize $\pm$ 0.22,52.64 \scriptsize $\pm$ 0.05,most_same_script_10,xtreme_r.udpos,"[42, 66, 17, 23]","[52.65702820999315, 52.644597248705864, 52.70402167813175, 52.57311086058768]",0.09644492260545562,0.7543189682819776,0.09516745624585746
89.04 \scriptsize $\pm$ 0.08,76.42 \scriptsize $\pm$ 0.78,89.50 \scriptsize $\pm$ 0.24,88.88 \scriptsize $\pm$ 0.33,88.88 \scriptsize $\pm$ 0.56,88.83 \scriptsize $\pm$ 0.28,88.83 \scriptsize $\pm$ 0.18,78.05 \scriptsize $\pm$ 0.69,75.80 \scriptsize $\pm$ 0.21,87.30 \scriptsize $\pm$ 0.41,87.08 \scriptsize $\pm$ 0.33,83.82 \scriptsize $\pm$ 0.34,72.84 \scriptsize $\pm$ 1.93,85.05 \scriptsize $\pm$ 0.43,86.24 \scriptsize $\pm$ 0.27,90.58 \scriptsize $\pm$ 0.31,54.10 \scriptsize $\pm$ 1.91,82.37 \scriptsize $\pm$ 0.47,64.91 \scriptsize $\pm$ 0.62,86.97 \scriptsize $\pm$ 0.19,84.04 \scriptsize $\pm$ 1.32,90.45 \scriptsize $\pm$ 0.17,85.59 \scriptsize $\pm$ 0.50,90.42 \scriptsize $\pm$ 0.25,85.44 \scriptsize $\pm$ 0.26,90.42 \scriptsize $\pm$ 0.18,78.01 \scriptsize $\pm$ 0.87,86.37 \scriptsize $\pm$ 0.35,68.42 \scriptsize $\pm$ 0.47,71.34 \scriptsize $\pm$ 0.92,78.81 \scriptsize $\pm$ 0.30,86.99 \scriptsize $\pm$ 0.60,67.53 \scriptsize $\pm$ 1.14,65.53 \scriptsize $\pm$ 0.36,73.85 \scriptsize $\pm$ 0.35,3.36 \scriptsize $\pm$ 1.26,3.90 \scriptsize $\pm$ 0.75,3.31 \scriptsize $\pm$ 0.71,3.87 \scriptsize $\pm$ 0.14,1.30 \scriptsize $\pm$ 0.08,2.27 \scriptsize $\pm$ 0.59,2.60 \scriptsize $\pm$ 0.62,2.67 \scriptsize $\pm$ 0.33,1.94 \scriptsize $\pm$ 0.83,2.29 \scriptsize $\pm$ 0.76,3.15 \scriptsize $\pm$ 0.65,0.95 \scriptsize $\pm$ 0.07,3.10 \scriptsize $\pm$ 0.81,0.44 \scriptsize $\pm$ 0.08,0.84 \scriptsize $\pm$ 0.15,3.10 \scriptsize $\pm$ 0.45,1.60 \scriptsize $\pm$ 0.67,2.32 \scriptsize $\pm$ 0.36,2.06 \scriptsize $\pm$ 0.60,1.00 \scriptsize $\pm$ 0.30,52.63 \scriptsize $\pm$ 0.20,most_same_script_20,xtreme_r.udpos,"[42, 66, 17, 23]","[52.425537902949756, 52.90404404859959, 52.542237692575675, 52.656467733432116]",0.5244648410258713,0.6191374866789248,0.33974970769464014
89.06 \scriptsize $\pm$ 0.25,77.00 \scriptsize $\pm$ 0.25,89.64 \scriptsize $\pm$ 0.29,88.30 \scriptsize $\pm$ 0.12,88.00 \scriptsize $\pm$ 0.23,89.38 \scriptsize $\pm$ 0.30,88.66 \scriptsize $\pm$ 0.33,77.80 \scriptsize $\pm$ 0.54,75.33 \scriptsize $\pm$ 0.63,87.32 \scriptsize $\pm$ 0.39,87.02 \scriptsize $\pm$ 0.30,84.06 \scriptsize $\pm$ 0.58,72.96 \scriptsize $\pm$ 1.14,85.46 \scriptsize $\pm$ 0.61,86.28 \scriptsize $\pm$ 0.32,90.72 \scriptsize $\pm$ 0.17,56.19 \scriptsize $\pm$ 1.71,82.83 \scriptsize $\pm$ 0.49,64.84 \scriptsize $\pm$ 0.39,86.98 \scriptsize $\pm$ 0.24,84.85 \scriptsize $\pm$ 1.11,90.31 \scriptsize $\pm$ 0.14,85.42 \scriptsize $\pm$ 0.16,90.83 \scriptsize $\pm$ 0.24,85.40 \scriptsize $\pm$ 0.28,90.58 \scriptsize $\pm$ 0.27,78.07 \scriptsize $\pm$ 0.59,86.58 \scriptsize $\pm$ 0.80,68.02 \scriptsize $\pm$ 0.33,71.91 \scriptsize $\pm$ 0.37,78.82 \scriptsize $\pm$ 0.31,87.30 \scriptsize $\pm$ 0.57,68.52 \scriptsize $\pm$ 2.51,64.99 \scriptsize $\pm$ 0.53,74.89 \scriptsize $\pm$ 1.10,2.56 \scriptsize $\pm$ 0.33,2.45 \scriptsize $\pm$ 0.48,2.27 \scriptsize $\pm$ 0.86,3.56 \scriptsize $\pm$ 1.11,1.22 \scriptsize $\pm$ 0.13,1.37 \scriptsize $\pm$ 0.45,1.85 \scriptsize $\pm$ 0.68,1.19 \scriptsize $\pm$ 0.17,1.15 \scriptsize $\pm$ 0.35,1.68 \scriptsize $\pm$ 0.32,1.18 \scriptsize $\pm$ 0.50,0.96 \scriptsize $\pm$ 0.08,1.38 \scriptsize $\pm$ 0.48,0.43 \scriptsize $\pm$ 0.07,0.58 \scriptsize $\pm$ 0.01,2.49 \scriptsize $\pm$ 0.08,1.35 \scriptsize $\pm$ 0.54,0.95 \scriptsize $\pm$ 0.16,1.03 \scriptsize $\pm$ 0.27,0.69 \scriptsize $\pm$ 0.16,52.45 \scriptsize $\pm$ 0.12,most_same_script_41,xtreme_r.udpos,"[42, 66, 17, 23]","[52.46206938727736, 52.30163319475903, 52.592130790331794, 52.440279092013554]",0.2007365568790632,0.267993029001554,0.6847079262863123
89.11 \scriptsize $\pm$ 0.17,76.14 \scriptsize $\pm$ 0.67,89.78 \scriptsize $\pm$ 0.22,88.44 \scriptsize $\pm$ 0.37,88.43 \scriptsize $\pm$ 0.93,89.59 \scriptsize $\pm$ 0.34,88.28 \scriptsize $\pm$ 0.45,77.62 \scriptsize $\pm$ 0.66,75.61 \scriptsize $\pm$ 0.22,86.90 \scriptsize $\pm$ 0.45,86.95 \scriptsize $\pm$ 0.23,84.26 \scriptsize $\pm$ 0.53,73.95 \scriptsize $\pm$ 3.12,85.46 \scriptsize $\pm$ 0.43,86.28 \scriptsize $\pm$ 0.28,90.82 \scriptsize $\pm$ 0.23,55.55 \scriptsize $\pm$ 2.23,83.28 \scriptsize $\pm$ 0.40,65.17 \scriptsize $\pm$ 0.25,86.70 \scriptsize $\pm$ 0.21,85.96 \scriptsize $\pm$ 0.65,90.15 \scriptsize $\pm$ 0.05,85.80 \scriptsize $\pm$ 0.60,90.94 \scriptsize $\pm$ 0.26,85.24 \scriptsize $\pm$ 0.24,90.46 \scriptsize $\pm$ 0.23,78.04 \scriptsize $\pm$ 0.33,85.96 \scriptsize $\pm$ 0.35,68.87 \scriptsize $\pm$ 0.24,72.38 \scriptsize $\pm$ 0.63,78.83 \scriptsize $\pm$ 0.20,87.09 \scriptsize $\pm$ 0.35,68.70 \scriptsize $\pm$ 3.03,65.97 \scriptsize $\pm$ 0.22,74.17 \scriptsize $\pm$ 0.38,3.07 \scriptsize $\pm$ 0.24,3.62 \scriptsize $\pm$ 0.42,4.36 \scriptsize $\pm$ 0.31,4.47 \scriptsize $\pm$ 0.66,1.37 \scriptsize $\pm$ 0.11,2.24 \scriptsize $\pm$ 0.72,3.61 \scriptsize $\pm$ 1.27,4.68 \scriptsize $\pm$ 1.95,2.72 \scriptsize $\pm$ 0.99,2.35 \scriptsize $\pm$ 0.76,2.92 \scriptsize $\pm$ 0.88,1.29 \scriptsize $\pm$ 0.19,3.31 \scriptsize $\pm$ 1.41,0.47 \scriptsize $\pm$ 0.09,0.79 \scriptsize $\pm$ 0.25,4.26 \scriptsize $\pm$ 0.58,3.65 \scriptsize $\pm$ 1.30,1.85 \scriptsize $\pm$ 0.28,3.06 \scriptsize $\pm$ 2.64,0.80 \scriptsize $\pm$ 0.26,52.94 \scriptsize $\pm$ 0.18,most_same_script_5,xtreme_r.udpos,"[42, 66, 17, 23]","[52.73922883303584, 53.16311546597434, 52.87621423761322, 52.98244211287854]",0.04799660127705069,0.09919807562627349,0.057094323665099714
89.33 \scriptsize $\pm$ 0.18,77.09 \scriptsize $\pm$ 0.56,89.84 \scriptsize $\pm$ 0.26,88.47 \scriptsize $\pm$ 0.29,88.54 \scriptsize $\pm$ 0.85,89.38 \scriptsize $\pm$ 0.52,88.29 \scriptsize $\pm$ 0.27,77.17 \scriptsize $\pm$ 0.28,74.56 \scriptsize $\pm$ 0.53,87.04 \scriptsize $\pm$ 0.31,86.81 \scriptsize $\pm$ 0.19,84.27 \scriptsize $\pm$ 0.59,74.63 \scriptsize $\pm$ 3.59,85.40 \scriptsize $\pm$ 0.48,86.21 \scriptsize $\pm$ 0.28,90.57 \scriptsize $\pm$ 0.15,55.75 \scriptsize $\pm$ 1.95,83.74 \scriptsize $\pm$ 0.49,64.76 \scriptsize $\pm$ 0.47,86.85 \scriptsize $\pm$ 0.13,84.71 \scriptsize $\pm$ 0.96,90.40 \scriptsize $\pm$ 0.09,85.59 \scriptsize $\pm$ 0.25,90.78 \scriptsize $\pm$ 0.29,85.24 \scriptsize $\pm$ 0.22,90.62 \scriptsize $\pm$ 0.13,78.37 \scriptsize $\pm$ 0.44,87.21 \scriptsize $\pm$ 0.36,67.96 \scriptsize $\pm$ 0.12,71.14 \scriptsize $\pm$ 0.29,78.62 \scriptsize $\pm$ 0.24,87.44 \scriptsize $\pm$ 0.33,69.76 \scriptsize $\pm$ 3.70,64.62 \scriptsize $\pm$ 0.40,73.44 \scriptsize $\pm$ 0.97,2.86 \scriptsize $\pm$ 0.50,3.40 \scriptsize $\pm$ 0.64,3.25 \scriptsize $\pm$ 0.99,3.38 \scriptsize $\pm$ 0.82,1.21 \scriptsize $\pm$ 0.08,2.32 \scriptsize $\pm$ 0.73,1.99 \scriptsize $\pm$ 0.75,2.56 \scriptsize $\pm$ 0.49,1.88 \scriptsize $\pm$ 0.43,1.84 \scriptsize $\pm$ 0.43,2.18 \scriptsize $\pm$ 0.68,1.21 \scriptsize $\pm$ 0.17,1.80 \scriptsize $\pm$ 0.31,0.42 \scriptsize $\pm$ 0.05,0.67 \scriptsize $\pm$ 0.22,2.92 \scriptsize $\pm$ 0.36,2.47 \scriptsize $\pm$ 0.62,1.92 \scriptsize $\pm$ 0.29,2.12 \scriptsize $\pm$ 0.75,1.28 \scriptsize $\pm$ 0.26,52.66 \scriptsize $\pm$ 0.19,most_uriel_en_10,xtreme_r.udpos,"[42, 66, 17, 23]","[52.46720020673939, 52.87678063108223, 52.74957739745457, 52.544629411146396]",0.40078407596572735,0.8030385475503241,0.18475400761707542
89.18 \scriptsize $\pm$ 0.27,77.13 \scriptsize $\pm$ 1.11,89.74 \scriptsize $\pm$ 0.32,88.23 \scriptsize $\pm$ 0.23,88.31 \scriptsize $\pm$ 0.50,89.60 \scriptsize $\pm$ 0.37,88.67 \scriptsize $\pm$ 0.32,77.29 \scriptsize $\pm$ 0.92,74.52 \scriptsize $\pm$ 0.62,87.39 \scriptsize $\pm$ 0.43,87.11 \scriptsize $\pm$ 0.20,83.91 \scriptsize $\pm$ 0.73,72.47 \scriptsize $\pm$ 3.17,85.49 \scriptsize $\pm$ 0.46,86.58 \scriptsize $\pm$ 0.25,90.82 \scriptsize $\pm$ 0.16,53.74 \scriptsize $\pm$ 2.32,83.53 \scriptsize $\pm$ 0.71,64.25 \scriptsize $\pm$ 0.39,87.03 \scriptsize $\pm$ 0.11,85.51 \scriptsize $\pm$ 1.06,90.33 \scriptsize $\pm$ 0.15,85.69 \scriptsize $\pm$ 0.55,91.11 \scriptsize $\pm$ 0.30,85.46 \scriptsize $\pm$ 0.21,90.68 \scriptsize $\pm$ 0.17,77.74 \scriptsize $\pm$ 0.35,87.52 \scriptsize $\pm$ 0.30,67.93 \scriptsize $\pm$ 0.47,71.72 \scriptsize $\pm$ 0.58,78.78 \scriptsize $\pm$ 0.33,87.31 \scriptsize $\pm$ 0.39,67.70 \scriptsize $\pm$ 2.64,65.21 \scriptsize $\pm$ 0.74,74.01 \scriptsize $\pm$ 1.17,2.44 \scriptsize $\pm$ 0.30,2.99 \scriptsize $\pm$ 0.61,2.38 \scriptsize $\pm$ 1.03,3.45 \scriptsize $\pm$ 1.03,1.24 \scriptsize $\pm$ 0.20,1.43 \scriptsize $\pm$ 1.06,1.27 \scriptsize $\pm$ 0.65,1.31 \scriptsize $\pm$ 0.62,1.58 \scriptsize $\pm$ 0.60,1.37 \scriptsize $\pm$ 0.54,1.23 \scriptsize $\pm$ 0.39,1.05 \scriptsize $\pm$ 0.14,1.04 \scriptsize $\pm$ 0.48,0.39 \scriptsize $\pm$ 0.06,0.53 \scriptsize $\pm$ 0.17,2.45 \scriptsize $\pm$ 0.68,2.41 \scriptsize $\pm$ 0.60,1.61 \scriptsize $\pm$ 0.17,1.48 \scriptsize $\pm$ 0.61,0.71 \scriptsize $\pm$ 0.41,52.44 \scriptsize $\pm$ 0.22,most_uriel_en_20,xtreme_r.udpos,"[42, 66, 17, 23]","[52.28147788512738, 52.21712004621624, 52.6525525226027, 52.5950444590926]",0.4489024613998179,0.3511108791176147,0.8791373441683441
89.05 \scriptsize $\pm$ 0.19,77.17 \scriptsize $\pm$ 0.60,89.59 \scriptsize $\pm$ 0.26,88.07 \scriptsize $\pm$ 0.55,87.88 \scriptsize $\pm$ 0.34,89.07 \scriptsize $\pm$ 0.22,88.04 \scriptsize $\pm$ 0.18,76.98 \scriptsize $\pm$ 0.92,75.19 \scriptsize $\pm$ 0.42,87.02 \scriptsize $\pm$ 0.33,86.92 \scriptsize $\pm$ 0.39,83.58 \scriptsize $\pm$ 0.30,72.81 \scriptsize $\pm$ 1.54,85.45 \scriptsize $\pm$ 0.59,86.48 \scriptsize $\pm$ 0.35,90.71 \scriptsize $\pm$ 0.22,54.88 \scriptsize $\pm$ 2.14,83.11 \scriptsize $\pm$ 0.46,64.34 \scriptsize $\pm$ 0.36,86.92 \scriptsize $\pm$ 0.24,84.85 \scriptsize $\pm$ 0.91,90.38 \scriptsize $\pm$ 0.19,85.24 \scriptsize $\pm$ 0.45,90.75 \scriptsize $\pm$ 0.18,85.13 \scriptsize $\pm$ 0.25,90.65 \scriptsize $\pm$ 0.29,77.78 \scriptsize $\pm$ 0.55,87.10 \scriptsize $\pm$ 0.30,68.36 \scriptsize $\pm$ 0.46,72.23 \scriptsize $\pm$ 0.95,78.53 \scriptsize $\pm$ 0.33,87.36 \scriptsize $\pm$ 0.48,68.91 \scriptsize $\pm$ 2.00,65.32 \scriptsize $\pm$ 0.39,73.91 \scriptsize $\pm$ 0.71,2.17 \scriptsize $\pm$ 0.53,2.19 \scriptsize $\pm$ 0.28,2.41 \scriptsize $\pm$ 0.97,4.23 \scriptsize $\pm$ 1.67,1.19 \scriptsize $\pm$ 0.13,1.39 \scriptsize $\pm$ 0.35,1.88 \scriptsize $\pm$ 0.97,1.26 \scriptsize $\pm$ 0.29,1.80 \scriptsize $\pm$ 0.61,1.76 \scriptsize $\pm$ 0.40,1.12 \scriptsize $\pm$ 0.38,1.09 \scriptsize $\pm$ 0.09,1.42 \scriptsize $\pm$ 0.53,0.42 \scriptsize $\pm$ 0.05,0.58 \scriptsize $\pm$ 0.22,2.40 \scriptsize $\pm$ 0.45,2.32 \scriptsize $\pm$ 0.64,1.03 \scriptsize $\pm$ 0.10,1.48 \scriptsize $\pm$ 0.30,0.53 \scriptsize $\pm$ 0.15,52.41 \scriptsize $\pm$ 0.25,most_uriel_en_40,xtreme_r.udpos,"[42, 66, 17, 23]","[52.45443692981604, 52.20668062711875, 52.220980018225106, 52.74950378823456]",0.3525966202485191,0.30962586324508656,0.9490903016437452
89.13 \scriptsize $\pm$ 0.06,76.75 \scriptsize $\pm$ 0.74,89.84 \scriptsize $\pm$ 0.20,88.48 \scriptsize $\pm$ 0.25,87.97 \scriptsize $\pm$ 0.88,89.67 \scriptsize $\pm$ 0.28,88.03 \scriptsize $\pm$ 0.16,77.44 \scriptsize $\pm$ 0.90,76.13 \scriptsize $\pm$ 0.30,86.74 \scriptsize $\pm$ 0.36,86.96 \scriptsize $\pm$ 0.18,84.98 \scriptsize $\pm$ 0.14,74.77 \scriptsize $\pm$ 2.44,85.34 \scriptsize $\pm$ 0.18,86.27 \scriptsize $\pm$ 0.12,90.74 \scriptsize $\pm$ 0.38,57.44 \scriptsize $\pm$ 1.13,83.64 \scriptsize $\pm$ 0.51,65.19 \scriptsize $\pm$ 0.42,86.35 \scriptsize $\pm$ 0.46,85.37 \scriptsize $\pm$ 0.97,90.04 \scriptsize $\pm$ 0.09,85.83 \scriptsize $\pm$ 0.19,91.05 \scriptsize $\pm$ 0.16,85.30 \scriptsize $\pm$ 0.38,90.57 \scriptsize $\pm$ 0.22,77.84 \scriptsize $\pm$ 0.21,87.62 \scriptsize $\pm$ 0.68,68.34 \scriptsize $\pm$ 0.37,71.19 \scriptsize $\pm$ 0.43,78.61 \scriptsize $\pm$ 0.11,87.23 \scriptsize $\pm$ 0.68,69.42 \scriptsize $\pm$ 3.58,65.93 \scriptsize $\pm$ 0.37,73.98 \scriptsize $\pm$ 1.20,2.64 \scriptsize $\pm$ 0.24,3.42 \scriptsize $\pm$ 0.91,3.46 \scriptsize $\pm$ 1.04,3.83 \scriptsize $\pm$ 0.75,1.30 \scriptsize $\pm$ 0.12,1.68 \scriptsize $\pm$ 0.34,2.64 \scriptsize $\pm$ 0.52,3.84 \scriptsize $\pm$ 1.08,1.78 \scriptsize $\pm$ 0.47,2.21 \scriptsize $\pm$ 0.61,2.83 \scriptsize $\pm$ 0.94,1.42 \scriptsize $\pm$ 0.16,2.88 \scriptsize $\pm$ 0.81,0.44 \scriptsize $\pm$ 0.09,0.87 \scriptsize $\pm$ 0.20,3.43 \scriptsize $\pm$ 0.49,2.90 \scriptsize $\pm$ 0.98,1.88 \scriptsize $\pm$ 0.28,1.75 \scriptsize $\pm$ 0.16,1.07 \scriptsize $\pm$ 0.23,52.84 \scriptsize $\pm$ 0.20,most_uriel_en_5,xtreme_r.udpos,"[42, 66, 17, 23]","[53.04068535517238, 52.57469703637888, 52.83950716510026, 52.92155592233807]",0.015106003252737856,0.5064867574581186,0.04806263448204646
88.92 \scriptsize $\pm$ 0.35,76.98 \scriptsize $\pm$ 0.86,89.88 \scriptsize $\pm$ 0.34,88.40 \scriptsize $\pm$ 0.51,88.38 \scriptsize $\pm$ 0.73,89.27 \scriptsize $\pm$ 0.22,89.11 \scriptsize $\pm$ 0.32,76.79 \scriptsize $\pm$ 0.84,75.69 \scriptsize $\pm$ 0.57,87.52 \scriptsize $\pm$ 0.08,86.73 \scriptsize $\pm$ 0.35,84.03 \scriptsize $\pm$ 0.83,72.77 \scriptsize $\pm$ 2.21,85.51 \scriptsize $\pm$ 0.31,86.26 \scriptsize $\pm$ 0.37,90.64 \scriptsize $\pm$ 0.19,54.13 \scriptsize $\pm$ 1.17,82.90 \scriptsize $\pm$ 0.82,64.72 \scriptsize $\pm$ 0.29,86.93 \scriptsize $\pm$ 0.38,85.00 \scriptsize $\pm$ 0.87,90.19 \scriptsize $\pm$ 0.22,85.61 \scriptsize $\pm$ 0.31,90.71 \scriptsize $\pm$ 0.10,85.21 \scriptsize $\pm$ 0.18,90.45 \scriptsize $\pm$ 0.29,77.99 \scriptsize $\pm$ 0.07,87.14 \scriptsize $\pm$ 0.50,68.68 \scriptsize $\pm$ 0.38,71.64 \scriptsize $\pm$ 1.12,78.49 \scriptsize $\pm$ 0.39,87.24 \scriptsize $\pm$ 0.52,68.02 \scriptsize $\pm$ 1.73,65.54 \scriptsize $\pm$ 0.59,74.06 \scriptsize $\pm$ 0.84,2.66 \scriptsize $\pm$ 0.39,4.43 \scriptsize $\pm$ 1.10,1.99 \scriptsize $\pm$ 1.37,3.27 \scriptsize $\pm$ 0.31,1.22 \scriptsize $\pm$ 0.18,2.02 \scriptsize $\pm$ 1.02,1.35 \scriptsize $\pm$ 0.48,2.20 \scriptsize $\pm$ 0.72,1.93 \scriptsize $\pm$ 0.75,1.85 \scriptsize $\pm$ 0.50,1.96 \scriptsize $\pm$ 0.76,1.05 \scriptsize $\pm$ 0.02,1.92 \scriptsize $\pm$ 1.00,0.37 \scriptsize $\pm$ 0.08,0.55 \scriptsize $\pm$ 0.23,2.90 \scriptsize $\pm$ 0.53,2.31 \scriptsize $\pm$ 0.85,1.45 \scriptsize $\pm$ 0.67,3.01 \scriptsize $\pm$ 0.95,0.74 \scriptsize $\pm$ 0.33,52.56 \scriptsize $\pm$ 0.22,random_langs_with_seed_10,xtreme_r.udpos,"[42, 66, 17, 23]","[52.82820709344534, 52.59808021654584, 52.297750639013685, 52.508978238694695]",0.8131411798579331,0.40100873351193406,0.5445935157784174
89.14 \scriptsize $\pm$ 0.29,77.10 \scriptsize $\pm$ 0.45,89.53 \scriptsize $\pm$ 0.09,88.37 \scriptsize $\pm$ 0.21,88.17 \scriptsize $\pm$ 0.83,89.29 \scriptsize $\pm$ 0.23,88.44 \scriptsize $\pm$ 0.48,77.89 \scriptsize $\pm$ 0.61,75.18 \scriptsize $\pm$ 0.18,87.01 \scriptsize $\pm$ 0.30,86.94 \scriptsize $\pm$ 0.37,84.05 \scriptsize $\pm$ 1.13,72.61 \scriptsize $\pm$ 0.53,85.18 \scriptsize $\pm$ 0.45,86.23 \scriptsize $\pm$ 0.31,90.74 \scriptsize $\pm$ 0.40,54.65 \scriptsize $\pm$ 1.47,82.96 \scriptsize $\pm$ 0.90,64.44 \scriptsize $\pm$ 0.31,86.78 \scriptsize $\pm$ 0.20,84.85 \scriptsize $\pm$ 0.51,90.27 \scriptsize $\pm$ 0.15,85.20 \scriptsize $\pm$ 0.24,90.82 \scriptsize $\pm$ 0.19,85.43 \scriptsize $\pm$ 0.43,90.40 \scriptsize $\pm$ 0.14,78.08 \scriptsize $\pm$ 0.43,86.93 \scriptsize $\pm$ 0.57,68.41 \scriptsize $\pm$ 0.63,71.59 \scriptsize $\pm$ 0.46,78.63 \scriptsize $\pm$ 0.15,87.21 \scriptsize $\pm$ 0.46,67.91 \scriptsize $\pm$ 0.58,65.30 \scriptsize $\pm$ 0.71,73.79 \scriptsize $\pm$ 1.01,2.83 \scriptsize $\pm$ 0.57,2.79 \scriptsize $\pm$ 0.77,2.10 \scriptsize $\pm$ 1.17,3.25 \scriptsize $\pm$ 0.69,1.20 \scriptsize $\pm$ 0.24,1.35 \scriptsize $\pm$ 0.44,1.47 \scriptsize $\pm$ 0.41,1.89 \scriptsize $\pm$ 0.44,1.36 \scriptsize $\pm$ 0.48,2.16 \scriptsize $\pm$ 1.30,1.78 \scriptsize $\pm$ 0.95,1.02 \scriptsize $\pm$ 0.04,1.87 \scriptsize $\pm$ 1.27,0.38 \scriptsize $\pm$ 0.05,0.47 \scriptsize $\pm$ 0.16,2.84 \scriptsize $\pm$ 0.92,2.49 \scriptsize $\pm$ 0.93,1.21 \scriptsize $\pm$ 0.49,1.94 \scriptsize $\pm$ 0.99,0.54 \scriptsize $\pm$ 0.14,52.44 \scriptsize $\pm$ 0.30,random_langs_with_seed_20,xtreme_r.udpos,"[42, 66, 17, 23]","[52.697559509391425, 52.712112478677746, 52.19553887066353, 52.17273963127773]",0.6147976756681612,0.0588646729182243,0.9268638208743298
89.07 \scriptsize $\pm$ 0.32,76.76 \scriptsize $\pm$ 0.25,89.52 \scriptsize $\pm$ 0.13,88.29 \scriptsize $\pm$ 0.31,88.13 \scriptsize $\pm$ 0.45,89.42 \scriptsize $\pm$ 0.17,88.88 \scriptsize $\pm$ 0.29,78.31 \scriptsize $\pm$ 0.46,75.31 \scriptsize $\pm$ 0.49,87.48 \scriptsize $\pm$ 0.37,87.10 \scriptsize $\pm$ 0.34,83.68 \scriptsize $\pm$ 0.51,73.23 \scriptsize $\pm$ 1.57,85.26 \scriptsize $\pm$ 0.46,86.32 \scriptsize $\pm$ 0.27,90.86 \scriptsize $\pm$ 0.40,54.80 \scriptsize $\pm$ 1.39,83.24 \scriptsize $\pm$ 0.33,64.73 \scriptsize $\pm$ 0.34,86.90 \scriptsize $\pm$ 0.21,85.51 \scriptsize $\pm$ 1.69,90.36 \scriptsize $\pm$ 0.19,85.34 \scriptsize $\pm$ 0.09,90.89 \scriptsize $\pm$ 0.14,85.47 \scriptsize $\pm$ 0.17,90.58 \scriptsize $\pm$ 0.19,77.76 \scriptsize $\pm$ 0.32,87.41 \scriptsize $\pm$ 0.54,68.31 \scriptsize $\pm$ 0.38,71.72 \scriptsize $\pm$ 1.03,78.77 \scriptsize $\pm$ 0.24,87.14 \scriptsize $\pm$ 0.41,68.81 \scriptsize $\pm$ 1.87,65.42 \scriptsize $\pm$ 0.27,74.32 \scriptsize $\pm$ 0.85,2.16 \scriptsize $\pm$ 0.60,2.77 \scriptsize $\pm$ 0.77,1.59 \scriptsize $\pm$ 0.59,2.61 \scriptsize $\pm$ 0.84,1.26 \scriptsize $\pm$ 0.06,1.17 \scriptsize $\pm$ 0.66,1.50 \scriptsize $\pm$ 0.77,1.56 \scriptsize $\pm$ 0.23,0.95 \scriptsize $\pm$ 0.40,1.74 \scriptsize $\pm$ 0.63,1.36 \scriptsize $\pm$ 0.56,0.98 \scriptsize $\pm$ 0.12,1.51 \scriptsize $\pm$ 0.74,0.43 \scriptsize $\pm$ 0.07,0.43 \scriptsize $\pm$ 0.11,2.31 \scriptsize $\pm$ 0.52,1.19 \scriptsize $\pm$ 0.89,1.13 \scriptsize $\pm$ 0.41,2.15 \scriptsize $\pm$ 1.12,0.60 \scriptsize $\pm$ 0.18,52.45 \scriptsize $\pm$ 0.15,random_langs_with_seed_40,xtreme_r.udpos,"[42, 66, 17, 23]","[52.53474230208371, 52.50837433149886, 52.51975191949322, 52.221565783006255]",0.384320593129928,0.10396563322995389,0.8389726023545432
88.97 \scriptsize $\pm$ 0.26,76.72 \scriptsize $\pm$ 0.66,89.82 \scriptsize $\pm$ 0.13,88.88 \scriptsize $\pm$ 0.28,88.66 \scriptsize $\pm$ 0.44,89.32 \scriptsize $\pm$ 0.02,88.70 \scriptsize $\pm$ 0.53,77.29 \scriptsize $\pm$ 1.41,75.74 \scriptsize $\pm$ 0.37,87.07 \scriptsize $\pm$ 0.47,86.69 \scriptsize $\pm$ 0.48,83.61 \scriptsize $\pm$ 1.29,72.48 \scriptsize $\pm$ 2.69,85.35 \scriptsize $\pm$ 0.41,86.22 \scriptsize $\pm$ 0.40,90.64 \scriptsize $\pm$ 0.23,53.72 \scriptsize $\pm$ 1.78,82.41 \scriptsize $\pm$ 0.71,64.70 \scriptsize $\pm$ 0.27,86.70 \scriptsize $\pm$ 0.20,85.07 \scriptsize $\pm$ 0.28,90.16 \scriptsize $\pm$ 0.15,85.94 \scriptsize $\pm$ 0.51,90.66 \scriptsize $\pm$ 0.10,85.08 \scriptsize $\pm$ 0.51,90.65 \scriptsize $\pm$ 0.25,78.17 \scriptsize $\pm$ 0.37,86.58 \scriptsize $\pm$ 0.92,68.79 \scriptsize $\pm$ 0.55,70.84 \scriptsize $\pm$ 1.05,78.18 \scriptsize $\pm$ 0.50,87.63 \scriptsize $\pm$ 0.46,67.59 \scriptsize $\pm$ 1.82,65.34 \scriptsize $\pm$ 0.36,74.49 \scriptsize $\pm$ 0.87,2.75 \scriptsize $\pm$ 0.53,5.82 \scriptsize $\pm$ 2.73,2.18 \scriptsize $\pm$ 0.72,5.92 \scriptsize $\pm$ 4.44,1.18 \scriptsize $\pm$ 0.24,1.74 \scriptsize $\pm$ 0.64,1.24 \scriptsize $\pm$ 0.42,1.72 \scriptsize $\pm$ 0.18,1.93 \scriptsize $\pm$ 0.97,2.78 \scriptsize $\pm$ 1.10,1.54 \scriptsize $\pm$ 0.31,1.25 \scriptsize $\pm$ 0.08,1.43 \scriptsize $\pm$ 0.59,0.39 \scriptsize $\pm$ 0.09,0.82 \scriptsize $\pm$ 0.73,3.75 \scriptsize $\pm$ 2.11,3.21 \scriptsize $\pm$ 1.68,1.48 \scriptsize $\pm$ 0.55,3.10 \scriptsize $\pm$ 1.37,0.53 \scriptsize $\pm$ 0.25,52.61 \scriptsize $\pm$ 0.48,random_langs_with_seed_5,xtreme_r.udpos,"[42, 66, 17, 23]","[52.39271371048209, 53.303649068674375, 52.23484802186482, 52.51505450081159]",0.7877413792574635,0.6362509002107971,0.6004309964054868
89.14 \scriptsize $\pm$ 0.28,77.09 \scriptsize $\pm$ 1.20,89.66 \scriptsize $\pm$ 0.37,88.40 \scriptsize $\pm$ 0.33,88.32 \scriptsize $\pm$ 0.31,89.22 \scriptsize $\pm$ 0.31,88.77 \scriptsize $\pm$ 0.59,77.70 \scriptsize $\pm$ 0.39,75.27 \scriptsize $\pm$ 0.82,87.43 \scriptsize $\pm$ 0.59,86.95 \scriptsize $\pm$ 0.42,84.16 \scriptsize $\pm$ 0.56,72.86 \scriptsize $\pm$ 1.36,85.42 \scriptsize $\pm$ 0.67,86.45 \scriptsize $\pm$ 0.31,90.73 \scriptsize $\pm$ 0.08,56.97 \scriptsize $\pm$ 1.92,83.55 \scriptsize $\pm$ 0.42,64.71 \scriptsize $\pm$ 0.39,86.87 \scriptsize $\pm$ 0.20,84.71 \scriptsize $\pm$ 1.05,90.42 \scriptsize $\pm$ 0.12,85.35 \scriptsize $\pm$ 0.64,90.72 \scriptsize $\pm$ 0.33,85.60 \scriptsize $\pm$ 0.61,90.54 \scriptsize $\pm$ 0.29,78.20 \scriptsize $\pm$ 0.24,87.41 \scriptsize $\pm$ 0.21,68.37 \scriptsize $\pm$ 0.32,72.00 \scriptsize $\pm$ 0.60,78.98 \scriptsize $\pm$ 0.29,87.26 \scriptsize $\pm$ 0.58,68.36 \scriptsize $\pm$ 0.87,65.34 \scriptsize $\pm$ 0.41,74.32 \scriptsize $\pm$ 0.88,2.75 \scriptsize $\pm$ 0.29,2.26 \scriptsize $\pm$ 0.31,2.12 \scriptsize $\pm$ 1.28,2.68 \scriptsize $\pm$ 0.92,1.17 \scriptsize $\pm$ 0.16,1.58 \scriptsize $\pm$ 0.60,1.21 \scriptsize $\pm$ 0.45,1.39 \scriptsize $\pm$ 0.24,1.68 \scriptsize $\pm$ 0.31,1.98 \scriptsize $\pm$ 0.70,1.53 \scriptsize $\pm$ 0.47,0.99 \scriptsize $\pm$ 0.15,1.65 \scriptsize $\pm$ 0.39,0.46 \scriptsize $\pm$ 0.05,0.62 \scriptsize $\pm$ 0.20,2.80 \scriptsize $\pm$ 0.28,1.92 \scriptsize $\pm$ 0.61,1.13 \scriptsize $\pm$ 0.16,1.48 \scriptsize $\pm$ 0.44,0.63 \scriptsize $\pm$ 0.15,52.53 \scriptsize $\pm$ 0.08,xt_afri,xtreme_r.udpos,"[66, 17, 23, 42]","[52.43717791890253, 52.52636605671194, 52.54390430379104, 52.62286834827639]",-1.0,0.38306907684983194,0.38612039012757726
89.20 \scriptsize $\pm$ 0.09,76.31 \scriptsize $\pm$ 0.44,89.65 \scriptsize $\pm$ 0.20,88.41 \scriptsize $\pm$ 0.51,88.53 \scriptsize $\pm$ 0.63,88.82 \scriptsize $\pm$ 0.18,88.64 \scriptsize $\pm$ 0.47,78.37 \scriptsize $\pm$ 0.65,75.25 \scriptsize $\pm$ 0.38,87.31 \scriptsize $\pm$ 0.54,86.81 \scriptsize $\pm$ 0.41,83.46 \scriptsize $\pm$ 0.60,73.74 \scriptsize $\pm$ 1.38,85.23 \scriptsize $\pm$ 0.28,86.39 \scriptsize $\pm$ 0.23,90.70 \scriptsize $\pm$ 0.12,55.64 \scriptsize $\pm$ 1.69,83.98 \scriptsize $\pm$ 0.21,64.73 \scriptsize $\pm$ 0.17,86.88 \scriptsize $\pm$ 0.30,86.18 \scriptsize $\pm$ 0.99,90.40 \scriptsize $\pm$ 0.08,84.93 \scriptsize $\pm$ 0.46,90.48 \scriptsize $\pm$ 0.27,85.47 \scriptsize $\pm$ 0.48,90.64 \scriptsize $\pm$ 0.41,78.36 \scriptsize $\pm$ 0.44,87.38 \scriptsize $\pm$ 0.52,68.20 \scriptsize $\pm$ 0.27,72.77 \scriptsize $\pm$ 0.35,79.15 \scriptsize $\pm$ 0.29,87.22 \scriptsize $\pm$ 0.66,69.03 \scriptsize $\pm$ 1.47,65.41 \scriptsize $\pm$ 0.30,74.63 \scriptsize $\pm$ 0.92,3.67 \scriptsize $\pm$ 1.28,2.96 \scriptsize $\pm$ 0.90,1.95 \scriptsize $\pm$ 0.93,3.98 \scriptsize $\pm$ 1.56,1.20 \scriptsize $\pm$ 0.17,1.68 \scriptsize $\pm$ 2.18,1.73 \scriptsize $\pm$ 1.44,2.67 \scriptsize $\pm$ 1.25,1.79 \scriptsize $\pm$ 1.46,2.94 \scriptsize $\pm$ 1.44,2.06 \scriptsize $\pm$ 1.75,0.92 \scriptsize $\pm$ 0.11,2.40 \scriptsize $\pm$ 1.97,0.44 \scriptsize $\pm$ 0.07,0.84 \scriptsize $\pm$ 0.77,3.08 \scriptsize $\pm$ 1.22,1.78 \scriptsize $\pm$ 1.51,1.36 \scriptsize $\pm$ 0.57,1.40 \scriptsize $\pm$ 0.95,0.59 \scriptsize $\pm$ 0.42,52.69 \scriptsize $\pm$ 0.25,xt_only,xtreme_r.udpos,"[42, 66, 17, 23]","[52.69921043479923, 53.03466204012956, 52.553146000923455, 52.46072451075795]",0.38306907684983194,-1.0,0.2830773599698114
