final_eval_af_f1,final_eval_ar_f1,final_eval_az_f1,final_eval_bg_f1,final_eval_bn_f1,final_eval_de_f1,final_eval_el_f1,final_eval_es_f1,final_eval_et_f1,final_eval_eu_f1,final_eval_fa_f1,final_eval_fi_f1,final_eval_fr_f1,final_eval_gu_f1,final_eval_he_f1,final_eval_hi_f1,final_eval_hu_f1,final_eval_id_f1,final_eval_it_f1,final_eval_ja_f1,final_eval_jv_f1,final_eval_ka_f1,final_eval_kk_f1,final_eval_ko_f1,final_eval_lt_f1,final_eval_ml_f1,final_eval_mr_f1,final_eval_ms_f1,final_eval_my_f1,final_eval_nl_f1,final_eval_pa_f1,final_eval_pl_f1,final_eval_pt_f1,final_eval_qu_f1,final_eval_ro_f1,final_eval_ru_f1,final_eval_ta_f1,final_eval_te_f1,final_eval_th_f1,final_eval_tl_f1,final_eval_tr_f1,final_eval_uk_f1,final_eval_ur_f1,final_eval_vi_f1,final_eval_zh_f1,final_eval_bam_f1,final_eval_ewe_f1,final_eval_fon_f1,final_eval_hau_f1,final_eval_ibo_f1,final_eval_kin_f1,final_eval_lug_f1,final_eval_luo_f1,final_eval_mos_f1,final_eval_nya_f1,final_eval_sna_f1,final_eval_swa_f1,final_eval_tsn_f1,final_eval_twi_f1,final_eval_wol_f1,final_eval_xho_f1,final_eval_yor_f1,final_eval_zul_f1,final_eval_same_f1,final_eval_avg_performance,exp,task,seeds,list_final_avg,p_val_xt_afri,p_val_xt_only,p_val_afri_only
75.78 \scriptsize $\pm$ 0.98,40.65 \scriptsize $\pm$ 2.11,61.52 \scriptsize $\pm$ 1.24,76.60 \scriptsize $\pm$ 0.37,66.41 \scriptsize $\pm$ 2.52,77.22 \scriptsize $\pm$ 0.39,70.34 \scriptsize $\pm$ 2.83,67.99 \scriptsize $\pm$ 1.55,74.61 \scriptsize $\pm$ 0.54,62.58 \scriptsize $\pm$ 0.83,40.88 \scriptsize $\pm$ 4.04,77.51 \scriptsize $\pm$ 0.84,78.80 \scriptsize $\pm$ 0.64,41.20 \scriptsize $\pm$ 5.95,52.63 \scriptsize $\pm$ 0.76,63.36 \scriptsize $\pm$ 2.55,74.47 \scriptsize $\pm$ 1.07,51.32 \scriptsize $\pm$ 3.25,80.51 \scriptsize $\pm$ 0.38,30.82 \scriptsize $\pm$ 1.57,60.35 \scriptsize $\pm$ 2.87,64.40 \scriptsize $\pm$ 0.98,42.10 \scriptsize $\pm$ 0.91,59.10 \scriptsize $\pm$ 0.63,72.94 \scriptsize $\pm$ 0.49,49.00 \scriptsize $\pm$ 4.80,54.45 \scriptsize $\pm$ 2.41,67.57 \scriptsize $\pm$ 2.39,47.83 \scriptsize $\pm$ 2.91,80.95 \scriptsize $\pm$ 0.15,35.44 \scriptsize $\pm$ 2.88,79.37 \scriptsize $\pm$ 0.29,78.83 \scriptsize $\pm$ 0.90,61.93 \scriptsize $\pm$ 1.30,69.19 \scriptsize $\pm$ 3.88,63.91 \scriptsize $\pm$ 1.24,49.65 \scriptsize $\pm$ 2.42,44.35 \scriptsize $\pm$ 2.01,2.71 \scriptsize $\pm$ 1.13,74.97 \scriptsize $\pm$ 1.55,70.46 \scriptsize $\pm$ 1.06,69.22 \scriptsize $\pm$ 3.59,33.71 \scriptsize $\pm$ 2.06,71.43 \scriptsize $\pm$ 0.97,40.38 \scriptsize $\pm$ 2.94,14.25 \scriptsize $\pm$ 3.48,45.37 \scriptsize $\pm$ 4.90,25.19 \scriptsize $\pm$ 5.56,49.87 \scriptsize $\pm$ 1.47,27.92 \scriptsize $\pm$ 3.93,23.34 \scriptsize $\pm$ 6.45,38.35 \scriptsize $\pm$ 6.47,38.63 \scriptsize $\pm$ 4.60,25.79 \scriptsize $\pm$ 1.37,21.92 \scriptsize $\pm$ 7.64,17.10 \scriptsize $\pm$ 2.32,49.14 \scriptsize $\pm$ 3.75,28.22 \scriptsize $\pm$ 3.69,15.80 \scriptsize $\pm$ 3.33,18.50 \scriptsize $\pm$ 2.78,14.15 \scriptsize $\pm$ 1.47,18.46 \scriptsize $\pm$ 4.35,13.01 \scriptsize $\pm$ 2.27,84.51 \scriptsize $\pm$ 0.09,51.23 \scriptsize $\pm$ 0.68,abla_most_family_joshi2,wikiann,"[42, 66, 17, 23]","[51.848595432837236, 50.548202321887636, 50.7407275704109, 51.79602206032413]",0.00034356384385076375,0.10166688986670878,0.04856292582195607
76.85 \scriptsize $\pm$ 0.52,43.31 \scriptsize $\pm$ 1.58,65.79 \scriptsize $\pm$ 1.21,76.25 \scriptsize $\pm$ 0.88,68.29 \scriptsize $\pm$ 1.53,77.90 \scriptsize $\pm$ 0.24,72.03 \scriptsize $\pm$ 1.22,71.08 \scriptsize $\pm$ 2.68,77.52 \scriptsize $\pm$ 1.50,66.55 \scriptsize $\pm$ 2.99,42.55 \scriptsize $\pm$ 5.28,77.76 \scriptsize $\pm$ 1.33,79.33 \scriptsize $\pm$ 1.72,43.24 \scriptsize $\pm$ 4.21,53.25 \scriptsize $\pm$ 0.51,66.03 \scriptsize $\pm$ 1.27,75.85 \scriptsize $\pm$ 1.35,56.95 \scriptsize $\pm$ 6.51,80.91 \scriptsize $\pm$ 0.29,26.82 \scriptsize $\pm$ 1.49,63.96 \scriptsize $\pm$ 2.69,60.70 \scriptsize $\pm$ 1.82,48.58 \scriptsize $\pm$ 3.96,60.02 \scriptsize $\pm$ 1.50,74.38 \scriptsize $\pm$ 1.12,54.09 \scriptsize $\pm$ 0.91,57.75 \scriptsize $\pm$ 0.57,62.52 \scriptsize $\pm$ 9.34,53.76 \scriptsize $\pm$ 1.49,81.73 \scriptsize $\pm$ 0.34,35.82 \scriptsize $\pm$ 1.98,80.47 \scriptsize $\pm$ 0.60,79.08 \scriptsize $\pm$ 0.69,62.19 \scriptsize $\pm$ 3.34,68.78 \scriptsize $\pm$ 3.77,64.93 \scriptsize $\pm$ 1.43,47.95 \scriptsize $\pm$ 3.03,44.53 \scriptsize $\pm$ 1.88,0.80 \scriptsize $\pm$ 0.62,77.04 \scriptsize $\pm$ 1.25,74.69 \scriptsize $\pm$ 1.16,67.43 \scriptsize $\pm$ 4.48,39.25 \scriptsize $\pm$ 7.24,71.83 \scriptsize $\pm$ 0.72,37.30 \scriptsize $\pm$ 1.60,9.66 \scriptsize $\pm$ 2.96,38.65 \scriptsize $\pm$ 9.21,28.98 \scriptsize $\pm$ 10.95,33.13 \scriptsize $\pm$ 4.48,23.26 \scriptsize $\pm$ 8.00,22.04 \scriptsize $\pm$ 6.60,32.13 \scriptsize $\pm$ 9.78,18.88 \scriptsize $\pm$ 3.49,11.69 \scriptsize $\pm$ 3.23,19.61 \scriptsize $\pm$ 8.03,13.80 \scriptsize $\pm$ 4.67,50.24 \scriptsize $\pm$ 5.57,22.39 \scriptsize $\pm$ 5.37,13.16 \scriptsize $\pm$ 2.84,14.85 \scriptsize $\pm$ 4.49,9.69 \scriptsize $\pm$ 1.94,20.22 \scriptsize $\pm$ 6.42,11.51 \scriptsize $\pm$ 4.78,84.72 \scriptsize $\pm$ 0.08,50.73 \scriptsize $\pm$ 1.91,abla_most_family_joshi3,wikiann,"[42, 66, 17, 23]","[50.43578888384569, 49.9775172737079, 53.45228034557327, 49.036208814650614]",0.04525768298388112,0.31783544157749094,0.032890849304425186
77.13 \scriptsize $\pm$ 0.88,44.06 \scriptsize $\pm$ 1.01,64.36 \scriptsize $\pm$ 0.41,76.35 \scriptsize $\pm$ 0.52,68.77 \scriptsize $\pm$ 0.88,78.22 \scriptsize $\pm$ 0.52,70.68 \scriptsize $\pm$ 1.37,72.43 \scriptsize $\pm$ 6.08,77.60 \scriptsize $\pm$ 1.04,68.56 \scriptsize $\pm$ 1.65,45.61 \scriptsize $\pm$ 1.61,78.66 \scriptsize $\pm$ 0.18,80.20 \scriptsize $\pm$ 0.28,41.09 \scriptsize $\pm$ 1.75,53.44 \scriptsize $\pm$ 0.47,67.50 \scriptsize $\pm$ 1.41,76.50 \scriptsize $\pm$ 0.87,59.29 \scriptsize $\pm$ 5.85,80.75 \scriptsize $\pm$ 0.22,28.60 \scriptsize $\pm$ 4.00,65.95 \scriptsize $\pm$ 0.65,61.36 \scriptsize $\pm$ 1.71,45.80 \scriptsize $\pm$ 2.91,60.65 \scriptsize $\pm$ 0.66,73.84 \scriptsize $\pm$ 0.75,52.61 \scriptsize $\pm$ 2.37,59.49 \scriptsize $\pm$ 3.11,55.75 \scriptsize $\pm$ 3.91,55.03 \scriptsize $\pm$ 2.31,81.83 \scriptsize $\pm$ 0.38,33.52 \scriptsize $\pm$ 1.57,80.23 \scriptsize $\pm$ 0.15,79.38 \scriptsize $\pm$ 1.48,60.41 \scriptsize $\pm$ 3.91,71.90 \scriptsize $\pm$ 3.49,66.32 \scriptsize $\pm$ 0.57,49.24 \scriptsize $\pm$ 2.31,46.54 \scriptsize $\pm$ 2.32,0.57 \scriptsize $\pm$ 0.27,76.95 \scriptsize $\pm$ 0.87,75.31 \scriptsize $\pm$ 1.68,67.66 \scriptsize $\pm$ 4.61,41.57 \scriptsize $\pm$ 2.54,70.85 \scriptsize $\pm$ 1.83,38.42 \scriptsize $\pm$ 4.20,18.66 \scriptsize $\pm$ 6.13,51.64 \scriptsize $\pm$ 4.00,46.84 \scriptsize $\pm$ 3.38,32.82 \scriptsize $\pm$ 3.32,27.84 \scriptsize $\pm$ 6.59,25.97 \scriptsize $\pm$ 6.13,36.38 \scriptsize $\pm$ 7.97,23.94 \scriptsize $\pm$ 4.71,16.55 \scriptsize $\pm$ 4.53,22.32 \scriptsize $\pm$ 7.83,15.80 \scriptsize $\pm$ 4.52,52.86 \scriptsize $\pm$ 3.12,27.88 \scriptsize $\pm$ 5.17,22.78 \scriptsize $\pm$ 5.86,21.12 \scriptsize $\pm$ 5.63,10.22 \scriptsize $\pm$ 0.77,28.29 \scriptsize $\pm$ 2.80,14.65 \scriptsize $\pm$ 4.66,84.66 \scriptsize $\pm$ 0.11,52.53 \scriptsize $\pm$ 1.67,abla_most_family_joshi35,wikiann,"[42, 66, 17, 23]","[50.94003023243699, 54.68716124859534, 52.959133341624366, 51.55012920574614]",0.19547720722462292,0.9965173201876784,0.08895669367854526
77.63 \scriptsize $\pm$ 1.22,45.64 \scriptsize $\pm$ 3.63,64.34 \scriptsize $\pm$ 0.42,76.15 \scriptsize $\pm$ 0.48,69.64 \scriptsize $\pm$ 0.47,78.61 \scriptsize $\pm$ 0.46,69.74 \scriptsize $\pm$ 1.01,73.74 \scriptsize $\pm$ 3.66,78.44 \scriptsize $\pm$ 0.74,68.14 \scriptsize $\pm$ 1.14,42.74 \scriptsize $\pm$ 6.70,78.99 \scriptsize $\pm$ 0.47,79.97 \scriptsize $\pm$ 0.44,42.89 \scriptsize $\pm$ 4.37,54.42 \scriptsize $\pm$ 1.62,66.72 \scriptsize $\pm$ 1.46,76.53 \scriptsize $\pm$ 1.67,59.83 \scriptsize $\pm$ 4.43,80.90 \scriptsize $\pm$ 0.49,29.04 \scriptsize $\pm$ 1.51,64.20 \scriptsize $\pm$ 1.53,61.24 \scriptsize $\pm$ 1.23,48.61 \scriptsize $\pm$ 5.02,60.23 \scriptsize $\pm$ 1.84,73.93 \scriptsize $\pm$ 0.82,52.79 \scriptsize $\pm$ 3.66,56.74 \scriptsize $\pm$ 2.23,61.77 \scriptsize $\pm$ 6.55,55.95 \scriptsize $\pm$ 2.41,81.57 \scriptsize $\pm$ 0.26,34.01 \scriptsize $\pm$ 0.63,80.22 \scriptsize $\pm$ 0.11,79.29 \scriptsize $\pm$ 0.31,61.78 \scriptsize $\pm$ 2.37,72.53 \scriptsize $\pm$ 4.36,65.56 \scriptsize $\pm$ 1.83,48.98 \scriptsize $\pm$ 2.85,46.37 \scriptsize $\pm$ 3.01,1.78 \scriptsize $\pm$ 1.21,77.16 \scriptsize $\pm$ 0.68,74.50 \scriptsize $\pm$ 1.54,66.06 \scriptsize $\pm$ 1.70,39.95 \scriptsize $\pm$ 3.59,71.80 \scriptsize $\pm$ 1.85,40.20 \scriptsize $\pm$ 1.42,17.14 \scriptsize $\pm$ 4.07,50.18 \scriptsize $\pm$ 7.21,45.15 \scriptsize $\pm$ 2.27,34.46 \scriptsize $\pm$ 5.85,28.97 \scriptsize $\pm$ 3.52,29.02 \scriptsize $\pm$ 6.71,41.96 \scriptsize $\pm$ 10.98,22.43 \scriptsize $\pm$ 4.92,12.94 \scriptsize $\pm$ 1.65,21.80 \scriptsize $\pm$ 6.62,14.77 \scriptsize $\pm$ 4.66,53.76 \scriptsize $\pm$ 2.37,25.01 \scriptsize $\pm$ 4.96,19.67 \scriptsize $\pm$ 5.30,19.15 \scriptsize $\pm$ 3.55,9.45 \scriptsize $\pm$ 1.69,27.05 \scriptsize $\pm$ 2.47,12.42 \scriptsize $\pm$ 3.09,84.68 \scriptsize $\pm$ 0.15,52.52 \scriptsize $\pm$ 1.12,abla_most_family_seen_mbert,wikiann,"[42, 66, 17, 23]","[51.3991269006432, 54.05684305948341, 52.176064997406314, 52.45153115386498]",0.11695130585280288,0.9856670384633707,0.06690878072326825
76.63 \scriptsize $\pm$ 1.07,44.71 \scriptsize $\pm$ 2.87,63.60 \scriptsize $\pm$ 1.50,76.11 \scriptsize $\pm$ 1.03,66.67 \scriptsize $\pm$ 1.92,77.49 \scriptsize $\pm$ 0.54,69.59 \scriptsize $\pm$ 0.60,71.09 \scriptsize $\pm$ 4.02,76.58 \scriptsize $\pm$ 0.28,65.67 \scriptsize $\pm$ 3.78,42.14 \scriptsize $\pm$ 6.31,77.72 \scriptsize $\pm$ 0.72,79.01 \scriptsize $\pm$ 0.80,42.91 \scriptsize $\pm$ 3.85,54.10 \scriptsize $\pm$ 1.06,67.07 \scriptsize $\pm$ 0.56,74.86 \scriptsize $\pm$ 0.83,58.69 \scriptsize $\pm$ 5.19,80.42 \scriptsize $\pm$ 0.34,28.97 \scriptsize $\pm$ 3.56,63.71 \scriptsize $\pm$ 5.63,60.31 \scriptsize $\pm$ 3.22,46.66 \scriptsize $\pm$ 4.04,59.33 \scriptsize $\pm$ 1.92,73.39 \scriptsize $\pm$ 0.80,52.74 \scriptsize $\pm$ 1.71,57.02 \scriptsize $\pm$ 2.02,63.68 \scriptsize $\pm$ 2.81,53.45 \scriptsize $\pm$ 4.68,81.37 \scriptsize $\pm$ 0.56,33.28 \scriptsize $\pm$ 2.66,79.63 \scriptsize $\pm$ 0.27,78.27 \scriptsize $\pm$ 1.05,60.01 \scriptsize $\pm$ 3.16,73.19 \scriptsize $\pm$ 2.25,66.13 \scriptsize $\pm$ 1.14,49.76 \scriptsize $\pm$ 2.51,47.07 \scriptsize $\pm$ 1.69,1.49 \scriptsize $\pm$ 0.49,77.92 \scriptsize $\pm$ 2.20,72.88 \scriptsize $\pm$ 1.85,70.66 \scriptsize $\pm$ 0.66,38.68 \scriptsize $\pm$ 6.87,70.53 \scriptsize $\pm$ 1.83,38.81 \scriptsize $\pm$ 4.23,16.27 \scriptsize $\pm$ 4.49,54.91 \scriptsize $\pm$ 4.14,37.78 \scriptsize $\pm$ 4.25,36.57 \scriptsize $\pm$ 3.51,29.46 \scriptsize $\pm$ 4.44,37.78 \scriptsize $\pm$ 3.55,53.07 \scriptsize $\pm$ 3.20,27.14 \scriptsize $\pm$ 3.89,16.12 \scriptsize $\pm$ 4.62,32.86 \scriptsize $\pm$ 3.26,22.27 \scriptsize $\pm$ 0.38,55.81 \scriptsize $\pm$ 2.08,33.08 \scriptsize $\pm$ 5.90,22.95 \scriptsize $\pm$ 4.86,21.51 \scriptsize $\pm$ 3.66,13.34 \scriptsize $\pm$ 0.39,24.98 \scriptsize $\pm$ 4.86,29.10 \scriptsize $\pm$ 1.45,84.57 \scriptsize $\pm$ 0.48,53.34 \scriptsize $\pm$ 0.80,abla_most_family_seen_xlmr,wikiann,"[42, 66, 17, 23]","[54.04172054781468, 52.29483193848972, 53.886962965216426, 53.125070070367045]",0.03845039808148361,0.39391377758015145,0.619515253821882
75.99 \scriptsize $\pm$ 0.96,39.41 \scriptsize $\pm$ 1.26,63.02 \scriptsize $\pm$ 0.83,75.49 \scriptsize $\pm$ 0.68,70.19 \scriptsize $\pm$ 1.43,77.55 \scriptsize $\pm$ 0.38,69.93 \scriptsize $\pm$ 1.67,66.05 \scriptsize $\pm$ 1.07,74.92 \scriptsize $\pm$ 1.60,61.63 \scriptsize $\pm$ 2.60,34.45 \scriptsize $\pm$ 3.74,77.80 \scriptsize $\pm$ 0.80,78.25 \scriptsize $\pm$ 0.86,41.44 \scriptsize $\pm$ 3.21,52.77 \scriptsize $\pm$ 0.72,64.53 \scriptsize $\pm$ 1.55,73.90 \scriptsize $\pm$ 1.00,51.87 \scriptsize $\pm$ 1.64,80.29 \scriptsize $\pm$ 0.06,29.10 \scriptsize $\pm$ 1.42,60.92 \scriptsize $\pm$ 0.39,62.92 \scriptsize $\pm$ 1.10,43.71 \scriptsize $\pm$ 2.37,57.40 \scriptsize $\pm$ 1.45,72.60 \scriptsize $\pm$ 0.64,50.69 \scriptsize $\pm$ 3.04,55.30 \scriptsize $\pm$ 1.67,69.32 \scriptsize $\pm$ 1.26,51.44 \scriptsize $\pm$ 2.30,81.19 \scriptsize $\pm$ 0.42,35.39 \scriptsize $\pm$ 2.22,79.55 \scriptsize $\pm$ 0.26,77.78 \scriptsize $\pm$ 1.02,62.34 \scriptsize $\pm$ 3.26,63.74 \scriptsize $\pm$ 1.17,61.90 \scriptsize $\pm$ 0.41,50.84 \scriptsize $\pm$ 1.82,45.32 \scriptsize $\pm$ 1.21,0.63 \scriptsize $\pm$ 0.34,76.58 \scriptsize $\pm$ 0.59,69.40 \scriptsize $\pm$ 1.30,68.94 \scriptsize $\pm$ 3.20,33.76 \scriptsize $\pm$ 5.06,69.89 \scriptsize $\pm$ 0.85,41.28 \scriptsize $\pm$ 2.01,23.43 \scriptsize $\pm$ 5.55,55.36 \scriptsize $\pm$ 5.29,41.04 \scriptsize $\pm$ 7.19,49.50 \scriptsize $\pm$ 1.64,37.12 \scriptsize $\pm$ 4.24,37.16 \scriptsize $\pm$ 2.44,53.65 \scriptsize $\pm$ 5.11,42.66 \scriptsize $\pm$ 2.03,30.60 \scriptsize $\pm$ 3.12,37.21 \scriptsize $\pm$ 3.08,22.37 \scriptsize $\pm$ 1.13,54.70 \scriptsize $\pm$ 1.30,34.64 \scriptsize $\pm$ 2.84,36.02 \scriptsize $\pm$ 7.74,24.21 \scriptsize $\pm$ 6.89,12.74 \scriptsize $\pm$ 0.84,19.15 \scriptsize $\pm$ 4.49,18.43 \scriptsize $\pm$ 2.35,84.34 \scriptsize $\pm$ 0.15,53.37 \scriptsize $\pm$ 0.82,abla_most_family_unseen_mbert,wikiann,"[42, 66, 17, 23]","[53.28382165193195, 54.41401309596453, 52.41791407026168, 53.36814458104926]",0.16211806128227693,0.2748892905538533,0.5834771097735131
75.35 \scriptsize $\pm$ 1.03,37.64 \scriptsize $\pm$ 2.25,61.82 \scriptsize $\pm$ 0.62,74.95 \scriptsize $\pm$ 1.14,69.20 \scriptsize $\pm$ 1.68,77.60 \scriptsize $\pm$ 0.97,68.98 \scriptsize $\pm$ 1.12,66.94 \scriptsize $\pm$ 2.25,73.73 \scriptsize $\pm$ 2.08,57.35 \scriptsize $\pm$ 6.68,33.49 \scriptsize $\pm$ 4.71,76.82 \scriptsize $\pm$ 0.61,77.48 \scriptsize $\pm$ 0.63,37.06 \scriptsize $\pm$ 2.46,52.13 \scriptsize $\pm$ 0.64,64.76 \scriptsize $\pm$ 1.64,73.58 \scriptsize $\pm$ 1.07,51.59 \scriptsize $\pm$ 0.92,80.22 \scriptsize $\pm$ 0.27,30.19 \scriptsize $\pm$ 1.88,57.38 \scriptsize $\pm$ 1.33,62.64 \scriptsize $\pm$ 2.02,44.12 \scriptsize $\pm$ 3.29,56.65 \scriptsize $\pm$ 0.55,71.54 \scriptsize $\pm$ 0.92,46.62 \scriptsize $\pm$ 2.64,52.59 \scriptsize $\pm$ 2.65,68.09 \scriptsize $\pm$ 1.74,52.99 \scriptsize $\pm$ 6.13,80.60 \scriptsize $\pm$ 0.56,37.66 \scriptsize $\pm$ 3.81,78.87 \scriptsize $\pm$ 0.75,77.14 \scriptsize $\pm$ 0.73,61.45 \scriptsize $\pm$ 2.45,63.34 \scriptsize $\pm$ 0.96,63.38 \scriptsize $\pm$ 1.89,49.79 \scriptsize $\pm$ 1.54,43.26 \scriptsize $\pm$ 1.14,0.63 \scriptsize $\pm$ 0.44,75.80 \scriptsize $\pm$ 2.26,68.39 \scriptsize $\pm$ 0.73,67.16 \scriptsize $\pm$ 1.81,23.19 \scriptsize $\pm$ 4.46,69.14 \scriptsize $\pm$ 0.89,41.09 \scriptsize $\pm$ 2.92,23.71 \scriptsize $\pm$ 3.79,46.93 \scriptsize $\pm$ 5.33,42.36 \scriptsize $\pm$ 5.99,34.57 \scriptsize $\pm$ 1.48,31.37 \scriptsize $\pm$ 4.03,37.17 \scriptsize $\pm$ 2.06,55.79 \scriptsize $\pm$ 4.66,39.52 \scriptsize $\pm$ 4.30,26.87 \scriptsize $\pm$ 1.23,36.80 \scriptsize $\pm$ 1.09,23.83 \scriptsize $\pm$ 2.20,53.44 \scriptsize $\pm$ 3.81,32.69 \scriptsize $\pm$ 4.56,34.74 \scriptsize $\pm$ 2.48,37.01 \scriptsize $\pm$ 4.34,14.35 \scriptsize $\pm$ 1.17,23.73 \scriptsize $\pm$ 4.25,28.70 \scriptsize $\pm$ 0.99,84.50 \scriptsize $\pm$ 0.18,52.54 \scriptsize $\pm$ 0.97,abla_most_family_unseen_xlmr,wikiann,"[42, 66, 17, 23]","[53.28922522053676, 53.12474491498606, 52.578040105889414, 51.163027009265676]",0.06553788512546808,0.9983972753247177,0.12272329479199799
75.62 \scriptsize $\pm$ 0.73,43.46 \scriptsize $\pm$ 2.29,63.11 \scriptsize $\pm$ 2.87,75.70 \scriptsize $\pm$ 0.47,67.37 \scriptsize $\pm$ 1.85,77.81 \scriptsize $\pm$ 0.12,71.03 \scriptsize $\pm$ 1.20,67.50 \scriptsize $\pm$ 1.31,76.42 \scriptsize $\pm$ 1.03,63.10 \scriptsize $\pm$ 2.47,39.89 \scriptsize $\pm$ 2.12,77.71 \scriptsize $\pm$ 1.11,79.09 \scriptsize $\pm$ 0.57,40.39 \scriptsize $\pm$ 6.02,53.88 \scriptsize $\pm$ 0.62,65.50 \scriptsize $\pm$ 2.28,74.96 \scriptsize $\pm$ 1.43,54.99 \scriptsize $\pm$ 5.59,80.29 \scriptsize $\pm$ 0.52,29.48 \scriptsize $\pm$ 2.24,57.64 \scriptsize $\pm$ 2.83,63.49 \scriptsize $\pm$ 1.07,45.18 \scriptsize $\pm$ 1.85,58.43 \scriptsize $\pm$ 1.57,72.33 \scriptsize $\pm$ 0.66,47.45 \scriptsize $\pm$ 2.92,57.06 \scriptsize $\pm$ 2.76,66.55 \scriptsize $\pm$ 4.15,48.03 \scriptsize $\pm$ 2.60,80.79 \scriptsize $\pm$ 0.20,30.83 \scriptsize $\pm$ 3.21,79.42 \scriptsize $\pm$ 0.66,77.80 \scriptsize $\pm$ 0.46,61.49 \scriptsize $\pm$ 2.20,68.85 \scriptsize $\pm$ 2.37,64.84 \scriptsize $\pm$ 0.69,49.42 \scriptsize $\pm$ 1.50,45.19 \scriptsize $\pm$ 1.18,2.91 \scriptsize $\pm$ 1.45,76.01 \scriptsize $\pm$ 1.93,70.59 \scriptsize $\pm$ 1.19,70.61 \scriptsize $\pm$ 2.78,27.91 \scriptsize $\pm$ 6.38,70.86 \scriptsize $\pm$ 1.04,38.92 \scriptsize $\pm$ 2.18,14.56 \scriptsize $\pm$ 3.40,49.17 \scriptsize $\pm$ 0.74,28.18 \scriptsize $\pm$ 4.60,32.83 \scriptsize $\pm$ 2.70,23.64 \scriptsize $\pm$ 3.07,28.07 \scriptsize $\pm$ 3.83,43.58 \scriptsize $\pm$ 5.00,22.99 \scriptsize $\pm$ 2.62,13.40 \scriptsize $\pm$ 1.72,19.42 \scriptsize $\pm$ 3.08,16.61 \scriptsize $\pm$ 2.09,43.61 \scriptsize $\pm$ 5.55,23.93 \scriptsize $\pm$ 0.99,15.32 \scriptsize $\pm$ 2.59,18.56 \scriptsize $\pm$ 2.62,12.27 \scriptsize $\pm$ 1.62,18.36 \scriptsize $\pm$ 5.26,13.29 \scriptsize $\pm$ 3.27,84.49 \scriptsize $\pm$ 0.31,50.50 \scriptsize $\pm$ 0.66,abla_most_script_joshi2,wikiann,"[42, 66, 17, 23]","[50.06347510220433, 49.89370065051573, 51.34787726136462, 50.70291480407923]",0.0063223632474883095,0.1334712965858115,0.006530575675953893
77.19 \scriptsize $\pm$ 0.63,41.96 \scriptsize $\pm$ 2.25,64.97 \scriptsize $\pm$ 1.58,77.06 \scriptsize $\pm$ 0.57,64.96 \scriptsize $\pm$ 2.66,78.01 \scriptsize $\pm$ 0.12,70.72 \scriptsize $\pm$ 0.78,72.00 \scriptsize $\pm$ 1.64,76.15 \scriptsize $\pm$ 0.48,67.83 \scriptsize $\pm$ 1.00,42.78 \scriptsize $\pm$ 8.58,78.40 \scriptsize $\pm$ 0.46,78.89 \scriptsize $\pm$ 0.75,41.61 \scriptsize $\pm$ 3.71,54.22 \scriptsize $\pm$ 1.45,65.06 \scriptsize $\pm$ 2.58,76.98 \scriptsize $\pm$ 0.73,54.73 \scriptsize $\pm$ 2.02,80.78 \scriptsize $\pm$ 0.23,25.51 \scriptsize $\pm$ 3.74,64.14 \scriptsize $\pm$ 1.47,59.89 \scriptsize $\pm$ 1.00,49.85 \scriptsize $\pm$ 3.37,59.49 \scriptsize $\pm$ 0.99,73.43 \scriptsize $\pm$ 1.06,50.11 \scriptsize $\pm$ 4.36,54.52 \scriptsize $\pm$ 1.50,69.14 \scriptsize $\pm$ 0.65,56.84 \scriptsize $\pm$ 3.67,81.35 \scriptsize $\pm$ 0.11,30.73 \scriptsize $\pm$ 2.70,80.31 \scriptsize $\pm$ 0.20,79.17 \scriptsize $\pm$ 0.52,59.18 \scriptsize $\pm$ 4.18,72.34 \scriptsize $\pm$ 5.18,66.91 \scriptsize $\pm$ 1.14,48.10 \scriptsize $\pm$ 3.31,45.29 \scriptsize $\pm$ 3.48,1.27 \scriptsize $\pm$ 1.10,75.48 \scriptsize $\pm$ 1.44,75.72 \scriptsize $\pm$ 1.15,69.61 \scriptsize $\pm$ 0.69,36.35 \scriptsize $\pm$ 6.74,71.48 \scriptsize $\pm$ 1.67,33.15 \scriptsize $\pm$ 3.77,6.08 \scriptsize $\pm$ 1.44,37.63 \scriptsize $\pm$ 4.82,28.60 \scriptsize $\pm$ 2.45,24.14 \scriptsize $\pm$ 2.91,17.61 \scriptsize $\pm$ 5.18,17.11 \scriptsize $\pm$ 2.21,21.37 \scriptsize $\pm$ 7.40,15.35 \scriptsize $\pm$ 0.49,8.89 \scriptsize $\pm$ 0.40,13.04 \scriptsize $\pm$ 1.66,9.62 \scriptsize $\pm$ 0.59,49.46 \scriptsize $\pm$ 2.10,17.03 \scriptsize $\pm$ 2.57,10.63 \scriptsize $\pm$ 1.90,10.56 \scriptsize $\pm$ 0.57,7.63 \scriptsize $\pm$ 0.46,23.23 \scriptsize $\pm$ 2.43,9.34 \scriptsize $\pm$ 2.79,84.70 \scriptsize $\pm$ 0.27,49.46 \scriptsize $\pm$ 0.31,abla_most_script_joshi3,wikiann,"[42, 66, 17, 23]","[49.644437604426315, 49.773308925383276, 49.069313491235725, 49.36853632463709]",0.0021855125559466742,0.01380776170618639,0.0031674098294916463
77.54 \scriptsize $\pm$ 0.67,45.88 \scriptsize $\pm$ 3.31,64.75 \scriptsize $\pm$ 0.69,76.50 \scriptsize $\pm$ 0.76,68.09 \scriptsize $\pm$ 1.26,77.79 \scriptsize $\pm$ 0.21,70.61 \scriptsize $\pm$ 1.56,73.02 \scriptsize $\pm$ 2.99,77.83 \scriptsize $\pm$ 0.65,69.11 \scriptsize $\pm$ 1.25,44.54 \scriptsize $\pm$ 4.62,78.87 \scriptsize $\pm$ 0.32,79.50 \scriptsize $\pm$ 0.40,41.64 \scriptsize $\pm$ 2.75,54.14 \scriptsize $\pm$ 1.09,66.04 \scriptsize $\pm$ 0.22,76.70 \scriptsize $\pm$ 0.40,61.43 \scriptsize $\pm$ 4.41,81.07 \scriptsize $\pm$ 0.34,28.29 \scriptsize $\pm$ 3.09,67.12 \scriptsize $\pm$ 1.92,61.35 \scriptsize $\pm$ 2.15,51.07 \scriptsize $\pm$ 1.87,60.62 \scriptsize $\pm$ 1.70,74.00 \scriptsize $\pm$ 0.56,51.66 \scriptsize $\pm$ 1.88,57.69 \scriptsize $\pm$ 1.09,62.37 \scriptsize $\pm$ 8.11,54.50 \scriptsize $\pm$ 0.71,81.93 \scriptsize $\pm$ 0.33,31.96 \scriptsize $\pm$ 1.10,80.22 \scriptsize $\pm$ 0.53,79.70 \scriptsize $\pm$ 1.07,62.92 \scriptsize $\pm$ 2.18,73.06 \scriptsize $\pm$ 2.67,66.27 \scriptsize $\pm$ 1.53,48.65 \scriptsize $\pm$ 1.84,46.50 \scriptsize $\pm$ 1.75,0.58 \scriptsize $\pm$ 0.19,77.80 \scriptsize $\pm$ 1.72,76.59 \scriptsize $\pm$ 1.41,68.32 \scriptsize $\pm$ 2.53,42.83 \scriptsize $\pm$ 4.24,71.61 \scriptsize $\pm$ 1.35,39.03 \scriptsize $\pm$ 2.60,14.02 \scriptsize $\pm$ 4.92,46.84 \scriptsize $\pm$ 3.77,35.85 \scriptsize $\pm$ 10.24,32.51 \scriptsize $\pm$ 2.11,26.81 \scriptsize $\pm$ 7.54,25.30 \scriptsize $\pm$ 4.68,33.36 \scriptsize $\pm$ 4.87,24.78 \scriptsize $\pm$ 3.70,15.30 \scriptsize $\pm$ 4.08,21.74 \scriptsize $\pm$ 4.15,14.97 \scriptsize $\pm$ 0.33,52.89 \scriptsize $\pm$ 2.35,25.87 \scriptsize $\pm$ 2.86,17.99 \scriptsize $\pm$ 4.92,19.19 \scriptsize $\pm$ 6.57,9.81 \scriptsize $\pm$ 0.90,24.80 \scriptsize $\pm$ 4.80,14.57 \scriptsize $\pm$ 0.67,84.75 \scriptsize $\pm$ 0.09,52.24 \scriptsize $\pm$ 1.45,abla_most_script_joshi35,wikiann,"[42, 66, 17, 23]","[52.48798819590139, 52.90580039999856, 50.13987869963158, 53.40776680436816]",0.044697577793387774,0.6289631573957903,0.24166251061641505
76.98 \scriptsize $\pm$ 0.73,43.50 \scriptsize $\pm$ 3.93,65.76 \scriptsize $\pm$ 1.95,77.84 \scriptsize $\pm$ 0.52,70.23 \scriptsize $\pm$ 0.58,78.65 \scriptsize $\pm$ 0.93,71.89 \scriptsize $\pm$ 1.62,73.19 \scriptsize $\pm$ 5.35,76.53 \scriptsize $\pm$ 0.59,70.52 \scriptsize $\pm$ 1.84,46.78 \scriptsize $\pm$ 7.85,77.19 \scriptsize $\pm$ 0.64,78.88 \scriptsize $\pm$ 0.62,50.22 \scriptsize $\pm$ 2.70,54.94 \scriptsize $\pm$ 1.25,65.67 \scriptsize $\pm$ 1.54,74.93 \scriptsize $\pm$ 0.90,52.96 \scriptsize $\pm$ 1.46,81.23 \scriptsize $\pm$ 0.15,29.11 \scriptsize $\pm$ 1.76,63.13 \scriptsize $\pm$ 3.16,67.63 \scriptsize $\pm$ 0.66,45.03 \scriptsize $\pm$ 2.92,60.06 \scriptsize $\pm$ 0.49,73.89 \scriptsize $\pm$ 0.86,57.49 \scriptsize $\pm$ 2.64,58.37 \scriptsize $\pm$ 2.34,66.65 \scriptsize $\pm$ 4.34,57.68 \scriptsize $\pm$ 2.16,81.78 \scriptsize $\pm$ 0.76,34.45 \scriptsize $\pm$ 2.21,80.03 \scriptsize $\pm$ 0.26,79.41 \scriptsize $\pm$ 1.56,59.49 \scriptsize $\pm$ 1.64,71.49 \scriptsize $\pm$ 4.10,66.11 \scriptsize $\pm$ 1.14,53.81 \scriptsize $\pm$ 0.79,48.03 \scriptsize $\pm$ 0.49,2.01 \scriptsize $\pm$ 0.75,77.02 \scriptsize $\pm$ 1.03,74.01 \scriptsize $\pm$ 1.03,70.46 \scriptsize $\pm$ 2.93,32.39 \scriptsize $\pm$ 4.97,72.16 \scriptsize $\pm$ 1.40,38.74 \scriptsize $\pm$ 2.69,14.00 \scriptsize $\pm$ 3.20,47.03 \scriptsize $\pm$ 3.72,31.34 \scriptsize $\pm$ 6.16,30.19 \scriptsize $\pm$ 2.03,21.37 \scriptsize $\pm$ 8.08,23.14 \scriptsize $\pm$ 1.89,34.64 \scriptsize $\pm$ 0.76,16.89 \scriptsize $\pm$ 2.03,11.16 \scriptsize $\pm$ 2.27,18.51 \scriptsize $\pm$ 2.35,12.87 \scriptsize $\pm$ 1.33,50.35 \scriptsize $\pm$ 1.97,23.73 \scriptsize $\pm$ 1.74,17.95 \scriptsize $\pm$ 3.23,12.89 \scriptsize $\pm$ 1.09,8.75 \scriptsize $\pm$ 0.83,21.57 \scriptsize $\pm$ 3.99,13.21 \scriptsize $\pm$ 2.14,84.79 \scriptsize $\pm$ 0.32,51.61 \scriptsize $\pm$ 0.35,abla_most_script_joshi45,wikiann,"[42, 66, 17, 23]","[51.62578217844322, 52.093123875961744, 51.4061680982636, 51.29583664900942]",0.01518481289290844,0.25971911085831034,0.012383401984063796
76.85 \scriptsize $\pm$ 0.10,46.02 \scriptsize $\pm$ 3.44,64.33 \scriptsize $\pm$ 1.45,76.52 \scriptsize $\pm$ 0.40,65.69 \scriptsize $\pm$ 3.21,78.07 \scriptsize $\pm$ 0.48,71.67 \scriptsize $\pm$ 1.04,72.89 \scriptsize $\pm$ 3.78,77.15 \scriptsize $\pm$ 0.38,67.40 \scriptsize $\pm$ 1.52,45.89 \scriptsize $\pm$ 2.35,78.38 \scriptsize $\pm$ 0.28,80.01 \scriptsize $\pm$ 0.78,40.60 \scriptsize $\pm$ 2.11,53.73 \scriptsize $\pm$ 1.09,64.89 \scriptsize $\pm$ 2.74,76.12 \scriptsize $\pm$ 0.86,53.41 \scriptsize $\pm$ 3.88,80.83 \scriptsize $\pm$ 0.13,29.02 \scriptsize $\pm$ 1.82,65.19 \scriptsize $\pm$ 3.28,59.59 \scriptsize $\pm$ 2.68,47.49 \scriptsize $\pm$ 2.40,59.63 \scriptsize $\pm$ 1.24,73.22 \scriptsize $\pm$ 0.63,52.05 \scriptsize $\pm$ 2.58,57.25 \scriptsize $\pm$ 3.93,66.59 \scriptsize $\pm$ 3.18,49.41 \scriptsize $\pm$ 2.24,81.67 \scriptsize $\pm$ 0.32,32.09 \scriptsize $\pm$ 3.43,79.87 \scriptsize $\pm$ 0.35,79.41 \scriptsize $\pm$ 0.92,60.76 \scriptsize $\pm$ 1.54,72.36 \scriptsize $\pm$ 2.66,65.95 \scriptsize $\pm$ 1.20,46.42 \scriptsize $\pm$ 2.31,45.89 \scriptsize $\pm$ 1.62,0.70 \scriptsize $\pm$ 0.16,75.67 \scriptsize $\pm$ 2.89,74.59 \scriptsize $\pm$ 1.29,66.85 \scriptsize $\pm$ 4.54,40.51 \scriptsize $\pm$ 4.79,70.82 \scriptsize $\pm$ 1.78,38.17 \scriptsize $\pm$ 2.72,7.69 \scriptsize $\pm$ 2.00,35.30 \scriptsize $\pm$ 4.61,29.80 \scriptsize $\pm$ 7.91,27.17 \scriptsize $\pm$ 1.96,15.62 \scriptsize $\pm$ 4.41,18.23 \scriptsize $\pm$ 0.74,22.63 \scriptsize $\pm$ 4.18,15.21 \scriptsize $\pm$ 1.23,9.84 \scriptsize $\pm$ 1.80,14.50 \scriptsize $\pm$ 2.94,10.87 \scriptsize $\pm$ 0.58,50.82 \scriptsize $\pm$ 2.28,16.11 \scriptsize $\pm$ 1.30,10.92 \scriptsize $\pm$ 1.40,11.37 \scriptsize $\pm$ 1.17,8.77 \scriptsize $\pm$ 0.91,22.02 \scriptsize $\pm$ 4.95,9.66 \scriptsize $\pm$ 1.17,84.83 \scriptsize $\pm$ 0.21,49.73 \scriptsize $\pm$ 0.79,abla_most_script_seen_mbert,wikiann,"[42, 66, 17, 23]","[50.179591952179095, 48.55410385408027, 50.158179664565495, 50.04507552786306]",0.0006536799357509285,0.042267552199576244,0.012049345158975157
76.85 \scriptsize $\pm$ 0.10,46.02 \scriptsize $\pm$ 3.44,64.33 \scriptsize $\pm$ 1.45,76.52 \scriptsize $\pm$ 0.40,65.69 \scriptsize $\pm$ 3.21,78.07 \scriptsize $\pm$ 0.48,71.67 \scriptsize $\pm$ 1.04,72.89 \scriptsize $\pm$ 3.78,77.15 \scriptsize $\pm$ 0.38,67.40 \scriptsize $\pm$ 1.52,45.89 \scriptsize $\pm$ 2.35,78.38 \scriptsize $\pm$ 0.28,80.01 \scriptsize $\pm$ 0.78,40.60 \scriptsize $\pm$ 2.11,53.73 \scriptsize $\pm$ 1.09,64.89 \scriptsize $\pm$ 2.74,76.12 \scriptsize $\pm$ 0.86,53.41 \scriptsize $\pm$ 3.88,80.83 \scriptsize $\pm$ 0.13,29.02 \scriptsize $\pm$ 1.82,65.19 \scriptsize $\pm$ 3.28,59.59 \scriptsize $\pm$ 2.68,47.49 \scriptsize $\pm$ 2.40,59.63 \scriptsize $\pm$ 1.24,73.22 \scriptsize $\pm$ 0.63,52.05 \scriptsize $\pm$ 2.58,57.25 \scriptsize $\pm$ 3.93,66.59 \scriptsize $\pm$ 3.18,49.41 \scriptsize $\pm$ 2.24,81.67 \scriptsize $\pm$ 0.32,32.09 \scriptsize $\pm$ 3.43,79.87 \scriptsize $\pm$ 0.35,79.41 \scriptsize $\pm$ 0.92,60.76 \scriptsize $\pm$ 1.54,72.36 \scriptsize $\pm$ 2.66,65.95 \scriptsize $\pm$ 1.20,46.42 \scriptsize $\pm$ 2.31,45.89 \scriptsize $\pm$ 1.62,0.70 \scriptsize $\pm$ 0.16,75.67 \scriptsize $\pm$ 2.89,74.59 \scriptsize $\pm$ 1.29,66.85 \scriptsize $\pm$ 4.54,40.51 \scriptsize $\pm$ 4.79,70.82 \scriptsize $\pm$ 1.78,38.17 \scriptsize $\pm$ 2.72,7.69 \scriptsize $\pm$ 2.00,35.30 \scriptsize $\pm$ 4.61,29.80 \scriptsize $\pm$ 7.91,27.17 \scriptsize $\pm$ 1.96,15.62 \scriptsize $\pm$ 4.41,18.23 \scriptsize $\pm$ 0.74,22.63 \scriptsize $\pm$ 4.18,15.21 \scriptsize $\pm$ 1.23,9.84 \scriptsize $\pm$ 1.80,14.50 \scriptsize $\pm$ 2.94,10.87 \scriptsize $\pm$ 0.58,50.82 \scriptsize $\pm$ 2.28,16.11 \scriptsize $\pm$ 1.30,10.92 \scriptsize $\pm$ 1.40,11.37 \scriptsize $\pm$ 1.17,8.77 \scriptsize $\pm$ 0.91,22.02 \scriptsize $\pm$ 4.95,9.66 \scriptsize $\pm$ 1.17,84.83 \scriptsize $\pm$ 0.21,49.73 \scriptsize $\pm$ 0.79,abla_most_script_seen_xlmr,wikiann,"[42, 66, 17, 23]","[50.179591952179095, 48.55410385408027, 50.158179664565495, 50.04507552786306]",0.0006536799357509285,0.042267552199576244,0.012049345158975157
76.45 \scriptsize $\pm$ 1.08,39.08 \scriptsize $\pm$ 3.29,63.09 \scriptsize $\pm$ 0.30,76.07 \scriptsize $\pm$ 1.13,68.52 \scriptsize $\pm$ 1.65,77.98 \scriptsize $\pm$ 0.81,71.66 \scriptsize $\pm$ 1.18,70.34 \scriptsize $\pm$ 3.32,76.06 \scriptsize $\pm$ 1.17,61.89 \scriptsize $\pm$ 4.05,31.83 \scriptsize $\pm$ 4.12,77.43 \scriptsize $\pm$ 0.33,79.05 \scriptsize $\pm$ 0.65,43.79 \scriptsize $\pm$ 3.84,52.06 \scriptsize $\pm$ 0.40,63.38 \scriptsize $\pm$ 2.10,73.98 \scriptsize $\pm$ 0.53,51.41 \scriptsize $\pm$ 0.80,80.26 \scriptsize $\pm$ 0.39,28.71 \scriptsize $\pm$ 3.67,58.74 \scriptsize $\pm$ 3.29,65.05 \scriptsize $\pm$ 1.81,43.25 \scriptsize $\pm$ 1.74,58.97 \scriptsize $\pm$ 0.77,73.11 \scriptsize $\pm$ 0.37,52.28 \scriptsize $\pm$ 5.10,56.26 \scriptsize $\pm$ 3.27,69.37 \scriptsize $\pm$ 0.63,49.38 \scriptsize $\pm$ 1.92,81.04 \scriptsize $\pm$ 0.35,34.32 \scriptsize $\pm$ 1.15,79.61 \scriptsize $\pm$ 0.51,78.00 \scriptsize $\pm$ 0.33,60.10 \scriptsize $\pm$ 2.49,69.23 \scriptsize $\pm$ 4.71,64.48 \scriptsize $\pm$ 2.00,50.56 \scriptsize $\pm$ 1.67,44.31 \scriptsize $\pm$ 1.71,1.80 \scriptsize $\pm$ 1.08,74.78 \scriptsize $\pm$ 1.10,71.46 \scriptsize $\pm$ 1.15,70.95 \scriptsize $\pm$ 2.61,28.21 \scriptsize $\pm$ 4.48,70.03 \scriptsize $\pm$ 1.41,39.56 \scriptsize $\pm$ 5.16,15.48 \scriptsize $\pm$ 0.63,44.15 \scriptsize $\pm$ 4.09,39.06 \scriptsize $\pm$ 3.11,30.11 \scriptsize $\pm$ 2.08,27.23 \scriptsize $\pm$ 2.71,44.40 \scriptsize $\pm$ 0.90,55.27 \scriptsize $\pm$ 1.51,20.58 \scriptsize $\pm$ 1.81,13.70 \scriptsize $\pm$ 0.56,30.49 \scriptsize $\pm$ 0.63,22.34 \scriptsize $\pm$ 1.48,51.98 \scriptsize $\pm$ 2.33,23.19 \scriptsize $\pm$ 1.83,15.22 \scriptsize $\pm$ 4.01,14.22 \scriptsize $\pm$ 1.21,12.67 \scriptsize $\pm$ 0.55,21.35 \scriptsize $\pm$ 5.16,16.85 \scriptsize $\pm$ 1.29,84.43 \scriptsize $\pm$ 0.18,51.42 \scriptsize $\pm$ 0.30,abla_most_uriel_joshi2,wikiann,"[42, 66, 17, 23]","[51.818915306957294, 51.38342956242923, 51.097090985206385, 51.363264049240456]",0.004262885069271912,0.1385726135456776,0.025045564489833447
76.37 \scriptsize $\pm$ 0.72,43.91 \scriptsize $\pm$ 3.09,64.42 \scriptsize $\pm$ 1.32,76.67 \scriptsize $\pm$ 0.35,67.54 \scriptsize $\pm$ 0.65,77.19 \scriptsize $\pm$ 0.81,70.45 \scriptsize $\pm$ 0.49,68.19 \scriptsize $\pm$ 1.94,76.79 \scriptsize $\pm$ 0.91,63.93 \scriptsize $\pm$ 4.63,40.94 \scriptsize $\pm$ 6.58,77.61 \scriptsize $\pm$ 0.82,78.96 \scriptsize $\pm$ 0.79,45.23 \scriptsize $\pm$ 5.58,53.63 \scriptsize $\pm$ 0.79,66.10 \scriptsize $\pm$ 1.33,75.37 \scriptsize $\pm$ 1.05,59.38 \scriptsize $\pm$ 5.72,80.85 \scriptsize $\pm$ 0.38,27.84 \scriptsize $\pm$ 0.85,62.80 \scriptsize $\pm$ 2.19,60.39 \scriptsize $\pm$ 1.75,48.97 \scriptsize $\pm$ 5.14,59.40 \scriptsize $\pm$ 1.80,73.58 \scriptsize $\pm$ 0.37,51.45 \scriptsize $\pm$ 1.86,56.68 \scriptsize $\pm$ 0.72,55.27 \scriptsize $\pm$ 3.90,54.23 \scriptsize $\pm$ 3.71,81.45 \scriptsize $\pm$ 0.17,34.91 \scriptsize $\pm$ 2.99,79.83 \scriptsize $\pm$ 0.36,78.08 \scriptsize $\pm$ 0.68,60.33 \scriptsize $\pm$ 4.14,69.22 \scriptsize $\pm$ 3.68,65.99 \scriptsize $\pm$ 1.43,49.22 \scriptsize $\pm$ 1.99,46.64 \scriptsize $\pm$ 0.78,0.60 \scriptsize $\pm$ 0.61,78.73 \scriptsize $\pm$ 1.11,73.00 \scriptsize $\pm$ 1.82,68.65 \scriptsize $\pm$ 2.26,37.46 \scriptsize $\pm$ 1.99,73.10 \scriptsize $\pm$ 2.79,36.95 \scriptsize $\pm$ 3.43,6.34 \scriptsize $\pm$ 1.21,38.52 \scriptsize $\pm$ 4.59,24.26 \scriptsize $\pm$ 3.17,32.46 \scriptsize $\pm$ 4.23,20.51 \scriptsize $\pm$ 5.21,23.18 \scriptsize $\pm$ 5.58,34.07 \scriptsize $\pm$ 10.02,18.60 \scriptsize $\pm$ 3.33,10.71 \scriptsize $\pm$ 1.27,17.76 \scriptsize $\pm$ 4.59,12.78 \scriptsize $\pm$ 2.29,51.06 \scriptsize $\pm$ 4.02,20.63 \scriptsize $\pm$ 3.73,11.71 \scriptsize $\pm$ 1.92,11.89 \scriptsize $\pm$ 3.13,9.64 \scriptsize $\pm$ 1.16,21.80 \scriptsize $\pm$ 1.07,11.99 \scriptsize $\pm$ 3.62,84.71 \scriptsize $\pm$ 0.15,50.17 \scriptsize $\pm$ 0.81,abla_most_uriel_joshi3,wikiann,"[42, 66, 17, 23]","[49.049960614076994, 50.33388615835121, 50.99954601494697, 50.29977261704163]",0.012334321283937208,0.12133202392608174,0.001114004103314536
76.74 \scriptsize $\pm$ 0.70,45.68 \scriptsize $\pm$ 3.98,64.07 \scriptsize $\pm$ 0.74,76.13 \scriptsize $\pm$ 0.60,67.90 \scriptsize $\pm$ 2.26,77.72 \scriptsize $\pm$ 0.52,70.13 \scriptsize $\pm$ 1.22,70.89 \scriptsize $\pm$ 4.45,76.78 \scriptsize $\pm$ 0.44,68.36 \scriptsize $\pm$ 2.75,43.31 \scriptsize $\pm$ 4.84,77.48 \scriptsize $\pm$ 0.20,78.92 \scriptsize $\pm$ 0.86,45.94 \scriptsize $\pm$ 3.03,53.59 \scriptsize $\pm$ 0.34,68.61 \scriptsize $\pm$ 1.62,75.11 \scriptsize $\pm$ 0.87,59.31 \scriptsize $\pm$ 4.51,80.67 \scriptsize $\pm$ 0.29,28.00 \scriptsize $\pm$ 4.31,63.59 \scriptsize $\pm$ 2.41,61.47 \scriptsize $\pm$ 1.82,46.89 \scriptsize $\pm$ 3.34,59.38 \scriptsize $\pm$ 0.97,73.36 \scriptsize $\pm$ 0.45,53.66 \scriptsize $\pm$ 2.28,58.45 \scriptsize $\pm$ 1.38,54.12 \scriptsize $\pm$ 1.75,58.42 \scriptsize $\pm$ 1.44,81.53 \scriptsize $\pm$ 0.33,33.64 \scriptsize $\pm$ 2.16,79.96 \scriptsize $\pm$ 0.26,78.93 \scriptsize $\pm$ 1.30,61.87 \scriptsize $\pm$ 2.52,70.27 \scriptsize $\pm$ 4.98,66.92 \scriptsize $\pm$ 1.58,50.27 \scriptsize $\pm$ 2.27,47.45 \scriptsize $\pm$ 1.32,2.07 \scriptsize $\pm$ 0.72,75.65 \scriptsize $\pm$ 1.79,72.87 \scriptsize $\pm$ 2.47,66.28 \scriptsize $\pm$ 3.09,40.92 \scriptsize $\pm$ 7.90,73.60 \scriptsize $\pm$ 1.78,36.39 \scriptsize $\pm$ 3.99,12.83 \scriptsize $\pm$ 6.35,44.10 \scriptsize $\pm$ 9.48,32.13 \scriptsize $\pm$ 9.30,31.83 \scriptsize $\pm$ 5.20,23.39 \scriptsize $\pm$ 12.09,24.99 \scriptsize $\pm$ 7.63,34.83 \scriptsize $\pm$ 11.50,19.59 \scriptsize $\pm$ 6.95,9.92 \scriptsize $\pm$ 1.99,17.53 \scriptsize $\pm$ 5.89,12.36 \scriptsize $\pm$ 2.53,52.71 \scriptsize $\pm$ 3.12,22.23 \scriptsize $\pm$ 6.76,16.23 \scriptsize $\pm$ 6.17,13.73 \scriptsize $\pm$ 4.45,9.31 \scriptsize $\pm$ 1.34,24.33 \scriptsize $\pm$ 2.66,12.53 \scriptsize $\pm$ 3.62,84.64 \scriptsize $\pm$ 0.13,51.13 \scriptsize $\pm$ 1.74,abla_most_uriel_joshi35,wikiann,"[42, 66, 17, 23]","[50.42472726431374, 51.34016648553861, 49.333931946214875, 53.43287449185426]",0.027317511382963372,0.23973639602051794,0.10576529528252722
75.56 \scriptsize $\pm$ 0.96,40.62 \scriptsize $\pm$ 1.91,63.49 \scriptsize $\pm$ 1.09,77.70 \scriptsize $\pm$ 0.64,70.33 \scriptsize $\pm$ 1.87,77.82 \scriptsize $\pm$ 0.80,70.76 \scriptsize $\pm$ 1.56,71.11 \scriptsize $\pm$ 4.06,76.26 \scriptsize $\pm$ 0.99,69.58 \scriptsize $\pm$ 0.87,42.54 \scriptsize $\pm$ 3.29,76.79 \scriptsize $\pm$ 0.72,79.07 \scriptsize $\pm$ 0.68,45.08 \scriptsize $\pm$ 3.76,53.97 \scriptsize $\pm$ 1.50,64.58 \scriptsize $\pm$ 2.48,74.17 \scriptsize $\pm$ 0.66,61.15 \scriptsize $\pm$ 5.50,80.95 \scriptsize $\pm$ 0.22,29.01 \scriptsize $\pm$ 0.52,61.51 \scriptsize $\pm$ 3.83,65.34 \scriptsize $\pm$ 1.49,44.10 \scriptsize $\pm$ 2.32,57.44 \scriptsize $\pm$ 0.94,72.63 \scriptsize $\pm$ 0.25,54.58 \scriptsize $\pm$ 3.06,59.29 \scriptsize $\pm$ 0.64,68.67 \scriptsize $\pm$ 1.56,54.04 \scriptsize $\pm$ 3.67,81.34 \scriptsize $\pm$ 0.43,34.39 \scriptsize $\pm$ 3.17,79.82 \scriptsize $\pm$ 0.32,78.22 \scriptsize $\pm$ 1.82,61.38 \scriptsize $\pm$ 3.71,67.31 \scriptsize $\pm$ 1.86,64.85 \scriptsize $\pm$ 0.51,51.61 \scriptsize $\pm$ 1.64,46.64 \scriptsize $\pm$ 2.82,1.47 \scriptsize $\pm$ 0.74,76.90 \scriptsize $\pm$ 0.52,72.32 \scriptsize $\pm$ 1.51,71.32 \scriptsize $\pm$ 4.18,46.53 \scriptsize $\pm$ 16.38,73.08 \scriptsize $\pm$ 0.85,40.60 \scriptsize $\pm$ 0.87,11.48 \scriptsize $\pm$ 3.51,40.22 \scriptsize $\pm$ 5.97,29.89 \scriptsize $\pm$ 4.15,28.82 \scriptsize $\pm$ 2.98,23.87 \scriptsize $\pm$ 3.85,20.41 \scriptsize $\pm$ 4.73,28.01 \scriptsize $\pm$ 7.07,15.84 \scriptsize $\pm$ 3.04,12.61 \scriptsize $\pm$ 2.12,15.25 \scriptsize $\pm$ 5.31,9.80 \scriptsize $\pm$ 1.53,44.51 \scriptsize $\pm$ 2.52,19.70 \scriptsize $\pm$ 4.02,16.98 \scriptsize $\pm$ 5.06,13.68 \scriptsize $\pm$ 3.37,7.98 \scriptsize $\pm$ 0.68,22.89 \scriptsize $\pm$ 3.40,9.58 \scriptsize $\pm$ 1.70,84.75 \scriptsize $\pm$ 0.12,50.66 \scriptsize $\pm$ 0.41,abla_most_uriel_joshi45,wikiann,"[42, 66, 17, 23]","[50.51388887160338, 50.42259270490166, 50.43024459159353, 51.27020674532868]",0.0027882893052967035,0.07987771026615259,0.01283930412287697
76.45 \scriptsize $\pm$ 0.34,45.72 \scriptsize $\pm$ 4.01,64.97 \scriptsize $\pm$ 1.22,76.35 \scriptsize $\pm$ 0.77,67.99 \scriptsize $\pm$ 1.83,78.16 \scriptsize $\pm$ 0.40,70.58 \scriptsize $\pm$ 1.09,70.77 \scriptsize $\pm$ 3.37,77.29 \scriptsize $\pm$ 0.86,67.46 \scriptsize $\pm$ 1.76,41.39 \scriptsize $\pm$ 2.04,78.36 \scriptsize $\pm$ 0.60,79.49 \scriptsize $\pm$ 1.01,46.51 \scriptsize $\pm$ 2.40,55.60 \scriptsize $\pm$ 0.82,67.94 \scriptsize $\pm$ 1.55,76.07 \scriptsize $\pm$ 1.75,56.56 \scriptsize $\pm$ 4.78,80.77 \scriptsize $\pm$ 0.38,29.48 \scriptsize $\pm$ 1.11,63.94 \scriptsize $\pm$ 4.72,62.31 \scriptsize $\pm$ 2.54,46.03 \scriptsize $\pm$ 4.36,60.78 \scriptsize $\pm$ 0.85,73.88 \scriptsize $\pm$ 0.65,54.76 \scriptsize $\pm$ 2.14,59.15 \scriptsize $\pm$ 1.66,64.89 \scriptsize $\pm$ 3.13,56.69 \scriptsize $\pm$ 5.85,81.42 \scriptsize $\pm$ 0.31,34.59 \scriptsize $\pm$ 0.69,79.86 \scriptsize $\pm$ 0.07,79.39 \scriptsize $\pm$ 1.38,61.03 \scriptsize $\pm$ 3.52,70.48 \scriptsize $\pm$ 5.02,65.77 \scriptsize $\pm$ 1.54,51.16 \scriptsize $\pm$ 2.39,48.48 \scriptsize $\pm$ 1.85,1.95 \scriptsize $\pm$ 1.17,75.88 \scriptsize $\pm$ 1.15,74.97 \scriptsize $\pm$ 1.77,65.89 \scriptsize $\pm$ 2.30,39.26 \scriptsize $\pm$ 3.23,71.91 \scriptsize $\pm$ 1.07,39.46 \scriptsize $\pm$ 1.24,18.80 \scriptsize $\pm$ 5.65,49.78 \scriptsize $\pm$ 3.98,44.72 \scriptsize $\pm$ 7.03,34.40 \scriptsize $\pm$ 2.72,32.18 \scriptsize $\pm$ 3.50,33.54 \scriptsize $\pm$ 4.04,46.29 \scriptsize $\pm$ 5.60,21.97 \scriptsize $\pm$ 2.69,13.41 \scriptsize $\pm$ 2.07,30.11 \scriptsize $\pm$ 4.65,17.06 \scriptsize $\pm$ 2.84,52.70 \scriptsize $\pm$ 0.36,26.29 \scriptsize $\pm$ 2.23,20.08 \scriptsize $\pm$ 3.09,19.39 \scriptsize $\pm$ 5.20,11.05 \scriptsize $\pm$ 1.95,28.20 \scriptsize $\pm$ 4.60,13.06 \scriptsize $\pm$ 3.38,84.75 \scriptsize $\pm$ 0.11,52.96 \scriptsize $\pm$ 1.14,abla_most_uriel_seen_mbert,wikiann,"[42, 66, 17, 23]","[53.881083153876055, 52.064635753895956, 54.019621084383544, 51.88512977363665]",0.07464505511188464,0.6855015835722911,0.367291121266959
76.52 \scriptsize $\pm$ 0.97,44.33 \scriptsize $\pm$ 2.22,63.56 \scriptsize $\pm$ 1.41,76.55 \scriptsize $\pm$ 0.42,68.59 \scriptsize $\pm$ 2.24,77.94 \scriptsize $\pm$ 0.38,70.50 \scriptsize $\pm$ 0.92,70.84 \scriptsize $\pm$ 1.17,76.62 \scriptsize $\pm$ 0.95,67.98 \scriptsize $\pm$ 1.38,42.23 \scriptsize $\pm$ 4.46,78.42 \scriptsize $\pm$ 0.59,79.46 \scriptsize $\pm$ 0.39,49.33 \scriptsize $\pm$ 3.28,52.75 \scriptsize $\pm$ 1.34,68.96 \scriptsize $\pm$ 0.78,75.47 \scriptsize $\pm$ 0.81,59.43 \scriptsize $\pm$ 4.68,80.50 \scriptsize $\pm$ 0.31,29.18 \scriptsize $\pm$ 2.32,65.49 \scriptsize $\pm$ 1.99,62.34 \scriptsize $\pm$ 1.56,47.62 \scriptsize $\pm$ 1.39,61.95 \scriptsize $\pm$ 0.96,73.72 \scriptsize $\pm$ 0.82,56.15 \scriptsize $\pm$ 2.58,59.79 \scriptsize $\pm$ 1.64,60.66 \scriptsize $\pm$ 6.02,56.87 \scriptsize $\pm$ 1.08,81.52 \scriptsize $\pm$ 0.19,34.51 \scriptsize $\pm$ 2.98,79.72 \scriptsize $\pm$ 0.38,78.65 \scriptsize $\pm$ 0.93,63.38 \scriptsize $\pm$ 2.58,68.03 \scriptsize $\pm$ 2.17,65.61 \scriptsize $\pm$ 1.51,52.90 \scriptsize $\pm$ 2.15,47.67 \scriptsize $\pm$ 1.96,0.81 \scriptsize $\pm$ 0.78,76.45 \scriptsize $\pm$ 1.77,72.73 \scriptsize $\pm$ 2.77,70.97 \scriptsize $\pm$ 3.96,41.56 \scriptsize $\pm$ 7.32,73.89 \scriptsize $\pm$ 3.07,39.71 \scriptsize $\pm$ 1.85,16.92 \scriptsize $\pm$ 5.97,50.81 \scriptsize $\pm$ 3.22,31.75 \scriptsize $\pm$ 3.80,30.32 \scriptsize $\pm$ 2.57,28.78 \scriptsize $\pm$ 2.70,32.50 \scriptsize $\pm$ 3.66,44.70 \scriptsize $\pm$ 6.58,25.00 \scriptsize $\pm$ 2.53,13.31 \scriptsize $\pm$ 1.46,28.89 \scriptsize $\pm$ 4.14,18.74 \scriptsize $\pm$ 2.73,46.83 \scriptsize $\pm$ 1.07,25.42 \scriptsize $\pm$ 2.88,21.54 \scriptsize $\pm$ 4.14,19.95 \scriptsize $\pm$ 3.57,13.61 \scriptsize $\pm$ 1.53,21.24 \scriptsize $\pm$ 3.91,16.53 \scriptsize $\pm$ 4.02,84.71 \scriptsize $\pm$ 0.21,52.71 \scriptsize $\pm$ 0.87,abla_most_uriel_seen_xlmr,wikiann,"[42, 66, 17, 23]","[53.03197110123491, 51.698602688411455, 53.73637270880806, 52.37122863391542]",0.03625617929416172,0.871294827198857,0.20212165913609412
76.22 \scriptsize $\pm$ 0.83,39.36 \scriptsize $\pm$ 1.78,62.58 \scriptsize $\pm$ 0.96,74.96 \scriptsize $\pm$ 0.61,67.61 \scriptsize $\pm$ 1.60,77.24 \scriptsize $\pm$ 0.35,69.30 \scriptsize $\pm$ 1.19,67.52 \scriptsize $\pm$ 3.09,75.92 \scriptsize $\pm$ 0.37,62.35 \scriptsize $\pm$ 3.15,37.77 \scriptsize $\pm$ 3.57,77.65 \scriptsize $\pm$ 0.53,78.01 \scriptsize $\pm$ 0.36,37.76 \scriptsize $\pm$ 1.55,52.46 \scriptsize $\pm$ 0.48,65.68 \scriptsize $\pm$ 1.00,73.21 \scriptsize $\pm$ 0.83,52.37 \scriptsize $\pm$ 2.58,79.93 \scriptsize $\pm$ 0.19,28.69 \scriptsize $\pm$ 0.21,56.90 \scriptsize $\pm$ 2.42,63.55 \scriptsize $\pm$ 1.29,42.93 \scriptsize $\pm$ 2.00,56.94 \scriptsize $\pm$ 1.30,72.33 \scriptsize $\pm$ 0.81,48.37 \scriptsize $\pm$ 4.34,56.72 \scriptsize $\pm$ 1.13,69.46 \scriptsize $\pm$ 0.48,52.21 \scriptsize $\pm$ 3.26,80.53 \scriptsize $\pm$ 0.41,34.19 \scriptsize $\pm$ 1.82,78.99 \scriptsize $\pm$ 0.81,76.83 \scriptsize $\pm$ 0.68,60.05 \scriptsize $\pm$ 3.93,65.60 \scriptsize $\pm$ 3.51,62.51 \scriptsize $\pm$ 0.73,51.25 \scriptsize $\pm$ 1.47,44.39 \scriptsize $\pm$ 1.12,1.17 \scriptsize $\pm$ 0.45,76.13 \scriptsize $\pm$ 1.01,69.17 \scriptsize $\pm$ 1.50,68.40 \scriptsize $\pm$ 3.76,30.93 \scriptsize $\pm$ 2.02,69.76 \scriptsize $\pm$ 1.84,41.84 \scriptsize $\pm$ 2.05,24.77 \scriptsize $\pm$ 8.20,59.76 \scriptsize $\pm$ 2.47,38.72 \scriptsize $\pm$ 5.28,46.74 \scriptsize $\pm$ 2.36,28.20 \scriptsize $\pm$ 4.56,35.54 \scriptsize $\pm$ 2.07,54.02 \scriptsize $\pm$ 2.84,38.90 \scriptsize $\pm$ 3.61,19.54 \scriptsize $\pm$ 3.65,33.44 \scriptsize $\pm$ 4.00,22.53 \scriptsize $\pm$ 3.57,53.49 \scriptsize $\pm$ 1.55,30.41 \scriptsize $\pm$ 3.08,30.95 \scriptsize $\pm$ 4.78,21.76 \scriptsize $\pm$ 5.34,16.87 \scriptsize $\pm$ 4.13,15.84 \scriptsize $\pm$ 4.22,24.65 \scriptsize $\pm$ 2.69,84.46 \scriptsize $\pm$ 0.15,52.63 \scriptsize $\pm$ 0.44,abla_most_uriel_unseen_mbert,wikiann,"[42, 66, 17, 23]","[52.77918295559982, 52.25633693191635, 53.18312627160695, 52.302140893029836]",0.028723571511072327,0.919771433607097,0.09233100975031529
75.52 \scriptsize $\pm$ 0.21,36.90 \scriptsize $\pm$ 1.40,62.32 \scriptsize $\pm$ 1.34,75.67 \scriptsize $\pm$ 0.37,69.62 \scriptsize $\pm$ 1.92,77.37 \scriptsize $\pm$ 0.31,69.27 \scriptsize $\pm$ 0.66,68.29 \scriptsize $\pm$ 1.84,73.79 \scriptsize $\pm$ 1.22,62.73 \scriptsize $\pm$ 4.36,32.25 \scriptsize $\pm$ 3.02,76.83 \scriptsize $\pm$ 1.20,78.12 \scriptsize $\pm$ 0.96,38.54 \scriptsize $\pm$ 3.81,52.33 \scriptsize $\pm$ 0.56,66.39 \scriptsize $\pm$ 2.89,73.97 \scriptsize $\pm$ 0.59,50.96 \scriptsize $\pm$ 1.09,79.82 \scriptsize $\pm$ 0.16,29.35 \scriptsize $\pm$ 2.93,58.14 \scriptsize $\pm$ 3.46,63.16 \scriptsize $\pm$ 0.31,40.27 \scriptsize $\pm$ 0.72,57.44 \scriptsize $\pm$ 0.79,72.86 \scriptsize $\pm$ 0.26,51.03 \scriptsize $\pm$ 3.02,53.75 \scriptsize $\pm$ 3.08,69.62 \scriptsize $\pm$ 0.96,51.86 \scriptsize $\pm$ 3.76,80.76 \scriptsize $\pm$ 0.20,35.83 \scriptsize $\pm$ 1.20,79.14 \scriptsize $\pm$ 0.23,77.70 \scriptsize $\pm$ 0.30,61.33 \scriptsize $\pm$ 2.04,65.50 \scriptsize $\pm$ 3.33,63.16 \scriptsize $\pm$ 2.36,49.63 \scriptsize $\pm$ 0.59,43.78 \scriptsize $\pm$ 2.29,0.76 \scriptsize $\pm$ 0.74,74.48 \scriptsize $\pm$ 2.55,69.75 \scriptsize $\pm$ 1.41,67.54 \scriptsize $\pm$ 3.71,23.66 \scriptsize $\pm$ 0.82,69.60 \scriptsize $\pm$ 1.59,41.76 \scriptsize $\pm$ 2.86,24.69 \scriptsize $\pm$ 5.46,58.11 \scriptsize $\pm$ 2.56,38.34 \scriptsize $\pm$ 5.50,35.39 \scriptsize $\pm$ 1.30,27.40 \scriptsize $\pm$ 4.03,37.83 \scriptsize $\pm$ 1.31,57.65 \scriptsize $\pm$ 2.59,40.85 \scriptsize $\pm$ 3.40,29.50 \scriptsize $\pm$ 2.66,36.92 \scriptsize $\pm$ 4.64,21.23 \scriptsize $\pm$ 1.82,56.38 \scriptsize $\pm$ 1.23,34.47 \scriptsize $\pm$ 2.44,28.55 \scriptsize $\pm$ 4.03,36.39 \scriptsize $\pm$ 5.30,13.77 \scriptsize $\pm$ 2.71,19.60 \scriptsize $\pm$ 2.30,24.90 \scriptsize $\pm$ 3.07,84.47 \scriptsize $\pm$ 0.21,52.80 \scriptsize $\pm$ 0.73,abla_most_uriel_unseen_xlmr,wikiann,"[42, 66, 17, 23]","[52.437826576682276, 52.55823784109535, 53.88415150872953, 52.304204961054126]",0.0782351498111111,0.819660144070133,0.07038907807985884
75.84 \scriptsize $\pm$ 0.55,41.16 \scriptsize $\pm$ 3.65,60.99 \scriptsize $\pm$ 0.87,75.96 \scriptsize $\pm$ 0.74,68.91 \scriptsize $\pm$ 1.66,77.86 \scriptsize $\pm$ 0.64,69.95 \scriptsize $\pm$ 1.14,67.39 \scriptsize $\pm$ 2.01,75.05 \scriptsize $\pm$ 1.03,62.83 \scriptsize $\pm$ 3.86,38.21 \scriptsize $\pm$ 2.12,77.06 \scriptsize $\pm$ 0.36,78.65 \scriptsize $\pm$ 0.77,41.57 \scriptsize $\pm$ 4.77,52.56 \scriptsize $\pm$ 0.44,66.58 \scriptsize $\pm$ 1.98,73.70 \scriptsize $\pm$ 0.63,49.75 \scriptsize $\pm$ 0.28,80.02 \scriptsize $\pm$ 0.28,28.47 \scriptsize $\pm$ 3.16,61.90 \scriptsize $\pm$ 3.54,63.89 \scriptsize $\pm$ 1.87,42.64 \scriptsize $\pm$ 0.88,58.58 \scriptsize $\pm$ 0.95,71.66 \scriptsize $\pm$ 0.70,47.79 \scriptsize $\pm$ 0.64,55.95 \scriptsize $\pm$ 2.51,68.96 \scriptsize $\pm$ 1.22,49.36 \scriptsize $\pm$ 1.60,81.27 \scriptsize $\pm$ 0.62,35.56 \scriptsize $\pm$ 1.36,78.88 \scriptsize $\pm$ 0.43,77.75 \scriptsize $\pm$ 0.66,61.24 \scriptsize $\pm$ 3.45,65.46 \scriptsize $\pm$ 2.16,64.72 \scriptsize $\pm$ 0.95,50.18 \scriptsize $\pm$ 0.74,44.13 \scriptsize $\pm$ 1.29,1.72 \scriptsize $\pm$ 0.70,72.61 \scriptsize $\pm$ 2.35,69.51 \scriptsize $\pm$ 1.27,69.11 \scriptsize $\pm$ 2.14,31.37 \scriptsize $\pm$ 6.41,69.90 \scriptsize $\pm$ 0.89,39.75 \scriptsize $\pm$ 3.69,23.56 \scriptsize $\pm$ 6.43,52.72 \scriptsize $\pm$ 12.21,33.90 \scriptsize $\pm$ 15.77,33.37 \scriptsize $\pm$ 3.21,35.97 \scriptsize $\pm$ 5.28,38.64 \scriptsize $\pm$ 4.11,58.23 \scriptsize $\pm$ 4.37,28.27 \scriptsize $\pm$ 8.54,20.46 \scriptsize $\pm$ 3.97,34.63 \scriptsize $\pm$ 3.69,19.79 \scriptsize $\pm$ 2.47,49.07 \scriptsize $\pm$ 2.85,34.02 \scriptsize $\pm$ 8.39,28.79 \scriptsize $\pm$ 8.43,29.53 \scriptsize $\pm$ 12.50,14.49 \scriptsize $\pm$ 1.93,19.33 \scriptsize $\pm$ 3.15,22.15 \scriptsize $\pm$ 6.95,84.41 \scriptsize $\pm$ 0.23,52.46 \scriptsize $\pm$ 0.97,abla_random_joshi2,wikiann,"[42, 66, 17, 23]","[51.27206296103909, 53.47142476009573, 52.117444625386675, 52.997520036717766]",0.08585349703355401,0.9429684705465147,0.07690630263914346
77.14 \scriptsize $\pm$ 0.86,43.64 \scriptsize $\pm$ 1.98,65.41 \scriptsize $\pm$ 1.25,76.52 \scriptsize $\pm$ 0.99,67.07 \scriptsize $\pm$ 0.95,77.84 \scriptsize $\pm$ 0.20,71.33 \scriptsize $\pm$ 1.45,71.90 \scriptsize $\pm$ 1.43,77.14 \scriptsize $\pm$ 1.65,65.21 \scriptsize $\pm$ 1.78,42.89 \scriptsize $\pm$ 3.77,77.43 \scriptsize $\pm$ 0.73,79.41 \scriptsize $\pm$ 0.35,42.26 \scriptsize $\pm$ 4.09,52.97 \scriptsize $\pm$ 0.81,65.38 \scriptsize $\pm$ 0.94,75.32 \scriptsize $\pm$ 1.40,62.01 \scriptsize $\pm$ 5.62,80.78 \scriptsize $\pm$ 0.21,27.65 \scriptsize $\pm$ 0.56,63.47 \scriptsize $\pm$ 4.49,62.54 \scriptsize $\pm$ 1.78,45.54 \scriptsize $\pm$ 2.20,58.69 \scriptsize $\pm$ 2.05,73.67 \scriptsize $\pm$ 0.89,50.09 \scriptsize $\pm$ 4.18,56.26 \scriptsize $\pm$ 1.72,61.27 \scriptsize $\pm$ 4.83,55.27 \scriptsize $\pm$ 1.91,81.41 \scriptsize $\pm$ 0.21,35.55 \scriptsize $\pm$ 4.23,79.97 \scriptsize $\pm$ 0.26,78.37 \scriptsize $\pm$ 1.01,59.99 \scriptsize $\pm$ 2.30,71.32 \scriptsize $\pm$ 4.84,65.75 \scriptsize $\pm$ 1.21,48.98 \scriptsize $\pm$ 1.01,45.89 \scriptsize $\pm$ 2.04,1.39 \scriptsize $\pm$ 1.41,76.16 \scriptsize $\pm$ 2.10,73.86 \scriptsize $\pm$ 2.31,71.77 \scriptsize $\pm$ 5.40,37.00 \scriptsize $\pm$ 9.43,73.62 \scriptsize $\pm$ 0.81,35.90 \scriptsize $\pm$ 2.50,9.89 \scriptsize $\pm$ 6.96,36.94 \scriptsize $\pm$ 12.47,20.34 \scriptsize $\pm$ 6.83,31.36 \scriptsize $\pm$ 6.55,20.99 \scriptsize $\pm$ 9.78,22.06 \scriptsize $\pm$ 9.68,30.34 \scriptsize $\pm$ 14.21,19.23 \scriptsize $\pm$ 7.68,10.14 \scriptsize $\pm$ 2.57,19.52 \scriptsize $\pm$ 10.90,13.17 \scriptsize $\pm$ 4.93,51.55 \scriptsize $\pm$ 5.04,22.12 \scriptsize $\pm$ 8.50,11.88 \scriptsize $\pm$ 6.05,12.91 \scriptsize $\pm$ 5.39,9.20 \scriptsize $\pm$ 0.63,18.91 \scriptsize $\pm$ 7.54,11.45 \scriptsize $\pm$ 5.69,84.72 \scriptsize $\pm$ 0.17,50.31 \scriptsize $\pm$ 2.05,abla_random_joshi3,wikiann,"[42, 66, 17, 23]","[53.12657227437573, 48.2803650875531, 49.53765715971189, 50.29025583315526]",0.004931605927267906,0.06024690683652509,0.09429672600351703
77.70 \scriptsize $\pm$ 0.36,40.94 \scriptsize $\pm$ 1.79,64.01 \scriptsize $\pm$ 0.73,76.96 \scriptsize $\pm$ 0.85,69.36 \scriptsize $\pm$ 1.60,78.31 \scriptsize $\pm$ 0.56,70.89 \scriptsize $\pm$ 2.29,74.33 \scriptsize $\pm$ 2.28,77.19 \scriptsize $\pm$ 1.11,68.85 \scriptsize $\pm$ 0.87,39.70 \scriptsize $\pm$ 9.12,77.86 \scriptsize $\pm$ 0.98,79.21 \scriptsize $\pm$ 1.10,44.14 \scriptsize $\pm$ 5.69,53.89 \scriptsize $\pm$ 0.76,66.21 \scriptsize $\pm$ 1.33,76.15 \scriptsize $\pm$ 0.71,57.47 \scriptsize $\pm$ 5.84,80.99 \scriptsize $\pm$ 0.41,27.34 \scriptsize $\pm$ 3.85,61.45 \scriptsize $\pm$ 1.48,65.06 \scriptsize $\pm$ 3.10,44.90 \scriptsize $\pm$ 2.17,59.68 \scriptsize $\pm$ 1.54,74.22 \scriptsize $\pm$ 0.78,51.97 \scriptsize $\pm$ 0.79,57.19 \scriptsize $\pm$ 2.27,57.87 \scriptsize $\pm$ 8.29,56.21 \scriptsize $\pm$ 2.40,81.79 \scriptsize $\pm$ 0.20,34.80 \scriptsize $\pm$ 0.61,80.11 \scriptsize $\pm$ 0.25,80.09 \scriptsize $\pm$ 1.54,63.56 \scriptsize $\pm$ 3.99,72.75 \scriptsize $\pm$ 4.02,65.99 \scriptsize $\pm$ 1.14,50.45 \scriptsize $\pm$ 2.78,46.29 \scriptsize $\pm$ 2.70,0.56 \scriptsize $\pm$ 0.11,78.15 \scriptsize $\pm$ 1.85,74.67 \scriptsize $\pm$ 0.65,71.46 \scriptsize $\pm$ 1.61,34.37 \scriptsize $\pm$ 10.66,71.49 \scriptsize $\pm$ 1.20,35.11 \scriptsize $\pm$ 3.43,14.12 \scriptsize $\pm$ 4.11,44.13 \scriptsize $\pm$ 7.15,28.40 \scriptsize $\pm$ 8.79,32.55 \scriptsize $\pm$ 2.66,26.60 \scriptsize $\pm$ 5.27,28.28 \scriptsize $\pm$ 4.24,38.76 \scriptsize $\pm$ 5.82,20.94 \scriptsize $\pm$ 3.50,13.31 \scriptsize $\pm$ 2.04,21.79 \scriptsize $\pm$ 3.48,14.52 \scriptsize $\pm$ 2.65,50.88 \scriptsize $\pm$ 3.92,23.79 \scriptsize $\pm$ 2.40,17.41 \scriptsize $\pm$ 5.08,17.66 \scriptsize $\pm$ 3.83,10.26 \scriptsize $\pm$ 2.05,22.90 \scriptsize $\pm$ 2.82,13.96 \scriptsize $\pm$ 2.76,84.86 \scriptsize $\pm$ 0.21,51.51 \scriptsize $\pm$ 0.70,abla_random_joshi35,wikiann,"[42, 66, 17, 23]","[51.00231320596378, 51.83747334906896, 52.34174730066255, 50.86682710767468]",0.028719255398362915,0.3796894881849465,0.0008302234718755178
75.72 \scriptsize $\pm$ 0.87,42.80 \scriptsize $\pm$ 2.03,63.83 \scriptsize $\pm$ 1.60,77.31 \scriptsize $\pm$ 0.84,70.25 \scriptsize $\pm$ 1.84,77.95 \scriptsize $\pm$ 0.44,70.77 \scriptsize $\pm$ 1.24,71.10 \scriptsize $\pm$ 2.21,76.48 \scriptsize $\pm$ 1.03,68.66 \scriptsize $\pm$ 2.66,37.65 \scriptsize $\pm$ 3.50,76.53 \scriptsize $\pm$ 0.71,78.55 \scriptsize $\pm$ 0.56,42.61 \scriptsize $\pm$ 1.13,53.08 \scriptsize $\pm$ 0.34,66.56 \scriptsize $\pm$ 1.03,74.91 \scriptsize $\pm$ 0.73,55.90 \scriptsize $\pm$ 4.82,80.64 \scriptsize $\pm$ 0.51,27.41 \scriptsize $\pm$ 0.60,63.72 \scriptsize $\pm$ 2.03,64.65 \scriptsize $\pm$ 0.30,45.20 \scriptsize $\pm$ 2.57,58.82 \scriptsize $\pm$ 1.05,72.98 \scriptsize $\pm$ 1.32,55.26 \scriptsize $\pm$ 1.55,56.74 \scriptsize $\pm$ 1.17,63.97 \scriptsize $\pm$ 7.11,53.60 \scriptsize $\pm$ 1.98,81.30 \scriptsize $\pm$ 0.64,35.45 \scriptsize $\pm$ 1.40,79.81 \scriptsize $\pm$ 0.39,77.99 \scriptsize $\pm$ 0.68,59.80 \scriptsize $\pm$ 1.70,70.86 \scriptsize $\pm$ 4.48,65.88 \scriptsize $\pm$ 0.94,51.63 \scriptsize $\pm$ 1.38,46.67 \scriptsize $\pm$ 2.32,1.13 \scriptsize $\pm$ 0.55,77.11 \scriptsize $\pm$ 1.36,74.11 \scriptsize $\pm$ 1.60,71.71 \scriptsize $\pm$ 3.46,35.66 \scriptsize $\pm$ 6.90,71.96 \scriptsize $\pm$ 1.10,37.11 \scriptsize $\pm$ 1.98,11.78 \scriptsize $\pm$ 7.23,41.93 \scriptsize $\pm$ 11.41,28.49 \scriptsize $\pm$ 12.19,30.77 \scriptsize $\pm$ 2.08,22.38 \scriptsize $\pm$ 7.77,22.56 \scriptsize $\pm$ 3.34,33.46 \scriptsize $\pm$ 5.41,18.77 \scriptsize $\pm$ 4.76,13.20 \scriptsize $\pm$ 5.42,18.71 \scriptsize $\pm$ 4.95,13.05 \scriptsize $\pm$ 2.06,46.40 \scriptsize $\pm$ 4.60,21.17 \scriptsize $\pm$ 4.83,16.27 \scriptsize $\pm$ 10.23,14.68 \scriptsize $\pm$ 6.70,9.25 \scriptsize $\pm$ 1.33,19.52 \scriptsize $\pm$ 6.68,13.65 \scriptsize $\pm$ 2.95,84.89 \scriptsize $\pm$ 0.24,50.67 \scriptsize $\pm$ 1.50,abla_random_joshi45,wikiann,"[42, 66, 17, 23]","[52.485199356849265, 50.15450696693533, 48.92750785342601, 51.106092827972915]",0.0029073145631311383,0.003795875140474005,0.07772531143817858
76.73 \scriptsize $\pm$ 0.96,41.55 \scriptsize $\pm$ 4.36,63.34 \scriptsize $\pm$ 3.09,76.31 \scriptsize $\pm$ 0.12,68.55 \scriptsize $\pm$ 1.21,78.11 \scriptsize $\pm$ 0.45,70.77 \scriptsize $\pm$ 0.85,70.58 \scriptsize $\pm$ 1.41,76.49 \scriptsize $\pm$ 1.79,65.97 \scriptsize $\pm$ 2.13,39.37 \scriptsize $\pm$ 7.99,77.35 \scriptsize $\pm$ 0.86,79.34 \scriptsize $\pm$ 1.67,41.94 \scriptsize $\pm$ 3.88,53.81 \scriptsize $\pm$ 1.16,66.63 \scriptsize $\pm$ 2.11,74.80 \scriptsize $\pm$ 1.18,56.12 \scriptsize $\pm$ 2.16,80.69 \scriptsize $\pm$ 0.33,30.67 \scriptsize $\pm$ 1.90,66.65 \scriptsize $\pm$ 1.34,63.39 \scriptsize $\pm$ 2.19,43.39 \scriptsize $\pm$ 1.70,59.29 \scriptsize $\pm$ 1.37,73.64 \scriptsize $\pm$ 0.85,51.57 \scriptsize $\pm$ 5.60,55.27 \scriptsize $\pm$ 1.77,58.95 \scriptsize $\pm$ 8.58,52.72 \scriptsize $\pm$ 4.48,81.25 \scriptsize $\pm$ 0.42,35.19 \scriptsize $\pm$ 4.60,80.25 \scriptsize $\pm$ 0.29,78.42 \scriptsize $\pm$ 0.72,60.18 \scriptsize $\pm$ 2.85,71.02 \scriptsize $\pm$ 3.10,66.32 \scriptsize $\pm$ 1.86,50.57 \scriptsize $\pm$ 1.31,45.53 \scriptsize $\pm$ 1.98,1.88 \scriptsize $\pm$ 0.97,75.27 \scriptsize $\pm$ 0.56,72.57 \scriptsize $\pm$ 1.27,69.39 \scriptsize $\pm$ 2.93,34.09 \scriptsize $\pm$ 2.95,71.88 \scriptsize $\pm$ 2.00,39.22 \scriptsize $\pm$ 2.89,12.71 \scriptsize $\pm$ 2.67,46.36 \scriptsize $\pm$ 4.64,36.40 \scriptsize $\pm$ 6.90,33.39 \scriptsize $\pm$ 4.00,27.98 \scriptsize $\pm$ 4.36,27.29 \scriptsize $\pm$ 2.97,38.32 \scriptsize $\pm$ 6.11,21.55 \scriptsize $\pm$ 2.94,11.95 \scriptsize $\pm$ 1.25,24.06 \scriptsize $\pm$ 2.78,15.43 \scriptsize $\pm$ 2.67,48.73 \scriptsize $\pm$ 2.10,23.86 \scriptsize $\pm$ 2.67,17.54 \scriptsize $\pm$ 3.32,14.89 \scriptsize $\pm$ 0.42,9.43 \scriptsize $\pm$ 0.73,23.82 \scriptsize $\pm$ 1.18,14.11 \scriptsize $\pm$ 2.73,84.81 \scriptsize $\pm$ 0.18,51.25 \scriptsize $\pm$ 0.40,abla_random_seen_mbert,wikiann,"[42, 66, 17, 23]","[51.770662167974095, 51.28261861967923, 51.10728091402121, 50.820552425835245]",0.005613007526299817,0.11579129647106268,0.017606207174067953
77.22 \scriptsize $\pm$ 0.94,44.14 \scriptsize $\pm$ 3.82,63.39 \scriptsize $\pm$ 2.21,77.15 \scriptsize $\pm$ 1.12,68.38 \scriptsize $\pm$ 1.52,78.07 \scriptsize $\pm$ 0.99,71.02 \scriptsize $\pm$ 1.56,73.54 \scriptsize $\pm$ 2.21,76.75 \scriptsize $\pm$ 1.14,64.94 \scriptsize $\pm$ 2.47,43.12 \scriptsize $\pm$ 2.88,77.62 \scriptsize $\pm$ 1.35,80.46 \scriptsize $\pm$ 1.10,42.35 \scriptsize $\pm$ 4.63,53.36 \scriptsize $\pm$ 0.59,65.78 \scriptsize $\pm$ 1.48,74.71 \scriptsize $\pm$ 3.09,56.94 \scriptsize $\pm$ 7.04,80.70 \scriptsize $\pm$ 0.31,28.13 \scriptsize $\pm$ 1.77,64.03 \scriptsize $\pm$ 3.48,64.95 \scriptsize $\pm$ 1.57,46.22 \scriptsize $\pm$ 2.43,60.08 \scriptsize $\pm$ 0.61,73.50 \scriptsize $\pm$ 1.50,51.29 \scriptsize $\pm$ 3.77,56.55 \scriptsize $\pm$ 3.56,64.79 \scriptsize $\pm$ 8.64,52.39 \scriptsize $\pm$ 2.24,81.82 \scriptsize $\pm$ 0.72,34.42 \scriptsize $\pm$ 2.22,79.99 \scriptsize $\pm$ 0.53,79.95 \scriptsize $\pm$ 0.92,62.79 \scriptsize $\pm$ 2.31,72.42 \scriptsize $\pm$ 3.80,65.23 \scriptsize $\pm$ 0.64,50.96 \scriptsize $\pm$ 1.90,47.11 \scriptsize $\pm$ 1.15,2.41 \scriptsize $\pm$ 1.26,76.34 \scriptsize $\pm$ 3.27,73.03 \scriptsize $\pm$ 1.58,69.82 \scriptsize $\pm$ 3.65,39.72 \scriptsize $\pm$ 10.32,73.19 \scriptsize $\pm$ 2.19,36.83 \scriptsize $\pm$ 2.22,9.62 \scriptsize $\pm$ 2.10,39.66 \scriptsize $\pm$ 2.96,17.92 \scriptsize $\pm$ 4.68,36.32 \scriptsize $\pm$ 8.98,20.60 \scriptsize $\pm$ 4.31,26.76 \scriptsize $\pm$ 3.17,37.49 \scriptsize $\pm$ 5.11,21.69 \scriptsize $\pm$ 5.91,14.45 \scriptsize $\pm$ 1.86,20.77 \scriptsize $\pm$ 2.93,16.51 \scriptsize $\pm$ 3.22,48.56 \scriptsize $\pm$ 3.74,24.18 \scriptsize $\pm$ 1.64,14.15 \scriptsize $\pm$ 2.52,16.26 \scriptsize $\pm$ 4.60,11.26 \scriptsize $\pm$ 1.08,13.81 \scriptsize $\pm$ 3.49,16.90 \scriptsize $\pm$ 5.96,84.64 \scriptsize $\pm$ 0.08,51.08 \scriptsize $\pm$ 0.65,abla_random_seen_xlmr,wikiann,"[42, 66, 17, 23]","[50.449028863218714, 50.764441666849876, 51.94793308546503, 51.16002360196665]",0.013204229444132593,0.2482543347791447,0.005871922809992193
75.73 \scriptsize $\pm$ 1.41,37.71 \scriptsize $\pm$ 3.40,61.03 \scriptsize $\pm$ 1.68,75.41 \scriptsize $\pm$ 0.56,67.18 \scriptsize $\pm$ 0.86,77.01 \scriptsize $\pm$ 0.09,69.62 \scriptsize $\pm$ 1.33,65.48 \scriptsize $\pm$ 0.73,74.40 \scriptsize $\pm$ 1.19,61.51 \scriptsize $\pm$ 1.79,32.72 \scriptsize $\pm$ 5.81,77.06 \scriptsize $\pm$ 0.58,78.01 \scriptsize $\pm$ 0.78,38.55 \scriptsize $\pm$ 4.43,52.60 \scriptsize $\pm$ 2.03,65.57 \scriptsize $\pm$ 0.95,73.36 \scriptsize $\pm$ 0.35,52.53 \scriptsize $\pm$ 1.91,79.98 \scriptsize $\pm$ 0.47,27.61 \scriptsize $\pm$ 1.76,59.76 \scriptsize $\pm$ 5.27,62.53 \scriptsize $\pm$ 2.19,42.51 \scriptsize $\pm$ 1.59,57.45 \scriptsize $\pm$ 2.49,71.79 \scriptsize $\pm$ 0.41,46.49 \scriptsize $\pm$ 2.79,57.83 \scriptsize $\pm$ 2.72,69.05 \scriptsize $\pm$ 0.99,47.74 \scriptsize $\pm$ 3.17,80.54 \scriptsize $\pm$ 0.48,35.19 \scriptsize $\pm$ 2.31,78.79 \scriptsize $\pm$ 0.28,76.97 \scriptsize $\pm$ 0.48,63.30 \scriptsize $\pm$ 1.10,66.09 \scriptsize $\pm$ 4.16,63.46 \scriptsize $\pm$ 1.63,48.68 \scriptsize $\pm$ 2.48,43.32 \scriptsize $\pm$ 3.63,1.23 \scriptsize $\pm$ 0.96,75.23 \scriptsize $\pm$ 2.67,68.72 \scriptsize $\pm$ 1.62,68.91 \scriptsize $\pm$ 1.68,30.03 \scriptsize $\pm$ 7.10,69.56 \scriptsize $\pm$ 0.49,39.75 \scriptsize $\pm$ 3.27,22.44 \scriptsize $\pm$ 2.29,58.35 \scriptsize $\pm$ 3.51,38.57 \scriptsize $\pm$ 7.55,47.44 \scriptsize $\pm$ 1.32,34.74 \scriptsize $\pm$ 6.11,38.23 \scriptsize $\pm$ 4.76,55.99 \scriptsize $\pm$ 5.97,30.94 \scriptsize $\pm$ 8.23,23.78 \scriptsize $\pm$ 7.11,31.28 \scriptsize $\pm$ 9.37,20.67 \scriptsize $\pm$ 1.75,51.49 \scriptsize $\pm$ 3.56,36.65 \scriptsize $\pm$ 3.98,29.08 \scriptsize $\pm$ 7.10,33.73 \scriptsize $\pm$ 11.80,14.69 \scriptsize $\pm$ 2.56,16.62 \scriptsize $\pm$ 3.12,21.60 \scriptsize $\pm$ 6.70,84.34 \scriptsize $\pm$ 0.14,52.48 \scriptsize $\pm$ 1.19,abla_random_unseen_mbert,wikiann,"[42, 66, 17, 23]","[54.246085733628846, 51.912768770081875, 51.639628956497596, 52.116268702946655]",0.010008609650000656,0.8709809680512983,0.2885420894970761
75.79 \scriptsize $\pm$ 0.89,37.91 \scriptsize $\pm$ 1.00,62.46 \scriptsize $\pm$ 1.20,76.00 \scriptsize $\pm$ 1.41,68.42 \scriptsize $\pm$ 1.75,77.48 \scriptsize $\pm$ 1.00,68.84 \scriptsize $\pm$ 1.06,66.79 \scriptsize $\pm$ 2.48,74.87 \scriptsize $\pm$ 1.37,62.35 \scriptsize $\pm$ 2.36,33.07 \scriptsize $\pm$ 2.37,77.43 \scriptsize $\pm$ 0.20,77.33 \scriptsize $\pm$ 0.61,41.17 \scriptsize $\pm$ 4.62,52.14 \scriptsize $\pm$ 0.83,66.29 \scriptsize $\pm$ 1.61,73.84 \scriptsize $\pm$ 0.63,50.78 \scriptsize $\pm$ 1.37,79.84 \scriptsize $\pm$ 0.45,28.78 \scriptsize $\pm$ 3.25,58.41 \scriptsize $\pm$ 0.98,64.07 \scriptsize $\pm$ 1.58,43.37 \scriptsize $\pm$ 0.99,57.32 \scriptsize $\pm$ 1.39,71.95 \scriptsize $\pm$ 0.41,49.10 \scriptsize $\pm$ 2.09,53.97 \scriptsize $\pm$ 0.85,68.45 \scriptsize $\pm$ 2.98,52.36 \scriptsize $\pm$ 3.90,80.65 \scriptsize $\pm$ 0.37,36.36 \scriptsize $\pm$ 1.16,78.96 \scriptsize $\pm$ 0.55,77.12 \scriptsize $\pm$ 0.56,63.29 \scriptsize $\pm$ 1.49,62.37 \scriptsize $\pm$ 1.83,63.16 \scriptsize $\pm$ 1.07,50.24 \scriptsize $\pm$ 1.66,46.19 \scriptsize $\pm$ 2.29,0.82 \scriptsize $\pm$ 0.50,76.14 \scriptsize $\pm$ 0.81,68.90 \scriptsize $\pm$ 0.94,67.68 \scriptsize $\pm$ 1.77,26.49 \scriptsize $\pm$ 1.76,70.31 \scriptsize $\pm$ 1.14,39.89 \scriptsize $\pm$ 2.55,22.18 \scriptsize $\pm$ 5.09,58.28 \scriptsize $\pm$ 4.69,40.10 \scriptsize $\pm$ 5.62,32.35 \scriptsize $\pm$ 1.18,32.64 \scriptsize $\pm$ 2.79,39.71 \scriptsize $\pm$ 3.72,57.91 \scriptsize $\pm$ 3.92,29.61 \scriptsize $\pm$ 11.94,26.20 \scriptsize $\pm$ 3.52,35.98 \scriptsize $\pm$ 4.27,22.34 \scriptsize $\pm$ 3.40,51.68 \scriptsize $\pm$ 2.37,37.88 \scriptsize $\pm$ 7.70,29.49 \scriptsize $\pm$ 3.41,27.31 \scriptsize $\pm$ 12.78,13.52 \scriptsize $\pm$ 1.59,22.90 \scriptsize $\pm$ 10.54,24.11 \scriptsize $\pm$ 7.18,84.40 \scriptsize $\pm$ 0.30,52.62 \scriptsize $\pm$ 0.53,abla_random_unseen_xlmr,wikiann,"[42, 66, 17, 23]","[53.1391143946712, 51.96484333388014, 52.93402196212864, 52.4464826521784]",0.012007127261707879,0.9184214079275672,0.161629128259605
76.43 \scriptsize $\pm$ 0.51,38.50 \scriptsize $\pm$ 3.65,62.60 \scriptsize $\pm$ 1.17,75.22 \scriptsize $\pm$ 1.79,71.01 \scriptsize $\pm$ 1.88,77.31 \scriptsize $\pm$ 0.36,69.88 \scriptsize $\pm$ 0.83,67.71 \scriptsize $\pm$ 3.12,74.26 \scriptsize $\pm$ 1.64,62.81 \scriptsize $\pm$ 3.83,31.48 \scriptsize $\pm$ 3.35,77.63 \scriptsize $\pm$ 0.34,78.56 \scriptsize $\pm$ 0.21,43.06 \scriptsize $\pm$ 6.90,52.02 \scriptsize $\pm$ 0.80,66.12 \scriptsize $\pm$ 2.63,74.07 \scriptsize $\pm$ 0.77,52.24 \scriptsize $\pm$ 3.10,80.09 \scriptsize $\pm$ 0.31,27.32 \scriptsize $\pm$ 2.28,60.14 \scriptsize $\pm$ 1.57,64.71 \scriptsize $\pm$ 1.95,42.10 \scriptsize $\pm$ 2.42,58.18 \scriptsize $\pm$ 1.62,72.34 \scriptsize $\pm$ 0.50,48.51 \scriptsize $\pm$ 4.38,56.13 \scriptsize $\pm$ 1.36,69.87 \scriptsize $\pm$ 0.48,50.07 \scriptsize $\pm$ 1.26,80.90 \scriptsize $\pm$ 0.46,37.79 \scriptsize $\pm$ 3.64,79.03 \scriptsize $\pm$ 0.13,78.43 \scriptsize $\pm$ 0.42,62.72 \scriptsize $\pm$ 3.30,67.71 \scriptsize $\pm$ 3.48,63.22 \scriptsize $\pm$ 2.46,51.35 \scriptsize $\pm$ 1.17,44.63 \scriptsize $\pm$ 1.71,0.33 \scriptsize $\pm$ 0.24,74.84 \scriptsize $\pm$ 1.74,69.74 \scriptsize $\pm$ 0.51,70.37 \scriptsize $\pm$ 1.68,29.59 \scriptsize $\pm$ 6.34,70.65 \scriptsize $\pm$ 2.38,38.88 \scriptsize $\pm$ 2.38,28.09 \scriptsize $\pm$ 5.51,58.80 \scriptsize $\pm$ 4.01,31.38 \scriptsize $\pm$ 9.19,46.97 \scriptsize $\pm$ 0.32,38.77 \scriptsize $\pm$ 1.23,42.18 \scriptsize $\pm$ 1.47,60.26 \scriptsize $\pm$ 1.16,38.57 \scriptsize $\pm$ 2.27,26.39 \scriptsize $\pm$ 4.51,37.34 \scriptsize $\pm$ 2.03,22.02 \scriptsize $\pm$ 0.40,54.22 \scriptsize $\pm$ 1.09,39.22 \scriptsize $\pm$ 2.65,30.69 \scriptsize $\pm$ 6.10,33.08 \scriptsize $\pm$ 5.33,15.25 \scriptsize $\pm$ 1.75,22.07 \scriptsize $\pm$ 1.67,28.02 \scriptsize $\pm$ 1.92,84.40 \scriptsize $\pm$ 0.10,53.72 \scriptsize $\pm$ 0.86,afri_only,wikiann,"[42, 66, 17, 23]","[52.85741373293912, 54.4669717993099, 54.46698092526086, 53.10005138762391]",0.3502090613901445,0.34742393989135395,-1.0
78.29 \scriptsize $\pm$ 0.79,40.11 \scriptsize $\pm$ 1.13,66.56 \scriptsize $\pm$ 1.54,77.99 \scriptsize $\pm$ 0.74,71.37 \scriptsize $\pm$ 1.07,79.67 \scriptsize $\pm$ 0.48,72.73 \scriptsize $\pm$ 0.93,73.75 \scriptsize $\pm$ 2.14,78.17 \scriptsize $\pm$ 1.25,65.26 \scriptsize $\pm$ 2.73,38.11 \scriptsize $\pm$ 2.63,78.30 \scriptsize $\pm$ 1.04,81.12 \scriptsize $\pm$ 0.76,54.01 \scriptsize $\pm$ 5.47,57.37 \scriptsize $\pm$ 0.57,68.30 \scriptsize $\pm$ 0.76,76.75 \scriptsize $\pm$ 0.68,61.36 \scriptsize $\pm$ 3.12,81.66 \scriptsize $\pm$ 0.42,31.36 \scriptsize $\pm$ 0.90,60.93 \scriptsize $\pm$ 2.07,68.82 \scriptsize $\pm$ 0.83,47.85 \scriptsize $\pm$ 2.65,60.53 \scriptsize $\pm$ 1.43,75.50 \scriptsize $\pm$ 1.16,58.13 \scriptsize $\pm$ 1.42,59.33 \scriptsize $\pm$ 0.84,65.93 \scriptsize $\pm$ 6.36,53.12 \scriptsize $\pm$ 4.18,82.58 \scriptsize $\pm$ 0.36,36.93 \scriptsize $\pm$ 1.70,80.81 \scriptsize $\pm$ 0.24,80.65 \scriptsize $\pm$ 0.57,63.39 \scriptsize $\pm$ 4.70,74.86 \scriptsize $\pm$ 1.19,65.83 \scriptsize $\pm$ 0.91,54.29 \scriptsize $\pm$ 0.70,51.32 \scriptsize $\pm$ 1.05,0.95 \scriptsize $\pm$ 0.37,76.30 \scriptsize $\pm$ 1.38,74.31 \scriptsize $\pm$ 0.78,71.55 \scriptsize $\pm$ 0.48,34.37 \scriptsize $\pm$ 4.65,72.84 \scriptsize $\pm$ 1.69,47.39 \scriptsize $\pm$ 1.81,7.79 \scriptsize $\pm$ 3.36,44.39 \scriptsize $\pm$ 7.39,22.00 \scriptsize $\pm$ 4.54,32.57 \scriptsize $\pm$ 4.24,22.70 \scriptsize $\pm$ 6.77,25.85 \scriptsize $\pm$ 4.64,40.44 \scriptsize $\pm$ 6.61,19.81 \scriptsize $\pm$ 3.34,10.53 \scriptsize $\pm$ 2.40,23.47 \scriptsize $\pm$ 5.75,12.42 \scriptsize $\pm$ 2.03,49.66 \scriptsize $\pm$ 1.00,23.06 \scriptsize $\pm$ 4.92,11.40 \scriptsize $\pm$ 2.56,13.16 \scriptsize $\pm$ 3.46,8.41 \scriptsize $\pm$ 0.83,26.76 \scriptsize $\pm$ 2.89,14.09 \scriptsize $\pm$ 1.76,85.10 \scriptsize $\pm$ 0.18,52.25 \scriptsize $\pm$ 1.05,baseline,wikiann,"[42, 66, 17, 23]","[52.616507933501744, 53.52494885033799, 51.757128202207845, 51.121368595842675]",0.06610936093132558,0.7122730764544098,0.07470577636196149
77.25 \scriptsize $\pm$ 1.21,44.95 \scriptsize $\pm$ 3.92,64.66 \scriptsize $\pm$ 0.68,76.92 \scriptsize $\pm$ 0.51,70.41 \scriptsize $\pm$ 1.11,78.46 \scriptsize $\pm$ 0.41,71.25 \scriptsize $\pm$ 2.42,69.12 \scriptsize $\pm$ 1.52,77.04 \scriptsize $\pm$ 0.30,66.25 \scriptsize $\pm$ 1.93,47.68 \scriptsize $\pm$ 2.65,77.68 \scriptsize $\pm$ 0.50,79.02 \scriptsize $\pm$ 0.75,48.75 \scriptsize $\pm$ 0.82,53.95 \scriptsize $\pm$ 0.26,68.65 \scriptsize $\pm$ 0.92,76.41 \scriptsize $\pm$ 0.68,55.65 \scriptsize $\pm$ 2.54,81.16 \scriptsize $\pm$ 0.56,26.57 \scriptsize $\pm$ 1.30,64.61 \scriptsize $\pm$ 2.93,68.12 \scriptsize $\pm$ 0.23,46.44 \scriptsize $\pm$ 4.68,60.51 \scriptsize $\pm$ 0.91,74.69 \scriptsize $\pm$ 0.80,56.80 \scriptsize $\pm$ 1.01,58.72 \scriptsize $\pm$ 2.43,66.71 \scriptsize $\pm$ 1.63,51.59 \scriptsize $\pm$ 3.88,81.70 \scriptsize $\pm$ 0.41,34.97 \scriptsize $\pm$ 2.58,80.22 \scriptsize $\pm$ 0.35,78.38 \scriptsize $\pm$ 1.17,63.29 \scriptsize $\pm$ 3.58,73.75 \scriptsize $\pm$ 2.19,65.41 \scriptsize $\pm$ 0.98,53.01 \scriptsize $\pm$ 0.58,47.70 \scriptsize $\pm$ 2.14,1.13 \scriptsize $\pm$ 1.11,75.52 \scriptsize $\pm$ 1.89,73.46 \scriptsize $\pm$ 3.20,70.14 \scriptsize $\pm$ 4.01,32.21 \scriptsize $\pm$ 5.61,73.29 \scriptsize $\pm$ 1.95,36.66 \scriptsize $\pm$ 1.41,13.39 \scriptsize $\pm$ 5.95,51.61 \scriptsize $\pm$ 5.41,37.64 \scriptsize $\pm$ 3.70,33.02 \scriptsize $\pm$ 4.87,29.43 \scriptsize $\pm$ 7.50,26.39 \scriptsize $\pm$ 5.31,37.43 \scriptsize $\pm$ 6.78,22.92 \scriptsize $\pm$ 6.12,15.32 \scriptsize $\pm$ 3.79,23.45 \scriptsize $\pm$ 5.96,15.43 \scriptsize $\pm$ 2.34,53.04 \scriptsize $\pm$ 1.58,29.28 \scriptsize $\pm$ 6.35,19.64 \scriptsize $\pm$ 6.09,19.91 \scriptsize $\pm$ 5.88,10.15 \scriptsize $\pm$ 0.85,23.08 \scriptsize $\pm$ 2.62,14.26 \scriptsize $\pm$ 3.09,84.80 \scriptsize $\pm$ 0.20,52.52 \scriptsize $\pm$ 1.56,least_family_en_10,wikiann,"[42, 66, 17, 23]","[52.690569173896485, 52.79754403417245, 50.41268361385962, 54.167169722899736]",0.056408784463011036,0.973963240022178,0.35385912827017185
76.90 \scriptsize $\pm$ 0.98,41.92 \scriptsize $\pm$ 2.01,66.21 \scriptsize $\pm$ 0.23,76.87 \scriptsize $\pm$ 0.36,68.36 \scriptsize $\pm$ 1.64,78.12 \scriptsize $\pm$ 0.22,71.24 \scriptsize $\pm$ 1.53,70.42 \scriptsize $\pm$ 2.62,76.83 \scriptsize $\pm$ 0.85,66.69 \scriptsize $\pm$ 2.28,41.89 \scriptsize $\pm$ 3.63,77.70 \scriptsize $\pm$ 0.63,79.32 \scriptsize $\pm$ 0.65,41.04 \scriptsize $\pm$ 5.89,53.90 \scriptsize $\pm$ 0.68,63.87 \scriptsize $\pm$ 1.85,75.51 \scriptsize $\pm$ 0.59,52.85 \scriptsize $\pm$ 2.66,80.92 \scriptsize $\pm$ 0.32,28.44 \scriptsize $\pm$ 1.67,63.06 \scriptsize $\pm$ 2.62,65.39 \scriptsize $\pm$ 2.32,47.37 \scriptsize $\pm$ 3.31,59.69 \scriptsize $\pm$ 0.48,74.03 \scriptsize $\pm$ 0.45,50.52 \scriptsize $\pm$ 2.79,54.55 \scriptsize $\pm$ 2.27,62.67 \scriptsize $\pm$ 7.20,54.16 \scriptsize $\pm$ 2.90,81.56 \scriptsize $\pm$ 0.03,31.95 \scriptsize $\pm$ 2.59,80.02 \scriptsize $\pm$ 0.29,79.28 \scriptsize $\pm$ 1.24,64.10 \scriptsize $\pm$ 2.33,72.89 \scriptsize $\pm$ 1.11,66.41 \scriptsize $\pm$ 1.14,51.46 \scriptsize $\pm$ 1.03,47.11 \scriptsize $\pm$ 1.12,1.89 \scriptsize $\pm$ 0.81,73.26 \scriptsize $\pm$ 2.43,73.19 \scriptsize $\pm$ 1.20,70.34 \scriptsize $\pm$ 2.36,27.71 \scriptsize $\pm$ 5.94,72.79 \scriptsize $\pm$ 1.52,37.93 \scriptsize $\pm$ 2.47,11.70 \scriptsize $\pm$ 5.01,44.89 \scriptsize $\pm$ 8.07,30.10 \scriptsize $\pm$ 10.48,32.80 \scriptsize $\pm$ 1.78,26.01 \scriptsize $\pm$ 6.87,26.48 \scriptsize $\pm$ 4.63,37.13 \scriptsize $\pm$ 4.33,23.13 \scriptsize $\pm$ 3.98,12.88 \scriptsize $\pm$ 4.27,21.82 \scriptsize $\pm$ 4.00,14.30 \scriptsize $\pm$ 2.43,48.87 \scriptsize $\pm$ 1.87,23.05 \scriptsize $\pm$ 2.34,17.09 \scriptsize $\pm$ 6.36,16.73 \scriptsize $\pm$ 5.61,10.09 \scriptsize $\pm$ 1.15,21.96 \scriptsize $\pm$ 1.33,12.88 \scriptsize $\pm$ 2.51,84.66 \scriptsize $\pm$ 0.15,51.08 \scriptsize $\pm$ 0.80,least_family_en_20,wikiann,"[42, 66, 17, 23]","[51.854818639136745, 50.603487015340555, 50.20798061871102, 51.639073549636414]",0.0005853225587961277,0.044771623713936726,0.04919381004746422
76.48 \scriptsize $\pm$ 1.02,46.22 \scriptsize $\pm$ 3.54,64.09 \scriptsize $\pm$ 0.71,77.40 \scriptsize $\pm$ 0.22,69.52 \scriptsize $\pm$ 1.47,78.44 \scriptsize $\pm$ 0.20,72.00 \scriptsize $\pm$ 0.52,70.92 \scriptsize $\pm$ 3.71,75.08 \scriptsize $\pm$ 0.62,66.62 \scriptsize $\pm$ 1.21,41.99 \scriptsize $\pm$ 0.71,76.84 \scriptsize $\pm$ 0.68,78.44 \scriptsize $\pm$ 0.71,48.54 \scriptsize $\pm$ 4.25,54.22 \scriptsize $\pm$ 0.85,68.38 \scriptsize $\pm$ 0.45,76.09 \scriptsize $\pm$ 0.48,62.69 \scriptsize $\pm$ 7.30,80.56 \scriptsize $\pm$ 0.51,28.15 \scriptsize $\pm$ 1.86,61.19 \scriptsize $\pm$ 2.20,66.97 \scriptsize $\pm$ 0.42,45.51 \scriptsize $\pm$ 1.39,59.77 \scriptsize $\pm$ 0.70,73.28 \scriptsize $\pm$ 0.43,55.24 \scriptsize $\pm$ 2.39,60.14 \scriptsize $\pm$ 3.21,67.19 \scriptsize $\pm$ 3.10,51.34 \scriptsize $\pm$ 3.82,81.22 \scriptsize $\pm$ 0.34,34.31 \scriptsize $\pm$ 1.41,79.72 \scriptsize $\pm$ 0.35,78.64 \scriptsize $\pm$ 1.02,63.41 \scriptsize $\pm$ 2.88,66.56 \scriptsize $\pm$ 2.86,65.72 \scriptsize $\pm$ 0.87,50.81 \scriptsize $\pm$ 1.14,47.07 \scriptsize $\pm$ 2.20,0.51 \scriptsize $\pm$ 0.48,76.25 \scriptsize $\pm$ 1.02,71.35 \scriptsize $\pm$ 0.98,71.91 \scriptsize $\pm$ 3.03,34.92 \scriptsize $\pm$ 2.28,72.05 \scriptsize $\pm$ 1.03,39.83 \scriptsize $\pm$ 3.27,5.59 \scriptsize $\pm$ 1.18,41.57 \scriptsize $\pm$ 3.82,23.28 \scriptsize $\pm$ 6.07,30.07 \scriptsize $\pm$ 1.45,18.17 \scriptsize $\pm$ 4.84,18.77 \scriptsize $\pm$ 2.26,28.62 \scriptsize $\pm$ 4.62,17.90 \scriptsize $\pm$ 2.26,9.53 \scriptsize $\pm$ 1.24,12.36 \scriptsize $\pm$ 2.78,9.59 \scriptsize $\pm$ 1.32,46.90 \scriptsize $\pm$ 4.05,19.50 \scriptsize $\pm$ 2.41,11.46 \scriptsize $\pm$ 0.72,10.90 \scriptsize $\pm$ 1.97,7.90 \scriptsize $\pm$ 0.87,18.59 \scriptsize $\pm$ 2.91,10.03 \scriptsize $\pm$ 2.31,84.68 \scriptsize $\pm$ 0.16,50.20 \scriptsize $\pm$ 0.68,least_family_en_5,wikiann,"[42, 66, 17, 23]","[50.14679360881301, 51.188643832919226, 49.73462354398177, 49.741927258423416]",0.009372866345353307,0.04249653696369607,0.003791476629224479
76.84 \scriptsize $\pm$ 0.60,42.42 \scriptsize $\pm$ 1.30,64.67 \scriptsize $\pm$ 2.28,76.32 \scriptsize $\pm$ 0.44,69.83 \scriptsize $\pm$ 1.62,77.72 \scriptsize $\pm$ 0.27,71.89 \scriptsize $\pm$ 1.55,70.01 \scriptsize $\pm$ 1.70,77.77 \scriptsize $\pm$ 1.11,65.61 \scriptsize $\pm$ 0.93,47.22 \scriptsize $\pm$ 2.30,77.55 \scriptsize $\pm$ 0.96,78.82 \scriptsize $\pm$ 1.04,49.06 \scriptsize $\pm$ 3.85,54.27 \scriptsize $\pm$ 0.79,68.03 \scriptsize $\pm$ 1.96,75.39 \scriptsize $\pm$ 0.70,56.63 \scriptsize $\pm$ 3.81,81.07 \scriptsize $\pm$ 0.19,29.17 \scriptsize $\pm$ 1.23,65.76 \scriptsize $\pm$ 2.91,66.27 \scriptsize $\pm$ 0.96,47.28 \scriptsize $\pm$ 2.45,60.39 \scriptsize $\pm$ 1.25,73.40 \scriptsize $\pm$ 0.61,57.92 \scriptsize $\pm$ 2.71,60.00 \scriptsize $\pm$ 3.46,66.17 \scriptsize $\pm$ 5.19,52.20 \scriptsize $\pm$ 2.62,81.49 \scriptsize $\pm$ 0.64,34.17 \scriptsize $\pm$ 2.51,79.96 \scriptsize $\pm$ 0.18,78.35 \scriptsize $\pm$ 0.53,61.29 \scriptsize $\pm$ 2.62,70.97 \scriptsize $\pm$ 1.68,64.25 \scriptsize $\pm$ 1.26,51.08 \scriptsize $\pm$ 2.91,47.28 \scriptsize $\pm$ 1.47,0.58 \scriptsize $\pm$ 0.32,76.82 \scriptsize $\pm$ 0.88,72.76 \scriptsize $\pm$ 1.57,71.19 \scriptsize $\pm$ 1.39,36.96 \scriptsize $\pm$ 6.38,72.97 \scriptsize $\pm$ 1.22,39.91 \scriptsize $\pm$ 2.04,10.10 \scriptsize $\pm$ 1.50,42.68 \scriptsize $\pm$ 3.94,36.07 \scriptsize $\pm$ 1.88,30.74 \scriptsize $\pm$ 2.27,22.38 \scriptsize $\pm$ 5.78,18.44 \scriptsize $\pm$ 2.21,30.49 \scriptsize $\pm$ 2.71,19.17 \scriptsize $\pm$ 2.20,10.32 \scriptsize $\pm$ 1.51,14.17 \scriptsize $\pm$ 3.35,11.60 \scriptsize $\pm$ 1.45,48.31 \scriptsize $\pm$ 3.26,20.69 \scriptsize $\pm$ 2.21,15.99 \scriptsize $\pm$ 3.83,11.39 \scriptsize $\pm$ 2.31,8.07 \scriptsize $\pm$ 0.65,21.21 \scriptsize $\pm$ 1.18,10.16 \scriptsize $\pm$ 1.80,84.67 \scriptsize $\pm$ 0.11,51.04 \scriptsize $\pm$ 0.33,least_same_script_10,wikiann,"[42, 66, 17, 23]","[50.88173949001602, 51.246391918636704, 51.367821377039625, 50.65236304180516]",0.010507111377572561,0.16179077141143458,0.0026972322443702956
75.50 \scriptsize $\pm$ 0.89,42.36 \scriptsize $\pm$ 2.76,63.81 \scriptsize $\pm$ 0.88,75.86 \scriptsize $\pm$ 0.86,70.10 \scriptsize $\pm$ 2.36,76.84 \scriptsize $\pm$ 0.40,70.70 \scriptsize $\pm$ 1.58,67.70 \scriptsize $\pm$ 1.91,76.50 \scriptsize $\pm$ 0.63,66.35 \scriptsize $\pm$ 1.66,41.64 \scriptsize $\pm$ 5.18,77.04 \scriptsize $\pm$ 0.46,78.71 \scriptsize $\pm$ 1.18,44.31 \scriptsize $\pm$ 2.27,53.25 \scriptsize $\pm$ 0.89,66.49 \scriptsize $\pm$ 1.16,73.71 \scriptsize $\pm$ 0.33,51.53 \scriptsize $\pm$ 1.20,80.58 \scriptsize $\pm$ 0.24,27.94 \scriptsize $\pm$ 2.59,62.56 \scriptsize $\pm$ 2.96,64.13 \scriptsize $\pm$ 1.22,42.08 \scriptsize $\pm$ 1.67,61.24 \scriptsize $\pm$ 1.09,72.45 \scriptsize $\pm$ 1.05,53.61 \scriptsize $\pm$ 1.70,56.77 \scriptsize $\pm$ 3.78,68.09 \scriptsize $\pm$ 2.74,52.22 \scriptsize $\pm$ 1.19,81.03 \scriptsize $\pm$ 0.30,36.70 \scriptsize $\pm$ 3.23,79.61 \scriptsize $\pm$ 0.30,77.68 \scriptsize $\pm$ 0.51,60.58 \scriptsize $\pm$ 3.11,68.18 \scriptsize $\pm$ 0.94,65.35 \scriptsize $\pm$ 0.44,51.24 \scriptsize $\pm$ 1.22,46.21 \scriptsize $\pm$ 0.97,0.41 \scriptsize $\pm$ 0.39,77.99 \scriptsize $\pm$ 0.38,70.21 \scriptsize $\pm$ 1.42,72.11 \scriptsize $\pm$ 1.69,33.90 \scriptsize $\pm$ 9.88,71.75 \scriptsize $\pm$ 1.87,40.64 \scriptsize $\pm$ 3.07,24.69 \scriptsize $\pm$ 2.95,61.04 \scriptsize $\pm$ 0.92,45.69 \scriptsize $\pm$ 2.45,32.10 \scriptsize $\pm$ 3.53,28.22 \scriptsize $\pm$ 3.55,38.98 \scriptsize $\pm$ 2.67,60.91 \scriptsize $\pm$ 3.27,28.01 \scriptsize $\pm$ 2.70,18.22 \scriptsize $\pm$ 4.39,32.20 \scriptsize $\pm$ 1.98,22.50 \scriptsize $\pm$ 1.45,52.03 \scriptsize $\pm$ 1.88,31.94 \scriptsize $\pm$ 2.82,37.33 \scriptsize $\pm$ 3.07,24.57 \scriptsize $\pm$ 4.74,13.18 \scriptsize $\pm$ 1.42,21.33 \scriptsize $\pm$ 2.92,25.29 \scriptsize $\pm$ 2.98,84.52 \scriptsize $\pm$ 0.09,53.60 \scriptsize $\pm$ 0.91,least_same_script_20,wikiann,"[42, 66, 17, 23]","[54.789245802068926, 53.48242790703641, 53.551006645344344, 52.5777544034908]",0.13597921181135095,0.17375500136869934,0.8705832926510886
76.58 \scriptsize $\pm$ 0.54,43.04 \scriptsize $\pm$ 2.89,63.73 \scriptsize $\pm$ 0.80,77.00 \scriptsize $\pm$ 0.77,69.98 \scriptsize $\pm$ 1.30,78.22 \scriptsize $\pm$ 0.26,71.12 \scriptsize $\pm$ 1.28,70.05 \scriptsize $\pm$ 2.01,75.99 \scriptsize $\pm$ 0.81,66.33 \scriptsize $\pm$ 0.42,39.08 \scriptsize $\pm$ 2.42,77.06 \scriptsize $\pm$ 0.46,78.57 \scriptsize $\pm$ 0.27,48.79 \scriptsize $\pm$ 1.34,53.93 \scriptsize $\pm$ 0.15,68.01 \scriptsize $\pm$ 0.86,76.04 \scriptsize $\pm$ 1.34,57.95 \scriptsize $\pm$ 2.76,80.76 \scriptsize $\pm$ 0.23,28.77 \scriptsize $\pm$ 1.05,64.43 \scriptsize $\pm$ 2.74,66.28 \scriptsize $\pm$ 0.59,46.27 \scriptsize $\pm$ 3.66,59.02 \scriptsize $\pm$ 1.52,73.41 \scriptsize $\pm$ 0.86,54.27 \scriptsize $\pm$ 0.60,59.63 \scriptsize $\pm$ 1.83,65.50 \scriptsize $\pm$ 6.94,51.06 \scriptsize $\pm$ 2.09,81.04 \scriptsize $\pm$ 0.54,36.54 \scriptsize $\pm$ 3.07,80.01 \scriptsize $\pm$ 0.23,78.42 \scriptsize $\pm$ 1.62,60.52 \scriptsize $\pm$ 2.56,68.04 \scriptsize $\pm$ 3.34,64.20 \scriptsize $\pm$ 1.04,51.22 \scriptsize $\pm$ 0.75,46.54 \scriptsize $\pm$ 2.23,1.16 \scriptsize $\pm$ 1.47,76.88 \scriptsize $\pm$ 0.29,71.65 \scriptsize $\pm$ 1.23,70.32 \scriptsize $\pm$ 1.79,28.70 \scriptsize $\pm$ 4.52,72.55 \scriptsize $\pm$ 1.58,41.00 \scriptsize $\pm$ 2.28,4.67 \scriptsize $\pm$ 0.32,33.92 \scriptsize $\pm$ 5.54,21.37 \scriptsize $\pm$ 6.42,26.69 \scriptsize $\pm$ 2.35,14.34 \scriptsize $\pm$ 2.88,16.13 \scriptsize $\pm$ 1.26,23.29 \scriptsize $\pm$ 4.37,13.99 \scriptsize $\pm$ 1.90,9.00 \scriptsize $\pm$ 1.58,9.29 \scriptsize $\pm$ 1.89,8.77 \scriptsize $\pm$ 0.90,48.95 \scriptsize $\pm$ 3.12,15.88 \scriptsize $\pm$ 1.99,8.96 \scriptsize $\pm$ 1.60,9.20 \scriptsize $\pm$ 1.12,7.24 \scriptsize $\pm$ 0.47,16.18 \scriptsize $\pm$ 5.78,7.70 \scriptsize $\pm$ 1.06,84.61 \scriptsize $\pm$ 0.18,49.22 \scriptsize $\pm$ 0.47,least_same_script_5,wikiann,"[42, 66, 17, 23]","[49.73281313922023, 49.11247867485088, 49.40707495310624, 48.615107443807204]",0.0018292497025337992,0.01658527213201571,0.0027946068485397565
77.59 \scriptsize $\pm$ 0.30,42.30 \scriptsize $\pm$ 3.38,64.64 \scriptsize $\pm$ 2.06,76.97 \scriptsize $\pm$ 0.61,69.98 \scriptsize $\pm$ 1.70,78.23 \scriptsize $\pm$ 0.29,71.46 \scriptsize $\pm$ 1.49,68.44 \scriptsize $\pm$ 1.63,76.38 \scriptsize $\pm$ 0.45,66.49 \scriptsize $\pm$ 2.62,45.27 \scriptsize $\pm$ 6.18,77.03 \scriptsize $\pm$ 0.43,78.35 \scriptsize $\pm$ 0.55,48.60 \scriptsize $\pm$ 3.75,53.90 \scriptsize $\pm$ 0.44,67.96 \scriptsize $\pm$ 0.83,75.48 \scriptsize $\pm$ 1.32,64.38 \scriptsize $\pm$ 6.86,80.74 \scriptsize $\pm$ 0.21,29.38 \scriptsize $\pm$ 1.24,66.35 \scriptsize $\pm$ 1.22,64.57 \scriptsize $\pm$ 0.73,45.21 \scriptsize $\pm$ 4.82,58.66 \scriptsize $\pm$ 0.98,73.30 \scriptsize $\pm$ 0.84,53.37 \scriptsize $\pm$ 2.12,59.63 \scriptsize $\pm$ 1.57,67.11 \scriptsize $\pm$ 0.95,53.46 \scriptsize $\pm$ 4.72,81.49 \scriptsize $\pm$ 0.49,34.77 \scriptsize $\pm$ 3.48,80.36 \scriptsize $\pm$ 0.40,78.71 \scriptsize $\pm$ 1.08,63.37 \scriptsize $\pm$ 1.64,71.61 \scriptsize $\pm$ 4.72,64.88 \scriptsize $\pm$ 1.95,51.61 \scriptsize $\pm$ 1.23,45.71 \scriptsize $\pm$ 1.44,1.27 \scriptsize $\pm$ 0.59,76.77 \scriptsize $\pm$ 1.48,73.47 \scriptsize $\pm$ 0.89,71.92 \scriptsize $\pm$ 1.90,31.93 \scriptsize $\pm$ 5.65,72.83 \scriptsize $\pm$ 1.11,40.06 \scriptsize $\pm$ 1.35,17.94 \scriptsize $\pm$ 5.57,52.61 \scriptsize $\pm$ 4.34,44.40 \scriptsize $\pm$ 2.62,31.72 \scriptsize $\pm$ 3.86,30.23 \scriptsize $\pm$ 7.05,25.92 \scriptsize $\pm$ 5.37,37.47 \scriptsize $\pm$ 10.08,23.14 \scriptsize $\pm$ 6.20,17.47 \scriptsize $\pm$ 5.76,21.27 \scriptsize $\pm$ 5.62,13.76 \scriptsize $\pm$ 2.43,49.80 \scriptsize $\pm$ 3.92,26.14 \scriptsize $\pm$ 5.66,25.93 \scriptsize $\pm$ 3.43,22.72 \scriptsize $\pm$ 6.78,8.80 \scriptsize $\pm$ 1.16,26.94 \scriptsize $\pm$ 3.46,15.63 \scriptsize $\pm$ 3.70,84.75 \scriptsize $\pm$ 0.12,52.70 \scriptsize $\pm$ 1.14,least_uriel_en_10,wikiann,"[42, 66, 17, 23]","[51.76868953477045, 53.68772286511247, 51.65555586373343, 53.67572038286999]",0.09890240680242808,0.8688624455253486,0.2370622952622844
77.27 \scriptsize $\pm$ 0.61,40.45 \scriptsize $\pm$ 5.42,64.94 \scriptsize $\pm$ 1.62,77.31 \scriptsize $\pm$ 0.32,70.13 \scriptsize $\pm$ 2.07,78.29 \scriptsize $\pm$ 0.85,71.42 \scriptsize $\pm$ 1.74,71.49 \scriptsize $\pm$ 7.01,78.07 \scriptsize $\pm$ 0.56,68.98 \scriptsize $\pm$ 1.68,48.17 \scriptsize $\pm$ 5.83,78.11 \scriptsize $\pm$ 0.75,79.39 \scriptsize $\pm$ 1.63,40.49 \scriptsize $\pm$ 2.33,53.46 \scriptsize $\pm$ 0.48,65.52 \scriptsize $\pm$ 0.67,76.55 \scriptsize $\pm$ 1.61,55.69 \scriptsize $\pm$ 3.39,80.75 \scriptsize $\pm$ 0.33,30.14 \scriptsize $\pm$ 3.92,64.55 \scriptsize $\pm$ 1.12,66.87 \scriptsize $\pm$ 0.24,45.80 \scriptsize $\pm$ 3.41,58.81 \scriptsize $\pm$ 1.17,74.67 \scriptsize $\pm$ 1.53,53.94 \scriptsize $\pm$ 3.83,55.30 \scriptsize $\pm$ 1.94,69.24 \scriptsize $\pm$ 3.12,55.34 \scriptsize $\pm$ 2.78,81.83 \scriptsize $\pm$ 0.74,33.47 \scriptsize $\pm$ 3.03,80.53 \scriptsize $\pm$ 0.14,78.33 \scriptsize $\pm$ 1.82,59.85 \scriptsize $\pm$ 2.74,72.68 \scriptsize $\pm$ 3.76,66.58 \scriptsize $\pm$ 0.73,52.30 \scriptsize $\pm$ 3.73,46.60 \scriptsize $\pm$ 1.52,2.91 \scriptsize $\pm$ 1.86,72.87 \scriptsize $\pm$ 2.92,73.87 \scriptsize $\pm$ 1.81,70.96 \scriptsize $\pm$ 2.24,30.67 \scriptsize $\pm$ 6.05,72.44 \scriptsize $\pm$ 2.26,38.50 \scriptsize $\pm$ 4.93,12.14 \scriptsize $\pm$ 4.05,44.11 \scriptsize $\pm$ 2.77,26.23 \scriptsize $\pm$ 3.94,35.79 \scriptsize $\pm$ 4.76,26.07 \scriptsize $\pm$ 6.61,25.33 \scriptsize $\pm$ 5.69,34.49 \scriptsize $\pm$ 8.04,25.57 \scriptsize $\pm$ 7.22,13.66 \scriptsize $\pm$ 4.55,20.90 \scriptsize $\pm$ 5.85,14.28 \scriptsize $\pm$ 3.53,52.51 \scriptsize $\pm$ 2.72,24.92 \scriptsize $\pm$ 5.54,15.16 \scriptsize $\pm$ 3.53,15.48 \scriptsize $\pm$ 6.29,8.89 \scriptsize $\pm$ 2.08,22.22 \scriptsize $\pm$ 1.29,13.30 \scriptsize $\pm$ 4.57,84.75 \scriptsize $\pm$ 0.15,51.58 \scriptsize $\pm$ 0.69,least_uriel_en_20,wikiann,"[42, 66, 17, 23]","[51.34513837822091, 52.58588599454222, 51.006197029211904, 51.39536052615981]",0.02532651920382415,0.26664097864440456,0.017311074589185373
77.08 \scriptsize $\pm$ 1.04,42.17 \scriptsize $\pm$ 4.56,64.11 \scriptsize $\pm$ 2.30,76.92 \scriptsize $\pm$ 0.60,66.33 \scriptsize $\pm$ 1.09,77.82 \scriptsize $\pm$ 0.56,70.19 \scriptsize $\pm$ 1.08,70.63 \scriptsize $\pm$ 2.47,76.08 \scriptsize $\pm$ 1.35,66.11 \scriptsize $\pm$ 1.89,42.00 \scriptsize $\pm$ 5.84,76.93 \scriptsize $\pm$ 0.86,79.59 \scriptsize $\pm$ 0.82,40.06 \scriptsize $\pm$ 2.94,52.93 \scriptsize $\pm$ 1.61,63.90 \scriptsize $\pm$ 0.84,75.05 \scriptsize $\pm$ 1.12,56.42 \scriptsize $\pm$ 4.90,80.86 \scriptsize $\pm$ 0.31,31.08 \scriptsize $\pm$ 0.67,62.26 \scriptsize $\pm$ 5.69,64.35 \scriptsize $\pm$ 1.52,43.84 \scriptsize $\pm$ 5.76,59.25 \scriptsize $\pm$ 0.44,73.29 \scriptsize $\pm$ 1.00,47.47 \scriptsize $\pm$ 1.43,54.50 \scriptsize $\pm$ 2.97,61.89 \scriptsize $\pm$ 9.32,53.57 \scriptsize $\pm$ 1.27,81.36 \scriptsize $\pm$ 0.29,31.72 \scriptsize $\pm$ 2.59,80.12 \scriptsize $\pm$ 0.54,79.01 \scriptsize $\pm$ 0.99,63.76 \scriptsize $\pm$ 3.15,71.96 \scriptsize $\pm$ 5.21,67.22 \scriptsize $\pm$ 0.51,49.39 \scriptsize $\pm$ 0.79,44.68 \scriptsize $\pm$ 1.57,2.54 \scriptsize $\pm$ 0.47,77.51 \scriptsize $\pm$ 1.77,72.26 \scriptsize $\pm$ 2.21,70.50 \scriptsize $\pm$ 2.78,34.17 \scriptsize $\pm$ 9.36,73.31 \scriptsize $\pm$ 1.54,41.37 \scriptsize $\pm$ 2.56,19.88 \scriptsize $\pm$ 3.11,54.42 \scriptsize $\pm$ 2.37,31.61 \scriptsize $\pm$ 6.52,44.84 \scriptsize $\pm$ 1.14,32.02 \scriptsize $\pm$ 1.76,30.41 \scriptsize $\pm$ 1.85,44.75 \scriptsize $\pm$ 3.85,32.64 \scriptsize $\pm$ 1.11,22.69 \scriptsize $\pm$ 0.82,26.63 \scriptsize $\pm$ 0.81,17.12 \scriptsize $\pm$ 0.29,51.59 \scriptsize $\pm$ 1.66,33.96 \scriptsize $\pm$ 3.66,27.20 \scriptsize $\pm$ 1.79,35.56 \scriptsize $\pm$ 2.13,12.05 \scriptsize $\pm$ 2.22,17.08 \scriptsize $\pm$ 4.03,15.76 \scriptsize $\pm$ 1.53,84.73 \scriptsize $\pm$ 0.49,52.85 \scriptsize $\pm$ 0.49,least_uriel_en_40,wikiann,"[42, 66, 17, 23]","[53.576679257694686, 52.676474533927546, 52.53610246214132, 52.61531468611683]",0.016091325207398716,0.58806739780141,0.2557897371049055
76.94 \scriptsize $\pm$ 0.92,42.99 \scriptsize $\pm$ 4.78,62.84 \scriptsize $\pm$ 1.38,77.45 \scriptsize $\pm$ 0.80,70.49 \scriptsize $\pm$ 1.43,78.40 \scriptsize $\pm$ 0.46,71.79 \scriptsize $\pm$ 0.71,68.65 \scriptsize $\pm$ 3.22,76.59 \scriptsize $\pm$ 0.80,65.83 \scriptsize $\pm$ 1.86,42.18 \scriptsize $\pm$ 8.36,77.67 \scriptsize $\pm$ 0.38,78.64 \scriptsize $\pm$ 0.78,46.35 \scriptsize $\pm$ 3.40,53.77 \scriptsize $\pm$ 1.70,67.29 \scriptsize $\pm$ 0.45,75.01 \scriptsize $\pm$ 0.38,55.06 \scriptsize $\pm$ 4.77,80.84 \scriptsize $\pm$ 0.32,28.61 \scriptsize $\pm$ 2.24,66.69 \scriptsize $\pm$ 3.57,66.59 \scriptsize $\pm$ 1.73,44.53 \scriptsize $\pm$ 3.66,59.74 \scriptsize $\pm$ 0.98,73.25 \scriptsize $\pm$ 0.78,52.56 \scriptsize $\pm$ 2.13,59.01 \scriptsize $\pm$ 3.54,69.79 \scriptsize $\pm$ 0.59,54.27 \scriptsize $\pm$ 2.05,81.52 \scriptsize $\pm$ 0.55,34.34 \scriptsize $\pm$ 3.06,79.92 \scriptsize $\pm$ 0.62,77.81 \scriptsize $\pm$ 1.25,61.78 \scriptsize $\pm$ 1.04,70.42 \scriptsize $\pm$ 3.08,65.20 \scriptsize $\pm$ 1.42,52.32 \scriptsize $\pm$ 2.52,47.35 \scriptsize $\pm$ 1.76,2.42 \scriptsize $\pm$ 1.44,74.97 \scriptsize $\pm$ 1.66,70.63 \scriptsize $\pm$ 1.45,72.38 \scriptsize $\pm$ 0.96,32.51 \scriptsize $\pm$ 5.83,73.28 \scriptsize $\pm$ 0.74,38.96 \scriptsize $\pm$ 2.62,9.93 \scriptsize $\pm$ 4.71,44.62 \scriptsize $\pm$ 9.43,30.12 \scriptsize $\pm$ 8.12,30.87 \scriptsize $\pm$ 5.76,25.92 \scriptsize $\pm$ 10.65,23.86 \scriptsize $\pm$ 5.74,34.34 \scriptsize $\pm$ 6.70,19.97 \scriptsize $\pm$ 5.02,13.61 \scriptsize $\pm$ 3.76,22.17 \scriptsize $\pm$ 8.04,14.45 \scriptsize $\pm$ 4.18,52.70 \scriptsize $\pm$ 1.36,25.16 \scriptsize $\pm$ 7.02,16.35 \scriptsize $\pm$ 6.72,15.85 \scriptsize $\pm$ 5.83,8.81 \scriptsize $\pm$ 1.53,23.57 \scriptsize $\pm$ 2.38,14.66 \scriptsize $\pm$ 4.87,84.84 \scriptsize $\pm$ 0.09,51.43 \scriptsize $\pm$ 1.41,least_uriel_en_5,wikiann,"[42, 66, 17, 23]","[52.252112847563694, 51.68287918326306, 49.35954027084223, 52.41812553193815]",0.012743859928765719,0.06670482458563952,0.12014012944315791
76.30 \scriptsize $\pm$ 0.95,45.08 \scriptsize $\pm$ 2.90,63.90 \scriptsize $\pm$ 0.53,76.87 \scriptsize $\pm$ 0.95,66.20 \scriptsize $\pm$ 2.14,78.02 \scriptsize $\pm$ 0.40,70.92 \scriptsize $\pm$ 1.18,71.59 \scriptsize $\pm$ 2.69,77.02 \scriptsize $\pm$ 1.54,67.41 \scriptsize $\pm$ 2.61,45.57 \scriptsize $\pm$ 3.03,78.22 \scriptsize $\pm$ 0.38,79.55 \scriptsize $\pm$ 0.51,38.76 \scriptsize $\pm$ 3.56,54.51 \scriptsize $\pm$ 0.82,64.31 \scriptsize $\pm$ 1.96,76.08 \scriptsize $\pm$ 0.48,60.54 \scriptsize $\pm$ 4.95,80.87 \scriptsize $\pm$ 0.64,31.26 \scriptsize $\pm$ 1.40,66.91 \scriptsize $\pm$ 2.45,60.05 \scriptsize $\pm$ 0.70,48.23 \scriptsize $\pm$ 7.77,60.27 \scriptsize $\pm$ 0.79,73.36 \scriptsize $\pm$ 0.29,51.48 \scriptsize $\pm$ 3.20,56.47 \scriptsize $\pm$ 4.03,68.28 \scriptsize $\pm$ 1.77,50.79 \scriptsize $\pm$ 4.19,81.26 \scriptsize $\pm$ 0.46,33.51 \scriptsize $\pm$ 2.12,79.85 \scriptsize $\pm$ 0.30,79.16 \scriptsize $\pm$ 0.91,62.06 \scriptsize $\pm$ 0.57,72.95 \scriptsize $\pm$ 3.12,65.56 \scriptsize $\pm$ 2.20,48.54 \scriptsize $\pm$ 1.81,46.94 \scriptsize $\pm$ 1.64,1.47 \scriptsize $\pm$ 0.34,76.78 \scriptsize $\pm$ 1.57,74.14 \scriptsize $\pm$ 1.83,67.97 \scriptsize $\pm$ 6.12,36.97 \scriptsize $\pm$ 4.84,72.00 \scriptsize $\pm$ 1.57,41.15 \scriptsize $\pm$ 2.21,9.16 \scriptsize $\pm$ 2.61,38.08 \scriptsize $\pm$ 6.56,32.03 \scriptsize $\pm$ 4.47,28.26 \scriptsize $\pm$ 3.73,17.94 \scriptsize $\pm$ 4.62,19.02 \scriptsize $\pm$ 1.99,24.89 \scriptsize $\pm$ 3.12,17.55 \scriptsize $\pm$ 3.89,11.47 \scriptsize $\pm$ 1.94,15.73 \scriptsize $\pm$ 2.14,11.34 \scriptsize $\pm$ 0.58,49.66 \scriptsize $\pm$ 1.91,19.58 \scriptsize $\pm$ 3.63,13.37 \scriptsize $\pm$ 2.36,12.80 \scriptsize $\pm$ 2.42,8.69 \scriptsize $\pm$ 0.55,22.89 \scriptsize $\pm$ 1.92,10.03 \scriptsize $\pm$ 0.86,84.72 \scriptsize $\pm$ 0.15,50.41 \scriptsize $\pm$ 1.14,most_distinct_script_10,wikiann,"[42, 66, 17, 23]","[51.20898547948543, 49.09174879303276, 51.499133812663445, 49.84549426093924]",0.0048732217003516435,0.11605213056622277,0.023266220922854103
76.19 \scriptsize $\pm$ 0.68,45.11 \scriptsize $\pm$ 4.61,64.58 \scriptsize $\pm$ 1.12,76.84 \scriptsize $\pm$ 0.34,65.92 \scriptsize $\pm$ 0.72,77.92 \scriptsize $\pm$ 0.51,70.89 \scriptsize $\pm$ 1.72,69.40 \scriptsize $\pm$ 2.89,76.22 \scriptsize $\pm$ 1.24,67.72 \scriptsize $\pm$ 2.71,50.43 \scriptsize $\pm$ 2.86,77.98 \scriptsize $\pm$ 0.62,79.53 \scriptsize $\pm$ 0.80,36.59 \scriptsize $\pm$ 1.61,54.93 \scriptsize $\pm$ 1.26,61.85 \scriptsize $\pm$ 0.89,75.14 \scriptsize $\pm$ 1.28,60.42 \scriptsize $\pm$ 2.55,80.67 \scriptsize $\pm$ 0.36,31.11 \scriptsize $\pm$ 1.72,63.44 \scriptsize $\pm$ 1.82,63.36 \scriptsize $\pm$ 1.19,45.12 \scriptsize $\pm$ 1.27,59.40 \scriptsize $\pm$ 0.55,73.31 \scriptsize $\pm$ 0.86,48.25 \scriptsize $\pm$ 1.73,55.01 \scriptsize $\pm$ 2.85,66.16 \scriptsize $\pm$ 2.37,54.00 \scriptsize $\pm$ 1.44,81.54 \scriptsize $\pm$ 0.48,25.93 \scriptsize $\pm$ 3.21,79.80 \scriptsize $\pm$ 0.35,78.62 \scriptsize $\pm$ 2.15,62.74 \scriptsize $\pm$ 4.14,72.07 \scriptsize $\pm$ 1.10,67.02 \scriptsize $\pm$ 1.40,49.45 \scriptsize $\pm$ 1.15,46.48 \scriptsize $\pm$ 1.17,1.15 \scriptsize $\pm$ 0.39,75.72 \scriptsize $\pm$ 1.16,72.13 \scriptsize $\pm$ 1.08,68.22 \scriptsize $\pm$ 4.74,38.16 \scriptsize $\pm$ 2.52,72.80 \scriptsize $\pm$ 1.20,40.97 \scriptsize $\pm$ 2.78,8.43 \scriptsize $\pm$ 0.99,39.66 \scriptsize $\pm$ 1.57,32.34 \scriptsize $\pm$ 7.33,30.53 \scriptsize $\pm$ 1.00,22.17 \scriptsize $\pm$ 3.74,22.97 \scriptsize $\pm$ 4.10,30.45 \scriptsize $\pm$ 4.41,20.99 \scriptsize $\pm$ 3.46,10.58 \scriptsize $\pm$ 1.05,19.70 \scriptsize $\pm$ 4.11,12.67 \scriptsize $\pm$ 3.09,51.88 \scriptsize $\pm$ 1.36,19.86 \scriptsize $\pm$ 1.99,12.66 \scriptsize $\pm$ 2.52,13.83 \scriptsize $\pm$ 2.91,9.21 \scriptsize $\pm$ 1.87,24.21 \scriptsize $\pm$ 2.63,10.34 \scriptsize $\pm$ 2.67,84.78 \scriptsize $\pm$ 0.12,50.59 \scriptsize $\pm$ 0.73,most_distinct_script_18,wikiann,"[42, 66, 17, 23]","[50.84249352041366, 50.744884652602565, 49.54030211039903, 51.217928488078165]",0.003073390914912695,0.029631619308454614,0.023114369482021488
77.00 \scriptsize $\pm$ 0.92,45.07 \scriptsize $\pm$ 3.81,65.62 \scriptsize $\pm$ 0.72,76.79 \scriptsize $\pm$ 1.28,69.22 \scriptsize $\pm$ 1.35,77.90 \scriptsize $\pm$ 0.48,71.21 \scriptsize $\pm$ 2.27,72.86 \scriptsize $\pm$ 3.33,76.95 \scriptsize $\pm$ 0.68,68.55 \scriptsize $\pm$ 1.99,41.17 \scriptsize $\pm$ 6.24,78.40 \scriptsize $\pm$ 0.97,79.82 \scriptsize $\pm$ 1.42,44.98 \scriptsize $\pm$ 5.63,55.56 \scriptsize $\pm$ 1.44,67.79 \scriptsize $\pm$ 0.96,76.87 \scriptsize $\pm$ 1.10,59.08 \scriptsize $\pm$ 6.27,80.95 \scriptsize $\pm$ 0.44,29.39 \scriptsize $\pm$ 2.86,65.92 \scriptsize $\pm$ 3.49,62.31 \scriptsize $\pm$ 1.40,54.28 \scriptsize $\pm$ 5.26,60.95 \scriptsize $\pm$ 0.79,74.50 \scriptsize $\pm$ 0.35,56.11 \scriptsize $\pm$ 2.98,59.81 \scriptsize $\pm$ 1.11,65.94 \scriptsize $\pm$ 3.03,56.51 \scriptsize $\pm$ 0.88,81.99 \scriptsize $\pm$ 0.44,34.02 \scriptsize $\pm$ 1.24,80.12 \scriptsize $\pm$ 0.47,79.36 \scriptsize $\pm$ 0.91,60.66 \scriptsize $\pm$ 3.32,73.08 \scriptsize $\pm$ 4.51,66.49 \scriptsize $\pm$ 1.00,55.31 \scriptsize $\pm$ 0.88,49.04 \scriptsize $\pm$ 1.47,0.31 \scriptsize $\pm$ 0.11,75.72 \scriptsize $\pm$ 1.72,75.39 \scriptsize $\pm$ 2.02,69.45 \scriptsize $\pm$ 5.29,54.52 \scriptsize $\pm$ 2.10,72.37 \scriptsize $\pm$ 0.89,37.38 \scriptsize $\pm$ 3.50,8.66 \scriptsize $\pm$ 4.75,37.41 \scriptsize $\pm$ 7.76,25.26 \scriptsize $\pm$ 6.20,28.20 \scriptsize $\pm$ 5.59,21.51 \scriptsize $\pm$ 6.44,19.02 \scriptsize $\pm$ 4.57,26.73 \scriptsize $\pm$ 10.29,18.00 \scriptsize $\pm$ 6.87,11.44 \scriptsize $\pm$ 3.28,13.46 \scriptsize $\pm$ 5.83,10.41 \scriptsize $\pm$ 2.40,48.84 \scriptsize $\pm$ 5.48,18.60 \scriptsize $\pm$ 5.74,13.44 \scriptsize $\pm$ 4.60,13.69 \scriptsize $\pm$ 4.72,9.12 \scriptsize $\pm$ 1.73,22.95 \scriptsize $\pm$ 5.30,8.14 \scriptsize $\pm$ 2.28,84.66 \scriptsize $\pm$ 0.12,51.19 \scriptsize $\pm$ 1.55,most_distinct_script_5,wikiann,"[42, 66, 17, 23]","[49.148456302750176, 52.669518631596354, 50.869176744599486, 52.07937299069222]",0.05723550030519145,0.3586853067164453,0.03216270529705055
76.05 \scriptsize $\pm$ 0.17,44.43 \scriptsize $\pm$ 2.42,63.30 \scriptsize $\pm$ 1.61,76.70 \scriptsize $\pm$ 0.84,67.17 \scriptsize $\pm$ 1.00,77.69 \scriptsize $\pm$ 0.62,69.55 \scriptsize $\pm$ 1.01,72.80 \scriptsize $\pm$ 1.20,76.96 \scriptsize $\pm$ 0.90,65.55 \scriptsize $\pm$ 1.22,41.95 \scriptsize $\pm$ 5.38,77.83 \scriptsize $\pm$ 0.95,79.89 \scriptsize $\pm$ 0.43,38.31 \scriptsize $\pm$ 2.17,54.40 \scriptsize $\pm$ 1.57,66.73 \scriptsize $\pm$ 2.25,74.95 \scriptsize $\pm$ 0.48,64.25 \scriptsize $\pm$ 6.79,80.56 \scriptsize $\pm$ 0.50,28.57 \scriptsize $\pm$ 3.94,62.15 \scriptsize $\pm$ 1.89,60.74 \scriptsize $\pm$ 1.41,44.87 \scriptsize $\pm$ 2.98,60.33 \scriptsize $\pm$ 1.91,73.37 \scriptsize $\pm$ 0.36,52.86 \scriptsize $\pm$ 2.58,58.58 \scriptsize $\pm$ 1.87,63.26 \scriptsize $\pm$ 5.25,55.29 \scriptsize $\pm$ 2.00,81.00 \scriptsize $\pm$ 0.28,33.10 \scriptsize $\pm$ 0.63,79.63 \scriptsize $\pm$ 0.17,78.60 \scriptsize $\pm$ 0.80,61.54 \scriptsize $\pm$ 4.22,73.23 \scriptsize $\pm$ 2.51,65.51 \scriptsize $\pm$ 2.73,50.04 \scriptsize $\pm$ 1.40,49.18 \scriptsize $\pm$ 2.88,1.26 \scriptsize $\pm$ 0.19,76.78 \scriptsize $\pm$ 1.11,72.33 \scriptsize $\pm$ 2.29,70.10 \scriptsize $\pm$ 1.83,40.64 \scriptsize $\pm$ 5.64,71.19 \scriptsize $\pm$ 2.44,38.97 \scriptsize $\pm$ 1.98,17.35 \scriptsize $\pm$ 6.04,46.69 \scriptsize $\pm$ 3.16,33.12 \scriptsize $\pm$ 4.99,30.32 \scriptsize $\pm$ 2.38,24.70 \scriptsize $\pm$ 6.23,27.83 \scriptsize $\pm$ 5.48,42.53 \scriptsize $\pm$ 4.84,23.28 \scriptsize $\pm$ 6.53,14.52 \scriptsize $\pm$ 2.39,24.11 \scriptsize $\pm$ 4.55,18.39 \scriptsize $\pm$ 3.37,51.38 \scriptsize $\pm$ 2.38,25.84 \scriptsize $\pm$ 4.09,19.04 \scriptsize $\pm$ 5.36,18.61 \scriptsize $\pm$ 8.42,13.82 \scriptsize $\pm$ 1.21,21.20 \scriptsize $\pm$ 2.58,13.64 \scriptsize $\pm$ 3.05,84.57 \scriptsize $\pm$ 0.25,51.92 \scriptsize $\pm$ 0.82,most_family_en_10,wikiann,"[42, 66, 17, 23]","[51.312717496158, 52.022775188662294, 51.31396173967541, 53.046047059227554]",0.02037646695650082,0.503122813838135,0.07429325657935049
76.58 \scriptsize $\pm$ 0.97,43.01 \scriptsize $\pm$ 3.91,64.98 \scriptsize $\pm$ 1.54,77.12 \scriptsize $\pm$ 0.65,66.14 \scriptsize $\pm$ 3.14,77.68 \scriptsize $\pm$ 0.84,71.93 \scriptsize $\pm$ 1.69,72.15 \scriptsize $\pm$ 5.06,77.13 \scriptsize $\pm$ 0.99,65.40 \scriptsize $\pm$ 2.31,41.30 \scriptsize $\pm$ 0.91,78.07 \scriptsize $\pm$ 0.15,79.15 \scriptsize $\pm$ 0.87,42.29 \scriptsize $\pm$ 3.40,55.39 \scriptsize $\pm$ 0.43,65.21 \scriptsize $\pm$ 2.61,75.52 \scriptsize $\pm$ 0.80,56.15 \scriptsize $\pm$ 5.10,80.78 \scriptsize $\pm$ 0.40,29.11 \scriptsize $\pm$ 1.78,66.21 \scriptsize $\pm$ 2.42,62.94 \scriptsize $\pm$ 0.89,47.36 \scriptsize $\pm$ 4.23,60.82 \scriptsize $\pm$ 0.63,73.69 \scriptsize $\pm$ 0.15,53.00 \scriptsize $\pm$ 1.28,58.46 \scriptsize $\pm$ 1.18,57.91 \scriptsize $\pm$ 6.03,54.51 \scriptsize $\pm$ 2.08,81.15 \scriptsize $\pm$ 0.55,33.95 \scriptsize $\pm$ 3.78,80.04 \scriptsize $\pm$ 0.23,78.73 \scriptsize $\pm$ 1.05,60.76 \scriptsize $\pm$ 1.83,71.53 \scriptsize $\pm$ 4.08,65.75 \scriptsize $\pm$ 2.29,51.06 \scriptsize $\pm$ 0.63,46.13 \scriptsize $\pm$ 1.13,0.91 \scriptsize $\pm$ 0.67,77.75 \scriptsize $\pm$ 1.36,73.20 \scriptsize $\pm$ 2.37,70.75 \scriptsize $\pm$ 1.37,46.62 \scriptsize $\pm$ 8.96,71.30 \scriptsize $\pm$ 1.19,39.33 \scriptsize $\pm$ 2.94,22.86 \scriptsize $\pm$ 4.20,53.24 \scriptsize $\pm$ 4.36,31.39 \scriptsize $\pm$ 7.38,51.53 \scriptsize $\pm$ 0.29,34.16 \scriptsize $\pm$ 6.25,33.64 \scriptsize $\pm$ 2.94,49.01 \scriptsize $\pm$ 5.56,42.05 \scriptsize $\pm$ 1.51,18.45 \scriptsize $\pm$ 3.48,30.27 \scriptsize $\pm$ 4.45,21.97 \scriptsize $\pm$ 2.10,55.55 \scriptsize $\pm$ 1.57,35.66 \scriptsize $\pm$ 1.35,26.69 \scriptsize $\pm$ 2.83,27.37 \scriptsize $\pm$ 6.90,14.56 \scriptsize $\pm$ 0.49,26.23 \scriptsize $\pm$ 5.64,16.29 \scriptsize $\pm$ 2.56,84.87 \scriptsize $\pm$ 0.15,53.98 \scriptsize $\pm$ 0.84,most_family_en_20,wikiann,"[42, 66, 17, 23]","[53.154532093615515, 55.117954808117624, 53.639045178501405, 54.0112117763948]",0.4437045485292988,0.20190146988944635,0.549212983820567
76.30 \scriptsize $\pm$ 0.68,45.56 \scriptsize $\pm$ 2.60,64.38 \scriptsize $\pm$ 1.29,76.56 \scriptsize $\pm$ 0.84,68.49 \scriptsize $\pm$ 0.87,77.48 \scriptsize $\pm$ 0.63,70.73 \scriptsize $\pm$ 1.52,69.30 \scriptsize $\pm$ 4.39,76.62 \scriptsize $\pm$ 1.28,68.27 \scriptsize $\pm$ 1.90,39.22 \scriptsize $\pm$ 6.33,76.94 \scriptsize $\pm$ 0.96,79.03 \scriptsize $\pm$ 0.75,43.10 \scriptsize $\pm$ 2.54,55.22 \scriptsize $\pm$ 1.12,65.83 \scriptsize $\pm$ 2.29,74.11 \scriptsize $\pm$ 1.04,59.20 \scriptsize $\pm$ 7.09,80.69 \scriptsize $\pm$ 0.65,32.51 \scriptsize $\pm$ 1.31,65.69 \scriptsize $\pm$ 2.01,62.80 \scriptsize $\pm$ 0.77,47.79 \scriptsize $\pm$ 2.03,59.88 \scriptsize $\pm$ 0.97,73.39 \scriptsize $\pm$ 1.01,53.36 \scriptsize $\pm$ 1.44,56.77 \scriptsize $\pm$ 1.74,65.24 \scriptsize $\pm$ 7.01,55.30 \scriptsize $\pm$ 6.14,81.14 \scriptsize $\pm$ 0.50,34.69 \scriptsize $\pm$ 1.84,79.97 \scriptsize $\pm$ 0.36,78.09 \scriptsize $\pm$ 0.99,60.79 \scriptsize $\pm$ 2.87,70.44 \scriptsize $\pm$ 3.53,65.92 \scriptsize $\pm$ 0.85,50.69 \scriptsize $\pm$ 1.62,45.95 \scriptsize $\pm$ 0.94,2.01 \scriptsize $\pm$ 1.61,78.47 \scriptsize $\pm$ 0.71,72.59 \scriptsize $\pm$ 2.19,68.44 \scriptsize $\pm$ 3.39,34.11 \scriptsize $\pm$ 7.89,72.29 \scriptsize $\pm$ 0.58,41.97 \scriptsize $\pm$ 2.24,25.84 \scriptsize $\pm$ 4.18,60.41 \scriptsize $\pm$ 1.32,38.74 \scriptsize $\pm$ 4.03,47.95 \scriptsize $\pm$ 1.53,38.57 \scriptsize $\pm$ 4.38,34.78 \scriptsize $\pm$ 2.96,50.89 \scriptsize $\pm$ 3.40,40.26 \scriptsize $\pm$ 1.92,33.16 \scriptsize $\pm$ 3.13,32.75 \scriptsize $\pm$ 1.99,21.70 \scriptsize $\pm$ 1.47,55.07 \scriptsize $\pm$ 2.99,37.48 \scriptsize $\pm$ 2.38,34.11 \scriptsize $\pm$ 1.18,29.51 \scriptsize $\pm$ 4.89,15.46 \scriptsize $\pm$ 0.84,23.99 \scriptsize $\pm$ 4.93,19.93 \scriptsize $\pm$ 2.26,84.66 \scriptsize $\pm$ 0.35,54.73 \scriptsize $\pm$ 0.85,most_family_en_25,wikiann,"[42, 66, 17, 23]","[55.50273277291591, 54.314510676843334, 55.35592300859341, 53.73920600316653]",0.9720237327850798,0.07297887205215686,0.1869870148803767
74.86 \scriptsize $\pm$ 0.72,40.50 \scriptsize $\pm$ 2.42,61.74 \scriptsize $\pm$ 0.88,75.49 \scriptsize $\pm$ 0.64,69.83 \scriptsize $\pm$ 0.55,77.22 \scriptsize $\pm$ 0.19,70.04 \scriptsize $\pm$ 1.30,68.37 \scriptsize $\pm$ 1.23,74.54 \scriptsize $\pm$ 1.13,64.02 \scriptsize $\pm$ 1.66,34.39 \scriptsize $\pm$ 1.55,76.65 \scriptsize $\pm$ 0.55,78.97 \scriptsize $\pm$ 0.99,46.33 \scriptsize $\pm$ 4.64,53.36 \scriptsize $\pm$ 0.81,67.47 \scriptsize $\pm$ 1.61,73.67 \scriptsize $\pm$ 1.05,54.17 \scriptsize $\pm$ 2.19,80.13 \scriptsize $\pm$ 0.37,29.23 \scriptsize $\pm$ 1.72,61.70 \scriptsize $\pm$ 1.91,60.21 \scriptsize $\pm$ 0.88,44.64 \scriptsize $\pm$ 5.20,61.40 \scriptsize $\pm$ 1.27,71.88 \scriptsize $\pm$ 0.84,54.27 \scriptsize $\pm$ 2.95,56.98 \scriptsize $\pm$ 3.53,69.66 \scriptsize $\pm$ 0.68,50.43 \scriptsize $\pm$ 3.44,80.73 \scriptsize $\pm$ 0.31,34.54 \scriptsize $\pm$ 1.19,79.31 \scriptsize $\pm$ 0.42,77.90 \scriptsize $\pm$ 0.88,59.76 \scriptsize $\pm$ 1.92,69.41 \scriptsize $\pm$ 2.65,63.85 \scriptsize $\pm$ 1.53,52.21 \scriptsize $\pm$ 1.10,47.47 \scriptsize $\pm$ 1.21,1.49 \scriptsize $\pm$ 0.71,75.63 \scriptsize $\pm$ 0.88,70.25 \scriptsize $\pm$ 1.15,69.71 \scriptsize $\pm$ 2.91,34.16 \scriptsize $\pm$ 1.48,71.42 \scriptsize $\pm$ 2.32,40.35 \scriptsize $\pm$ 1.49,8.50 \scriptsize $\pm$ 3.96,38.08 \scriptsize $\pm$ 9.01,26.52 \scriptsize $\pm$ 6.67,28.74 \scriptsize $\pm$ 5.50,17.55 \scriptsize $\pm$ 5.64,21.30 \scriptsize $\pm$ 4.70,33.37 \scriptsize $\pm$ 6.37,19.33 \scriptsize $\pm$ 6.34,10.22 \scriptsize $\pm$ 3.01,14.91 \scriptsize $\pm$ 3.14,14.14 \scriptsize $\pm$ 3.27,47.78 \scriptsize $\pm$ 2.63,20.19 \scriptsize $\pm$ 2.63,11.93 \scriptsize $\pm$ 3.79,13.53 \scriptsize $\pm$ 6.42,13.10 \scriptsize $\pm$ 2.43,16.30 \scriptsize $\pm$ 3.95,9.64 \scriptsize $\pm$ 2.62,84.61 \scriptsize $\pm$ 0.09,49.69 \scriptsize $\pm$ 1.06,most_family_en_5,wikiann,"[42, 66, 17, 23]","[49.81011139940933, 51.05430474218105, 49.38672641094005, 48.50426064037404]",0.0122466565484092,0.03668539949365645,0.0035435523218719524
75.57 \scriptsize $\pm$ 0.65,45.13 \scriptsize $\pm$ 3.59,64.64 \scriptsize $\pm$ 1.22,76.27 \scriptsize $\pm$ 0.73,70.47 \scriptsize $\pm$ 1.37,77.51 \scriptsize $\pm$ 0.25,71.61 \scriptsize $\pm$ 0.72,71.51 \scriptsize $\pm$ 3.17,76.12 \scriptsize $\pm$ 0.53,63.19 \scriptsize $\pm$ 3.02,46.37 \scriptsize $\pm$ 5.00,77.44 \scriptsize $\pm$ 0.44,79.04 \scriptsize $\pm$ 0.53,46.86 \scriptsize $\pm$ 1.75,54.02 \scriptsize $\pm$ 0.80,69.04 \scriptsize $\pm$ 0.59,74.14 \scriptsize $\pm$ 0.25,54.49 \scriptsize $\pm$ 3.78,80.48 \scriptsize $\pm$ 0.42,28.77 \scriptsize $\pm$ 2.39,62.45 \scriptsize $\pm$ 1.84,66.77 \scriptsize $\pm$ 0.66,42.45 \scriptsize $\pm$ 2.01,60.91 \scriptsize $\pm$ 0.77,73.07 \scriptsize $\pm$ 0.35,55.20 \scriptsize $\pm$ 3.76,58.92 \scriptsize $\pm$ 1.53,69.24 \scriptsize $\pm$ 0.69,50.50 \scriptsize $\pm$ 2.59,81.10 \scriptsize $\pm$ 0.44,38.87 \scriptsize $\pm$ 3.32,79.87 \scriptsize $\pm$ 0.41,77.77 \scriptsize $\pm$ 0.39,62.11 \scriptsize $\pm$ 4.50,64.99 \scriptsize $\pm$ 1.14,64.42 \scriptsize $\pm$ 1.70,53.25 \scriptsize $\pm$ 1.02,48.11 \scriptsize $\pm$ 1.44,0.82 \scriptsize $\pm$ 0.48,77.67 \scriptsize $\pm$ 1.30,70.72 \scriptsize $\pm$ 0.81,72.08 \scriptsize $\pm$ 2.29,31.56 \scriptsize $\pm$ 1.44,70.52 \scriptsize $\pm$ 1.40,40.11 \scriptsize $\pm$ 0.99,21.92 \scriptsize $\pm$ 5.52,49.54 \scriptsize $\pm$ 5.18,46.63 \scriptsize $\pm$ 1.31,32.63 \scriptsize $\pm$ 4.01,25.51 \scriptsize $\pm$ 5.83,34.99 \scriptsize $\pm$ 3.48,53.59 \scriptsize $\pm$ 3.05,25.38 \scriptsize $\pm$ 4.74,14.24 \scriptsize $\pm$ 3.45,33.29 \scriptsize $\pm$ 4.13,22.73 \scriptsize $\pm$ 1.55,54.37 \scriptsize $\pm$ 2.00,27.71 \scriptsize $\pm$ 3.20,38.12 \scriptsize $\pm$ 4.11,17.98 \scriptsize $\pm$ 6.05,14.46 \scriptsize $\pm$ 1.74,19.20 \scriptsize $\pm$ 4.18,17.06 \scriptsize $\pm$ 3.16,84.58 \scriptsize $\pm$ 0.28,53.28 \scriptsize $\pm$ 0.73,most_same_script_10,wikiann,"[42, 66, 17, 23]","[53.29976092843131, 52.2712256309043, 53.56125619405632, 53.99677159379856]",0.03199092805398092,0.4498078688107689,0.5732726526114317
75.79 \scriptsize $\pm$ 0.62,42.50 \scriptsize $\pm$ 5.12,63.45 \scriptsize $\pm$ 0.23,76.29 \scriptsize $\pm$ 1.02,71.69 \scriptsize $\pm$ 0.69,77.58 \scriptsize $\pm$ 0.54,70.44 \scriptsize $\pm$ 0.69,69.00 \scriptsize $\pm$ 2.04,75.91 \scriptsize $\pm$ 1.12,64.08 \scriptsize $\pm$ 3.00,40.21 \scriptsize $\pm$ 3.89,76.71 \scriptsize $\pm$ 0.65,78.17 \scriptsize $\pm$ 0.82,45.65 \scriptsize $\pm$ 3.99,53.39 \scriptsize $\pm$ 0.86,66.91 \scriptsize $\pm$ 0.74,74.25 \scriptsize $\pm$ 1.21,53.83 \scriptsize $\pm$ 3.06,80.72 \scriptsize $\pm$ 0.44,28.99 \scriptsize $\pm$ 1.89,63.19 \scriptsize $\pm$ 2.96,66.28 \scriptsize $\pm$ 0.36,39.95 \scriptsize $\pm$ 2.15,60.38 \scriptsize $\pm$ 0.54,73.36 \scriptsize $\pm$ 0.73,55.14 \scriptsize $\pm$ 2.43,59.83 \scriptsize $\pm$ 2.52,62.30 \scriptsize $\pm$ 4.50,52.41 \scriptsize $\pm$ 1.35,81.25 \scriptsize $\pm$ 0.37,36.95 \scriptsize $\pm$ 0.41,79.85 \scriptsize $\pm$ 0.57,77.65 \scriptsize $\pm$ 0.54,59.75 \scriptsize $\pm$ 3.02,70.67 \scriptsize $\pm$ 0.67,62.99 \scriptsize $\pm$ 1.68,51.20 \scriptsize $\pm$ 0.49,47.24 \scriptsize $\pm$ 0.99,1.54 \scriptsize $\pm$ 1.09,78.52 \scriptsize $\pm$ 1.61,70.09 \scriptsize $\pm$ 1.99,71.86 \scriptsize $\pm$ 1.70,39.17 \scriptsize $\pm$ 4.81,72.86 \scriptsize $\pm$ 1.33,41.20 \scriptsize $\pm$ 2.45,25.63 \scriptsize $\pm$ 5.87,52.22 \scriptsize $\pm$ 5.21,32.01 \scriptsize $\pm$ 4.95,47.24 \scriptsize $\pm$ 2.30,30.00 \scriptsize $\pm$ 3.45,29.53 \scriptsize $\pm$ 3.89,43.76 \scriptsize $\pm$ 3.86,36.52 \scriptsize $\pm$ 4.84,18.12 \scriptsize $\pm$ 3.15,24.61 \scriptsize $\pm$ 5.60,18.77 \scriptsize $\pm$ 3.39,49.51 \scriptsize $\pm$ 1.91,34.25 \scriptsize $\pm$ 2.95,31.01 \scriptsize $\pm$ 2.00,35.14 \scriptsize $\pm$ 3.54,12.67 \scriptsize $\pm$ 2.13,15.70 \scriptsize $\pm$ 2.13,15.58 \scriptsize $\pm$ 0.94,84.87 \scriptsize $\pm$ 0.15,53.10 \scriptsize $\pm$ 0.89,most_same_script_20,wikiann,"[42, 66, 17, 23]","[54.0534944817918, 51.97870197496309, 53.51084546263419, 52.852769269919776]",0.019571989993426565,0.5141225580673993,0.47498978959644483
75.65 \scriptsize $\pm$ 0.93,40.26 \scriptsize $\pm$ 2.14,64.19 \scriptsize $\pm$ 1.31,76.19 \scriptsize $\pm$ 1.24,70.28 \scriptsize $\pm$ 2.10,77.10 \scriptsize $\pm$ 0.33,69.54 \scriptsize $\pm$ 0.83,66.63 \scriptsize $\pm$ 1.52,75.71 \scriptsize $\pm$ 1.14,64.14 \scriptsize $\pm$ 3.26,33.96 \scriptsize $\pm$ 4.38,76.37 \scriptsize $\pm$ 1.08,77.86 \scriptsize $\pm$ 0.31,47.51 \scriptsize $\pm$ 2.38,53.48 \scriptsize $\pm$ 0.77,67.18 \scriptsize $\pm$ 1.40,73.83 \scriptsize $\pm$ 1.03,51.70 \scriptsize $\pm$ 1.16,80.55 \scriptsize $\pm$ 0.35,27.72 \scriptsize $\pm$ 2.04,61.39 \scriptsize $\pm$ 2.23,65.88 \scriptsize $\pm$ 0.78,40.63 \scriptsize $\pm$ 1.98,60.25 \scriptsize $\pm$ 0.91,72.59 \scriptsize $\pm$ 0.57,54.90 \scriptsize $\pm$ 2.57,58.56 \scriptsize $\pm$ 2.16,64.18 \scriptsize $\pm$ 3.46,50.69 \scriptsize $\pm$ 2.42,80.99 \scriptsize $\pm$ 0.25,37.60 \scriptsize $\pm$ 1.03,79.39 \scriptsize $\pm$ 0.48,77.71 \scriptsize $\pm$ 0.92,62.47 \scriptsize $\pm$ 4.10,70.20 \scriptsize $\pm$ 1.35,63.96 \scriptsize $\pm$ 0.64,50.63 \scriptsize $\pm$ 1.67,46.70 \scriptsize $\pm$ 1.97,0.87 \scriptsize $\pm$ 0.63,76.91 \scriptsize $\pm$ 0.83,70.63 \scriptsize $\pm$ 0.67,70.44 \scriptsize $\pm$ 2.67,38.86 \scriptsize $\pm$ 2.41,72.26 \scriptsize $\pm$ 0.50,39.16 \scriptsize $\pm$ 2.61,25.44 \scriptsize $\pm$ 2.74,58.98 \scriptsize $\pm$ 4.19,35.24 \scriptsize $\pm$ 8.68,44.57 \scriptsize $\pm$ 2.37,33.53 \scriptsize $\pm$ 2.15,41.98 \scriptsize $\pm$ 0.61,59.53 \scriptsize $\pm$ 2.44,37.44 \scriptsize $\pm$ 4.22,27.42 \scriptsize $\pm$ 5.25,33.77 \scriptsize $\pm$ 2.72,22.34 \scriptsize $\pm$ 1.87,50.14 \scriptsize $\pm$ 1.06,35.19 \scriptsize $\pm$ 2.41,33.11 \scriptsize $\pm$ 3.86,37.49 \scriptsize $\pm$ 4.84,14.59 \scriptsize $\pm$ 1.54,17.62 \scriptsize $\pm$ 3.99,25.60 \scriptsize $\pm$ 2.87,84.60 \scriptsize $\pm$ 0.27,54.00 \scriptsize $\pm$ 0.48,most_same_script_41,wikiann,"[42, 66, 17, 23]","[53.47643127966821, 54.554252681859325, 54.22549001510435, 53.759488372163496]",0.3910662753742242,0.19140611671570024,0.2869233201636336
75.44 \scriptsize $\pm$ 0.22,39.52 \scriptsize $\pm$ 2.41,63.21 \scriptsize $\pm$ 1.64,75.95 \scriptsize $\pm$ 0.55,69.73 \scriptsize $\pm$ 0.74,78.12 \scriptsize $\pm$ 0.49,70.53 \scriptsize $\pm$ 0.93,68.31 \scriptsize $\pm$ 0.95,74.59 \scriptsize $\pm$ 1.12,61.64 \scriptsize $\pm$ 3.48,32.79 \scriptsize $\pm$ 1.70,76.74 \scriptsize $\pm$ 0.51,79.20 \scriptsize $\pm$ 1.74,45.55 \scriptsize $\pm$ 3.12,53.86 \scriptsize $\pm$ 1.14,66.49 \scriptsize $\pm$ 2.03,74.08 \scriptsize $\pm$ 0.89,51.47 \scriptsize $\pm$ 0.72,80.17 \scriptsize $\pm$ 0.28,31.13 \scriptsize $\pm$ 1.48,58.38 \scriptsize $\pm$ 2.38,66.20 \scriptsize $\pm$ 1.45,41.52 \scriptsize $\pm$ 2.43,58.61 \scriptsize $\pm$ 1.35,72.31 \scriptsize $\pm$ 0.43,52.37 \scriptsize $\pm$ 2.59,55.78 \scriptsize $\pm$ 2.08,69.37 \scriptsize $\pm$ 0.90,48.60 \scriptsize $\pm$ 1.56,81.05 \scriptsize $\pm$ 0.15,38.06 \scriptsize $\pm$ 2.96,79.32 \scriptsize $\pm$ 0.39,77.97 \scriptsize $\pm$ 1.14,57.24 \scriptsize $\pm$ 3.03,69.27 \scriptsize $\pm$ 4.76,63.18 \scriptsize $\pm$ 0.76,51.92 \scriptsize $\pm$ 2.57,46.90 \scriptsize $\pm$ 0.56,1.31 \scriptsize $\pm$ 0.73,78.62 \scriptsize $\pm$ 1.10,72.18 \scriptsize $\pm$ 2.11,71.98 \scriptsize $\pm$ 1.05,40.72 \scriptsize $\pm$ 13.58,70.46 \scriptsize $\pm$ 2.49,42.93 \scriptsize $\pm$ 1.06,19.53 \scriptsize $\pm$ 3.31,49.49 \scriptsize $\pm$ 1.27,46.17 \scriptsize $\pm$ 2.60,27.06 \scriptsize $\pm$ 3.44,29.82 \scriptsize $\pm$ 3.21,28.40 \scriptsize $\pm$ 2.97,42.19 \scriptsize $\pm$ 5.08,21.63 \scriptsize $\pm$ 1.97,15.03 \scriptsize $\pm$ 0.97,20.38 \scriptsize $\pm$ 2.88,16.61 \scriptsize $\pm$ 2.25,49.66 \scriptsize $\pm$ 2.36,22.89 \scriptsize $\pm$ 3.79,18.37 \scriptsize $\pm$ 2.99,14.45 \scriptsize $\pm$ 2.49,13.88 \scriptsize $\pm$ 1.10,21.80 \scriptsize $\pm$ 5.96,11.60 \scriptsize $\pm$ 1.88,84.58 \scriptsize $\pm$ 0.07,51.38 \scriptsize $\pm$ 0.50,most_same_script_5,wikiann,"[42, 66, 17, 23]","[51.77801503782289, 51.47220804521777, 50.65807289627684, 51.61577777752422]",0.0041988608587834155,0.0966156138154759,0.035198744321296035
76.77 \scriptsize $\pm$ 0.61,46.93 \scriptsize $\pm$ 6.15,63.36 \scriptsize $\pm$ 1.50,76.81 \scriptsize $\pm$ 0.66,69.49 \scriptsize $\pm$ 1.53,77.60 \scriptsize $\pm$ 0.35,70.41 \scriptsize $\pm$ 0.76,69.31 \scriptsize $\pm$ 3.49,76.63 \scriptsize $\pm$ 0.78,67.64 \scriptsize $\pm$ 1.40,41.23 \scriptsize $\pm$ 5.51,77.90 \scriptsize $\pm$ 0.75,79.66 \scriptsize $\pm$ 1.14,42.42 \scriptsize $\pm$ 3.32,53.19 \scriptsize $\pm$ 0.31,67.22 \scriptsize $\pm$ 2.12,74.19 \scriptsize $\pm$ 0.60,59.68 \scriptsize $\pm$ 4.33,80.37 \scriptsize $\pm$ 0.19,29.17 \scriptsize $\pm$ 1.36,61.61 \scriptsize $\pm$ 1.36,61.48 \scriptsize $\pm$ 2.30,44.94 \scriptsize $\pm$ 4.05,60.04 \scriptsize $\pm$ 1.23,73.72 \scriptsize $\pm$ 0.45,56.08 \scriptsize $\pm$ 1.79,58.40 \scriptsize $\pm$ 2.05,66.94 \scriptsize $\pm$ 2.92,55.62 \scriptsize $\pm$ 2.07,81.28 \scriptsize $\pm$ 0.14,34.51 \scriptsize $\pm$ 1.22,79.99 \scriptsize $\pm$ 0.26,77.71 \scriptsize $\pm$ 0.50,64.04 \scriptsize $\pm$ 2.52,67.42 \scriptsize $\pm$ 3.19,66.05 \scriptsize $\pm$ 1.90,51.47 \scriptsize $\pm$ 0.97,49.36 \scriptsize $\pm$ 1.21,0.75 \scriptsize $\pm$ 0.55,77.00 \scriptsize $\pm$ 0.79,71.18 \scriptsize $\pm$ 1.99,71.40 \scriptsize $\pm$ 4.63,43.33 \scriptsize $\pm$ 5.71,71.83 \scriptsize $\pm$ 0.26,40.72 \scriptsize $\pm$ 1.31,19.06 \scriptsize $\pm$ 1.12,53.04 \scriptsize $\pm$ 2.97,44.63 \scriptsize $\pm$ 5.89,33.70 \scriptsize $\pm$ 2.40,32.51 \scriptsize $\pm$ 1.92,38.30 \scriptsize $\pm$ 2.35,54.63 \scriptsize $\pm$ 3.34,28.89 \scriptsize $\pm$ 3.27,14.47 \scriptsize $\pm$ 2.79,35.29 \scriptsize $\pm$ 3.14,23.34 \scriptsize $\pm$ 2.77,53.36 \scriptsize $\pm$ 3.84,34.18 \scriptsize $\pm$ 5.26,23.66 \scriptsize $\pm$ 2.48,18.61 \scriptsize $\pm$ 0.59,13.64 \scriptsize $\pm$ 3.35,21.72 \scriptsize $\pm$ 4.57,18.42 \scriptsize $\pm$ 3.13,84.72 \scriptsize $\pm$ 0.38,53.64 \scriptsize $\pm$ 0.59,most_uriel_en_10,wikiann,"[42, 66, 17, 23]","[54.19223654525161, 52.86831574717291, 53.99516693406377, 53.50750580602649]",0.05962905483602513,0.23460982885921916,0.9039835458009338
76.79 \scriptsize $\pm$ 0.43,45.02 \scriptsize $\pm$ 2.17,65.10 \scriptsize $\pm$ 1.17,76.44 \scriptsize $\pm$ 0.37,68.91 \scriptsize $\pm$ 0.29,77.38 \scriptsize $\pm$ 0.11,69.66 \scriptsize $\pm$ 1.23,71.17 \scriptsize $\pm$ 2.75,77.20 \scriptsize $\pm$ 1.23,66.67 \scriptsize $\pm$ 0.57,41.88 \scriptsize $\pm$ 4.72,77.96 \scriptsize $\pm$ 0.57,79.27 \scriptsize $\pm$ 1.32,45.57 \scriptsize $\pm$ 2.50,54.14 \scriptsize $\pm$ 1.35,68.08 \scriptsize $\pm$ 1.39,75.11 \scriptsize $\pm$ 1.17,56.10 \scriptsize $\pm$ 3.17,80.75 \scriptsize $\pm$ 0.11,29.64 \scriptsize $\pm$ 3.15,61.55 \scriptsize $\pm$ 1.48,62.74 \scriptsize $\pm$ 1.25,45.08 \scriptsize $\pm$ 2.62,60.80 \scriptsize $\pm$ 0.26,73.53 \scriptsize $\pm$ 0.38,53.62 \scriptsize $\pm$ 3.45,58.97 \scriptsize $\pm$ 2.54,68.54 \scriptsize $\pm$ 1.64,55.45 \scriptsize $\pm$ 5.51,81.14 \scriptsize $\pm$ 0.17,35.11 \scriptsize $\pm$ 2.00,79.82 \scriptsize $\pm$ 0.44,79.15 \scriptsize $\pm$ 1.58,64.07 \scriptsize $\pm$ 3.23,69.11 \scriptsize $\pm$ 5.59,65.55 \scriptsize $\pm$ 2.01,51.55 \scriptsize $\pm$ 2.27,46.95 \scriptsize $\pm$ 1.46,1.83 \scriptsize $\pm$ 1.01,76.37 \scriptsize $\pm$ 0.39,72.11 \scriptsize $\pm$ 1.91,68.99 \scriptsize $\pm$ 1.34,37.18 \scriptsize $\pm$ 8.98,72.76 \scriptsize $\pm$ 0.55,38.81 \scriptsize $\pm$ 3.74,27.35 \scriptsize $\pm$ 3.97,57.43 \scriptsize $\pm$ 2.16,48.42 \scriptsize $\pm$ 2.99,35.13 \scriptsize $\pm$ 2.07,31.82 \scriptsize $\pm$ 4.41,41.36 \scriptsize $\pm$ 0.92,63.65 \scriptsize $\pm$ 1.74,27.46 \scriptsize $\pm$ 5.44,17.07 \scriptsize $\pm$ 3.53,35.33 \scriptsize $\pm$ 2.77,21.73 \scriptsize $\pm$ 1.50,54.49 \scriptsize $\pm$ 1.66,31.38 \scriptsize $\pm$ 2.62,38.49 \scriptsize $\pm$ 2.77,21.67 \scriptsize $\pm$ 8.00,13.62 \scriptsize $\pm$ 1.65,26.81 \scriptsize $\pm$ 5.89,18.74 \scriptsize $\pm$ 2.16,84.68 \scriptsize $\pm$ 0.10,54.38 \scriptsize $\pm$ 1.05,most_uriel_en_20,wikiann,"[42, 66, 17, 23]","[55.4006589823268, 55.162933714708096, 53.60861851241399, 53.34313305175996]",0.6462044492168215,0.033616114613476265,0.42291920088421064
76.28 \scriptsize $\pm$ 0.40,39.63 \scriptsize $\pm$ 4.66,63.65 \scriptsize $\pm$ 1.19,76.92 \scriptsize $\pm$ 1.14,69.28 \scriptsize $\pm$ 1.34,77.41 \scriptsize $\pm$ 0.34,70.64 \scriptsize $\pm$ 2.63,67.59 \scriptsize $\pm$ 1.15,76.67 \scriptsize $\pm$ 0.87,63.20 \scriptsize $\pm$ 1.88,42.50 \scriptsize $\pm$ 6.17,77.60 \scriptsize $\pm$ 0.11,78.51 \scriptsize $\pm$ 0.52,43.58 \scriptsize $\pm$ 5.31,53.53 \scriptsize $\pm$ 0.85,64.77 \scriptsize $\pm$ 2.93,74.18 \scriptsize $\pm$ 0.66,55.42 \scriptsize $\pm$ 5.55,80.43 \scriptsize $\pm$ 0.51,31.99 \scriptsize $\pm$ 1.75,64.10 \scriptsize $\pm$ 1.74,63.95 \scriptsize $\pm$ 1.75,43.76 \scriptsize $\pm$ 0.35,59.95 \scriptsize $\pm$ 0.90,73.57 \scriptsize $\pm$ 0.63,49.62 \scriptsize $\pm$ 4.12,56.93 \scriptsize $\pm$ 3.06,64.29 \scriptsize $\pm$ 7.38,50.18 \scriptsize $\pm$ 2.94,81.26 \scriptsize $\pm$ 0.21,35.51 \scriptsize $\pm$ 1.68,79.85 \scriptsize $\pm$ 0.46,78.28 \scriptsize $\pm$ 0.82,61.57 \scriptsize $\pm$ 4.29,65.62 \scriptsize $\pm$ 1.18,66.37 \scriptsize $\pm$ 1.63,51.17 \scriptsize $\pm$ 0.37,45.55 \scriptsize $\pm$ 2.99,1.78 \scriptsize $\pm$ 0.54,76.01 \scriptsize $\pm$ 2.03,70.60 \scriptsize $\pm$ 0.97,72.35 \scriptsize $\pm$ 1.10,38.82 \scriptsize $\pm$ 5.85,72.41 \scriptsize $\pm$ 0.18,41.31 \scriptsize $\pm$ 3.14,30.49 \scriptsize $\pm$ 4.02,63.56 \scriptsize $\pm$ 2.17,43.60 \scriptsize $\pm$ 1.87,49.09 \scriptsize $\pm$ 1.53,40.58 \scriptsize $\pm$ 2.20,44.12 \scriptsize $\pm$ 0.80,62.42 \scriptsize $\pm$ 2.13,32.98 \scriptsize $\pm$ 3.55,22.56 \scriptsize $\pm$ 1.42,38.93 \scriptsize $\pm$ 2.62,23.80 \scriptsize $\pm$ 2.58,55.90 \scriptsize $\pm$ 1.76,36.14 \scriptsize $\pm$ 2.21,37.53 \scriptsize $\pm$ 3.21,24.88 \scriptsize $\pm$ 5.59,16.59 \scriptsize $\pm$ 1.38,23.87 \scriptsize $\pm$ 1.72,28.26 \scriptsize $\pm$ 1.72,84.69 \scriptsize $\pm$ 0.24,54.82 \scriptsize $\pm$ 0.45,most_uriel_en_40,wikiann,"[42, 66, 17, 23]","[54.710199205306814, 55.433770373041284, 54.338352577895364, 54.803175005384894]",0.9193857764059618,0.03977387627813527,0.09355088217738523
75.88 \scriptsize $\pm$ 0.51,43.60 \scriptsize $\pm$ 3.59,62.26 \scriptsize $\pm$ 0.95,75.51 \scriptsize $\pm$ 1.16,67.38 \scriptsize $\pm$ 1.00,77.37 \scriptsize $\pm$ 0.27,69.53 \scriptsize $\pm$ 1.56,67.67 \scriptsize $\pm$ 3.82,74.16 \scriptsize $\pm$ 0.94,64.45 \scriptsize $\pm$ 2.10,33.05 \scriptsize $\pm$ 3.77,76.72 \scriptsize $\pm$ 0.57,78.81 \scriptsize $\pm$ 1.43,46.13 \scriptsize $\pm$ 3.12,52.94 \scriptsize $\pm$ 0.58,67.29 \scriptsize $\pm$ 2.93,73.02 \scriptsize $\pm$ 1.04,55.34 \scriptsize $\pm$ 8.99,80.24 \scriptsize $\pm$ 0.31,29.26 \scriptsize $\pm$ 1.63,58.50 \scriptsize $\pm$ 2.68,59.06 \scriptsize $\pm$ 1.85,45.77 \scriptsize $\pm$ 2.84,60.66 \scriptsize $\pm$ 0.73,71.48 \scriptsize $\pm$ 1.02,51.83 \scriptsize $\pm$ 3.00,55.68 \scriptsize $\pm$ 1.06,69.14 \scriptsize $\pm$ 0.80,45.44 \scriptsize $\pm$ 3.10,80.55 \scriptsize $\pm$ 0.22,34.21 \scriptsize $\pm$ 3.56,79.37 \scriptsize $\pm$ 0.23,77.20 \scriptsize $\pm$ 1.30,61.83 \scriptsize $\pm$ 3.90,68.40 \scriptsize $\pm$ 4.36,63.75 \scriptsize $\pm$ 1.85,50.59 \scriptsize $\pm$ 0.92,45.76 \scriptsize $\pm$ 1.26,1.32 \scriptsize $\pm$ 1.04,76.28 \scriptsize $\pm$ 1.00,69.77 \scriptsize $\pm$ 0.77,69.22 \scriptsize $\pm$ 0.87,31.61 \scriptsize $\pm$ 2.12,70.76 \scriptsize $\pm$ 1.19,40.56 \scriptsize $\pm$ 1.86,19.39 \scriptsize $\pm$ 3.47,48.16 \scriptsize $\pm$ 4.80,41.13 \scriptsize $\pm$ 4.89,29.14 \scriptsize $\pm$ 1.84,29.27 \scriptsize $\pm$ 2.96,27.98 \scriptsize $\pm$ 3.84,39.80 \scriptsize $\pm$ 2.60,20.45 \scriptsize $\pm$ 2.03,13.46 \scriptsize $\pm$ 1.90,18.77 \scriptsize $\pm$ 5.07,15.71 \scriptsize $\pm$ 2.54,45.62 \scriptsize $\pm$ 6.84,21.41 \scriptsize $\pm$ 1.22,20.44 \scriptsize $\pm$ 5.42,18.96 \scriptsize $\pm$ 0.94,13.77 \scriptsize $\pm$ 2.57,18.37 \scriptsize $\pm$ 3.72,11.09 \scriptsize $\pm$ 1.16,84.69 \scriptsize $\pm$ 0.17,50.73 \scriptsize $\pm$ 0.73,most_uriel_en_5,wikiann,"[42, 66, 17, 23]","[50.52943920106017, 49.78420973035101, 51.30506621306377, 51.31596975056422]",0.0037674279743593773,0.14965815598579763,0.01788369322572285
77.01 \scriptsize $\pm$ 0.61,40.04 \scriptsize $\pm$ 1.77,64.84 \scriptsize $\pm$ 0.81,76.50 \scriptsize $\pm$ 0.88,68.78 \scriptsize $\pm$ 1.64,77.61 \scriptsize $\pm$ 0.65,71.95 \scriptsize $\pm$ 2.46,71.38 \scriptsize $\pm$ 4.76,75.74 \scriptsize $\pm$ 1.10,64.91 \scriptsize $\pm$ 2.14,39.65 \scriptsize $\pm$ 5.23,77.31 \scriptsize $\pm$ 0.56,79.18 \scriptsize $\pm$ 0.49,43.13 \scriptsize $\pm$ 7.17,52.89 \scriptsize $\pm$ 1.21,65.85 \scriptsize $\pm$ 1.14,75.15 \scriptsize $\pm$ 1.18,54.94 \scriptsize $\pm$ 6.37,80.53 \scriptsize $\pm$ 0.38,29.36 \scriptsize $\pm$ 1.10,62.00 \scriptsize $\pm$ 2.88,64.30 \scriptsize $\pm$ 2.06,43.78 \scriptsize $\pm$ 4.64,58.99 \scriptsize $\pm$ 2.03,73.04 \scriptsize $\pm$ 1.47,52.18 \scriptsize $\pm$ 4.20,58.14 \scriptsize $\pm$ 3.47,60.83 \scriptsize $\pm$ 6.75,54.22 \scriptsize $\pm$ 3.98,81.32 \scriptsize $\pm$ 0.57,34.45 \scriptsize $\pm$ 2.48,79.83 \scriptsize $\pm$ 0.51,78.82 \scriptsize $\pm$ 1.52,62.74 \scriptsize $\pm$ 1.58,70.99 \scriptsize $\pm$ 2.62,64.29 \scriptsize $\pm$ 1.45,50.63 \scriptsize $\pm$ 2.97,44.67 \scriptsize $\pm$ 2.60,1.50 \scriptsize $\pm$ 1.21,76.04 \scriptsize $\pm$ 2.70,72.71 \scriptsize $\pm$ 1.95,72.43 \scriptsize $\pm$ 1.97,34.59 \scriptsize $\pm$ 4.15,72.07 \scriptsize $\pm$ 1.10,39.46 \scriptsize $\pm$ 3.39,10.51 \scriptsize $\pm$ 2.58,44.70 \scriptsize $\pm$ 8.58,18.61 \scriptsize $\pm$ 3.17,31.91 \scriptsize $\pm$ 2.62,27.07 \scriptsize $\pm$ 1.38,31.18 \scriptsize $\pm$ 5.49,47.72 \scriptsize $\pm$ 3.72,26.63 \scriptsize $\pm$ 8.61,13.03 \scriptsize $\pm$ 1.56,24.09 \scriptsize $\pm$ 4.32,16.51 \scriptsize $\pm$ 1.66,49.52 \scriptsize $\pm$ 3.35,34.95 \scriptsize $\pm$ 7.72,16.17 \scriptsize $\pm$ 2.90,15.81 \scriptsize $\pm$ 2.45,12.83 \scriptsize $\pm$ 2.55,15.18 \scriptsize $\pm$ 3.07,20.80 \scriptsize $\pm$ 5.57,84.62 \scriptsize $\pm$ 0.08,51.45 \scriptsize $\pm$ 0.51,random_langs_with_seed_10,wikiann,"[42, 66, 17, 23]","[51.733264345035735, 51.83591396847516, 50.70724421972035, 51.51109874594846]",0.008148155546899688,0.1204785893464685,0.030297344178000372
76.23 \scriptsize $\pm$ 1.71,43.36 \scriptsize $\pm$ 3.30,62.10 \scriptsize $\pm$ 1.90,76.41 \scriptsize $\pm$ 0.39,70.25 \scriptsize $\pm$ 1.10,77.45 \scriptsize $\pm$ 0.89,69.96 \scriptsize $\pm$ 0.81,70.15 \scriptsize $\pm$ 3.39,75.70 \scriptsize $\pm$ 2.43,63.74 \scriptsize $\pm$ 5.11,40.94 \scriptsize $\pm$ 4.98,76.87 \scriptsize $\pm$ 1.24,78.94 \scriptsize $\pm$ 0.50,41.52 \scriptsize $\pm$ 5.62,53.85 \scriptsize $\pm$ 0.99,65.49 \scriptsize $\pm$ 1.00,74.04 \scriptsize $\pm$ 2.04,58.83 \scriptsize $\pm$ 7.98,80.42 \scriptsize $\pm$ 0.53,29.46 \scriptsize $\pm$ 1.34,65.53 \scriptsize $\pm$ 0.98,63.25 \scriptsize $\pm$ 1.21,44.13 \scriptsize $\pm$ 4.14,59.06 \scriptsize $\pm$ 1.61,72.59 \scriptsize $\pm$ 1.03,50.77 \scriptsize $\pm$ 3.89,56.77 \scriptsize $\pm$ 1.69,65.36 \scriptsize $\pm$ 4.85,49.26 \scriptsize $\pm$ 3.53,81.29 \scriptsize $\pm$ 0.49,34.85 \scriptsize $\pm$ 2.06,79.41 \scriptsize $\pm$ 0.55,77.76 \scriptsize $\pm$ 1.14,62.21 \scriptsize $\pm$ 3.62,68.27 \scriptsize $\pm$ 4.12,65.73 \scriptsize $\pm$ 0.72,50.17 \scriptsize $\pm$ 3.40,46.44 \scriptsize $\pm$ 3.45,2.67 \scriptsize $\pm$ 0.75,77.68 \scriptsize $\pm$ 1.37,70.65 \scriptsize $\pm$ 2.48,70.88 \scriptsize $\pm$ 1.23,36.56 \scriptsize $\pm$ 8.84,72.76 \scriptsize $\pm$ 1.58,38.22 \scriptsize $\pm$ 3.20,19.90 \scriptsize $\pm$ 5.94,57.07 \scriptsize $\pm$ 1.56,33.84 \scriptsize $\pm$ 9.40,36.35 \scriptsize $\pm$ 8.83,33.86 \scriptsize $\pm$ 3.18,33.20 \scriptsize $\pm$ 5.73,49.62 \scriptsize $\pm$ 6.09,30.75 \scriptsize $\pm$ 8.03,17.76 \scriptsize $\pm$ 2.03,29.33 \scriptsize $\pm$ 1.47,20.33 \scriptsize $\pm$ 2.10,46.80 \scriptsize $\pm$ 2.60,36.55 \scriptsize $\pm$ 1.95,26.88 \scriptsize $\pm$ 4.00,24.15 \scriptsize $\pm$ 6.34,14.38 \scriptsize $\pm$ 2.03,21.43 \scriptsize $\pm$ 2.64,21.99 \scriptsize $\pm$ 5.83,84.62 \scriptsize $\pm$ 0.17,52.92 \scriptsize $\pm$ 1.14,random_langs_with_seed_20,wikiann,"[42, 66, 17, 23]","[52.5845478907476, 53.528476497253905, 51.483807530735675, 54.07953477816085]",0.0851932522992194,0.6243794825702123,0.40335424393819985
76.51 \scriptsize $\pm$ 0.30,40.94 \scriptsize $\pm$ 3.39,64.69 \scriptsize $\pm$ 1.28,76.84 \scriptsize $\pm$ 1.33,68.52 \scriptsize $\pm$ 1.25,77.53 \scriptsize $\pm$ 0.49,69.58 \scriptsize $\pm$ 2.38,69.10 \scriptsize $\pm$ 1.85,76.04 \scriptsize $\pm$ 1.06,66.19 \scriptsize $\pm$ 2.67,40.09 \scriptsize $\pm$ 4.21,77.68 \scriptsize $\pm$ 0.62,78.50 \scriptsize $\pm$ 0.33,39.35 \scriptsize $\pm$ 5.55,53.04 \scriptsize $\pm$ 1.26,66.54 \scriptsize $\pm$ 0.83,74.16 \scriptsize $\pm$ 1.18,62.49 \scriptsize $\pm$ 5.64,80.33 \scriptsize $\pm$ 0.25,27.33 \scriptsize $\pm$ 3.10,65.68 \scriptsize $\pm$ 2.86,64.54 \scriptsize $\pm$ 2.06,44.12 \scriptsize $\pm$ 3.86,59.23 \scriptsize $\pm$ 1.62,73.34 \scriptsize $\pm$ 1.41,51.79 \scriptsize $\pm$ 2.40,56.69 \scriptsize $\pm$ 2.10,68.02 \scriptsize $\pm$ 2.67,52.88 \scriptsize $\pm$ 3.05,81.19 \scriptsize $\pm$ 0.24,33.72 \scriptsize $\pm$ 0.97,79.86 \scriptsize $\pm$ 0.17,78.32 \scriptsize $\pm$ 1.43,64.04 \scriptsize $\pm$ 3.41,69.99 \scriptsize $\pm$ 1.70,65.70 \scriptsize $\pm$ 0.59,49.17 \scriptsize $\pm$ 2.05,44.03 \scriptsize $\pm$ 1.23,1.14 \scriptsize $\pm$ 0.76,77.63 \scriptsize $\pm$ 0.66,72.47 \scriptsize $\pm$ 1.72,68.01 \scriptsize $\pm$ 3.58,36.04 \scriptsize $\pm$ 4.49,72.13 \scriptsize $\pm$ 1.28,35.97 \scriptsize $\pm$ 3.96,21.49 \scriptsize $\pm$ 7.42,54.61 \scriptsize $\pm$ 9.31,30.96 \scriptsize $\pm$ 11.01,42.36 \scriptsize $\pm$ 6.04,36.07 \scriptsize $\pm$ 4.48,37.50 \scriptsize $\pm$ 3.39,54.37 \scriptsize $\pm$ 2.24,36.49 \scriptsize $\pm$ 2.09,20.65 \scriptsize $\pm$ 4.79,29.38 \scriptsize $\pm$ 4.43,20.72 \scriptsize $\pm$ 1.12,50.53 \scriptsize $\pm$ 3.49,32.52 \scriptsize $\pm$ 3.54,27.53 \scriptsize $\pm$ 5.17,31.48 \scriptsize $\pm$ 3.21,13.36 \scriptsize $\pm$ 1.70,20.61 \scriptsize $\pm$ 5.40,22.14 \scriptsize $\pm$ 4.58,84.74 \scriptsize $\pm$ 0.17,53.42 \scriptsize $\pm$ 0.48,random_langs_with_seed_40,wikiann,"[42, 66, 17, 23]","[53.39672728528488, 53.848837434064855, 53.67399603256258, 52.74628241444032]",0.15268585478258734,0.34974067420671573,0.37674137366841365
76.29 \scriptsize $\pm$ 0.98,46.54 \scriptsize $\pm$ 3.28,64.24 \scriptsize $\pm$ 2.47,76.66 \scriptsize $\pm$ 0.76,68.13 \scriptsize $\pm$ 2.41,77.85 \scriptsize $\pm$ 0.51,71.02 \scriptsize $\pm$ 1.40,68.74 \scriptsize $\pm$ 4.02,75.07 \scriptsize $\pm$ 0.85,65.03 \scriptsize $\pm$ 1.86,45.53 \scriptsize $\pm$ 5.61,77.19 \scriptsize $\pm$ 1.07,78.76 \scriptsize $\pm$ 0.57,40.83 \scriptsize $\pm$ 4.91,53.13 \scriptsize $\pm$ 0.77,65.31 \scriptsize $\pm$ 3.07,74.71 \scriptsize $\pm$ 1.22,50.18 \scriptsize $\pm$ 0.69,80.37 \scriptsize $\pm$ 0.06,27.49 \scriptsize $\pm$ 3.29,61.68 \scriptsize $\pm$ 2.45,64.69 \scriptsize $\pm$ 3.25,44.24 \scriptsize $\pm$ 2.08,59.33 \scriptsize $\pm$ 1.99,72.94 \scriptsize $\pm$ 1.02,49.27 \scriptsize $\pm$ 5.78,57.52 \scriptsize $\pm$ 5.28,67.35 \scriptsize $\pm$ 2.54,50.01 \scriptsize $\pm$ 0.87,81.36 \scriptsize $\pm$ 0.62,32.57 \scriptsize $\pm$ 2.90,79.76 \scriptsize $\pm$ 0.53,77.77 \scriptsize $\pm$ 0.87,62.35 \scriptsize $\pm$ 2.81,65.07 \scriptsize $\pm$ 2.98,64.84 \scriptsize $\pm$ 1.65,51.46 \scriptsize $\pm$ 2.20,46.17 \scriptsize $\pm$ 1.79,1.65 \scriptsize $\pm$ 1.48,73.97 \scriptsize $\pm$ 2.59,70.22 \scriptsize $\pm$ 2.61,71.39 \scriptsize $\pm$ 2.38,30.22 \scriptsize $\pm$ 5.29,72.68 \scriptsize $\pm$ 2.43,38.94 \scriptsize $\pm$ 3.72,13.12 \scriptsize $\pm$ 9.38,41.40 \scriptsize $\pm$ 12.94,19.94 \scriptsize $\pm$ 14.98,35.64 \scriptsize $\pm$ 7.98,32.29 \scriptsize $\pm$ 11.60,33.83 \scriptsize $\pm$ 7.72,49.43 \scriptsize $\pm$ 8.14,28.09 \scriptsize $\pm$ 10.14,14.86 \scriptsize $\pm$ 7.12,29.86 \scriptsize $\pm$ 7.88,20.39 \scriptsize $\pm$ 1.77,53.16 \scriptsize $\pm$ 1.98,35.17 \scriptsize $\pm$ 10.70,17.94 \scriptsize $\pm$ 11.47,18.29 \scriptsize $\pm$ 8.37,13.96 \scriptsize $\pm$ 1.46,15.02 \scriptsize $\pm$ 7.29,24.95 \scriptsize $\pm$ 4.40,84.66 \scriptsize $\pm$ 0.22,51.76 \scriptsize $\pm$ 1.90,random_langs_with_seed_5,wikiann,"[42, 66, 17, 23]","[52.669672737255695, 49.418612547682464, 51.14160889368732, 53.80167755136056]",0.011954170479011787,0.4946316230194013,0.23948702947411218
76.01 \scriptsize $\pm$ 0.73,39.77 \scriptsize $\pm$ 5.11,63.37 \scriptsize $\pm$ 0.97,75.95 \scriptsize $\pm$ 0.26,68.47 \scriptsize $\pm$ 0.49,77.32 \scriptsize $\pm$ 0.24,69.48 \scriptsize $\pm$ 0.63,69.85 \scriptsize $\pm$ 2.65,76.21 \scriptsize $\pm$ 1.74,64.16 \scriptsize $\pm$ 2.07,33.41 \scriptsize $\pm$ 5.21,76.63 \scriptsize $\pm$ 0.51,78.23 \scriptsize $\pm$ 0.76,41.73 \scriptsize $\pm$ 2.53,53.45 \scriptsize $\pm$ 1.92,64.99 \scriptsize $\pm$ 1.48,74.23 \scriptsize $\pm$ 0.20,54.75 \scriptsize $\pm$ 4.40,80.63 \scriptsize $\pm$ 0.59,28.94 \scriptsize $\pm$ 3.81,63.68 \scriptsize $\pm$ 3.75,62.87 \scriptsize $\pm$ 2.56,42.26 \scriptsize $\pm$ 1.50,59.11 \scriptsize $\pm$ 1.54,72.67 \scriptsize $\pm$ 0.59,49.28 \scriptsize $\pm$ 3.37,53.79 \scriptsize $\pm$ 2.12,66.92 \scriptsize $\pm$ 2.61,50.80 \scriptsize $\pm$ 2.43,80.99 \scriptsize $\pm$ 0.53,34.35 \scriptsize $\pm$ 2.19,79.63 \scriptsize $\pm$ 0.25,78.06 \scriptsize $\pm$ 0.62,62.37 \scriptsize $\pm$ 1.65,69.17 \scriptsize $\pm$ 3.04,65.24 \scriptsize $\pm$ 1.78,49.97 \scriptsize $\pm$ 1.24,44.16 \scriptsize $\pm$ 2.35,1.48 \scriptsize $\pm$ 1.18,78.20 \scriptsize $\pm$ 1.04,70.48 \scriptsize $\pm$ 0.70,70.50 \scriptsize $\pm$ 4.16,36.37 \scriptsize $\pm$ 5.95,73.02 \scriptsize $\pm$ 0.29,37.68 \scriptsize $\pm$ 4.27,32.87 \scriptsize $\pm$ 3.22,63.74 \scriptsize $\pm$ 1.69,44.87 \scriptsize $\pm$ 1.59,45.90 \scriptsize $\pm$ 5.21,38.79 \scriptsize $\pm$ 2.74,41.62 \scriptsize $\pm$ 0.67,61.92 \scriptsize $\pm$ 2.72,40.02 \scriptsize $\pm$ 1.71,32.16 \scriptsize $\pm$ 0.96,38.09 \scriptsize $\pm$ 2.85,22.29 \scriptsize $\pm$ 0.67,54.05 \scriptsize $\pm$ 3.25,37.61 \scriptsize $\pm$ 5.17,36.68 \scriptsize $\pm$ 1.20,40.54 \scriptsize $\pm$ 5.73,14.22 \scriptsize $\pm$ 1.79,26.31 \scriptsize $\pm$ 1.85,27.20 \scriptsize $\pm$ 1.54,84.57 \scriptsize $\pm$ 0.23,54.75 \scriptsize $\pm$ 1.02,xt_afri,wikiann,"[66, 17, 23, 42]","[53.60076031756129, 54.23746952932761, 55.33581202260562, 55.83069670525546]",-1.0,0.030539665030579345,0.3502090613901445
76.15 \scriptsize $\pm$ 0.99,41.00 \scriptsize $\pm$ 2.10,65.57 \scriptsize $\pm$ 1.33,77.27 \scriptsize $\pm$ 0.40,66.75 \scriptsize $\pm$ 0.49,77.87 \scriptsize $\pm$ 0.48,70.96 \scriptsize $\pm$ 1.77,69.99 \scriptsize $\pm$ 3.27,77.46 \scriptsize $\pm$ 1.17,66.86 \scriptsize $\pm$ 2.66,41.51 \scriptsize $\pm$ 6.89,77.74 \scriptsize $\pm$ 0.85,78.96 \scriptsize $\pm$ 0.77,38.65 \scriptsize $\pm$ 4.21,53.31 \scriptsize $\pm$ 1.65,65.55 \scriptsize $\pm$ 0.72,76.11 \scriptsize $\pm$ 0.73,57.00 \scriptsize $\pm$ 6.64,80.89 \scriptsize $\pm$ 0.28,28.84 \scriptsize $\pm$ 1.51,62.98 \scriptsize $\pm$ 3.52,64.01 \scriptsize $\pm$ 0.47,47.92 \scriptsize $\pm$ 1.98,59.44 \scriptsize $\pm$ 1.68,73.35 \scriptsize $\pm$ 0.53,49.97 \scriptsize $\pm$ 1.72,55.59 \scriptsize $\pm$ 1.37,60.32 \scriptsize $\pm$ 5.58,53.32 \scriptsize $\pm$ 2.85,81.52 \scriptsize $\pm$ 0.38,33.07 \scriptsize $\pm$ 2.03,80.07 \scriptsize $\pm$ 0.32,78.26 \scriptsize $\pm$ 0.20,62.51 \scriptsize $\pm$ 2.33,72.05 \scriptsize $\pm$ 3.35,66.83 \scriptsize $\pm$ 1.03,52.51 \scriptsize $\pm$ 1.53,46.24 \scriptsize $\pm$ 1.43,0.89 \scriptsize $\pm$ 0.48,77.71 \scriptsize $\pm$ 2.12,73.69 \scriptsize $\pm$ 1.04,69.37 \scriptsize $\pm$ 3.54,32.86 \scriptsize $\pm$ 4.91,73.34 \scriptsize $\pm$ 0.58,37.14 \scriptsize $\pm$ 1.41,19.14 \scriptsize $\pm$ 6.39,51.22 \scriptsize $\pm$ 2.70,36.60 \scriptsize $\pm$ 5.47,35.74 \scriptsize $\pm$ 3.04,31.41 \scriptsize $\pm$ 4.49,33.15 \scriptsize $\pm$ 2.69,46.78 \scriptsize $\pm$ 2.58,26.34 \scriptsize $\pm$ 4.18,14.14 \scriptsize $\pm$ 4.50,28.41 \scriptsize $\pm$ 3.47,18.03 \scriptsize $\pm$ 0.88,49.45 \scriptsize $\pm$ 4.01,27.68 \scriptsize $\pm$ 4.10,23.05 \scriptsize $\pm$ 7.87,34.62 \scriptsize $\pm$ 7.46,12.01 \scriptsize $\pm$ 0.57,21.87 \scriptsize $\pm$ 5.79,14.81 \scriptsize $\pm$ 2.87,84.76 \scriptsize $\pm$ 0.16,52.54 \scriptsize $\pm$ 1.41,xt_only,wikiann,"[42, 66, 17, 23]","[54.22162778033762, 52.65473070180581, 50.76657729915242, 52.51837450252028]",0.030539665030579345,-1.0,0.34742393989135395
